/Users/piotrwisniewski/Developer/Consultify/node_modules/typescript/lib/lib.es5.d.ts
/Users/piotrwisniewski/Developer/Consultify/node_modules/typescript/lib/lib.es2015.d.ts
/Users/piotrwisniewski/Developer/Consultify/node_modules/typescript/lib/lib.es2016.d.ts
/Users/piotrwisniewski/Developer/Consultify/node_modules/typescript/lib/lib.es2017.d.ts
/Users/piotrwisniewski/Developer/Consultify/node_modules/typescript/lib/lib.es2018.d.ts
/Users/piotrwisniewski/Developer/Consultify/node_modules/typescript/lib/lib.es2019.d.ts
/Users/piotrwisniewski/Developer/Consultify/node_modules/typescript/lib/lib.es2020.d.ts
/Users/piotrwisniewski/Developer/Consultify/node_modules/typescript/lib/lib.es2021.d.ts
/Users/piotrwisniewski/Developer/Consultify/node_modules/typescript/lib/lib.es2022.d.ts
/Users/piotrwisniewski/Developer/Consultify/node_modules/typescript/lib/lib.dom.d.ts
/Users/piotrwisniewski/Developer/Consultify/node_modules/typescript/lib/lib.dom.iterable.d.ts
/Users/piotrwisniewski/Developer/Consultify/node_modules/typescript/lib/lib.es2015.core.d.ts
/Users/piotrwisniewski/Developer/Consultify/node_modules/typescript/lib/lib.es2015.collection.d.ts
/Users/piotrwisniewski/Developer/Consultify/node_modules/typescript/lib/lib.es2015.generator.d.ts
/Users/piotrwisniewski/Developer/Consultify/node_modules/typescript/lib/lib.es2015.iterable.d.ts
/Users/piotrwisniewski/Developer/Consultify/node_modules/typescript/lib/lib.es2015.promise.d.ts
/Users/piotrwisniewski/Developer/Consultify/node_modules/typescript/lib/lib.es2015.proxy.d.ts
/Users/piotrwisniewski/Developer/Consultify/node_modules/typescript/lib/lib.es2015.reflect.d.ts
/Users/piotrwisniewski/Developer/Consultify/node_modules/typescript/lib/lib.es2015.symbol.d.ts
/Users/piotrwisniewski/Developer/Consultify/node_modules/typescript/lib/lib.es2015.symbol.wellknown.d.ts
/Users/piotrwisniewski/Developer/Consultify/node_modules/typescript/lib/lib.es2016.array.include.d.ts
/Users/piotrwisniewski/Developer/Consultify/node_modules/typescript/lib/lib.es2016.intl.d.ts
/Users/piotrwisniewski/Developer/Consultify/node_modules/typescript/lib/lib.es2017.arraybuffer.d.ts
/Users/piotrwisniewski/Developer/Consultify/node_modules/typescript/lib/lib.es2017.date.d.ts
/Users/piotrwisniewski/Developer/Consultify/node_modules/typescript/lib/lib.es2017.object.d.ts
/Users/piotrwisniewski/Developer/Consultify/node_modules/typescript/lib/lib.es2017.sharedmemory.d.ts
/Users/piotrwisniewski/Developer/Consultify/node_modules/typescript/lib/lib.es2017.string.d.ts
/Users/piotrwisniewski/Developer/Consultify/node_modules/typescript/lib/lib.es2017.intl.d.ts
/Users/piotrwisniewski/Developer/Consultify/node_modules/typescript/lib/lib.es2017.typedarrays.d.ts
/Users/piotrwisniewski/Developer/Consultify/node_modules/typescript/lib/lib.es2018.asyncgenerator.d.ts
/Users/piotrwisniewski/Developer/Consultify/node_modules/typescript/lib/lib.es2018.asynciterable.d.ts
/Users/piotrwisniewski/Developer/Consultify/node_modules/typescript/lib/lib.es2018.intl.d.ts
/Users/piotrwisniewski/Developer/Consultify/node_modules/typescript/lib/lib.es2018.promise.d.ts
/Users/piotrwisniewski/Developer/Consultify/node_modules/typescript/lib/lib.es2018.regexp.d.ts
/Users/piotrwisniewski/Developer/Consultify/node_modules/typescript/lib/lib.es2019.array.d.ts
/Users/piotrwisniewski/Developer/Consultify/node_modules/typescript/lib/lib.es2019.object.d.ts
/Users/piotrwisniewski/Developer/Consultify/node_modules/typescript/lib/lib.es2019.string.d.ts
/Users/piotrwisniewski/Developer/Consultify/node_modules/typescript/lib/lib.es2019.symbol.d.ts
/Users/piotrwisniewski/Developer/Consultify/node_modules/typescript/lib/lib.es2019.intl.d.ts
/Users/piotrwisniewski/Developer/Consultify/node_modules/typescript/lib/lib.es2020.bigint.d.ts
/Users/piotrwisniewski/Developer/Consultify/node_modules/typescript/lib/lib.es2020.date.d.ts
/Users/piotrwisniewski/Developer/Consultify/node_modules/typescript/lib/lib.es2020.promise.d.ts
/Users/piotrwisniewski/Developer/Consultify/node_modules/typescript/lib/lib.es2020.sharedmemory.d.ts
/Users/piotrwisniewski/Developer/Consultify/node_modules/typescript/lib/lib.es2020.string.d.ts
/Users/piotrwisniewski/Developer/Consultify/node_modules/typescript/lib/lib.es2020.symbol.wellknown.d.ts
/Users/piotrwisniewski/Developer/Consultify/node_modules/typescript/lib/lib.es2020.intl.d.ts
/Users/piotrwisniewski/Developer/Consultify/node_modules/typescript/lib/lib.es2020.number.d.ts
/Users/piotrwisniewski/Developer/Consultify/node_modules/typescript/lib/lib.es2021.promise.d.ts
/Users/piotrwisniewski/Developer/Consultify/node_modules/typescript/lib/lib.es2021.string.d.ts
/Users/piotrwisniewski/Developer/Consultify/node_modules/typescript/lib/lib.es2021.weakref.d.ts
/Users/piotrwisniewski/Developer/Consultify/node_modules/typescript/lib/lib.es2021.intl.d.ts
/Users/piotrwisniewski/Developer/Consultify/node_modules/typescript/lib/lib.es2022.array.d.ts
/Users/piotrwisniewski/Developer/Consultify/node_modules/typescript/lib/lib.es2022.error.d.ts
/Users/piotrwisniewski/Developer/Consultify/node_modules/typescript/lib/lib.es2022.intl.d.ts
/Users/piotrwisniewski/Developer/Consultify/node_modules/typescript/lib/lib.es2022.object.d.ts
/Users/piotrwisniewski/Developer/Consultify/node_modules/typescript/lib/lib.es2022.string.d.ts
/Users/piotrwisniewski/Developer/Consultify/node_modules/typescript/lib/lib.es2022.regexp.d.ts
/Users/piotrwisniewski/Developer/Consultify/node_modules/typescript/lib/lib.decorators.d.ts
/Users/piotrwisniewski/Developer/Consultify/node_modules/typescript/lib/lib.decorators.legacy.d.ts
/Users/piotrwisniewski/Developer/Consultify/node_modules/@types/react/global.d.ts
/Users/piotrwisniewski/Developer/Consultify/node_modules/csstype/index.d.ts
/Users/piotrwisniewski/Developer/Consultify/node_modules/@types/react/index.d.ts
/Users/piotrwisniewski/Developer/Consultify/node_modules/@types/react/jsx-runtime.d.ts
/Users/piotrwisniewski/Developer/Consultify/node_modules/lucide-react/dist/lucide-react.d.ts
/Users/piotrwisniewski/Developer/Consultify/node_modules/react-i18next/helpers.d.ts
/Users/piotrwisniewski/Developer/Consultify/node_modules/i18next/typescript/helpers.d.ts
/Users/piotrwisniewski/Developer/Consultify/node_modules/i18next/typescript/options.d.ts
/Users/piotrwisniewski/Developer/Consultify/node_modules/i18next/typescript/t.d.ts
/Users/piotrwisniewski/Developer/Consultify/node_modules/i18next/index.d.ts
/Users/piotrwisniewski/Developer/Consultify/node_modules/i18next/index.d.mts
/Users/piotrwisniewski/Developer/Consultify/node_modules/react-i18next/TransWithoutContext.d.ts
/Users/piotrwisniewski/Developer/Consultify/node_modules/react-i18next/initReactI18next.d.ts
/Users/piotrwisniewski/Developer/Consultify/node_modules/react-i18next/index.d.ts
/Users/piotrwisniewski/Developer/Consultify/node_modules/react-i18next/index.d.mts
/Users/piotrwisniewski/Developer/Consultify/node_modules/react-router/dist/development/data-DEjBmEfD.d.mts
/Users/piotrwisniewski/Developer/Consultify/node_modules/react-router/dist/development/context-CeD5LmaF.d.mts
/Users/piotrwisniewski/Developer/Consultify/node_modules/react-router/dist/development/browser-DBmQ1yAR.d.mts
/Users/piotrwisniewski/Developer/Consultify/node_modules/react-router/dist/development/dom-export.d.mts
/Users/piotrwisniewski/Developer/Consultify/node_modules/react-router/dist/development/register-CmkRspdl.d.mts
/Users/piotrwisniewski/Developer/Consultify/node_modules/react-router/dist/development/index-react-server-client-CACgcj2J.d.mts
/Users/piotrwisniewski/Developer/Consultify/node_modules/react-router/node_modules/cookie/dist/index.d.ts
/Users/piotrwisniewski/Developer/Consultify/node_modules/react-router/dist/development/index.d.mts
/Users/piotrwisniewski/Developer/Consultify/node_modules/react-router-dom/dist/index.d.mts
/Users/piotrwisniewski/Developer/codex-wt/d-k6-execution-labels-w73/src/hooks/usePageMeta.ts
/Users/piotrwisniewski/Developer/codex-wt/d-k6-execution-labels-w73/src/lib/spaNavigationWebPerf.ts
/Users/piotrwisniewski/Developer/codex-wt/d-k6-execution-labels-w73/src/hooks/usePageTracking.ts
/Users/piotrwisniewski/Developer/Consultify/node_modules/i18next-browser-languagedetector/index.d.ts
/Users/piotrwisniewski/Developer/Consultify/node_modules/i18next-browser-languagedetector/index.d.mts
/Users/piotrwisniewski/Developer/Consultify/node_modules/i18next-http-backend/esm/index.d.ts
/Users/piotrwisniewski/Developer/Consultify/node_modules/i18next-http-backend/esm/index.d.mts
/Users/piotrwisniewski/Developer/codex-wt/d-k6-execution-labels-w73/src/services/accountLanguageStorage.ts
/Users/piotrwisniewski/Developer/codex-wt/d-k6-execution-labels-w73/src/utils/apiErrorFallbacks.ts
/Users/piotrwisniewski/Developer/codex-wt/d-k6-execution-labels-w73/src/utils/apiError.ts
/Users/piotrwisniewski/Developer/codex-wt/d-k6-execution-labels-w73/src/i18n.ts
/Users/piotrwisniewski/Developer/Consultify/node_modules/zustand/esm/vanilla.d.mts
/Users/piotrwisniewski/Developer/Consultify/node_modules/zustand/esm/react.d.mts
/Users/piotrwisniewski/Developer/Consultify/node_modules/zustand/esm/index.d.mts
/Users/piotrwisniewski/Developer/Consultify/node_modules/zustand/esm/middleware/redux.d.mts
/Users/piotrwisniewski/Developer/Consultify/node_modules/zustand/esm/middleware/devtools.d.mts
/Users/piotrwisniewski/Developer/Consultify/node_modules/zustand/esm/middleware/subscribeWithSelector.d.mts
/Users/piotrwisniewski/Developer/Consultify/node_modules/zustand/esm/middleware/combine.d.mts
/Users/piotrwisniewski/Developer/Consultify/node_modules/zustand/esm/middleware/persist.d.mts
/Users/piotrwisniewski/Developer/Consultify/node_modules/zustand/esm/middleware/ssrSafe.d.mts
/Users/piotrwisniewski/Developer/Consultify/node_modules/zustand/esm/middleware.d.mts
/Users/piotrwisniewski/Developer/codex-wt/d-k6-execution-labels-w73/src/store/debouncedLocalStorage.ts
/Users/piotrwisniewski/Developer/codex-wt/d-k6-execution-labels-w73/src/services/languagePreference.ts
/Users/piotrwisniewski/Developer/codex-wt/d-k6-execution-labels-w73/src/types/domain/ai.ts
/Users/piotrwisniewski/Developer/codex-wt/d-k6-execution-labels-w73/packages/shared/src/constants/initiativeStatuses.generated.ts
/Users/piotrwisniewski/Developer/codex-wt/d-k6-execution-labels-w73/src/types/core.ts
/Users/piotrwisniewski/Developer/codex-wt/d-k6-execution-labels-w73/src/types/api/requests.ts
/Users/piotrwisniewski/Developer/codex-wt/d-k6-execution-labels-w73/src/types/api/responses.ts
/Users/piotrwisniewski/Developer/codex-wt/d-k6-execution-labels-w73/src/types/domain/billing.ts
/Users/piotrwisniewski/Developer/codex-wt/d-k6-execution-labels-w73/src/types/domain/project.ts
/Users/piotrwisniewski/Developer/codex-wt/d-k6-execution-labels-w73/src/types/domain/pmo.ts
/Users/piotrwisniewski/Developer/codex-wt/d-k6-execution-labels-w73/src/types/domain/user.ts
/Users/piotrwisniewski/Developer/codex-wt/d-k6-execution-labels-w73/src/types/ui/components.ts
/Users/piotrwisniewski/Developer/codex-wt/d-k6-execution-labels-w73/src/types/ui/index.ts
/Users/piotrwisniewski/Developer/Consultify/node_modules/zod/v4/core/json-schema.d.cts
/Users/piotrwisniewski/Developer/Consultify/node_modules/zod/v4/core/standard-schema.d.cts
/Users/piotrwisniewski/Developer/Consultify/node_modules/zod/v4/core/registries.d.cts
/Users/piotrwisniewski/Developer/Consultify/node_modules/zod/v4/core/to-json-schema.d.cts
/Users/piotrwisniewski/Developer/Consultify/node_modules/zod/v4/core/util.d.cts
/Users/piotrwisniewski/Developer/Consultify/node_modules/zod/v4/core/versions.d.cts
/Users/piotrwisniewski/Developer/Consultify/node_modules/zod/v4/core/schemas.d.cts
/Users/piotrwisniewski/Developer/Consultify/node_modules/zod/v4/core/checks.d.cts
/Users/piotrwisniewski/Developer/Consultify/node_modules/zod/v4/core/errors.d.cts
/Users/piotrwisniewski/Developer/Consultify/node_modules/zod/v4/core/core.d.cts
/Users/piotrwisniewski/Developer/Consultify/node_modules/zod/v4/core/parse.d.cts
/Users/piotrwisniewski/Developer/Consultify/node_modules/zod/v4/core/regexes.d.cts
/Users/piotrwisniewski/Developer/Consultify/node_modules/zod/v4/locales/ar.d.cts
/Users/piotrwisniewski/Developer/Consultify/node_modules/zod/v4/locales/az.d.cts
/Users/piotrwisniewski/Developer/Consultify/node_modules/zod/v4/locales/be.d.cts
/Users/piotrwisniewski/Developer/Consultify/node_modules/zod/v4/locales/bg.d.cts
/Users/piotrwisniewski/Developer/Consultify/node_modules/zod/v4/locales/ca.d.cts
/Users/piotrwisniewski/Developer/Consultify/node_modules/zod/v4/locales/cs.d.cts
/Users/piotrwisniewski/Developer/Consultify/node_modules/zod/v4/locales/da.d.cts
/Users/piotrwisniewski/Developer/Consultify/node_modules/zod/v4/locales/de.d.cts
/Users/piotrwisniewski/Developer/Consultify/node_modules/zod/v4/locales/en.d.cts
/Users/piotrwisniewski/Developer/Consultify/node_modules/zod/v4/locales/eo.d.cts
/Users/piotrwisniewski/Developer/Consultify/node_modules/zod/v4/locales/es.d.cts
/Users/piotrwisniewski/Developer/Consultify/node_modules/zod/v4/locales/fa.d.cts
/Users/piotrwisniewski/Developer/Consultify/node_modules/zod/v4/locales/fi.d.cts
/Users/piotrwisniewski/Developer/Consultify/node_modules/zod/v4/locales/fr.d.cts
/Users/piotrwisniewski/Developer/Consultify/node_modules/zod/v4/locales/fr-CA.d.cts
/Users/piotrwisniewski/Developer/Consultify/node_modules/zod/v4/locales/he.d.cts
/Users/piotrwisniewski/Developer/Consultify/node_modules/zod/v4/locales/hu.d.cts
/Users/piotrwisniewski/Developer/Consultify/node_modules/zod/v4/locales/id.d.cts
/Users/piotrwisniewski/Developer/Consultify/node_modules/zod/v4/locales/is.d.cts
/Users/piotrwisniewski/Developer/Consultify/node_modules/zod/v4/locales/it.d.cts
/Users/piotrwisniewski/Developer/Consultify/node_modules/zod/v4/locales/ja.d.cts
/Users/piotrwisniewski/Developer/Consultify/node_modules/zod/v4/locales/ka.d.cts
/Users/piotrwisniewski/Developer/Consultify/node_modules/zod/v4/locales/kh.d.cts
/Users/piotrwisniewski/Developer/Consultify/node_modules/zod/v4/locales/km.d.cts
/Users/piotrwisniewski/Developer/Consultify/node_modules/zod/v4/locales/ko.d.cts
/Users/piotrwisniewski/Developer/Consultify/node_modules/zod/v4/locales/lt.d.cts
/Users/piotrwisniewski/Developer/Consultify/node_modules/zod/v4/locales/mk.d.cts
/Users/piotrwisniewski/Developer/Consultify/node_modules/zod/v4/locales/ms.d.cts
/Users/piotrwisniewski/Developer/Consultify/node_modules/zod/v4/locales/nl.d.cts
/Users/piotrwisniewski/Developer/Consultify/node_modules/zod/v4/locales/no.d.cts
/Users/piotrwisniewski/Developer/Consultify/node_modules/zod/v4/locales/ota.d.cts
/Users/piotrwisniewski/Developer/Consultify/node_modules/zod/v4/locales/ps.d.cts
/Users/piotrwisniewski/Developer/Consultify/node_modules/zod/v4/locales/pl.d.cts
/Users/piotrwisniewski/Developer/Consultify/node_modules/zod/v4/locales/pt.d.cts
/Users/piotrwisniewski/Developer/Consultify/node_modules/zod/v4/locales/ru.d.cts
/Users/piotrwisniewski/Developer/Consultify/node_modules/zod/v4/locales/sl.d.cts
/Users/piotrwisniewski/Developer/Consultify/node_modules/zod/v4/locales/sv.d.cts
/Users/piotrwisniewski/Developer/Consultify/node_modules/zod/v4/locales/ta.d.cts
/Users/piotrwisniewski/Developer/Consultify/node_modules/zod/v4/locales/th.d.cts
/Users/piotrwisniewski/Developer/Consultify/node_modules/zod/v4/locales/tr.d.cts
/Users/piotrwisniewski/Developer/Consultify/node_modules/zod/v4/locales/ua.d.cts
/Users/piotrwisniewski/Developer/Consultify/node_modules/zod/v4/locales/uk.d.cts
/Users/piotrwisniewski/Developer/Consultify/node_modules/zod/v4/locales/ur.d.cts
/Users/piotrwisniewski/Developer/Consultify/node_modules/zod/v4/locales/vi.d.cts
/Users/piotrwisniewski/Developer/Consultify/node_modules/zod/v4/locales/zh-CN.d.cts
/Users/piotrwisniewski/Developer/Consultify/node_modules/zod/v4/locales/zh-TW.d.cts
/Users/piotrwisniewski/Developer/Consultify/node_modules/zod/v4/locales/yo.d.cts
/Users/piotrwisniewski/Developer/Consultify/node_modules/zod/v4/locales/index.d.cts
/Users/piotrwisniewski/Developer/Consultify/node_modules/zod/v4/core/doc.d.cts
/Users/piotrwisniewski/Developer/Consultify/node_modules/zod/v4/core/api.d.cts
/Users/piotrwisniewski/Developer/Consultify/node_modules/zod/v4/core/json-schema-processors.d.cts
/Users/piotrwisniewski/Developer/Consultify/node_modules/zod/v4/core/json-schema.d.ts
/Users/piotrwisniewski/Developer/Consultify/node_modules/zod/v4/core/standard-schema.d.ts
/Users/piotrwisniewski/Developer/Consultify/node_modules/zod/v4/core/util.d.ts
/Users/piotrwisniewski/Developer/Consultify/node_modules/zod/v4/core/parse.d.ts
/Users/piotrwisniewski/Developer/Consultify/node_modules/zod/v4/core/versions.d.ts
/Users/piotrwisniewski/Developer/Consultify/node_modules/zod/v4/core/regexes.d.ts
/Users/piotrwisniewski/Developer/Consultify/node_modules/zod/v4/locales/ar.d.ts
/Users/piotrwisniewski/Developer/Consultify/node_modules/zod/v4/locales/az.d.ts
/Users/piotrwisniewski/Developer/Consultify/node_modules/zod/v4/locales/be.d.ts
/Users/piotrwisniewski/Developer/Consultify/node_modules/zod/v4/locales/bg.d.ts
/Users/piotrwisniewski/Developer/Consultify/node_modules/zod/v4/locales/ca.d.ts
/Users/piotrwisniewski/Developer/Consultify/node_modules/zod/v4/locales/cs.d.ts
/Users/piotrwisniewski/Developer/Consultify/node_modules/zod/v4/locales/da.d.ts
/Users/piotrwisniewski/Developer/Consultify/node_modules/zod/v4/locales/de.d.ts
/Users/piotrwisniewski/Developer/Consultify/node_modules/zod/v4/locales/en.d.ts
/Users/piotrwisniewski/Developer/Consultify/node_modules/zod/v4/locales/eo.d.ts
/Users/piotrwisniewski/Developer/Consultify/node_modules/zod/v4/locales/es.d.ts
/Users/piotrwisniewski/Developer/Consultify/node_modules/zod/v4/locales/fa.d.ts
/Users/piotrwisniewski/Developer/Consultify/node_modules/zod/v4/locales/fi.d.ts
/Users/piotrwisniewski/Developer/Consultify/node_modules/zod/v4/locales/fr.d.ts
/Users/piotrwisniewski/Developer/Consultify/node_modules/zod/v4/locales/fr-CA.d.ts
/Users/piotrwisniewski/Developer/Consultify/node_modules/zod/v4/locales/he.d.ts
/Users/piotrwisniewski/Developer/Consultify/node_modules/zod/v4/locales/hu.d.ts
/Users/piotrwisniewski/Developer/Consultify/node_modules/zod/v4/locales/id.d.ts
/Users/piotrwisniewski/Developer/Consultify/node_modules/zod/v4/locales/is.d.ts
/Users/piotrwisniewski/Developer/Consultify/node_modules/zod/v4/locales/it.d.ts
/Users/piotrwisniewski/Developer/Consultify/node_modules/zod/v4/locales/ja.d.ts
/Users/piotrwisniewski/Developer/Consultify/node_modules/zod/v4/locales/ka.d.ts
/Users/piotrwisniewski/Developer/Consultify/node_modules/zod/v4/locales/kh.d.ts
/Users/piotrwisniewski/Developer/Consultify/node_modules/zod/v4/locales/km.d.ts
/Users/piotrwisniewski/Developer/Consultify/node_modules/zod/v4/locales/ko.d.ts
/Users/piotrwisniewski/Developer/Consultify/node_modules/zod/v4/locales/lt.d.ts
/Users/piotrwisniewski/Developer/Consultify/node_modules/zod/v4/locales/mk.d.ts
/Users/piotrwisniewski/Developer/Consultify/node_modules/zod/v4/locales/ms.d.ts
/Users/piotrwisniewski/Developer/Consultify/node_modules/zod/v4/locales/nl.d.ts
/Users/piotrwisniewski/Developer/Consultify/node_modules/zod/v4/locales/no.d.ts
/Users/piotrwisniewski/Developer/Consultify/node_modules/zod/v4/locales/ota.d.ts
/Users/piotrwisniewski/Developer/Consultify/node_modules/zod/v4/locales/ps.d.ts
/Users/piotrwisniewski/Developer/Consultify/node_modules/zod/v4/locales/pl.d.ts
/Users/piotrwisniewski/Developer/Consultify/node_modules/zod/v4/locales/pt.d.ts
/Users/piotrwisniewski/Developer/Consultify/node_modules/zod/v4/locales/ru.d.ts
/Users/piotrwisniewski/Developer/Consultify/node_modules/zod/v4/locales/sl.d.ts
/Users/piotrwisniewski/Developer/Consultify/node_modules/zod/v4/locales/sv.d.ts
/Users/piotrwisniewski/Developer/Consultify/node_modules/zod/v4/locales/ta.d.ts
/Users/piotrwisniewski/Developer/Consultify/node_modules/zod/v4/locales/th.d.ts
/Users/piotrwisniewski/Developer/Consultify/node_modules/zod/v4/locales/tr.d.ts
/Users/piotrwisniewski/Developer/Consultify/node_modules/zod/v4/locales/ua.d.ts
/Users/piotrwisniewski/Developer/Consultify/node_modules/zod/v4/locales/uk.d.ts
/Users/piotrwisniewski/Developer/Consultify/node_modules/zod/v4/locales/ur.d.ts
/Users/piotrwisniewski/Developer/Consultify/node_modules/zod/v4/locales/vi.d.ts
/Users/piotrwisniewski/Developer/Consultify/node_modules/zod/v4/locales/zh-CN.d.ts
/Users/piotrwisniewski/Developer/Consultify/node_modules/zod/v4/locales/zh-TW.d.ts
/Users/piotrwisniewski/Developer/Consultify/node_modules/zod/v4/locales/yo.d.ts
/Users/piotrwisniewski/Developer/Consultify/node_modules/zod/v4/locales/index.d.ts
/Users/piotrwisniewski/Developer/Consultify/node_modules/zod/v4/core/doc.d.ts
/Users/piotrwisniewski/Developer/Consultify/node_modules/zod/v4/core/api.d.ts
/Users/piotrwisniewski/Developer/Consultify/node_modules/zod/v4/core/json-schema-processors.d.ts
/Users/piotrwisniewski/Developer/Consultify/node_modules/zod/v4/core/json-schema-generator.d.ts
/Users/piotrwisniewski/Developer/Consultify/node_modules/zod/v4/core/index.d.ts
/Users/piotrwisniewski/Developer/Consultify/node_modules/zod/v4/core/to-json-schema.d.ts
/Users/piotrwisniewski/Developer/Consultify/node_modules/zod/v4/core/schemas.d.ts
/Users/piotrwisniewski/Developer/Consultify/node_modules/zod/v4/core/checks.d.ts
/Users/piotrwisniewski/Developer/Consultify/node_modules/zod/v4/core/errors.d.ts
/Users/piotrwisniewski/Developer/Consultify/node_modules/zod/v4/core/core.d.ts
/Users/piotrwisniewski/Developer/Consultify/node_modules/zod/v4/core/registries.d.ts
/Users/piotrwisniewski/Developer/Consultify/node_modules/zod/v4/core/json-schema-generator.d.cts
/Users/piotrwisniewski/Developer/Consultify/node_modules/zod/v4/core/index.d.cts
/Users/piotrwisniewski/Developer/Consultify/node_modules/zod/v4/classic/errors.d.cts
/Users/piotrwisniewski/Developer/Consultify/node_modules/zod/v4/classic/parse.d.cts
/Users/piotrwisniewski/Developer/Consultify/node_modules/zod/v4/classic/schemas.d.cts
/Users/piotrwisniewski/Developer/Consultify/node_modules/zod/v4/classic/checks.d.cts
/Users/piotrwisniewski/Developer/Consultify/node_modules/zod/v4/classic/compat.d.cts
/Users/piotrwisniewski/Developer/Consultify/node_modules/zod/v4/classic/from-json-schema.d.cts
/Users/piotrwisniewski/Developer/Consultify/node_modules/zod/v4/classic/iso.d.cts
/Users/piotrwisniewski/Developer/Consultify/node_modules/zod/v4/classic/coerce.d.cts
/Users/piotrwisniewski/Developer/Consultify/node_modules/zod/v4/classic/external.d.cts
/Users/piotrwisniewski/Developer/Consultify/node_modules/zod/index.d.cts
/Users/piotrwisniewski/Developer/codex-wt/d-k6-execution-labels-w73/src/types/AIContract.ts
/Users/piotrwisniewski/Developer/codex-wt/d-k6-execution-labels-w73/src/types/artifactContent.ts
/Users/piotrwisniewski/Developer/codex-wt/d-k6-execution-labels-w73/src/services/frameworkRegistry.ts
/Users/piotrwisniewski/Developer/codex-wt/d-k6-execution-labels-w73/src/types/discovery.ts
/Users/piotrwisniewski/Developer/codex-wt/d-k6-execution-labels-w73/src/types/myWork.ts
/Users/piotrwisniewski/Developer/codex-wt/d-k6-execution-labels-w73/src/types/tablePlatform.ts
/Users/piotrwisniewski/Developer/codex-wt/d-k6-execution-labels-w73/src/types/workspace.ts
/Users/piotrwisniewski/Developer/codex-wt/d-k6-execution-labels-w73/src/components/ui/primitives/chips/categoryTone.ts
/Users/piotrwisniewski/Developer/codex-wt/d-k6-execution-labels-w73/src/utils/cn.ts
/Users/piotrwisniewski/Developer/codex-wt/d-k6-execution-labels-w73/src/components/ui/primitives/chips/chipBase.tsx
/Users/piotrwisniewski/Developer/codex-wt/d-k6-execution-labels-w73/src/components/ui/primitives/chips/DueChip.tsx
/Users/piotrwisniewski/Developer/codex-wt/d-k6-execution-labels-w73/src/components/ui/primitives/chips/StatusChip.tsx
/Users/piotrwisniewski/Developer/codex-wt/d-k6-execution-labels-w73/src/components/ui/primitives/chips/EntityStatusChip.tsx
/Users/piotrwisniewski/Developer/codex-wt/d-k6-execution-labels-w73/src/components/ui/primitives/chips/MetaChip.tsx
/Users/piotrwisniewski/Developer/codex-wt/d-k6-execution-labels-w73/src/components/standard/PriorityCell.tsx
/Users/piotrwisniewski/Developer/codex-wt/d-k6-execution-labels-w73/src/components/ui/primitives/chips/PriorityChip.tsx
/Users/piotrwisniewski/Developer/codex-wt/d-k6-execution-labels-w73/src/components/ui/primitives/chips/ToolChip.tsx
/Users/piotrwisniewski/Developer/codex-wt/d-k6-execution-labels-w73/src/components/ui/primitives/chips/index.ts
/Users/piotrwisniewski/Developer/codex-wt/d-k6-execution-labels-w73/src/services/initiativeLifecycle.ts
/Users/piotrwisniewski/Developer/codex-wt/d-k6-execution-labels-w73/src/types/initiative.ts
/Users/piotrwisniewski/Developer/codex-wt/d-k6-execution-labels-w73/src/config/faqContent.ts
/Users/piotrwisniewski/Developer/codex-wt/d-k6-execution-labels-w73/src/config/viewToModuleMapping.ts
/Users/piotrwisniewski/Developer/codex-wt/d-k6-execution-labels-w73/src/utils/exceleFlag.ts
/Users/piotrwisniewski/Developer/codex-wt/d-k6-execution-labels-w73/src/routes/routeConfig.ts
/Users/piotrwisniewski/Developer/codex-wt/d-k6-execution-labels-w73/src/config/helpExperience.ts
/Users/piotrwisniewski/Developer/codex-wt/d-k6-execution-labels-w73/src/config/cardDocumentation.ts
/Users/piotrwisniewski/Developer/codex-wt/d-k6-execution-labels-w73/src/config/videoTutorialsContent.ts
/Users/piotrwisniewski/Developer/codex-wt/d-k6-execution-labels-w73/src/types/index.ts
/Users/piotrwisniewski/Developer/codex-wt/d-k6-execution-labels-w73/src/store/slices/authSlice.ts
/Users/piotrwisniewski/Developer/codex-wt/d-k6-execution-labels-w73/src/store/slices/chatSlice.ts
/Users/piotrwisniewski/Developer/codex-wt/d-k6-execution-labels-w73/src/store/slices/projectSlice.ts
/Users/piotrwisniewski/Developer/codex-wt/d-k6-execution-labels-w73/src/utils/navigationGuard.ts
/Users/piotrwisniewski/Developer/codex-wt/d-k6-execution-labels-w73/src/store/slices/uiSlice.ts
/Users/piotrwisniewski/Developer/codex-wt/d-k6-execution-labels-w73/src/store/useAppStore.ts
/Users/piotrwisniewski/Developer/codex-wt/d-k6-execution-labels-w73/src/store/slices/demoSlice.ts
/Users/piotrwisniewski/Developer/codex-wt/d-k6-execution-labels-w73/src/utils/accessBlocked.ts
/Users/piotrwisniewski/Developer/codex-wt/d-k6-execution-labels-w73/src/utils/decodeHtmlEntities.ts
/Users/piotrwisniewski/Developer/codex-wt/d-k6-execution-labels-w73/src/services/personalTasksCache.ts
/Users/piotrwisniewski/Developer/codex-wt/d-k6-execution-labels-w73/src/services/tokenService.ts
/Users/piotrwisniewski/Developer/codex-wt/d-k6-execution-labels-w73/src/services/api/baseClient.ts
/Users/piotrwisniewski/Developer/codex-wt/d-k6-execution-labels-w73/src/services/api/organizationContextWorker.api.ts
/Users/piotrwisniewski/Developer/codex-wt/d-k6-execution-labels-w73/src/services/api/settings.api.ts
/Users/piotrwisniewski/Developer/codex-wt/d-k6-execution-labels-w73/src/services/api/v8/client.ts
/Users/piotrwisniewski/Developer/codex-wt/d-k6-execution-labels-w73/src/services/api/v8/assessment.ts
/Users/piotrwisniewski/Developer/codex-wt/d-k6-execution-labels-w73/src/services/api/v8/my-work.ts
/Users/piotrwisniewski/Developer/codex-wt/d-k6-execution-labels-w73/src/services/demoSessionAdoption.ts
/Users/piotrwisniewski/Developer/codex-wt/d-k6-execution-labels-w73/src/services/funnelAnalytics.ts
/Users/piotrwisniewski/Developer/codex-wt/d-k6-execution-labels-w73/src/components/AIChat/aiProviderErrorCopy.ts
/Users/piotrwisniewski/Developer/codex-wt/d-k6-execution-labels-w73/src/services/api/v8/finance.ts
/Users/piotrwisniewski/Developer/codex-wt/d-k6-execution-labels-w73/src/services/api/v8/financeCandidateHandoffDigitizationAnalysis.ts
/Users/piotrwisniewski/Developer/codex-wt/d-k6-execution-labels-w73/src/services/api.ts
/Users/piotrwisniewski/Developer/codex-wt/d-k6-execution-labels-w73/src/services/chatSuggestionsPreference.ts
/Users/piotrwisniewski/Developer/codex-wt/d-k6-execution-labels-w73/src/services/authRedirectReason.ts
/Users/piotrwisniewski/Developer/codex-wt/d-k6-execution-labels-w73/src/utils/accessibilityRuntime.ts
/Users/piotrwisniewski/Developer/codex-wt/d-k6-execution-labels-w73/src/components/CaseWorkspace/caseWorkspaceFlag.ts
/Users/piotrwisniewski/Developer/codex-wt/d-k6-execution-labels-w73/src/utils/reviewModeSeed.ts
/Users/piotrwisniewski/Developer/codex-wt/d-k6-execution-labels-w73/src/utils/runtimeDiagnostics.ts
/Users/piotrwisniewski/Developer/codex-wt/d-k6-execution-labels-w73/src/utils/backToChatButtonFlag.ts
/Users/piotrwisniewski/Developer/codex-wt/d-k6-execution-labels-w73/src/utils/backToChatShortcutFlag.ts
/Users/piotrwisniewski/Developer/codex-wt/d-k6-execution-labels-w73/src/utils/bargeInToastFlag.ts
/Users/piotrwisniewski/Developer/codex-wt/d-k6-execution-labels-w73/src/utils/flagsPanelDescriptionExpandFlag.ts
/Users/piotrwisniewski/Developer/codex-wt/d-k6-execution-labels-w73/src/utils/flagsPanelDocLinksFlag.ts
/Users/piotrwisniewski/Developer/codex-wt/d-k6-execution-labels-w73/src/utils/flagsPanelFilterEscapeClearFlag.ts
/Users/piotrwisniewski/Developer/codex-wt/d-k6-execution-labels-w73/src/utils/flagsPanelFilterFlag.ts
/Users/piotrwisniewski/Developer/codex-wt/d-k6-execution-labels-w73/src/utils/flagsPanelGroupingFlag.ts
/Users/piotrwisniewski/Developer/codex-wt/d-k6-execution-labels-w73/src/utils/flagsPanelOverrideUrlCopyFlag.ts
/Users/piotrwisniewski/Developer/codex-wt/d-k6-execution-labels-w73/src/utils/flagsPanelRowShortcutsFlag.ts
/Users/piotrwisniewski/Developer/codex-wt/d-k6-execution-labels-w73/src/utils/flagsPanelShortcutCheatSheetFlag.ts
/Users/piotrwisniewski/Developer/codex-wt/d-k6-execution-labels-w73/src/utils/flagsPanelStickyGroupHeadersFlag.ts
/Users/piotrwisniewski/Developer/codex-wt/d-k6-execution-labels-w73/src/utils/flagsResetUrlFlag.ts
/Users/piotrwisniewski/Developer/codex-wt/d-k6-execution-labels-w73/src/utils/flagsSnapshotCopyFlag.ts
/Users/piotrwisniewski/Developer/codex-wt/d-k6-execution-labels-w73/src/utils/inputCharCounterFlag.ts
/Users/piotrwisniewski/Developer/codex-wt/d-k6-execution-labels-w73/src/utils/inputHintStripFlag.ts
/Users/piotrwisniewski/Developer/codex-wt/d-k6-execution-labels-w73/src/utils/inputSoftLimitToastFlag.ts
/Users/piotrwisniewski/Developer/codex-wt/d-k6-execution-labels-w73/src/utils/nextModelChipFlag.ts
/Users/piotrwisniewski/Developer/codex-wt/d-k6-execution-labels-w73/src/utils/piiHeuristicSessionDismissFlag.ts
/Users/piotrwisniewski/Developer/codex-wt/d-k6-execution-labels-w73/src/utils/piiHeuristicToastFlag.ts
/Users/piotrwisniewski/Developer/codex-wt/d-k6-execution-labels-w73/src/utils/privateModeDetailsFlag.ts
/Users/piotrwisniewski/Developer/codex-wt/d-k6-execution-labels-w73/src/utils/trustBadgeCitationDomainFlag.ts
/Users/piotrwisniewski/Developer/codex-wt/d-k6-execution-labels-w73/src/utils/trustBadgeCitationLinksFlag.ts
/Users/piotrwisniewski/Developer/codex-wt/d-k6-execution-labels-w73/src/utils/trustBadgeCopyCitationsFlag.ts
/Users/piotrwisniewski/Developer/codex-wt/d-k6-execution-labels-w73/src/utils/trustBadgeCopyReasoningFlag.ts
/Users/piotrwisniewski/Developer/codex-wt/d-k6-execution-labels-w73/src/utils/trustBadgeFlag.ts
/Users/piotrwisniewski/Developer/codex-wt/d-k6-execution-labels-w73/src/utils/trustBadgeHumanizeModelFlag.ts
/Users/piotrwisniewski/Developer/codex-wt/d-k6-execution-labels-w73/src/utils/trustBadgeReasoningFlag.ts
/Users/piotrwisniewski/Developer/codex-wt/d-k6-execution-labels-w73/src/utils/voiceFunnelTelemetryFlag.ts
/Users/piotrwisniewski/Developer/codex-wt/d-k6-execution-labels-w73/src/utils/voiceLegendCopyTextFlag.ts
/Users/piotrwisniewski/Developer/codex-wt/d-k6-execution-labels-w73/src/utils/voiceLegendShortcutFlag.ts
/Users/piotrwisniewski/Developer/codex-wt/d-k6-execution-labels-w73/src/utils/voiceModeLegendFlag.ts
/Users/piotrwisniewski/Developer/codex-wt/d-k6-execution-labels-w73/src/utils/workspaceBreadcrumbConversationFlag.ts
/Users/piotrwisniewski/Developer/codex-wt/d-k6-execution-labels-w73/src/utils/workspaceBreadcrumbFlag.ts
/Users/piotrwisniewski/Developer/codex-wt/d-k6-execution-labels-w73/src/utils/workspaceBreadcrumbRecentsArrowKeysFlag.ts
/Users/piotrwisniewski/Developer/codex-wt/d-k6-execution-labels-w73/src/utils/workspaceBreadcrumbRecentsFlag.ts
/Users/piotrwisniewski/Developer/codex-wt/d-k6-execution-labels-w73/src/utils/workspaceBreadcrumbRecentsPinnedFlag.ts
/Users/piotrwisniewski/Developer/codex-wt/d-k6-execution-labels-w73/src/utils/workspaceBreadcrumbRecentsTriggerArrowFlag.ts
/Users/piotrwisniewski/Developer/codex-wt/d-k6-execution-labels-w73/src/utils/workspaceBreadcrumbRecentsTriggerArrowUpFlag.ts
/Users/piotrwisniewski/Developer/codex-wt/d-k6-execution-labels-w73/src/utils/workspaceBreadcrumbRecentsViewAllFlag.ts
/Users/piotrwisniewski/Developer/codex-wt/d-k6-execution-labels-w73/src/utils/chatV9FeatureFlags.ts
/Users/piotrwisniewski/Developer/codex-wt/d-k6-execution-labels-w73/src/utils/debugOverlays.ts
/Users/piotrwisniewski/Developer/codex-wt/d-k6-execution-labels-w73/src/utils/buildChatV9FlagDocSummary.ts
/Users/piotrwisniewski/Developer/codex-wt/d-k6-execution-labels-w73/src/utils/buildChatV9FlagOverrideUrl.ts
/Users/piotrwisniewski/Developer/codex-wt/d-k6-execution-labels-w73/src/utils/chatV9FlagsSnapshotText.ts
/Users/piotrwisniewski/Developer/codex-wt/d-k6-execution-labels-w73/src/utils/groupChatV9Flags.ts
/Users/piotrwisniewski/Developer/codex-wt/d-k6-execution-labels-w73/src/utils/matchChatV9Flag.ts
/Users/piotrwisniewski/Developer/codex-wt/d-k6-execution-labels-w73/src/utils/shouldOfferChatV9FlagExpand.ts
/Users/piotrwisniewski/Developer/codex-wt/d-k6-execution-labels-w73/src/components/Admin/ChatV9FlagsPanel.tsx
/Users/piotrwisniewski/Developer/codex-wt/d-k6-execution-labels-w73/src/components/Admin/ChatV9FlagsOverlay.tsx
/Users/piotrwisniewski/Developer/codex-wt/d-k6-execution-labels-w73/src/components/Admin/ChatV9FlagsIndicator.tsx
/Users/piotrwisniewski/Developer/codex-wt/d-k6-execution-labels-w73/src/components/Admin/ChatV9FlagsResetHandler.tsx
/Users/piotrwisniewski/Developer/Consultify/node_modules/goober/goober.d.ts
/Users/piotrwisniewski/Developer/Consultify/node_modules/react-hot-toast/dist/index.d.ts
/Users/piotrwisniewski/Developer/codex-wt/d-k6-execution-labels-w73/src/utils/piiHeuristic.ts
/Users/piotrwisniewski/Developer/codex-wt/d-k6-execution-labels-w73/src/components/AIChat/PiiHeuristicToast.tsx
/Users/piotrwisniewski/Developer/codex-wt/d-k6-execution-labels-w73/src/components/AIChat/VoiceLegendShortcut.tsx
/Users/piotrwisniewski/Developer/codex-wt/d-k6-execution-labels-w73/src/components/layout/EnvironmentBadge.tsx
/Users/piotrwisniewski/Developer/codex-wt/d-k6-execution-labels-w73/src/utils/artifactLinks.ts
/Users/piotrwisniewski/Developer/codex-wt/d-k6-execution-labels-w73/src/utils/roleGuards.ts
/Users/piotrwisniewski/Developer/codex-wt/d-k6-execution-labels-w73/src/utils/internalToolsAccess.ts
/Users/piotrwisniewski/Developer/codex-wt/d-k6-execution-labels-w73/src/utils/betaMenuStatus.ts
/Users/piotrwisniewski/Developer/codex-wt/d-k6-execution-labels-w73/src/components/navigation/Sidebar/types.ts
/Users/piotrwisniewski/Developer/codex-wt/d-k6-execution-labels-w73/src/utils/betaAccess.ts
/Users/piotrwisniewski/Developer/codex-wt/d-k6-execution-labels-w73/src/utils/pilotAccess.ts
/Users/piotrwisniewski/Developer/codex-wt/d-k6-execution-labels-w73/src/components/RouterSync.tsx
/Users/piotrwisniewski/Developer/codex-wt/d-k6-execution-labels-w73/src/components/shared/ImpersonationBanner.tsx
/Users/piotrwisniewski/Developer/codex-wt/d-k6-execution-labels-w73/src/bootstrap/useLanguageBootReady.ts
/Users/piotrwisniewski/Developer/codex-wt/d-k6-execution-labels-w73/src/components/ui/LoadingScreen.tsx
/Users/piotrwisniewski/Developer/Consultify/node_modules/@tanstack/query-core/build/modern/subscribable.d.ts
/Users/piotrwisniewski/Developer/Consultify/node_modules/@tanstack/query-core/build/modern/focusManager.d.ts
/Users/piotrwisniewski/Developer/Consultify/node_modules/@tanstack/query-core/build/modern/removable.d.ts
/Users/piotrwisniewski/Developer/Consultify/node_modules/@tanstack/query-core/build/modern/hydration-C-jfQLut.d.ts
/Users/piotrwisniewski/Developer/Consultify/node_modules/@tanstack/query-core/build/modern/infiniteQueryObserver.d.ts
/Users/piotrwisniewski/Developer/Consultify/node_modules/@tanstack/query-core/build/modern/notifyManager.d.ts
/Users/piotrwisniewski/Developer/Consultify/node_modules/@tanstack/query-core/build/modern/onlineManager.d.ts
/Users/piotrwisniewski/Developer/Consultify/node_modules/@tanstack/query-core/build/modern/queriesObserver.d.ts
/Users/piotrwisniewski/Developer/Consultify/node_modules/@tanstack/query-core/build/modern/timeoutManager.d.ts
/Users/piotrwisniewski/Developer/Consultify/node_modules/@tanstack/query-core/build/modern/streamedQuery.d.ts
/Users/piotrwisniewski/Developer/Consultify/node_modules/@tanstack/query-core/build/modern/index.d.ts
/Users/piotrwisniewski/Developer/Consultify/node_modules/@tanstack/react-query/build/modern/types.d.ts
/Users/piotrwisniewski/Developer/Consultify/node_modules/@tanstack/react-query/build/modern/useQueries.d.ts
/Users/piotrwisniewski/Developer/Consultify/node_modules/@tanstack/react-query/build/modern/queryOptions.d.ts
/Users/piotrwisniewski/Developer/Consultify/node_modules/@tanstack/react-query/build/modern/useQuery.d.ts
/Users/piotrwisniewski/Developer/Consultify/node_modules/@tanstack/react-query/build/modern/useSuspenseQuery.d.ts
/Users/piotrwisniewski/Developer/Consultify/node_modules/@tanstack/react-query/build/modern/useSuspenseInfiniteQuery.d.ts
/Users/piotrwisniewski/Developer/Consultify/node_modules/@tanstack/react-query/build/modern/useSuspenseQueries.d.ts
/Users/piotrwisniewski/Developer/Consultify/node_modules/@tanstack/react-query/build/modern/usePrefetchQuery.d.ts
/Users/piotrwisniewski/Developer/Consultify/node_modules/@tanstack/react-query/build/modern/usePrefetchInfiniteQuery.d.ts
/Users/piotrwisniewski/Developer/Consultify/node_modules/@tanstack/react-query/build/modern/infiniteQueryOptions.d.ts
/Users/piotrwisniewski/Developer/Consultify/node_modules/@tanstack/react-query/build/modern/QueryClientProvider.d.ts
/Users/piotrwisniewski/Developer/Consultify/node_modules/@tanstack/react-query/build/modern/QueryErrorResetBoundary.d.ts
/Users/piotrwisniewski/Developer/Consultify/node_modules/@tanstack/react-query/build/modern/HydrationBoundary.d.ts
/Users/piotrwisniewski/Developer/Consultify/node_modules/@tanstack/react-query/build/modern/useIsFetching.d.ts
/Users/piotrwisniewski/Developer/Consultify/node_modules/@tanstack/react-query/build/modern/useMutationState.d.ts
/Users/piotrwisniewski/Developer/Consultify/node_modules/@tanstack/react-query/build/modern/useMutation.d.ts
/Users/piotrwisniewski/Developer/Consultify/node_modules/@tanstack/react-query/build/modern/mutationOptions.d.ts
/Users/piotrwisniewski/Developer/Consultify/node_modules/@tanstack/react-query/build/modern/useInfiniteQuery.d.ts
/Users/piotrwisniewski/Developer/Consultify/node_modules/@tanstack/react-query/build/modern/IsRestoringProvider.d.ts
/Users/piotrwisniewski/Developer/Consultify/node_modules/@tanstack/react-query/build/modern/index.d.ts
/Users/piotrwisniewski/Developer/codex-wt/d-k6-execution-labels-w73/src/lib/createAppQueryClient.ts
/Users/piotrwisniewski/Developer/codex-wt/d-k6-execution-labels-w73/src/lib/installQueryFailureWebPerf.ts
/Users/piotrwisniewski/Developer/codex-wt/d-k6-execution-labels-w73/src/services/api/v8/admin.ts
/Users/piotrwisniewski/Developer/codex-wt/d-k6-execution-labels-w73/src/services/api/v8/ai-core.ts
/Users/piotrwisniewski/Developer/codex-wt/d-k6-execution-labels-w73/src/services/api/v8/chat.ts
/Users/piotrwisniewski/Developer/codex-wt/d-k6-execution-labels-w73/src/services/api/inFlightDedupe.ts
/Users/piotrwisniewski/Developer/codex-wt/d-k6-execution-labels-w73/src/services/initiatives-execution/runtimeApi.ts
/Users/piotrwisniewski/Developer/codex-wt/d-k6-execution-labels-w73/src/services/api/v8/execution-control.ts
/Users/piotrwisniewski/Developer/codex-wt/d-k6-execution-labels-w73/src/services/api/v8/interview.ts
/Users/piotrwisniewski/Developer/codex-wt/d-k6-execution-labels-w73/src/config/knowledgeBaseSite.ts
/Users/piotrwisniewski/Developer/codex-wt/d-k6-execution-labels-w73/src/services/api/v8/kb.ts
/Users/piotrwisniewski/Developer/codex-wt/d-k6-execution-labels-w73/src/services/api/v8/multiplayer.ts
/Users/piotrwisniewski/Developer/codex-wt/d-k6-execution-labels-w73/src/services/api/v8/partner.ts
/Users/piotrwisniewski/Developer/codex-wt/d-k6-execution-labels-w73/src/services/api/v8/planning.ts
/Users/piotrwisniewski/Developer/codex-wt/d-k6-execution-labels-w73/src/services/api/v8/prompt-os.ts
/Users/piotrwisniewski/Developer/codex-wt/d-k6-execution-labels-w73/src/services/api/v8/results.ts
/Users/piotrwisniewski/Developer/codex-wt/d-k6-execution-labels-w73/src/services/api/v8/retrieval.ts
/Users/piotrwisniewski/Developer/codex-wt/d-k6-execution-labels-w73/src/services/api/v8/sync.ts
/Users/piotrwisniewski/Developer/codex-wt/d-k6-execution-labels-w73/src/services/api/v8/index.ts
/Users/piotrwisniewski/Developer/codex-wt/d-k6-execution-labels-w73/src/hooks/useV8FeatureFlag.ts
/Users/piotrwisniewski/Developer/codex-wt/d-k6-execution-labels-w73/src/providers/V8Provider.tsx
/Users/piotrwisniewski/Developer/codex-wt/d-k6-execution-labels-w73/src/components/AIChat/teresaRuntimeCopy.ts
/Users/piotrwisniewski/Developer/Consultify/node_modules/@types/node/compatibility/disposable.d.ts
/Users/piotrwisniewski/Developer/Consultify/node_modules/@types/node/compatibility/indexable.d.ts
/Users/piotrwisniewski/Developer/Consultify/node_modules/@types/node/compatibility/iterators.d.ts
/Users/piotrwisniewski/Developer/Consultify/node_modules/@types/node/compatibility/index.d.ts
/Users/piotrwisniewski/Developer/Consultify/node_modules/@types/node/globals.typedarray.d.ts
/Users/piotrwisniewski/Developer/Consultify/node_modules/@types/node/buffer.buffer.d.ts
/Users/piotrwisniewski/Developer/Consultify/node_modules/@types/node/globals.d.ts
/Users/piotrwisniewski/Developer/Consultify/node_modules/@types/node/web-globals/abortcontroller.d.ts
/Users/piotrwisniewski/Developer/Consultify/node_modules/@types/node/web-globals/domexception.d.ts
/Users/piotrwisniewski/Developer/Consultify/node_modules/@types/node/web-globals/events.d.ts
/Users/piotrwisniewski/Developer/Consultify/node_modules/buffer/index.d.ts
/Users/piotrwisniewski/Developer/Consultify/node_modules/undici-types/header.d.ts
/Users/piotrwisniewski/Developer/Consultify/node_modules/undici-types/readable.d.ts
/Users/piotrwisniewski/Developer/Consultify/node_modules/undici-types/file.d.ts
/Users/piotrwisniewski/Developer/Consultify/node_modules/undici-types/fetch.d.ts
/Users/piotrwisniewski/Developer/Consultify/node_modules/undici-types/formdata.d.ts
/Users/piotrwisniewski/Developer/Consultify/node_modules/undici-types/connector.d.ts
/Users/piotrwisniewski/Developer/Consultify/node_modules/undici-types/client.d.ts
/Users/piotrwisniewski/Developer/Consultify/node_modules/undici-types/errors.d.ts
/Users/piotrwisniewski/Developer/Consultify/node_modules/undici-types/dispatcher.d.ts
/Users/piotrwisniewski/Developer/Consultify/node_modules/undici-types/global-dispatcher.d.ts
/Users/piotrwisniewski/Developer/Consultify/node_modules/undici-types/global-origin.d.ts
/Users/piotrwisniewski/Developer/Consultify/node_modules/undici-types/pool-stats.d.ts
/Users/piotrwisniewski/Developer/Consultify/node_modules/undici-types/pool.d.ts
/Users/piotrwisniewski/Developer/Consultify/node_modules/undici-types/handlers.d.ts
/Users/piotrwisniewski/Developer/Consultify/node_modules/undici-types/balanced-pool.d.ts
/Users/piotrwisniewski/Developer/Consultify/node_modules/undici-types/agent.d.ts
/Users/piotrwisniewski/Developer/Consultify/node_modules/undici-types/mock-interceptor.d.ts
/Users/piotrwisniewski/Developer/Consultify/node_modules/undici-types/mock-agent.d.ts
/Users/piotrwisniewski/Developer/Consultify/node_modules/undici-types/mock-client.d.ts
/Users/piotrwisniewski/Developer/Consultify/node_modules/undici-types/mock-pool.d.ts
/Users/piotrwisniewski/Developer/Consultify/node_modules/undici-types/mock-errors.d.ts
/Users/piotrwisniewski/Developer/Consultify/node_modules/undici-types/proxy-agent.d.ts
/Users/piotrwisniewski/Developer/Consultify/node_modules/undici-types/env-http-proxy-agent.d.ts
/Users/piotrwisniewski/Developer/Consultify/node_modules/undici-types/retry-handler.d.ts
/Users/piotrwisniewski/Developer/Consultify/node_modules/undici-types/retry-agent.d.ts
/Users/piotrwisniewski/Developer/Consultify/node_modules/undici-types/api.d.ts
/Users/piotrwisniewski/Developer/Consultify/node_modules/undici-types/interceptors.d.ts
/Users/piotrwisniewski/Developer/Consultify/node_modules/undici-types/util.d.ts
/Users/piotrwisniewski/Developer/Consultify/node_modules/undici-types/cookies.d.ts
/Users/piotrwisniewski/Developer/Consultify/node_modules/undici-types/patch.d.ts
/Users/piotrwisniewski/Developer/Consultify/node_modules/undici-types/websocket.d.ts
/Users/piotrwisniewski/Developer/Consultify/node_modules/undici-types/eventsource.d.ts
/Users/piotrwisniewski/Developer/Consultify/node_modules/undici-types/filereader.d.ts
/Users/piotrwisniewski/Developer/Consultify/node_modules/undici-types/diagnostics-channel.d.ts
/Users/piotrwisniewski/Developer/Consultify/node_modules/undici-types/content-type.d.ts
/Users/piotrwisniewski/Developer/Consultify/node_modules/undici-types/cache.d.ts
/Users/piotrwisniewski/Developer/Consultify/node_modules/undici-types/index.d.ts
/Users/piotrwisniewski/Developer/Consultify/node_modules/@types/node/web-globals/fetch.d.ts
/Users/piotrwisniewski/Developer/Consultify/node_modules/@types/node/web-globals/navigator.d.ts
/Users/piotrwisniewski/Developer/Consultify/node_modules/@types/node/web-globals/storage.d.ts
/Users/piotrwisniewski/Developer/Consultify/node_modules/@types/node/assert.d.ts
/Users/piotrwisniewski/Developer/Consultify/node_modules/@types/node/assert/strict.d.ts
/Users/piotrwisniewski/Developer/Consultify/node_modules/@types/node/async_hooks.d.ts
/Users/piotrwisniewski/Developer/Consultify/node_modules/@types/node/buffer.d.ts
/Users/piotrwisniewski/Developer/Consultify/node_modules/@types/node/child_process.d.ts
/Users/piotrwisniewski/Developer/Consultify/node_modules/@types/node/cluster.d.ts
/Users/piotrwisniewski/Developer/Consultify/node_modules/@types/node/console.d.ts
/Users/piotrwisniewski/Developer/Consultify/node_modules/@types/node/constants.d.ts
/Users/piotrwisniewski/Developer/Consultify/node_modules/@types/node/crypto.d.ts
/Users/piotrwisniewski/Developer/Consultify/node_modules/@types/node/dgram.d.ts
/Users/piotrwisniewski/Developer/Consultify/node_modules/@types/node/diagnostics_channel.d.ts
/Users/piotrwisniewski/Developer/Consultify/node_modules/@types/node/dns.d.ts
/Users/piotrwisniewski/Developer/Consultify/node_modules/@types/node/dns/promises.d.ts
/Users/piotrwisniewski/Developer/Consultify/node_modules/@types/node/domain.d.ts
/Users/piotrwisniewski/Developer/Consultify/node_modules/@types/node/events.d.ts
/Users/piotrwisniewski/Developer/Consultify/node_modules/@types/node/fs.d.ts
/Users/piotrwisniewski/Developer/Consultify/node_modules/@types/node/fs/promises.d.ts
/Users/piotrwisniewski/Developer/Consultify/node_modules/@types/node/http.d.ts
/Users/piotrwisniewski/Developer/Consultify/node_modules/@types/node/http2.d.ts
/Users/piotrwisniewski/Developer/Consultify/node_modules/@types/node/https.d.ts
/Users/piotrwisniewski/Developer/Consultify/node_modules/@types/node/inspector.d.ts
/Users/piotrwisniewski/Developer/Consultify/node_modules/@types/node/inspector.generated.d.ts
/Users/piotrwisniewski/Developer/Consultify/node_modules/@types/node/module.d.ts
/Users/piotrwisniewski/Developer/Consultify/node_modules/@types/node/net.d.ts
/Users/piotrwisniewski/Developer/Consultify/node_modules/@types/node/os.d.ts
/Users/piotrwisniewski/Developer/Consultify/node_modules/@types/node/path.d.ts
/Users/piotrwisniewski/Developer/Consultify/node_modules/@types/node/perf_hooks.d.ts
/Users/piotrwisniewski/Developer/Consultify/node_modules/@types/node/process.d.ts
/Users/piotrwisniewski/Developer/Consultify/node_modules/@types/node/punycode.d.ts
/Users/piotrwisniewski/Developer/Consultify/node_modules/@types/node/querystring.d.ts
/Users/piotrwisniewski/Developer/Consultify/node_modules/@types/node/readline.d.ts
/Users/piotrwisniewski/Developer/Consultify/node_modules/@types/node/readline/promises.d.ts
/Users/piotrwisniewski/Developer/Consultify/node_modules/@types/node/repl.d.ts
/Users/piotrwisniewski/Developer/Consultify/node_modules/@types/node/sea.d.ts
/Users/piotrwisniewski/Developer/Consultify/node_modules/@types/node/sqlite.d.ts
/Users/piotrwisniewski/Developer/Consultify/node_modules/@types/node/stream.d.ts
/Users/piotrwisniewski/Developer/Consultify/node_modules/@types/node/stream/promises.d.ts
/Users/piotrwisniewski/Developer/Consultify/node_modules/@types/node/stream/consumers.d.ts
/Users/piotrwisniewski/Developer/Consultify/node_modules/@types/node/stream/web.d.ts
/Users/piotrwisniewski/Developer/Consultify/node_modules/@types/node/string_decoder.d.ts
/Users/piotrwisniewski/Developer/Consultify/node_modules/@types/node/test.d.ts
/Users/piotrwisniewski/Developer/Consultify/node_modules/@types/node/timers.d.ts
/Users/piotrwisniewski/Developer/Consultify/node_modules/@types/node/timers/promises.d.ts
/Users/piotrwisniewski/Developer/Consultify/node_modules/@types/node/tls.d.ts
/Users/piotrwisniewski/Developer/Consultify/node_modules/@types/node/trace_events.d.ts
/Users/piotrwisniewski/Developer/Consultify/node_modules/@types/node/tty.d.ts
/Users/piotrwisniewski/Developer/Consultify/node_modules/@types/node/url.d.ts
/Users/piotrwisniewski/Developer/Consultify/node_modules/@types/node/util.d.ts
/Users/piotrwisniewski/Developer/Consultify/node_modules/@types/node/v8.d.ts
/Users/piotrwisniewski/Developer/Consultify/node_modules/@types/node/vm.d.ts
/Users/piotrwisniewski/Developer/Consultify/node_modules/@types/node/wasi.d.ts
/Users/piotrwisniewski/Developer/Consultify/node_modules/@types/node/worker_threads.d.ts
/Users/piotrwisniewski/Developer/Consultify/node_modules/@types/node/zlib.d.ts
/Users/piotrwisniewski/Developer/Consultify/node_modules/@types/node/index.d.ts
/Users/piotrwisniewski/Developer/Consultify/node_modules/@google/genai/node_modules/gaxios/build/esm/src/common.d.ts
/Users/piotrwisniewski/Developer/Consultify/node_modules/@google/genai/node_modules/gaxios/build/esm/src/interceptor.d.ts
/Users/piotrwisniewski/Developer/Consultify/node_modules/@google/genai/node_modules/gaxios/build/esm/src/gaxios.d.ts
/Users/piotrwisniewski/Developer/Consultify/node_modules/@google/genai/node_modules/gaxios/build/esm/src/index.d.ts
/Users/piotrwisniewski/Developer/Consultify/node_modules/@google/genai/node_modules/google-auth-library/build/src/auth/credentials.d.ts
/Users/piotrwisniewski/Developer/Consultify/node_modules/@google/genai/node_modules/google-auth-library/build/src/crypto/shared.d.ts
/Users/piotrwisniewski/Developer/Consultify/node_modules/@google/genai/node_modules/google-auth-library/build/src/crypto/crypto.d.ts
/Users/piotrwisniewski/Developer/Consultify/node_modules/@google/genai/node_modules/google-auth-library/build/src/util.d.ts
/Users/piotrwisniewski/Developer/Consultify/node_modules/@google/genai/node_modules/google-logging-utils/build/src/logging-utils.d.ts
/Users/piotrwisniewski/Developer/Consultify/node_modules/@google/genai/node_modules/google-logging-utils/build/src/index.d.ts
/Users/piotrwisniewski/Developer/Consultify/node_modules/@google/genai/node_modules/google-auth-library/build/src/auth/authclient.d.ts
/Users/piotrwisniewski/Developer/Consultify/node_modules/@google/genai/node_modules/google-auth-library/build/src/auth/loginticket.d.ts
/Users/piotrwisniewski/Developer/Consultify/node_modules/@google/genai/node_modules/google-auth-library/build/src/auth/oauth2client.d.ts
/Users/piotrwisniewski/Developer/Consultify/node_modules/@google/genai/node_modules/google-auth-library/build/src/auth/idtokenclient.d.ts
/Users/piotrwisniewski/Developer/Consultify/node_modules/@google/genai/node_modules/google-auth-library/build/src/auth/envDetect.d.ts
/Users/piotrwisniewski/Developer/Consultify/node_modules/@google/genai/node_modules/google-auth-library/build/src/gtoken/tokenOptions.d.ts
/Users/piotrwisniewski/Developer/Consultify/node_modules/@google/genai/node_modules/google-auth-library/build/src/gtoken/getToken.d.ts
/Users/piotrwisniewski/Developer/Consultify/node_modules/@google/genai/node_modules/google-auth-library/build/src/gtoken/googleToken.d.ts
/Users/piotrwisniewski/Developer/Consultify/node_modules/@google/genai/node_modules/google-auth-library/build/src/auth/jwtclient.d.ts
/Users/piotrwisniewski/Developer/Consultify/node_modules/@google/genai/node_modules/google-auth-library/build/src/auth/refreshclient.d.ts
/Users/piotrwisniewski/Developer/Consultify/node_modules/@google/genai/node_modules/google-auth-library/build/src/auth/impersonated.d.ts
/Users/piotrwisniewski/Developer/Consultify/node_modules/@google/genai/node_modules/google-auth-library/build/src/auth/oauth2common.d.ts
/Users/piotrwisniewski/Developer/Consultify/node_modules/@google/genai/node_modules/google-auth-library/build/src/auth/stscredentials.d.ts
/Users/piotrwisniewski/Developer/Consultify/node_modules/@google/genai/node_modules/google-auth-library/build/src/auth/baseexternalclient.d.ts
/Users/piotrwisniewski/Developer/Consultify/node_modules/@google/genai/node_modules/google-auth-library/build/src/auth/identitypoolclient.d.ts
/Users/piotrwisniewski/Developer/Consultify/node_modules/@google/genai/node_modules/google-auth-library/build/src/auth/awsrequestsigner.d.ts
/Users/piotrwisniewski/Developer/Consultify/node_modules/@google/genai/node_modules/google-auth-library/build/src/auth/awsclient.d.ts
/Users/piotrwisniewski/Developer/Consultify/node_modules/@google/genai/node_modules/google-auth-library/build/src/auth/executable-response.d.ts
/Users/piotrwisniewski/Developer/Consultify/node_modules/@google/genai/node_modules/google-auth-library/build/src/auth/pluggable-auth-handler.d.ts
/Users/piotrwisniewski/Developer/Consultify/node_modules/@google/genai/node_modules/google-auth-library/build/src/auth/pluggable-auth-client.d.ts
/Users/piotrwisniewski/Developer/Consultify/node_modules/@google/genai/node_modules/google-auth-library/build/src/auth/externalclient.d.ts
/Users/piotrwisniewski/Developer/Consultify/node_modules/@google/genai/node_modules/google-auth-library/build/src/auth/externalAccountAuthorizedUserClient.d.ts
/Users/piotrwisniewski/Developer/Consultify/node_modules/@google/genai/node_modules/google-auth-library/build/src/auth/googleauth.d.ts
/Users/piotrwisniewski/Developer/Consultify/node_modules/@google/genai/node_modules/gcp-metadata/build/src/gcp-residency.d.ts
/Users/piotrwisniewski/Developer/Consultify/node_modules/@google/genai/node_modules/gcp-metadata/build/src/index.d.ts
/Users/piotrwisniewski/Developer/Consultify/node_modules/@google/genai/node_modules/google-auth-library/build/src/auth/computeclient.d.ts
/Users/piotrwisniewski/Developer/Consultify/node_modules/@google/genai/node_modules/google-auth-library/build/src/auth/iam.d.ts
/Users/piotrwisniewski/Developer/Consultify/node_modules/@google/genai/node_modules/google-auth-library/build/src/auth/jwtaccess.d.ts
/Users/piotrwisniewski/Developer/Consultify/node_modules/@google/genai/node_modules/google-auth-library/build/src/auth/downscopedclient.d.ts
/Users/piotrwisniewski/Developer/Consultify/node_modules/@google/genai/node_modules/google-auth-library/build/src/auth/passthrough.d.ts
/Users/piotrwisniewski/Developer/Consultify/node_modules/@google/genai/node_modules/google-auth-library/build/src/index.d.ts
/Users/piotrwisniewski/Developer/Consultify/node_modules/formdata-polyfill/esm.min.d.ts
/Users/piotrwisniewski/Developer/Consultify/node_modules/fetch-blob/file.d.ts
/Users/piotrwisniewski/Developer/Consultify/node_modules/fetch-blob/index.d.ts
/Users/piotrwisniewski/Developer/Consultify/node_modules/fetch-blob/from.d.ts
/Users/piotrwisniewski/Developer/Consultify/node_modules/node_modules/node-fetch/@types/index.d.ts
/Users/piotrwisniewski/Developer/Consultify/node_modules/node-fetch/@types/index.d.ts
/Users/piotrwisniewski/Developer/Consultify/node_modules/node_modules/undici/types/utility.d.ts
/Users/piotrwisniewski/Developer/Consultify/node_modules/node_modules/undici/types/header.d.ts
/Users/piotrwisniewski/Developer/Consultify/node_modules/node_modules/undici/types/readable.d.ts
/Users/piotrwisniewski/Developer/Consultify/node_modules/node_modules/undici/types/fetch.d.ts
/Users/piotrwisniewski/Developer/Consultify/node_modules/node_modules/undici/types/formdata.d.ts
/Users/piotrwisniewski/Developer/Consultify/node_modules/node_modules/undici/types/connector.d.ts
/Users/piotrwisniewski/Developer/Consultify/node_modules/node_modules/undici/types/client-stats.d.ts
/Users/piotrwisniewski/Developer/Consultify/node_modules/node_modules/undici/types/client.d.ts
/Users/piotrwisniewski/Developer/Consultify/node_modules/node_modules/undici/types/errors.d.ts
/Users/piotrwisniewski/Developer/Consultify/node_modules/node_modules/undici/types/dispatcher.d.ts
/Users/piotrwisniewski/Developer/Consultify/node_modules/node_modules/undici/types/global-dispatcher.d.ts
/Users/piotrwisniewski/Developer/Consultify/node_modules/node_modules/undici/types/global-origin.d.ts
/Users/piotrwisniewski/Developer/Consultify/node_modules/node_modules/undici/types/pool-stats.d.ts
/Users/piotrwisniewski/Developer/Consultify/node_modules/node_modules/undici/types/pool.d.ts
/Users/piotrwisniewski/Developer/Consultify/node_modules/node_modules/undici/types/handlers.d.ts
/Users/piotrwisniewski/Developer/Consultify/node_modules/node_modules/undici/types/balanced-pool.d.ts
/Users/piotrwisniewski/Developer/Consultify/node_modules/node_modules/undici/types/round-robin-pool.d.ts
/Users/piotrwisniewski/Developer/Consultify/node_modules/node_modules/undici/types/h2c-client.d.ts
/Users/piotrwisniewski/Developer/Consultify/node_modules/node_modules/undici/types/agent.d.ts
/Users/piotrwisniewski/Developer/Consultify/node_modules/node_modules/undici/types/mock-interceptor.d.ts
/Users/piotrwisniewski/Developer/Consultify/node_modules/node_modules/undici/types/mock-call-history.d.ts
/Users/piotrwisniewski/Developer/Consultify/node_modules/node_modules/undici/types/mock-agent.d.ts
/Users/piotrwisniewski/Developer/Consultify/node_modules/node_modules/undici/types/mock-client.d.ts
/Users/piotrwisniewski/Developer/Consultify/node_modules/node_modules/undici/types/mock-pool.d.ts
/Users/piotrwisniewski/Developer/Consultify/node_modules/node_modules/undici/types/snapshot-agent.d.ts
/Users/piotrwisniewski/Developer/Consultify/node_modules/node_modules/undici/types/mock-errors.d.ts
/Users/piotrwisniewski/Developer/Consultify/node_modules/node_modules/undici/types/proxy-agent.d.ts
/Users/piotrwisniewski/Developer/Consultify/node_modules/node_modules/undici/types/socks5-proxy-agent.d.ts
/Users/piotrwisniewski/Developer/Consultify/node_modules/node_modules/undici/types/env-http-proxy-agent.d.ts
/Users/piotrwisniewski/Developer/Consultify/node_modules/node_modules/undici/types/retry-handler.d.ts
/Users/piotrwisniewski/Developer/Consultify/node_modules/node_modules/undici/types/retry-agent.d.ts
/Users/piotrwisniewski/Developer/Consultify/node_modules/node_modules/undici/types/api.d.ts
/Users/piotrwisniewski/Developer/Consultify/node_modules/node_modules/undici/types/cache-interceptor.d.ts
/Users/piotrwisniewski/Developer/Consultify/node_modules/node_modules/undici/types/interceptors.d.ts
/Users/piotrwisniewski/Developer/Consultify/node_modules/node_modules/undici/types/util.d.ts
/Users/piotrwisniewski/Developer/Consultify/node_modules/node_modules/undici/types/cookies.d.ts
/Users/piotrwisniewski/Developer/Consultify/node_modules/node_modules/undici/types/patch.d.ts
/Users/piotrwisniewski/Developer/Consultify/node_modules/node_modules/undici/types/websocket.d.ts
/Users/piotrwisniewski/Developer/Consultify/node_modules/node_modules/undici/types/eventsource.d.ts
/Users/piotrwisniewski/Developer/Consultify/node_modules/node_modules/undici/types/diagnostics-channel.d.ts
/Users/piotrwisniewski/Developer/Consultify/node_modules/node_modules/undici/types/content-type.d.ts
/Users/piotrwisniewski/Developer/Consultify/node_modules/node_modules/undici/types/cache.d.ts
/Users/piotrwisniewski/Developer/Consultify/node_modules/node_modules/undici/types/index.d.ts
/Users/piotrwisniewski/Developer/Consultify/node_modules/node_modules/undici/index.d.ts
/Users/piotrwisniewski/Developer/Consultify/node_modules/undici/index.d.ts
/Users/piotrwisniewski/Developer/Consultify/node_modules/node_modules/undici-types/index.d.ts
/Users/piotrwisniewski/Developer/Consultify/node_modules/@google/genai/dist/genai.d.ts
/Users/piotrwisniewski/Developer/codex-wt/d-k6-execution-labels-w73/src/config/teresaVoice.ts
/Users/piotrwisniewski/Developer/codex-wt/d-k6-execution-labels-w73/src/hooks/useTeresaVoice.ts
/Users/piotrwisniewski/Developer/codex-wt/d-k6-execution-labels-w73/src/store/teresaEntityContext.ts
/Users/piotrwisniewski/Developer/codex-wt/d-k6-execution-labels-w73/src/store/useConversationStore.ts
/Users/piotrwisniewski/Developer/codex-wt/d-k6-execution-labels-w73/src/store/usePMOStore.ts
/Users/piotrwisniewski/Developer/codex-wt/d-k6-execution-labels-w73/src/utils/chatLanguagePreference.ts
/Users/piotrwisniewski/Developer/codex-wt/d-k6-execution-labels-w73/src/config/productHelpDigest.ts
/Users/piotrwisniewski/Developer/codex-wt/d-k6-execution-labels-w73/src/utils/teresaVoiceInstruction.ts
/Users/piotrwisniewski/Developer/codex-wt/d-k6-execution-labels-w73/src/contexts/TeresaVoiceContext.tsx
/Users/piotrwisniewski/Developer/codex-wt/d-k6-execution-labels-w73/src/components/AIChat/VoiceConversationOverlay.tsx
/Users/piotrwisniewski/Developer/codex-wt/d-k6-execution-labels-w73/src/utils/chunkLoadRecovery.ts
/Users/piotrwisniewski/Developer/codex-wt/d-k6-execution-labels-w73/src/components/ChunkUpdateBanner.tsx
/Users/piotrwisniewski/Developer/codex-wt/d-k6-execution-labels-w73/src/services/feedbackCollector/AppContext.ts
/Users/piotrwisniewski/Developer/codex-wt/d-k6-execution-labels-w73/src/services/feedbackCollector/BreadcrumbBuffer.ts
/Users/piotrwisniewski/Developer/Consultify/node_modules/html-to-image/lib/types.d.ts
/Users/piotrwisniewski/Developer/Consultify/node_modules/html-to-image/lib/index.d.ts
/Users/piotrwisniewski/Developer/codex-wt/d-k6-execution-labels-w73/src/services/feedbackCollector/captureScreenshot.ts
/Users/piotrwisniewski/Developer/codex-wt/d-k6-execution-labels-w73/src/services/feedbackCollector/ConsoleBuffer.ts
/Users/piotrwisniewski/Developer/codex-wt/d-k6-execution-labels-w73/src/services/feedbackCollector/NetworkBuffer.ts
/Users/piotrwisniewski/Developer/codex-wt/d-k6-execution-labels-w73/src/services/feedbackCollector/signatureHash.ts
/Users/piotrwisniewski/Developer/codex-wt/d-k6-execution-labels-w73/src/services/feedbackCollector/index.ts
/Users/piotrwisniewski/Developer/codex-wt/d-k6-execution-labels-w73/src/components/ErrorBoundary.tsx
/Users/piotrwisniewski/Developer/Consultify/node_modules/@types/react-dom/index.d.ts
/Users/piotrwisniewski/Developer/codex-wt/d-k6-execution-labels-w73/src/components/Onboarding/Tooltip.tsx
/Users/piotrwisniewski/Developer/codex-wt/d-k6-execution-labels-w73/src/components/Onboarding/TourProvider.tsx
/Users/piotrwisniewski/Developer/codex-wt/d-k6-execution-labels-w73/src/contexts/AccessPolicyContext.tsx
/Users/piotrwisniewski/Developer/codex-wt/d-k6-execution-labels-w73/src/contexts/AIContext.tsx
/Users/piotrwisniewski/Developer/codex-wt/d-k6-execution-labels-w73/src/contexts/AutoSaveContext.tsx
/Users/piotrwisniewski/Developer/Consultify/node_modules/motion-utils/dist/index.d.ts
/Users/piotrwisniewski/Developer/Consultify/node_modules/motion-dom/dist/index.d.ts
/Users/piotrwisniewski/Developer/Consultify/node_modules/framer-motion/dist/types.d-CQ4vRM6h.d.ts
/Users/piotrwisniewski/Developer/Consultify/node_modules/framer-motion/dist/types/index.d.ts
/Users/piotrwisniewski/Developer/codex-wt/d-k6-execution-labels-w73/src/hooks/useFeatureFlags.tsx
/Users/piotrwisniewski/Developer/codex-wt/d-k6-execution-labels-w73/src/contexts/FeatureFlagsContext.tsx
/Users/piotrwisniewski/Developer/codex-wt/d-k6-execution-labels-w73/src/config/moduleHelpContent.ts
/Users/piotrwisniewski/Developer/codex-wt/d-k6-execution-labels-w73/src/contexts/HelpContext.tsx
/Users/piotrwisniewski/Developer/codex-wt/d-k6-execution-labels-w73/src/contexts/OrgContext.tsx
/Users/piotrwisniewski/Developer/codex-wt/d-k6-execution-labels-w73/src/contexts/TrialContext.tsx
/Users/piotrwisniewski/Developer/codex-wt/d-k6-execution-labels-w73/src/providers/AppProviders.tsx
/Users/piotrwisniewski/Developer/codex-wt/d-k6-execution-labels-w73/src/components/AIChat/ConversationRouteSync.tsx
/Users/piotrwisniewski/Developer/codex-wt/d-k6-execution-labels-w73/src/components/ui/primitives/Button.tsx
/Users/piotrwisniewski/Developer/codex-wt/d-k6-execution-labels-w73/src/components/ui/primitives/Card.tsx
/Users/piotrwisniewski/Developer/codex-wt/d-k6-execution-labels-w73/src/components/ui/primitives/Input.tsx
/Users/piotrwisniewski/Developer/codex-wt/d-k6-execution-labels-w73/src/components/ui/primitives/Modal.tsx
/Users/piotrwisniewski/Developer/codex-wt/d-k6-execution-labels-w73/src/components/ui/primitives/Badge.tsx
/Users/piotrwisniewski/Developer/codex-wt/d-k6-execution-labels-w73/src/components/ui/primitives/Avatar.tsx
/Users/piotrwisniewski/Developer/codex-wt/d-k6-execution-labels-w73/src/components/ui/primitives/Tooltip.tsx
/Users/piotrwisniewski/Developer/codex-wt/d-k6-execution-labels-w73/src/components/ui/primitives/Skeleton.tsx
/Users/piotrwisniewski/Developer/codex-wt/d-k6-execution-labels-w73/src/components/ui/primitives/Spinner.tsx
/Users/piotrwisniewski/Developer/codex-wt/d-k6-execution-labels-w73/src/components/ui/primitives/Progress.tsx
/Users/piotrwisniewski/Developer/codex-wt/d-k6-execution-labels-w73/src/components/ui/primitives/Tabs.tsx
/Users/piotrwisniewski/Developer/codex-wt/d-k6-execution-labels-w73/src/components/ui/primitives/Dropdown.tsx
/Users/piotrwisniewski/Developer/codex-wt/d-k6-execution-labels-w73/src/components/ui/primitives/Drawer.tsx
/Users/piotrwisniewski/Developer/codex-wt/d-k6-execution-labels-w73/src/components/ui/primitives/Toast.tsx
/Users/piotrwisniewski/Developer/codex-wt/d-k6-execution-labels-w73/src/hooks/useLazyImage.ts
/Users/piotrwisniewski/Developer/codex-wt/d-k6-execution-labels-w73/src/components/ui/primitives/OptimizedImage.tsx
/Users/piotrwisniewski/Developer/codex-wt/d-k6-execution-labels-w73/src/services/errors/appErrorCopy.ts
/Users/piotrwisniewski/Developer/codex-wt/d-k6-execution-labels-w73/src/components/ui/primitives/ErrorState.tsx
/Users/piotrwisniewski/Developer/codex-wt/d-k6-execution-labels-w73/src/components/ui/primitives/LoadingState.tsx
/Users/piotrwisniewski/Developer/codex-wt/d-k6-execution-labels-w73/src/components/ui/primitives/OnboardingHint.tsx
/Users/piotrwisniewski/Developer/codex-wt/d-k6-execution-labels-w73/src/components/ui/primitives/Select.tsx
/Users/piotrwisniewski/Developer/Consultify/node_modules/clsx/clsx.d.mts
/Users/piotrwisniewski/Developer/Consultify/node_modules/tailwind-merge/dist/types.d.ts
/Users/piotrwisniewski/Developer/codex-wt/d-k6-execution-labels-w73/src/lib/utils.ts
/Users/piotrwisniewski/Developer/codex-wt/d-k6-execution-labels-w73/src/components/ui/switch.tsx
/Users/piotrwisniewski/Developer/codex-wt/d-k6-execution-labels-w73/src/components/ui/primitives/Switch.tsx
/Users/piotrwisniewski/Developer/codex-wt/d-k6-execution-labels-w73/src/components/ui/primitives/Toggle.tsx
/Users/piotrwisniewski/Developer/codex-wt/d-k6-execution-labels-w73/src/components/ui/primitives/index.ts
/Users/piotrwisniewski/Developer/codex-wt/d-k6-execution-labels-w73/src/components/NotFoundPage.tsx
/Users/piotrwisniewski/Developer/codex-wt/d-k6-execution-labels-w73/src/components/Finance/FinanceWave2Placeholder.tsx
/Users/piotrwisniewski/Developer/codex-wt/d-k6-execution-labels-w73/src/components/ProtectedRoute.tsx
/Users/piotrwisniewski/Developer/codex-wt/d-k6-execution-labels-w73/src/components/RouteErrorBoundary.tsx
/Users/piotrwisniewski/Developer/codex-wt/d-k6-execution-labels-w73/src/components/Results/ResultsOwnerReviewEntry.tsx
/Users/piotrwisniewski/Developer/codex-wt/d-k6-execution-labels-w73/src/components/shared/AnimationWrapper.tsx
/Users/piotrwisniewski/Developer/codex-wt/d-k6-execution-labels-w73/src/components/shared/V8UnavailableBanner.tsx
/Users/piotrwisniewski/Developer/codex-wt/d-k6-execution-labels-w73/src/views/settings/syncEntryResolver.ts
/Users/piotrwisniewski/Developer/codex-wt/d-k6-execution-labels-w73/src/hooks/useBreadcrumbs.ts
/Users/piotrwisniewski/Developer/codex-wt/d-k6-execution-labels-w73/src/layouts/AuthLayout.tsx
/Users/piotrwisniewski/Developer/codex-wt/d-k6-execution-labels-w73/src/utils/assessmentOutputArtifactsFlag.ts
/Users/piotrwisniewski/Developer/codex-wt/d-k6-execution-labels-w73/src/utils/auditsFindingsAndReportViewFlag.ts
/Users/piotrwisniewski/Developer/codex-wt/d-k6-execution-labels-w73/src/utils/clientReaderFlag.ts
/Users/piotrwisniewski/Developer/codex-wt/d-k6-execution-labels-w73/src/utils/lazyWithRetry.ts
/Users/piotrwisniewski/Developer/codex-wt/d-k6-execution-labels-w73/src/utils/meetingsModuleFlag.ts
/Users/piotrwisniewski/Developer/codex-wt/d-k6-execution-labels-w73/src/utils/publicProduction.ts
/Users/piotrwisniewski/Developer/codex-wt/d-k6-execution-labels-w73/src/utils/studioFlag.ts
/Users/piotrwisniewski/Developer/codex-wt/d-k6-execution-labels-w73/src/routes/canonicalRedirect.ts
/Users/piotrwisniewski/Developer/codex-wt/d-k6-execution-labels-w73/src/components/shared/states/EmptyState.tsx
/Users/piotrwisniewski/Developer/codex-wt/d-k6-execution-labels-w73/src/components/shared/states/ErrorState.tsx
/Users/piotrwisniewski/Developer/codex-wt/d-k6-execution-labels-w73/src/components/shared/states/LoadingState.tsx
/Users/piotrwisniewski/Developer/codex-wt/d-k6-execution-labels-w73/src/components/shared/states/SaveState.tsx
/Users/piotrwisniewski/Developer/codex-wt/d-k6-execution-labels-w73/src/components/shared/states/SkeletonState.tsx
/Users/piotrwisniewski/Developer/codex-wt/d-k6-execution-labels-w73/src/components/shared/states/StreamingState.tsx
/Users/piotrwisniewski/Developer/codex-wt/d-k6-execution-labels-w73/src/components/shared/states/TeresaState.tsx
/Users/piotrwisniewski/Developer/codex-wt/d-k6-execution-labels-w73/src/components/shared/states/index.ts
/Users/piotrwisniewski/Developer/codex-wt/d-k6-execution-labels-w73/src/hooks/useDeferredLoading.ts
/Users/piotrwisniewski/Developer/codex-wt/d-k6-execution-labels-w73/src/routes/DeferredRouteLoadingFallback.tsx
/Users/piotrwisniewski/Developer/codex-wt/d-k6-execution-labels-w73/src/routes/LegacyAssessmentReportRedirect.tsx
/Users/piotrwisniewski/Developer/codex-wt/d-k6-execution-labels-w73/src/routes/LicensedToolsRedirect.tsx
/Users/piotrwisniewski/Developer/codex-wt/d-k6-execution-labels-w73/src/components/access/AccessBlockedModal.tsx
/Users/piotrwisniewski/Developer/codex-wt/d-k6-execution-labels-w73/src/components/access/ForbiddenAccessBanner.tsx
/Users/piotrwisniewski/Developer/codex-wt/d-k6-execution-labels-w73/src/components/AIFreezeBanner.tsx
/Users/piotrwisniewski/Developer/codex-wt/d-k6-execution-labels-w73/src/hooks/useDemo.ts
/Users/piotrwisniewski/Developer/codex-wt/d-k6-execution-labels-w73/src/hooks/useDemoSession.ts
/Users/piotrwisniewski/Developer/codex-wt/d-k6-execution-labels-w73/src/services/demoAnalyticsService.ts
/Users/piotrwisniewski/Developer/codex-wt/d-k6-execution-labels-w73/src/components/demo/DemoConversionCTA.tsx
/Users/piotrwisniewski/Developer/codex-wt/d-k6-execution-labels-w73/src/components/demo/DemoLoadingOverlay.tsx
/Users/piotrwisniewski/Developer/codex-wt/d-k6-execution-labels-w73/src/components/demo/DemoSignupModal.tsx
/Users/piotrwisniewski/Developer/codex-wt/d-k6-execution-labels-w73/src/components/demo/DemoTrialButton.tsx
/Users/piotrwisniewski/Developer/codex-wt/d-k6-execution-labels-w73/src/components/demo/storyRailStops.ts
/Users/piotrwisniewski/Developer/codex-wt/d-k6-execution-labels-w73/src/components/demo/StoryRail.tsx
/Users/piotrwisniewski/Developer/codex-wt/d-k6-execution-labels-w73/src/components/demo/DemoSessionManager.tsx
/Users/piotrwisniewski/Developer/codex-wt/d-k6-execution-labels-w73/src/components/documents/DocumentSidePanel.tsx
/Users/piotrwisniewski/Developer/codex-wt/d-k6-execution-labels-w73/src/components/documents/DocumentToggleButton.tsx
/Users/piotrwisniewski/Developer/codex-wt/d-k6-execution-labels-w73/src/components/shared/TeresaMark.tsx
/Users/piotrwisniewski/Developer/codex-wt/d-k6-execution-labels-w73/src/components/Feedback/FeedbackSidePanel.tsx
/Users/piotrwisniewski/Developer/codex-wt/d-k6-execution-labels-w73/src/components/Feedback/FeedbackToggleButton.tsx
/Users/piotrwisniewski/Developer/codex-wt/d-k6-execution-labels-w73/src/components/Help/HelpDeepLinkListener.tsx
/Users/piotrwisniewski/Developer/codex-wt/d-k6-execution-labels-w73/src/components/Help/HelpToggleButton.tsx
/Users/piotrwisniewski/Developer/codex-wt/d-k6-execution-labels-w73/src/components/layout/DemoModeBanner.tsx
/Users/piotrwisniewski/Developer/codex-wt/d-k6-execution-labels-w73/src/components/layout/TrialBanner.tsx
/Users/piotrwisniewski/Developer/codex-wt/d-k6-execution-labels-w73/src/components/layout/TrialExpirationModal.tsx
/Users/piotrwisniewski/Developer/codex-wt/d-k6-execution-labels-w73/src/components/layout/GlobalAccessBanners.tsx
/Users/piotrwisniewski/Developer/codex-wt/d-k6-execution-labels-w73/src/components/layout/MfaEnrollmentBanner.tsx
/Users/piotrwisniewski/Developer/codex-wt/d-k6-execution-labels-w73/src/components/Notifications/notificationContent.ts
/Users/piotrwisniewski/Developer/codex-wt/d-k6-execution-labels-w73/src/hooks/useNotificationSnooze.ts
/Users/piotrwisniewski/Developer/codex-wt/d-k6-execution-labels-w73/src/hooks/usePageAwarePolling.ts
/Users/piotrwisniewski/Developer/codex-wt/d-k6-execution-labels-w73/src/utils/notificationMuteSession.ts
/Users/piotrwisniewski/Developer/codex-wt/d-k6-execution-labels-w73/src/components/layout/NotificationDropdown.tsx
/Users/piotrwisniewski/Developer/codex-wt/d-k6-execution-labels-w73/src/components/Onboarding/firstRunEvents.ts
/Users/piotrwisniewski/Developer/codex-wt/d-k6-execution-labels-w73/src/components/layout/UserProfileMenu.tsx
/Users/piotrwisniewski/Developer/codex-wt/d-k6-execution-labels-w73/src/components/LLMSelector.tsx
/Users/piotrwisniewski/Developer/codex-wt/d-k6-execution-labels-w73/src/hooks/useDeviceType.ts
/Users/piotrwisniewski/Developer/codex-wt/d-k6-execution-labels-w73/src/components/navigation/BottomNavigation.tsx
/Users/piotrwisniewski/Developer/codex-wt/d-k6-execution-labels-w73/src/components/navigation/Sidebar/FloatingSubmenu.tsx
/Users/piotrwisniewski/Developer/codex-wt/d-k6-execution-labels-w73/src/components/navigation/Sidebar/menuConfig.ts
/Users/piotrwisniewski/Developer/codex-wt/d-k6-execution-labels-w73/src/components/navigation/Sidebar/NavItem.tsx
/Users/piotrwisniewski/Developer/codex-wt/d-k6-execution-labels-w73/src/utils/navDeclutterFlag.ts
/Users/piotrwisniewski/Developer/codex-wt/d-k6-execution-labels-w73/src/components/navigation/Sidebar/SidebarFooter.tsx
/Users/piotrwisniewski/Developer/codex-wt/d-k6-execution-labels-w73/src/components/navigation/Sidebar/SidebarHeader.tsx
/Users/piotrwisniewski/Developer/codex-wt/d-k6-execution-labels-w73/src/components/AIChat/toolSteps.ts
/Users/piotrwisniewski/Developer/codex-wt/d-k6-execution-labels-w73/src/utils/artifacts/projectToMarkdown.ts
/Users/piotrwisniewski/Developer/codex-wt/d-k6-execution-labels-w73/src/store/useArtifactsStore.ts
/Users/piotrwisniewski/Developer/codex-wt/d-k6-execution-labels-w73/src/hooks/useAIStream.ts
/Users/piotrwisniewski/Developer/codex-wt/d-k6-execution-labels-w73/src/components/AIChat/Artifacts/renderers/CodeRenderer.tsx
/Users/piotrwisniewski/Developer/codex-wt/d-k6-execution-labels-w73/src/components/AIChat/Artifacts/renderers/ComparisonMatrixRenderer.tsx
/Users/piotrwisniewski/Developer/codex-wt/d-k6-execution-labels-w73/src/components/AIChat/Artifacts/renderers/DecisionTimelineRenderer.tsx
/Users/piotrwisniewski/Developer/codex-wt/d-k6-execution-labels-w73/src/components/AIChat/Artifacts/renderers/HTMLPreview.tsx
/Users/piotrwisniewski/Developer/Consultify/node_modules/@types/unist/index.d.ts
/Users/piotrwisniewski/Developer/Consultify/node_modules/@types/hast/index.d.ts
/Users/piotrwisniewski/Developer/Consultify/node_modules/vfile-message/lib/index.d.ts
/Users/piotrwisniewski/Developer/Consultify/node_modules/vfile-message/index.d.ts
/Users/piotrwisniewski/Developer/Consultify/node_modules/vfile/lib/index.d.ts
/Users/piotrwisniewski/Developer/Consultify/node_modules/vfile/index.d.ts
/Users/piotrwisniewski/Developer/Consultify/node_modules/unified/lib/callable-instance.d.ts
/Users/piotrwisniewski/Developer/Consultify/node_modules/trough/lib/index.d.ts
/Users/piotrwisniewski/Developer/Consultify/node_modules/trough/index.d.ts
/Users/piotrwisniewski/Developer/Consultify/node_modules/unified/lib/index.d.ts
/Users/piotrwisniewski/Developer/Consultify/node_modules/unified/index.d.ts
/Users/piotrwisniewski/Developer/Consultify/node_modules/@types/mdast/index.d.ts
/Users/piotrwisniewski/Developer/Consultify/node_modules/mdast-util-to-hast/lib/state.d.ts
/Users/piotrwisniewski/Developer/Consultify/node_modules/mdast-util-to-hast/lib/footer.d.ts
/Users/piotrwisniewski/Developer/Consultify/node_modules/mdast-util-to-hast/lib/handlers/blockquote.d.ts
/Users/piotrwisniewski/Developer/Consultify/node_modules/mdast-util-to-hast/lib/handlers/break.d.ts
/Users/piotrwisniewski/Developer/Consultify/node_modules/mdast-util-to-hast/lib/handlers/code.d.ts
/Users/piotrwisniewski/Developer/Consultify/node_modules/mdast-util-to-hast/lib/handlers/delete.d.ts
/Users/piotrwisniewski/Developer/Consultify/node_modules/mdast-util-to-hast/lib/handlers/emphasis.d.ts
/Users/piotrwisniewski/Developer/Consultify/node_modules/mdast-util-to-hast/lib/handlers/footnote-reference.d.ts
/Users/piotrwisniewski/Developer/Consultify/node_modules/mdast-util-to-hast/lib/handlers/heading.d.ts
/Users/piotrwisniewski/Developer/Consultify/node_modules/mdast-util-to-hast/lib/handlers/html.d.ts
/Users/piotrwisniewski/Developer/Consultify/node_modules/mdast-util-to-hast/lib/handlers/image-reference.d.ts
/Users/piotrwisniewski/Developer/Consultify/node_modules/mdast-util-to-hast/lib/handlers/image.d.ts
/Users/piotrwisniewski/Developer/Consultify/node_modules/mdast-util-to-hast/lib/handlers/inline-code.d.ts
/Users/piotrwisniewski/Developer/Consultify/node_modules/mdast-util-to-hast/lib/handlers/link-reference.d.ts
/Users/piotrwisniewski/Developer/Consultify/node_modules/mdast-util-to-hast/lib/handlers/link.d.ts
/Users/piotrwisniewski/Developer/Consultify/node_modules/mdast-util-to-hast/lib/handlers/list-item.d.ts
/Users/piotrwisniewski/Developer/Consultify/node_modules/mdast-util-to-hast/lib/handlers/list.d.ts
/Users/piotrwisniewski/Developer/Consultify/node_modules/mdast-util-to-hast/lib/handlers/paragraph.d.ts
/Users/piotrwisniewski/Developer/Consultify/node_modules/mdast-util-to-hast/lib/handlers/root.d.ts
/Users/piotrwisniewski/Developer/Consultify/node_modules/mdast-util-to-hast/lib/handlers/strong.d.ts
/Users/piotrwisniewski/Developer/Consultify/node_modules/mdast-util-to-hast/lib/handlers/table.d.ts
/Users/piotrwisniewski/Developer/Consultify/node_modules/mdast-util-to-hast/lib/handlers/table-cell.d.ts
/Users/piotrwisniewski/Developer/Consultify/node_modules/mdast-util-to-hast/lib/handlers/table-row.d.ts
/Users/piotrwisniewski/Developer/Consultify/node_modules/mdast-util-to-hast/lib/handlers/text.d.ts
/Users/piotrwisniewski/Developer/Consultify/node_modules/mdast-util-to-hast/lib/handlers/thematic-break.d.ts
/Users/piotrwisniewski/Developer/Consultify/node_modules/mdast-util-to-hast/lib/handlers/index.d.ts
/Users/piotrwisniewski/Developer/Consultify/node_modules/mdast-util-to-hast/lib/index.d.ts
/Users/piotrwisniewski/Developer/Consultify/node_modules/mdast-util-to-hast/index.d.ts
/Users/piotrwisniewski/Developer/Consultify/node_modules/remark-rehype/lib/index.d.ts
/Users/piotrwisniewski/Developer/Consultify/node_modules/remark-rehype/index.d.ts
/Users/piotrwisniewski/Developer/Consultify/node_modules/react-markdown/lib/index.d.ts
/Users/piotrwisniewski/Developer/Consultify/node_modules/react-markdown/index.d.ts
/Users/piotrwisniewski/Developer/Consultify/node_modules/micromark-util-types/index.d.ts
/Users/piotrwisniewski/Developer/Consultify/node_modules/micromark-extension-gfm-footnote/lib/html.d.ts
/Users/piotrwisniewski/Developer/Consultify/node_modules/micromark-extension-gfm-footnote/lib/syntax.d.ts
/Users/piotrwisniewski/Developer/Consultify/node_modules/micromark-extension-gfm-footnote/index.d.ts
/Users/piotrwisniewski/Developer/Consultify/node_modules/micromark-extension-gfm-strikethrough/lib/html.d.ts
/Users/piotrwisniewski/Developer/Consultify/node_modules/micromark-extension-gfm-strikethrough/lib/syntax.d.ts
/Users/piotrwisniewski/Developer/Consultify/node_modules/micromark-extension-gfm-strikethrough/index.d.ts
/Users/piotrwisniewski/Developer/Consultify/node_modules/micromark-extension-gfm/index.d.ts
/Users/piotrwisniewski/Developer/Consultify/node_modules/mdast-util-from-markdown/lib/types.d.ts
/Users/piotrwisniewski/Developer/Consultify/node_modules/mdast-util-from-markdown/lib/index.d.ts
/Users/piotrwisniewski/Developer/Consultify/node_modules/mdast-util-from-markdown/index.d.ts
/Users/piotrwisniewski/Developer/Consultify/node_modules/mdast-util-to-markdown/lib/types.d.ts
/Users/piotrwisniewski/Developer/Consultify/node_modules/mdast-util-to-markdown/lib/index.d.ts
/Users/piotrwisniewski/Developer/Consultify/node_modules/mdast-util-to-markdown/lib/handle/blockquote.d.ts
/Users/piotrwisniewski/Developer/Consultify/node_modules/mdast-util-to-markdown/lib/handle/break.d.ts
/Users/piotrwisniewski/Developer/Consultify/node_modules/mdast-util-to-markdown/lib/handle/code.d.ts
/Users/piotrwisniewski/Developer/Consultify/node_modules/mdast-util-to-markdown/lib/handle/definition.d.ts
/Users/piotrwisniewski/Developer/Consultify/node_modules/mdast-util-to-markdown/lib/handle/emphasis.d.ts
/Users/piotrwisniewski/Developer/Consultify/node_modules/mdast-util-to-markdown/lib/handle/heading.d.ts
/Users/piotrwisniewski/Developer/Consultify/node_modules/mdast-util-to-markdown/lib/handle/html.d.ts
/Users/piotrwisniewski/Developer/Consultify/node_modules/mdast-util-to-markdown/lib/handle/image.d.ts
/Users/piotrwisniewski/Developer/Consultify/node_modules/mdast-util-to-markdown/lib/handle/image-reference.d.ts
/Users/piotrwisniewski/Developer/Consultify/node_modules/mdast-util-to-markdown/lib/handle/inline-code.d.ts
/Users/piotrwisniewski/Developer/Consultify/node_modules/mdast-util-to-markdown/lib/handle/link.d.ts
/Users/piotrwisniewski/Developer/Consultify/node_modules/mdast-util-to-markdown/lib/handle/link-reference.d.ts
/Users/piotrwisniewski/Developer/Consultify/node_modules/mdast-util-to-markdown/lib/handle/list.d.ts
/Users/piotrwisniewski/Developer/Consultify/node_modules/mdast-util-to-markdown/lib/handle/list-item.d.ts
/Users/piotrwisniewski/Developer/Consultify/node_modules/mdast-util-to-markdown/lib/handle/paragraph.d.ts
/Users/piotrwisniewski/Developer/Consultify/node_modules/mdast-util-to-markdown/lib/handle/root.d.ts
/Users/piotrwisniewski/Developer/Consultify/node_modules/mdast-util-to-markdown/lib/handle/strong.d.ts
/Users/piotrwisniewski/Developer/Consultify/node_modules/mdast-util-to-markdown/lib/handle/text.d.ts
/Users/piotrwisniewski/Developer/Consultify/node_modules/mdast-util-to-markdown/lib/handle/thematic-break.d.ts
/Users/piotrwisniewski/Developer/Consultify/node_modules/mdast-util-to-markdown/lib/handle/index.d.ts
/Users/piotrwisniewski/Developer/Consultify/node_modules/mdast-util-to-markdown/index.d.ts
/Users/piotrwisniewski/Developer/Consultify/node_modules/mdast-util-gfm-footnote/lib/index.d.ts
/Users/piotrwisniewski/Developer/Consultify/node_modules/mdast-util-gfm-footnote/index.d.ts
/Users/piotrwisniewski/Developer/Consultify/node_modules/markdown-table/index.d.ts
/Users/piotrwisniewski/Developer/Consultify/node_modules/mdast-util-gfm-table/lib/index.d.ts
/Users/piotrwisniewski/Developer/Consultify/node_modules/mdast-util-gfm-table/index.d.ts
/Users/piotrwisniewski/Developer/Consultify/node_modules/mdast-util-gfm/lib/index.d.ts
/Users/piotrwisniewski/Developer/Consultify/node_modules/mdast-util-gfm/index.d.ts
/Users/piotrwisniewski/Developer/Consultify/node_modules/remark-gfm/lib/index.d.ts
/Users/piotrwisniewski/Developer/Consultify/node_modules/remark-gfm/index.d.ts
/Users/piotrwisniewski/Developer/codex-wt/d-k6-execution-labels-w73/src/components/AIChat/Artifacts/renderers/MarkdownRenderer.tsx
/Users/piotrwisniewski/Developer/codex-wt/d-k6-execution-labels-w73/src/utils/listDateFormat.ts
/Users/piotrwisniewski/Developer/codex-wt/d-k6-execution-labels-w73/src/components/AIChat/Artifacts/renderers/PMODocumentRenderer.tsx
/Users/piotrwisniewski/Developer/codex-wt/d-k6-execution-labels-w73/src/components/AIChat/Artifacts/renderers/TableRenderer.tsx
/Users/piotrwisniewski/Developer/Consultify/node_modules/@iconify/types/types.d.ts
/Users/piotrwisniewski/Developer/Consultify/node_modules/@iconify/utils/lib/colors/types.d.ts
/Users/piotrwisniewski/Developer/Consultify/node_modules/@iconify/utils/lib/colors/index.d.ts
/Users/piotrwisniewski/Developer/Consultify/node_modules/@iconify/utils/lib/colors/keywords.d.ts
/Users/piotrwisniewski/Developer/Consultify/node_modules/@iconify/utils/lib/css/types.d.ts
/Users/piotrwisniewski/Developer/Consultify/node_modules/@iconify/utils/lib/css/icon.d.ts
/Users/piotrwisniewski/Developer/Consultify/node_modules/@iconify/utils/lib/css/icons.d.ts
/Users/piotrwisniewski/Developer/Consultify/node_modules/@iconify/utils/lib/customisations/bool.d.ts
/Users/piotrwisniewski/Developer/Consultify/node_modules/@iconify/utils/lib/customisations/defaults.d.ts
/Users/piotrwisniewski/Developer/Consultify/node_modules/@iconify/utils/lib/customisations/flip.d.ts
/Users/piotrwisniewski/Developer/Consultify/node_modules/@iconify/utils/lib/customisations/merge.d.ts
/Users/piotrwisniewski/Developer/Consultify/node_modules/@iconify/utils/lib/customisations/rotate.d.ts
/Users/piotrwisniewski/Developer/Consultify/node_modules/@iconify/utils/lib/emoji/cleanup.d.ts
/Users/piotrwisniewski/Developer/Consultify/node_modules/@iconify/utils/lib/emoji/convert.d.ts
/Users/piotrwisniewski/Developer/Consultify/node_modules/@iconify/utils/lib/emoji/format.d.ts
/Users/piotrwisniewski/Developer/Consultify/node_modules/@iconify/utils/lib/emoji/parse.d.ts
/Users/piotrwisniewski/Developer/Consultify/node_modules/@iconify/utils/lib/emoji/regex/create.d.ts
/Users/piotrwisniewski/Developer/Consultify/node_modules/@iconify/utils/lib/emoji/replace/find.d.ts
/Users/piotrwisniewski/Developer/Consultify/node_modules/@iconify/utils/lib/emoji/replace/replace.d.ts
/Users/piotrwisniewski/Developer/Consultify/node_modules/@iconify/utils/lib/emoji/test/parse.d.ts
/Users/piotrwisniewski/Developer/Consultify/node_modules/@iconify/utils/lib/emoji/data.d.ts
/Users/piotrwisniewski/Developer/Consultify/node_modules/@iconify/utils/lib/emoji/test/components.d.ts
/Users/piotrwisniewski/Developer/Consultify/node_modules/@iconify/utils/lib/emoji/test/name.d.ts
/Users/piotrwisniewski/Developer/Consultify/node_modules/@iconify/utils/lib/emoji/test/similar.d.ts
/Users/piotrwisniewski/Developer/Consultify/node_modules/@iconify/utils/lib/emoji/test/tree.d.ts
/Users/piotrwisniewski/Developer/Consultify/node_modules/@iconify/utils/lib/emoji/test/missing.d.ts
/Users/piotrwisniewski/Developer/Consultify/node_modules/@iconify/utils/lib/emoji/test/variations.d.ts
/Users/piotrwisniewski/Developer/Consultify/node_modules/@iconify/utils/lib/icon-set/convert-info.d.ts
/Users/piotrwisniewski/Developer/Consultify/node_modules/@iconify/utils/lib/icon-set/expand.d.ts
/Users/piotrwisniewski/Developer/Consultify/node_modules/@iconify/utils/lib/icon-set/get-icon.d.ts
/Users/piotrwisniewski/Developer/Consultify/node_modules/@iconify/utils/lib/icon-set/get-icons.d.ts
/Users/piotrwisniewski/Developer/Consultify/node_modules/@iconify/utils/lib/icon-set/minify.d.ts
/Users/piotrwisniewski/Developer/Consultify/node_modules/@iconify/utils/lib/icon-set/parse.d.ts
/Users/piotrwisniewski/Developer/Consultify/node_modules/@iconify/utils/lib/icon-set/tree.d.ts
/Users/piotrwisniewski/Developer/Consultify/node_modules/@iconify/utils/lib/icon-set/validate-basic.d.ts
/Users/piotrwisniewski/Developer/Consultify/node_modules/@iconify/utils/lib/icon-set/validate.d.ts
/Users/piotrwisniewski/Developer/Consultify/node_modules/@iconify/utils/lib/icon/defaults.d.ts
/Users/piotrwisniewski/Developer/Consultify/node_modules/@iconify/utils/lib/icon/merge.d.ts
/Users/piotrwisniewski/Developer/Consultify/node_modules/@iconify/utils/lib/icon/name.d.ts
/Users/piotrwisniewski/Developer/Consultify/node_modules/@iconify/utils/lib/svg/viewbox.d.ts
/Users/piotrwisniewski/Developer/Consultify/node_modules/@iconify/utils/lib/icon/square.d.ts
/Users/piotrwisniewski/Developer/Consultify/node_modules/@iconify/utils/lib/icon/transformations.d.ts
/Users/piotrwisniewski/Developer/Consultify/node_modules/@iconify/utils/lib/svg/build.d.ts
/Users/piotrwisniewski/Developer/Consultify/node_modules/@iconify/utils/lib/svg/defs.d.ts
/Users/piotrwisniewski/Developer/Consultify/node_modules/@iconify/utils/lib/svg/id.d.ts
/Users/piotrwisniewski/Developer/Consultify/node_modules/@iconify/utils/lib/svg/size.d.ts
/Users/piotrwisniewski/Developer/Consultify/node_modules/@iconify/utils/lib/svg/encode-svg-for-css.d.ts
/Users/piotrwisniewski/Developer/Consultify/node_modules/@iconify/utils/lib/svg/trim.d.ts
/Users/piotrwisniewski/Developer/Consultify/node_modules/@iconify/utils/lib/svg/pretty.d.ts
/Users/piotrwisniewski/Developer/Consultify/node_modules/@iconify/utils/lib/svg/html.d.ts
/Users/piotrwisniewski/Developer/Consultify/node_modules/@iconify/utils/lib/svg/url.d.ts
/Users/piotrwisniewski/Developer/Consultify/node_modules/@iconify/utils/lib/svg/inner-html.d.ts
/Users/piotrwisniewski/Developer/Consultify/node_modules/@iconify/utils/lib/svg/parse.d.ts
/Users/piotrwisniewski/Developer/Consultify/node_modules/@iconify/utils/lib/loader/types.d.ts
/Users/piotrwisniewski/Developer/Consultify/node_modules/@iconify/utils/lib/loader/utils.d.ts
/Users/piotrwisniewski/Developer/Consultify/node_modules/@iconify/utils/lib/loader/custom.d.ts
/Users/piotrwisniewski/Developer/Consultify/node_modules/@iconify/utils/lib/loader/modern.d.ts
/Users/piotrwisniewski/Developer/Consultify/node_modules/@iconify/utils/lib/loader/loader.d.ts
/Users/piotrwisniewski/Developer/Consultify/node_modules/@iconify/utils/lib/misc/strings.d.ts
/Users/piotrwisniewski/Developer/Consultify/node_modules/@iconify/utils/lib/misc/objects.d.ts
/Users/piotrwisniewski/Developer/Consultify/node_modules/@iconify/utils/lib/misc/title.d.ts
/Users/piotrwisniewski/Developer/Consultify/node_modules/@iconify/utils/lib/index.d.ts
/Users/piotrwisniewski/Developer/Consultify/node_modules/mermaid/dist/rendering-util/icons.d.ts
/Users/piotrwisniewski/Developer/Consultify/node_modules/@types/trusted-types/lib/index.d.ts
/Users/piotrwisniewski/Developer/Consultify/node_modules/dompurify/dist/purify.es.d.mts
/Users/piotrwisniewski/Developer/Consultify/node_modules/mermaid/dist/config.type.d.ts
/Users/piotrwisniewski/Developer/Consultify/node_modules/@types/d3-array/index.d.ts
/Users/piotrwisniewski/Developer/Consultify/node_modules/@types/d3-selection/index.d.ts
/Users/piotrwisniewski/Developer/Consultify/node_modules/@types/d3-axis/index.d.ts
/Users/piotrwisniewski/Developer/Consultify/node_modules/@types/d3-brush/index.d.ts
/Users/piotrwisniewski/Developer/Consultify/node_modules/@types/d3-chord/index.d.ts
/Users/piotrwisniewski/Developer/Consultify/node_modules/@types/d3-color/index.d.ts
/Users/piotrwisniewski/Developer/Consultify/node_modules/@types/geojson/index.d.ts
/Users/piotrwisniewski/Developer/Consultify/node_modules/@types/d3-contour/index.d.ts
/Users/piotrwisniewski/Developer/Consultify/node_modules/@types/d3-delaunay/index.d.ts
/Users/piotrwisniewski/Developer/Consultify/node_modules/@types/d3-dispatch/index.d.ts
/Users/piotrwisniewski/Developer/Consultify/node_modules/@types/d3-drag/index.d.ts
/Users/piotrwisniewski/Developer/Consultify/node_modules/@types/d3-dsv/index.d.ts
/Users/piotrwisniewski/Developer/Consultify/node_modules/@types/d3-ease/index.d.ts
/Users/piotrwisniewski/Developer/Consultify/node_modules/@types/d3-fetch/index.d.ts
/Users/piotrwisniewski/Developer/Consultify/node_modules/@types/d3-force/index.d.ts
/Users/piotrwisniewski/Developer/Consultify/node_modules/@types/d3-format/index.d.ts
/Users/piotrwisniewski/Developer/Consultify/node_modules/@types/d3-geo/index.d.ts
/Users/piotrwisniewski/Developer/Consultify/node_modules/@types/d3-hierarchy/index.d.ts
/Users/piotrwisniewski/Developer/Consultify/node_modules/@types/d3-interpolate/index.d.ts
/Users/piotrwisniewski/Developer/Consultify/node_modules/@types/d3-path/index.d.ts
/Users/piotrwisniewski/Developer/Consultify/node_modules/@types/d3-polygon/index.d.ts
/Users/piotrwisniewski/Developer/Consultify/node_modules/@types/d3-quadtree/index.d.ts
/Users/piotrwisniewski/Developer/Consultify/node_modules/@types/d3-random/index.d.ts
/Users/piotrwisniewski/Developer/Consultify/node_modules/@types/d3-time/index.d.ts
/Users/piotrwisniewski/Developer/Consultify/node_modules/@types/d3-scale/index.d.ts
/Users/piotrwisniewski/Developer/Consultify/node_modules/@types/d3-scale-chromatic/index.d.ts
/Users/piotrwisniewski/Developer/Consultify/node_modules/@types/d3-shape/index.d.ts
/Users/piotrwisniewski/Developer/Consultify/node_modules/@types/d3-time-format/index.d.ts
/Users/piotrwisniewski/Developer/Consultify/node_modules/@types/d3-timer/index.d.ts
/Users/piotrwisniewski/Developer/Consultify/node_modules/@types/d3-transition/index.d.ts
/Users/piotrwisniewski/Developer/Consultify/node_modules/@types/d3-zoom/index.d.ts
/Users/piotrwisniewski/Developer/Consultify/node_modules/@types/d3/index.d.ts
/Users/piotrwisniewski/Developer/Consultify/node_modules/mermaid/dist/types.d.ts
/Users/piotrwisniewski/Developer/Consultify/node_modules/mermaid/dist/utils.d.ts
/Users/piotrwisniewski/Developer/Consultify/node_modules/mermaid/dist/Diagram.d.ts
/Users/piotrwisniewski/Developer/Consultify/node_modules/mermaid/dist/diagrams/git/gitGraphTypes.d.ts
/Users/piotrwisniewski/Developer/Consultify/node_modules/mermaid/dist/diagram-api/types.d.ts
/Users/piotrwisniewski/Developer/Consultify/node_modules/mermaid/dist/diagram-api/detectType.d.ts
/Users/piotrwisniewski/Developer/Consultify/node_modules/mermaid/dist/errors.d.ts
/Users/piotrwisniewski/Developer/Consultify/node_modules/mermaid/dist/rendering-util/rendering-elements/clusters/swimlane.d.ts
/Users/piotrwisniewski/Developer/Consultify/node_modules/mermaid/dist/rendering-util/rendering-elements/clusters.d.ts
/Users/piotrwisniewski/Developer/Consultify/node_modules/mermaid/dist/rendering-util/types.d.ts
/Users/piotrwisniewski/Developer/Consultify/node_modules/mermaid/dist/rendering-util/rendering-elements/shapes/anchor.d.ts
/Users/piotrwisniewski/Developer/Consultify/node_modules/mermaid/dist/rendering-util/rendering-elements/shapes/bowTieRect.d.ts
/Users/piotrwisniewski/Developer/Consultify/node_modules/mermaid/dist/rendering-util/rendering-elements/shapes/card.d.ts
/Users/piotrwisniewski/Developer/Consultify/node_modules/mermaid/dist/rendering-util/rendering-elements/shapes/choice.d.ts
/Users/piotrwisniewski/Developer/Consultify/node_modules/mermaid/dist/rendering-util/rendering-elements/shapes/circle.d.ts
/Users/piotrwisniewski/Developer/Consultify/node_modules/mermaid/dist/rendering-util/rendering-elements/shapes/crossedCircle.d.ts
/Users/piotrwisniewski/Developer/Consultify/node_modules/mermaid/dist/rendering-util/rendering-elements/shapes/curlyBraceLeft.d.ts
/Users/piotrwisniewski/Developer/Consultify/node_modules/mermaid/dist/rendering-util/rendering-elements/shapes/curlyBraceRight.d.ts
/Users/piotrwisniewski/Developer/Consultify/node_modules/mermaid/dist/rendering-util/rendering-elements/shapes/curlyBraces.d.ts
/Users/piotrwisniewski/Developer/Consultify/node_modules/mermaid/dist/rendering-util/rendering-elements/shapes/curvedTrapezoid.d.ts
/Users/piotrwisniewski/Developer/Consultify/node_modules/mermaid/dist/rendering-util/rendering-elements/shapes/cylinder.d.ts
/Users/piotrwisniewski/Developer/Consultify/node_modules/mermaid/dist/rendering-util/rendering-elements/shapes/datastore.d.ts
/Users/piotrwisniewski/Developer/Consultify/node_modules/mermaid/dist/rendering-util/rendering-elements/shapes/dividedRect.d.ts
/Users/piotrwisniewski/Developer/Consultify/node_modules/mermaid/dist/rendering-util/rendering-elements/shapes/doubleCircle.d.ts
/Users/piotrwisniewski/Developer/Consultify/node_modules/mermaid/dist/rendering-util/rendering-elements/shapes/filledCircle.d.ts
/Users/piotrwisniewski/Developer/Consultify/node_modules/mermaid/dist/rendering-util/rendering-elements/shapes/flippedTriangle.d.ts
/Users/piotrwisniewski/Developer/Consultify/node_modules/mermaid/dist/rendering-util/rendering-elements/shapes/forkJoin.d.ts
/Users/piotrwisniewski/Developer/Consultify/node_modules/mermaid/dist/rendering-util/rendering-elements/shapes/halfRoundedRectangle.d.ts
/Users/piotrwisniewski/Developer/Consultify/node_modules/mermaid/dist/rendering-util/rendering-elements/shapes/hexagon.d.ts
/Users/piotrwisniewski/Developer/Consultify/node_modules/mermaid/dist/rendering-util/rendering-elements/shapes/hourglass.d.ts
/Users/piotrwisniewski/Developer/Consultify/node_modules/mermaid/dist/rendering-util/rendering-elements/shapes/icon.d.ts
/Users/piotrwisniewski/Developer/Consultify/node_modules/mermaid/dist/rendering-util/rendering-elements/shapes/iconCircle.d.ts
/Users/piotrwisniewski/Developer/Consultify/node_modules/mermaid/dist/rendering-util/rendering-elements/shapes/iconRounded.d.ts
/Users/piotrwisniewski/Developer/Consultify/node_modules/mermaid/dist/rendering-util/rendering-elements/shapes/iconSquare.d.ts
/Users/piotrwisniewski/Developer/Consultify/node_modules/mermaid/dist/rendering-util/rendering-elements/shapes/imageSquare.d.ts
/Users/piotrwisniewski/Developer/Consultify/node_modules/mermaid/dist/rendering-util/rendering-elements/shapes/invertedTrapezoid.d.ts
/Users/piotrwisniewski/Developer/Consultify/node_modules/mermaid/dist/rendering-util/rendering-elements/shapes/labelRect.d.ts
/Users/piotrwisniewski/Developer/Consultify/node_modules/mermaid/dist/rendering-util/rendering-elements/shapes/leanLeft.d.ts
/Users/piotrwisniewski/Developer/Consultify/node_modules/mermaid/dist/rendering-util/rendering-elements/shapes/leanRight.d.ts
/Users/piotrwisniewski/Developer/Consultify/node_modules/mermaid/dist/rendering-util/rendering-elements/shapes/lightningBolt.d.ts
/Users/piotrwisniewski/Developer/Consultify/node_modules/mermaid/dist/rendering-util/rendering-elements/shapes/linedCylinder.d.ts
/Users/piotrwisniewski/Developer/Consultify/node_modules/mermaid/dist/rendering-util/rendering-elements/shapes/linedWaveEdgedRect.d.ts
/Users/piotrwisniewski/Developer/Consultify/node_modules/mermaid/dist/rendering-util/rendering-elements/shapes/multiRect.d.ts
/Users/piotrwisniewski/Developer/Consultify/node_modules/mermaid/dist/rendering-util/rendering-elements/shapes/multiWaveEdgedRectangle.d.ts
/Users/piotrwisniewski/Developer/Consultify/node_modules/mermaid/dist/rendering-util/rendering-elements/shapes/note.d.ts
/Users/piotrwisniewski/Developer/Consultify/node_modules/mermaid/dist/rendering-util/rendering-elements/shapes/question.d.ts
/Users/piotrwisniewski/Developer/Consultify/node_modules/mermaid/dist/rendering-util/rendering-elements/shapes/rectLeftInvArrow.d.ts
/Users/piotrwisniewski/Developer/Consultify/node_modules/mermaid/dist/rendering-util/rendering-elements/shapes/rectWithTitle.d.ts
/Users/piotrwisniewski/Developer/Consultify/node_modules/mermaid/dist/rendering-util/rendering-elements/shapes/roundedRect.d.ts
/Users/piotrwisniewski/Developer/Consultify/node_modules/mermaid/dist/rendering-util/rendering-elements/shapes/shadedProcess.d.ts
/Users/piotrwisniewski/Developer/Consultify/node_modules/mermaid/dist/rendering-util/rendering-elements/shapes/slopedRect.d.ts
/Users/piotrwisniewski/Developer/Consultify/node_modules/mermaid/dist/rendering-util/rendering-elements/shapes/squareRect.d.ts
/Users/piotrwisniewski/Developer/Consultify/node_modules/mermaid/dist/rendering-util/rendering-elements/shapes/stadium.d.ts
/Users/piotrwisniewski/Developer/Consultify/node_modules/mermaid/dist/rendering-util/rendering-elements/shapes/state.d.ts
/Users/piotrwisniewski/Developer/Consultify/node_modules/mermaid/dist/rendering-util/rendering-elements/shapes/stateEnd.d.ts
/Users/piotrwisniewski/Developer/Consultify/node_modules/mermaid/dist/rendering-util/rendering-elements/shapes/stateStart.d.ts
/Users/piotrwisniewski/Developer/Consultify/node_modules/mermaid/dist/rendering-util/rendering-elements/shapes/subroutine.d.ts
/Users/piotrwisniewski/Developer/Consultify/node_modules/mermaid/dist/rendering-util/rendering-elements/shapes/taggedRect.d.ts
/Users/piotrwisniewski/Developer/Consultify/node_modules/mermaid/dist/rendering-util/rendering-elements/shapes/taggedWaveEdgedRectangle.d.ts
/Users/piotrwisniewski/Developer/Consultify/node_modules/mermaid/dist/rendering-util/rendering-elements/shapes/text.d.ts
/Users/piotrwisniewski/Developer/Consultify/node_modules/mermaid/dist/rendering-util/rendering-elements/shapes/tiltedCylinder.d.ts
/Users/piotrwisniewski/Developer/Consultify/node_modules/mermaid/dist/rendering-util/rendering-elements/shapes/trapezoid.d.ts
/Users/piotrwisniewski/Developer/Consultify/node_modules/mermaid/dist/rendering-util/rendering-elements/shapes/trapezoidalPentagon.d.ts
/Users/piotrwisniewski/Developer/Consultify/node_modules/mermaid/dist/rendering-util/rendering-elements/shapes/triangle.d.ts
/Users/piotrwisniewski/Developer/Consultify/node_modules/mermaid/dist/rendering-util/rendering-elements/shapes/waveEdgedRectangle.d.ts
/Users/piotrwisniewski/Developer/Consultify/node_modules/mermaid/dist/rendering-util/rendering-elements/shapes/waveRectangle.d.ts
/Users/piotrwisniewski/Developer/Consultify/node_modules/mermaid/dist/rendering-util/rendering-elements/shapes/windowPane.d.ts
/Users/piotrwisniewski/Developer/Consultify/node_modules/mermaid/dist/rendering-util/rendering-elements/shapes/erBox.d.ts
/Users/piotrwisniewski/Developer/Consultify/node_modules/mermaid/dist/rendering-util/rendering-elements/shapes/classBox.d.ts
/Users/piotrwisniewski/Developer/Consultify/node_modules/mermaid/dist/rendering-util/rendering-elements/shapes/requirementBox.d.ts
/Users/piotrwisniewski/Developer/Consultify/node_modules/mermaid/dist/rendering-util/rendering-elements/shapes/kanbanItem.d.ts
/Users/piotrwisniewski/Developer/Consultify/node_modules/mermaid/dist/rendering-util/rendering-elements/shapes/bang.d.ts
/Users/piotrwisniewski/Developer/Consultify/node_modules/mermaid/dist/rendering-util/rendering-elements/shapes/cloud.d.ts
/Users/piotrwisniewski/Developer/Consultify/node_modules/mermaid/dist/rendering-util/rendering-elements/shapes/defaultMindmapNode.d.ts
/Users/piotrwisniewski/Developer/Consultify/node_modules/mermaid/dist/rendering-util/rendering-elements/shapes/mindmapCircle.d.ts
/Users/piotrwisniewski/Developer/Consultify/node_modules/mermaid/dist/rendering-util/rendering-elements/shapes.d.ts
/Users/piotrwisniewski/Developer/Consultify/node_modules/dagre-d3-es/src/graphlib/graph.d.ts
/Users/piotrwisniewski/Developer/Consultify/node_modules/dagre-d3-es/src/graphlib/index.d.ts
/Users/piotrwisniewski/Developer/Consultify/node_modules/dagre-d3-es/src/dagre-js/intersect/intersect-node.d.ts
/Users/piotrwisniewski/Developer/Consultify/node_modules/dagre-d3-es/src/dagre-js/intersect/intersect-circle.d.ts
/Users/piotrwisniewski/Developer/Consultify/node_modules/dagre-d3-es/src/dagre-js/intersect/intersect-ellipse.d.ts
/Users/piotrwisniewski/Developer/Consultify/node_modules/dagre-d3-es/src/dagre-js/intersect/intersect-polygon.d.ts
/Users/piotrwisniewski/Developer/Consultify/node_modules/dagre-d3-es/src/dagre-js/intersect/intersect-rect.d.ts
/Users/piotrwisniewski/Developer/Consultify/node_modules/dagre-d3-es/src/dagre-js/intersect/index.d.ts
/Users/piotrwisniewski/Developer/Consultify/node_modules/dagre-d3-es/src/dagre-js/render.d.ts
/Users/piotrwisniewski/Developer/Consultify/node_modules/dagre-d3-es/src/index.d.ts
/Users/piotrwisniewski/Developer/Consultify/node_modules/mermaid/dist/rendering-util/rendering-elements/nodes.d.ts
/Users/piotrwisniewski/Developer/Consultify/node_modules/mermaid/dist/logger.d.ts
/Users/piotrwisniewski/Developer/Consultify/node_modules/mermaid/dist/internals.d.ts
/Users/piotrwisniewski/Developer/Consultify/node_modules/mermaid/dist/mermaidAPI.d.ts
/Users/piotrwisniewski/Developer/Consultify/node_modules/mermaid/dist/rendering-util/render.d.ts
/Users/piotrwisniewski/Developer/Consultify/node_modules/mermaid/dist/mermaid.d.ts
/Users/piotrwisniewski/Developer/codex-wt/d-k6-execution-labels-w73/src/components/AIChat/Artifacts/renderers/DiagramRenderer.tsx
/Users/piotrwisniewski/Developer/Consultify/node_modules/@reactflow/core/dist/esm/types/utils.d.ts
/Users/piotrwisniewski/Developer/Consultify/node_modules/@reactflow/core/dist/esm/utils/index.d.ts
/Users/piotrwisniewski/Developer/Consultify/node_modules/@reactflow/core/dist/esm/types/nodes.d.ts
/Users/piotrwisniewski/Developer/Consultify/node_modules/@reactflow/core/dist/esm/types/edges.d.ts
/Users/piotrwisniewski/Developer/Consultify/node_modules/@reactflow/core/dist/esm/types/changes.d.ts
/Users/piotrwisniewski/Developer/Consultify/node_modules/@reactflow/core/dist/esm/types/handles.d.ts
/Users/piotrwisniewski/Developer/Consultify/node_modules/@reactflow/core/dist/esm/types/instance.d.ts
/Users/piotrwisniewski/Developer/Consultify/node_modules/@reactflow/core/dist/esm/types/general.d.ts
/Users/piotrwisniewski/Developer/Consultify/node_modules/@reactflow/core/dist/esm/components/Handle/utils.d.ts
/Users/piotrwisniewski/Developer/Consultify/node_modules/@reactflow/core/dist/esm/types/component-props.d.ts
/Users/piotrwisniewski/Developer/Consultify/node_modules/@reactflow/core/dist/esm/types/index.d.ts
/Users/piotrwisniewski/Developer/Consultify/node_modules/@reactflow/core/dist/esm/container/ReactFlow/index.d.ts
/Users/piotrwisniewski/Developer/Consultify/node_modules/@reactflow/core/dist/esm/components/Handle/index.d.ts
/Users/piotrwisniewski/Developer/Consultify/node_modules/@reactflow/core/dist/esm/components/Edges/EdgeText.d.ts
/Users/piotrwisniewski/Developer/Consultify/node_modules/@reactflow/core/dist/esm/components/Edges/StraightEdge.d.ts
/Users/piotrwisniewski/Developer/Consultify/node_modules/@reactflow/core/dist/esm/components/Edges/StepEdge.d.ts
/Users/piotrwisniewski/Developer/Consultify/node_modules/@reactflow/core/dist/esm/components/Edges/BezierEdge.d.ts
/Users/piotrwisniewski/Developer/Consultify/node_modules/@reactflow/core/dist/esm/components/Edges/SimpleBezierEdge.d.ts
/Users/piotrwisniewski/Developer/Consultify/node_modules/@reactflow/core/dist/esm/components/Edges/SmoothStepEdge.d.ts
/Users/piotrwisniewski/Developer/Consultify/node_modules/@reactflow/core/dist/esm/components/Edges/BaseEdge.d.ts
/Users/piotrwisniewski/Developer/Consultify/node_modules/@reactflow/core/dist/esm/utils/graph.d.ts
/Users/piotrwisniewski/Developer/Consultify/node_modules/@reactflow/core/dist/esm/utils/changes.d.ts
/Users/piotrwisniewski/Developer/Consultify/node_modules/@reactflow/core/node_modules/zustand/esm/vanilla.d.mts
/Users/piotrwisniewski/Developer/Consultify/node_modules/@reactflow/core/node_modules/zustand/esm/react.d.mts
/Users/piotrwisniewski/Developer/Consultify/node_modules/@reactflow/core/node_modules/zustand/esm/index.d.mts
/Users/piotrwisniewski/Developer/Consultify/node_modules/@reactflow/core/dist/esm/components/Edges/utils.d.ts
/Users/piotrwisniewski/Developer/Consultify/node_modules/@reactflow/core/dist/esm/components/ReactFlowProvider/index.d.ts
/Users/piotrwisniewski/Developer/Consultify/node_modules/@reactflow/core/dist/esm/components/Panel/index.d.ts
/Users/piotrwisniewski/Developer/Consultify/node_modules/@reactflow/core/dist/esm/components/EdgeLabelRenderer/index.d.ts
/Users/piotrwisniewski/Developer/Consultify/node_modules/@reactflow/core/dist/esm/hooks/useReactFlow.d.ts
/Users/piotrwisniewski/Developer/Consultify/node_modules/@reactflow/core/dist/esm/hooks/useUpdateNodeInternals.d.ts
/Users/piotrwisniewski/Developer/Consultify/node_modules/@reactflow/core/dist/esm/hooks/useNodes.d.ts
/Users/piotrwisniewski/Developer/Consultify/node_modules/@reactflow/core/dist/esm/hooks/useEdges.d.ts
/Users/piotrwisniewski/Developer/Consultify/node_modules/@reactflow/core/dist/esm/hooks/useViewport.d.ts
/Users/piotrwisniewski/Developer/Consultify/node_modules/@reactflow/core/dist/esm/hooks/useKeyPress.d.ts
/Users/piotrwisniewski/Developer/Consultify/node_modules/@reactflow/core/dist/esm/hooks/useNodesEdgesState.d.ts
/Users/piotrwisniewski/Developer/Consultify/node_modules/@reactflow/core/dist/esm/hooks/useStore.d.ts
/Users/piotrwisniewski/Developer/Consultify/node_modules/@reactflow/core/dist/esm/hooks/useOnViewportChange.d.ts
/Users/piotrwisniewski/Developer/Consultify/node_modules/@reactflow/core/dist/esm/hooks/useOnSelectionChange.d.ts
/Users/piotrwisniewski/Developer/Consultify/node_modules/@reactflow/core/dist/esm/hooks/useNodesInitialized.d.ts
/Users/piotrwisniewski/Developer/Consultify/node_modules/@reactflow/core/dist/esm/hooks/useGetPointerPosition.d.ts
/Users/piotrwisniewski/Developer/Consultify/node_modules/@reactflow/core/dist/esm/contexts/NodeIdContext.d.ts
/Users/piotrwisniewski/Developer/Consultify/node_modules/@reactflow/core/dist/esm/index.d.ts
/Users/piotrwisniewski/Developer/Consultify/node_modules/@reactflow/minimap/dist/esm/types.d.ts
/Users/piotrwisniewski/Developer/Consultify/node_modules/@reactflow/minimap/dist/esm/MiniMap.d.ts
/Users/piotrwisniewski/Developer/Consultify/node_modules/@reactflow/minimap/dist/esm/index.d.ts
/Users/piotrwisniewski/Developer/Consultify/node_modules/@reactflow/controls/dist/esm/types.d.ts
/Users/piotrwisniewski/Developer/Consultify/node_modules/@reactflow/controls/dist/esm/Controls.d.ts
/Users/piotrwisniewski/Developer/Consultify/node_modules/@reactflow/controls/dist/esm/ControlButton.d.ts
/Users/piotrwisniewski/Developer/Consultify/node_modules/@reactflow/controls/dist/esm/index.d.ts
/Users/piotrwisniewski/Developer/Consultify/node_modules/@reactflow/background/dist/esm/types.d.ts
/Users/piotrwisniewski/Developer/Consultify/node_modules/@reactflow/background/dist/esm/Background.d.ts
/Users/piotrwisniewski/Developer/Consultify/node_modules/@reactflow/background/dist/esm/index.d.ts
/Users/piotrwisniewski/Developer/Consultify/node_modules/@reactflow/node-toolbar/dist/esm/types.d.ts
/Users/piotrwisniewski/Developer/Consultify/node_modules/@reactflow/node-toolbar/dist/esm/NodeToolbar.d.ts
/Users/piotrwisniewski/Developer/Consultify/node_modules/@reactflow/node-toolbar/dist/esm/index.d.ts
/Users/piotrwisniewski/Developer/Consultify/node_modules/@reactflow/node-resizer/dist/esm/types.d.ts
/Users/piotrwisniewski/Developer/Consultify/node_modules/@reactflow/node-resizer/dist/esm/NodeResizer.d.ts
/Users/piotrwisniewski/Developer/Consultify/node_modules/@reactflow/node-resizer/dist/esm/ResizeControl.d.ts
/Users/piotrwisniewski/Developer/Consultify/node_modules/@reactflow/node-resizer/dist/esm/index.d.ts
/Users/piotrwisniewski/Developer/Consultify/node_modules/reactflow/dist/esm/index.d.ts
/Users/piotrwisniewski/Developer/codex-wt/d-k6-execution-labels-w73/src/components/shared/DiagramNodes/DecisionNode.tsx
/Users/piotrwisniewski/Developer/codex-wt/d-k6-execution-labels-w73/src/components/shared/DiagramNodes/MindmapNode.tsx
/Users/piotrwisniewski/Developer/codex-wt/d-k6-execution-labels-w73/src/components/shared/DiagramNodes/ProcessStepNode.tsx
/Users/piotrwisniewski/Developer/codex-wt/d-k6-execution-labels-w73/src/components/shared/DiagramNodes/StartEndNode.tsx
/Users/piotrwisniewski/Developer/codex-wt/d-k6-execution-labels-w73/src/components/shared/DiagramNodes/TextNode.tsx
/Users/piotrwisniewski/Developer/codex-wt/d-k6-execution-labels-w73/src/components/shared/DiagramNodes/index.ts
/Users/piotrwisniewski/Developer/codex-wt/d-k6-execution-labels-w73/src/components/AIChat/Artifacts/renderers/ReactFlowDiagramRenderer.tsx
/Users/piotrwisniewski/Developer/codex-wt/d-k6-execution-labels-w73/src/components/AIChat/Artifacts/ArtifactViewer.tsx
/Users/piotrwisniewski/Developer/codex-wt/d-k6-execution-labels-w73/src/components/AIChat/Artifacts/ArtifactEditor.tsx
/Users/piotrwisniewski/Developer/codex-wt/d-k6-execution-labels-w73/src/components/AIChat/Artifacts/ArtifactsPanel.tsx
/Users/piotrwisniewski/Developer/codex-wt/d-k6-execution-labels-w73/src/components/AIChat/Input/FocusModeSelector.tsx
/Users/piotrwisniewski/Developer/codex-wt/d-k6-execution-labels-w73/src/components/MyWork/ideaSelectionTypes.ts
/Users/piotrwisniewski/Developer/codex-wt/d-k6-execution-labels-w73/src/components/MyWork/ideaEntryTypes.ts
/Users/piotrwisniewski/Developer/codex-wt/d-k6-execution-labels-w73/src/actions/registry/types.ts
/Users/piotrwisniewski/Developer/codex-wt/d-k6-execution-labels-w73/src/actions/quickActionAck.ts
/Users/piotrwisniewski/Developer/codex-wt/d-k6-execution-labels-w73/src/services/api/tablePlatform.api.ts
/Users/piotrwisniewski/Developer/codex-wt/d-k6-execution-labels-w73/src/actions/registry/runtimeHelpers.ts
/Users/piotrwisniewski/Developer/codex-wt/d-k6-execution-labels-w73/src/actions/registry/mindmapActions.ts
/Users/piotrwisniewski/Developer/codex-wt/d-k6-execution-labels-w73/src/actions/registry/whiteboardActions.ts
/Users/piotrwisniewski/Developer/codex-wt/d-k6-execution-labels-w73/src/actions/registry/processFlowActions.ts
/Users/piotrwisniewski/Developer/codex-wt/d-k6-execution-labels-w73/src/actions/registry/tableActions.ts
/Users/piotrwisniewski/Developer/codex-wt/d-k6-execution-labels-w73/src/components/MyWork/canvas/canvasOsContract.ts
/Users/piotrwisniewski/Developer/codex-wt/d-k6-execution-labels-w73/src/components/MyWork/ideaConsultingTemplates.ts
/Users/piotrwisniewski/Developer/codex-wt/d-k6-execution-labels-w73/src/components/MyWork/ideaTemplateSeedSummary.ts
/Users/piotrwisniewski/Developer/codex-wt/d-k6-execution-labels-w73/src/components/MyWork/shared/ConfirmDialog.tsx
/Users/piotrwisniewski/Developer/codex-wt/d-k6-execution-labels-w73/src/services/ideaAIGenerator.ts
/Users/piotrwisniewski/Developer/codex-wt/d-k6-execution-labels-w73/src/components/MyWork/IdeaTemplateGallery.tsx
/Users/piotrwisniewski/Developer/codex-wt/d-k6-execution-labels-w73/src/actions/registry/sharedActions.ts
/Users/piotrwisniewski/Developer/codex-wt/d-k6-execution-labels-w73/src/actions/ideaActionRegistry.ts
/Users/piotrwisniewski/Developer/codex-wt/d-k6-execution-labels-w73/src/components/ui/primitives/useDialogA11y.ts
/Users/piotrwisniewski/Developer/codex-wt/d-k6-execution-labels-w73/src/components/MyWork/table/ExecutionProgress.tsx
/Users/piotrwisniewski/Developer/codex-wt/d-k6-execution-labels-w73/src/components/MyWork/table/RefineDialog.tsx
/Users/piotrwisniewski/Developer/codex-wt/d-k6-execution-labels-w73/src/components/MyWork/table/SchemaDiffPreview.tsx
/Users/piotrwisniewski/Developer/codex-wt/d-k6-execution-labels-w73/src/components/MyWork/table/SchemaProposalCard.tsx
/Users/piotrwisniewski/Developer/codex-wt/d-k6-execution-labels-w73/src/components/MyWork/table/useSchemaProposal.ts
/Users/piotrwisniewski/Developer/codex-wt/d-k6-execution-labels-w73/src/components/MyWork/table/ChatToSchemaPanel.tsx
/Users/piotrwisniewski/Developer/codex-wt/d-k6-execution-labels-w73/src/services/deliverablesGeneration.ts
/Users/piotrwisniewski/Developer/codex-wt/d-k6-execution-labels-w73/src/actions/teresaActionManifest.ts
/Users/piotrwisniewski/Developer/codex-wt/d-k6-execution-labels-w73/src/store/openDocumentsStore.ts
/Users/piotrwisniewski/Developer/codex-wt/d-k6-execution-labels-w73/src/services/chatNavigator.ts
/Users/piotrwisniewski/Developer/codex-wt/d-k6-execution-labels-w73/src/types/domain/chatActions.ts
/Users/piotrwisniewski/Developer/codex-wt/d-k6-execution-labels-w73/src/services/chatActionRegistry.ts
/Users/piotrwisniewski/Developer/codex-wt/d-k6-execution-labels-w73/src/services/chatActionHandler.ts
/Users/piotrwisniewski/Developer/codex-wt/d-k6-execution-labels-w73/src/hooks/useChatActions.ts
/Users/piotrwisniewski/Developer/codex-wt/d-k6-execution-labels-w73/src/utils/voiceFunnelTelemetry.ts
/Users/piotrwisniewski/Developer/codex-wt/d-k6-execution-labels-w73/src/hooks/useUniversalVoice.ts
/Users/piotrwisniewski/Developer/codex-wt/d-k6-execution-labels-w73/src/types/aiActions.ts
/Users/piotrwisniewski/Developer/codex-wt/d-k6-execution-labels-w73/src/store/useAIActionsStore.ts
/Users/piotrwisniewski/Developer/codex-wt/d-k6-execution-labels-w73/src/store/useProposalLifecycleStore.ts
/Users/piotrwisniewski/Developer/codex-wt/d-k6-execution-labels-w73/src/types/canvasWorkspace.ts
/Users/piotrwisniewski/Developer/codex-wt/d-k6-execution-labels-w73/src/utils/bargeInToast.ts
/Users/piotrwisniewski/Developer/codex-wt/d-k6-execution-labels-w73/src/utils/chatPersistence.ts
/Users/piotrwisniewski/Developer/codex-wt/d-k6-execution-labels-w73/src/utils/chatSlashCommandPolicy.ts
/Users/piotrwisniewski/Developer/codex-wt/d-k6-execution-labels-w73/src/utils/textCleaning.ts
/Users/piotrwisniewski/Developer/codex-wt/d-k6-execution-labels-w73/src/utils/textDirection.ts
/Users/piotrwisniewski/Developer/codex-wt/d-k6-execution-labels-w73/src/components/Chat/ChatSmartSuggestions.tsx
/Users/piotrwisniewski/Developer/codex-wt/d-k6-execution-labels-w73/src/components/AIChat/chatHeaderControlStyles.ts
/Users/piotrwisniewski/Developer/codex-wt/d-k6-execution-labels-w73/src/components/AIChat/BranchSelector.tsx
/Users/piotrwisniewski/Developer/codex-wt/d-k6-execution-labels-w73/src/components/AIChat/canvasStreamIntentDetector.ts
/Users/piotrwisniewski/Developer/codex-wt/d-k6-execution-labels-w73/src/components/AIChat/chatAttachmentSupport.ts
/Users/piotrwisniewski/Developer/codex-wt/d-k6-execution-labels-w73/src/components/AIChat/chatRecentAttachments.ts
/Users/piotrwisniewski/Developer/codex-wt/d-k6-execution-labels-w73/src/utils/chatSignalsFeedFlag.ts
/Users/piotrwisniewski/Developer/codex-wt/d-k6-execution-labels-w73/src/components/shared/ModuleHub/ActiveFilters.tsx
/Users/piotrwisniewski/Developer/codex-wt/d-k6-execution-labels-w73/src/components/shared/embeddedModuleChatHost.ts
/Users/piotrwisniewski/Developer/codex-wt/d-k6-execution-labels-w73/src/components/shared/ModuleMenu3.tsx
/Users/piotrwisniewski/Developer/codex-wt/d-k6-execution-labels-w73/src/components/shared/ModuleHub/types.ts
/Users/piotrwisniewski/Developer/codex-wt/d-k6-execution-labels-w73/src/components/shared/ModuleHub/DynamicTabs.tsx
/Users/piotrwisniewski/Developer/codex-wt/d-k6-execution-labels-w73/src/components/shared/ModuleHub/StatusDropdown.tsx
/Users/piotrwisniewski/Developer/codex-wt/d-k6-execution-labels-w73/src/components/shared/ModuleHub/ModuleNavBar.tsx
/Users/piotrwisniewski/Developer/codex-wt/d-k6-execution-labels-w73/src/components/shared/PreviewPane/useJedenPanel.ts
/Users/piotrwisniewski/Developer/codex-wt/d-k6-execution-labels-w73/src/components/standard/StandardModuleBar.tsx
/Users/piotrwisniewski/Developer/codex-wt/d-k6-execution-labels-w73/src/contracts/tableSurface/canon.ts
/Users/piotrwisniewski/Developer/codex-wt/d-k6-execution-labels-w73/src/contracts/tableSurface/types.ts
/Users/piotrwisniewski/Developer/codex-wt/d-k6-execution-labels-w73/src/contracts/tableSurface/surfaceRegister.ts
/Users/piotrwisniewski/Developer/codex-wt/d-k6-execution-labels-w73/src/contracts/tableSurface/menuContract.ts
/Users/piotrwisniewski/Developer/codex-wt/d-k6-execution-labels-w73/src/contracts/tableSurface/previewSchema.ts
/Users/piotrwisniewski/Developer/codex-wt/d-k6-execution-labels-w73/src/contracts/tableSurface/rowActionModel.ts
/Users/piotrwisniewski/Developer/codex-wt/d-k6-execution-labels-w73/src/contracts/tableSurface/validators.ts
/Users/piotrwisniewski/Developer/codex-wt/d-k6-execution-labels-w73/src/components/Admin/shared/ColumnSelector.tsx
/Users/piotrwisniewski/Developer/codex-wt/d-k6-execution-labels-w73/src/components/shared/emptyValueCanon.ts
/Users/piotrwisniewski/Developer/codex-wt/d-k6-execution-labels-w73/src/components/shared/RowActionsMenu.tsx
/Users/piotrwisniewski/Developer/codex-wt/d-k6-execution-labels-w73/src/components/shared/ModuleHub/columnWidthCanon.ts
/Users/piotrwisniewski/Developer/codex-wt/d-k6-execution-labels-w73/src/components/shared/ModuleHub/tableSettingsLocks.ts
/Users/piotrwisniewski/Developer/codex-wt/d-k6-execution-labels-w73/src/components/shared/ModuleHub/TableSettingsPopover.tsx
/Users/piotrwisniewski/Developer/codex-wt/d-k6-execution-labels-w73/src/components/shared/ModuleHub/FilterableTable.tsx
/Users/piotrwisniewski/Developer/codex-wt/d-k6-execution-labels-w73/src/components/standard/StandardTable.tsx
/Users/piotrwisniewski/Developer/codex-wt/d-k6-execution-labels-w73/src/components/shared/PreviewPane/previewStyles.ts
/Users/piotrwisniewski/Developer/codex-wt/d-k6-execution-labels-w73/src/components/shared/PreviewPane/previewGeometry.ts
/Users/piotrwisniewski/Developer/codex-wt/d-k6-execution-labels-w73/src/components/ui/ResizableTable/PreviewPaneShell.tsx
/Users/piotrwisniewski/Developer/codex-wt/d-k6-execution-labels-w73/src/components/shared/TableWithPreviewLayout.tsx
/Users/piotrwisniewski/Developer/codex-wt/d-k6-execution-labels-w73/src/components/shared/PreviewPane/businessDisplayLabel.ts
/Users/piotrwisniewski/Developer/codex-wt/d-k6-execution-labels-w73/src/components/shared/PreviewPane/PreviewActionBar.tsx
/Users/piotrwisniewski/Developer/codex-wt/d-k6-execution-labels-w73/src/components/shared/PreviewPane/PreviewActionButton.tsx
/Users/piotrwisniewski/Developer/codex-wt/d-k6-execution-labels-w73/src/components/shared/PreviewPane/PreviewActivityStrip.tsx
/Users/piotrwisniewski/Developer/codex-wt/d-k6-execution-labels-w73/src/components/shared/PreviewPane/PreviewAIBrief.tsx
/Users/piotrwisniewski/Developer/codex-wt/d-k6-execution-labels-w73/src/components/shared/PreviewPane/PreviewAIHintStrip.tsx
/Users/piotrwisniewski/Developer/codex-wt/d-k6-execution-labels-w73/src/components/shared/PreviewPane/PreviewBatchPanel.tsx
/Users/piotrwisniewski/Developer/codex-wt/d-k6-execution-labels-w73/src/components/shared/PreviewPane/PreviewCompletenessRing.tsx
/Users/piotrwisniewski/Developer/codex-wt/d-k6-execution-labels-w73/src/components/shared/PreviewPane/PreviewDetailsSection.tsx
/Users/piotrwisniewski/Developer/codex-wt/d-k6-execution-labels-w73/src/components/shared/PreviewPane/PreviewMetaCard.tsx
/Users/piotrwisniewski/Developer/codex-wt/d-k6-execution-labels-w73/src/components/shared/PreviewPane/PreviewPaneAside.tsx
/Users/piotrwisniewski/Developer/codex-wt/d-k6-execution-labels-w73/src/components/shared/PreviewPane/PreviewRelations.tsx
/Users/piotrwisniewski/Developer/codex-wt/d-k6-execution-labels-w73/src/components/shared/PreviewPane/PreviewStructuredList.tsx
/Users/piotrwisniewski/Developer/codex-wt/d-k6-execution-labels-w73/src/components/shared/PreviewPane/PreviewWhatsNextCard.tsx
/Users/piotrwisniewski/Developer/codex-wt/d-k6-execution-labels-w73/src/components/shared/PreviewPane/index.ts
/Users/piotrwisniewski/Developer/codex-wt/d-k6-execution-labels-w73/src/components/standard/ArtifactPropertiesTable.tsx
/Users/piotrwisniewski/Developer/codex-wt/d-k6-execution-labels-w73/src/components/standard/StandardPreview.tsx
/Users/piotrwisniewski/Developer/codex-wt/d-k6-execution-labels-w73/src/components/AIChat/signalsFeed/signalTypes.ts
/Users/piotrwisniewski/Developer/codex-wt/d-k6-execution-labels-w73/src/components/AIChat/signalsFeed/signalDestination.ts
/Users/piotrwisniewski/Developer/codex-wt/d-k6-execution-labels-w73/src/components/AIChat/signalsFeed/signalPresentation.ts
/Users/piotrwisniewski/Developer/codex-wt/d-k6-execution-labels-w73/src/components/AIChat/signalsFeed/ChatSignalsFeedPreview.tsx
/Users/piotrwisniewski/Developer/codex-wt/d-k6-execution-labels-w73/src/components/AIChat/signalsFeed/useSignalsFeed.ts
/Users/piotrwisniewski/Developer/codex-wt/d-k6-execution-labels-w73/src/components/AIChat/signalsFeed/ChatSignalsFeed.tsx
/Users/piotrwisniewski/Developer/codex-wt/d-k6-execution-labels-w73/src/components/AIChat/ChatSignalsPanel.tsx
/Users/piotrwisniewski/Developer/codex-wt/d-k6-execution-labels-w73/src/store/useChatProjectStore.ts
/Users/piotrwisniewski/Developer/codex-wt/d-k6-execution-labels-w73/src/components/ui/composed/EmptyState.tsx
/Users/piotrwisniewski/Developer/codex-wt/d-k6-execution-labels-w73/src/components/AIChat/chatHistoryVisibility.ts
/Users/piotrwisniewski/Developer/codex-wt/d-k6-execution-labels-w73/src/components/AIChat/MoveToProjectModal.tsx
/Users/piotrwisniewski/Developer/codex-wt/d-k6-execution-labels-w73/src/components/AIChat/ConversationActions.tsx
/Users/piotrwisniewski/Developer/codex-wt/d-k6-execution-labels-w73/src/components/AIChat/ConversationItem.tsx
/Users/piotrwisniewski/Developer/codex-wt/d-k6-execution-labels-w73/src/components/AIChat/ConversationList.tsx
/Users/piotrwisniewski/Developer/codex-wt/d-k6-execution-labels-w73/src/components/AIChat/ConversationSearch.tsx
/Users/piotrwisniewski/Developer/codex-wt/d-k6-execution-labels-w73/src/components/AIChat/ProjectMembersModal.tsx
/Users/piotrwisniewski/Developer/Consultify/node_modules/@socket.io/component-emitter/lib/cjs/index.d.ts
/Users/piotrwisniewski/Developer/Consultify/node_modules/engine.io-parser/build/esm/commons.d.ts
/Users/piotrwisniewski/Developer/Consultify/node_modules/engine.io-parser/build/esm/encodePacket.d.ts
/Users/piotrwisniewski/Developer/Consultify/node_modules/engine.io-parser/build/esm/decodePacket.d.ts
/Users/piotrwisniewski/Developer/Consultify/node_modules/engine.io-parser/build/esm/index.d.ts
/Users/piotrwisniewski/Developer/Consultify/node_modules/engine.io-client/build/esm/transport.d.ts
/Users/piotrwisniewski/Developer/Consultify/node_modules/engine.io-client/build/esm/globals.node.d.ts
/Users/piotrwisniewski/Developer/Consultify/node_modules/engine.io-client/build/esm/socket.d.ts
/Users/piotrwisniewski/Developer/Consultify/node_modules/engine.io-client/build/esm/transports/polling.d.ts
/Users/piotrwisniewski/Developer/Consultify/node_modules/engine.io-client/build/esm/transports/polling-xhr.d.ts
/Users/piotrwisniewski/Developer/Consultify/node_modules/engine.io-client/build/esm/transports/polling-xhr.node.d.ts
/Users/piotrwisniewski/Developer/Consultify/node_modules/engine.io-client/build/esm/transports/websocket.d.ts
/Users/piotrwisniewski/Developer/Consultify/node_modules/engine.io-client/build/esm/transports/websocket.node.d.ts
/Users/piotrwisniewski/Developer/Consultify/node_modules/engine.io-client/build/esm/transports/webtransport.d.ts
/Users/piotrwisniewski/Developer/Consultify/node_modules/engine.io-client/build/esm/transports/index.d.ts
/Users/piotrwisniewski/Developer/Consultify/node_modules/engine.io-client/build/esm/util.d.ts
/Users/piotrwisniewski/Developer/Consultify/node_modules/engine.io-client/build/esm/contrib/parseuri.d.ts
/Users/piotrwisniewski/Developer/Consultify/node_modules/engine.io-client/build/esm/transports/polling-fetch.d.ts
/Users/piotrwisniewski/Developer/Consultify/node_modules/engine.io-client/build/esm/index.d.ts
/Users/piotrwisniewski/Developer/Consultify/node_modules/socket.io-parser/build/esm/index.d.ts
/Users/piotrwisniewski/Developer/Consultify/node_modules/socket.io-client/build/esm/socket.d.ts
/Users/piotrwisniewski/Developer/Consultify/node_modules/socket.io-client/build/esm/manager.d.ts
/Users/piotrwisniewski/Developer/Consultify/node_modules/socket.io-client/build/esm/index.d.ts
/Users/piotrwisniewski/Developer/codex-wt/d-k6-execution-labels-w73/src/components/AIChat/useChatProjectsRealtime.ts
/Users/piotrwisniewski/Developer/codex-wt/d-k6-execution-labels-w73/src/components/AIChat/ChatHistorySidebar.tsx
/Users/piotrwisniewski/Developer/codex-wt/d-k6-execution-labels-w73/src/components/AIChat/ChatSlidingPanel.tsx
/Users/piotrwisniewski/Developer/codex-wt/d-k6-execution-labels-w73/src/components/AIChat/ContextBadge.tsx
/Users/piotrwisniewski/Developer/codex-wt/d-k6-execution-labels-w73/src/components/AIChat/czatWidocznosc.ts
/Users/piotrwisniewski/Developer/codex-wt/d-k6-execution-labels-w73/src/components/AIChat/documentIntentDetector.ts
/Users/piotrwisniewski/Developer/codex-wt/d-k6-execution-labels-w73/src/hooks/useCloudIntegrations.ts
/Users/piotrwisniewski/Developer/codex-wt/d-k6-execution-labels-w73/src/components/AIChat/AddFilesMenu.tsx
/Users/piotrwisniewski/Developer/codex-wt/d-k6-execution-labels-w73/src/components/AIChat/CloudFilePicker.tsx
/Users/piotrwisniewski/Developer/codex-wt/d-k6-execution-labels-w73/src/components/AIChat/composer/CommandPalette.tsx
/Users/piotrwisniewski/Developer/codex-wt/d-k6-execution-labels-w73/src/components/AIChat/composer/composerMentions.ts
/Users/piotrwisniewski/Developer/codex-wt/d-k6-execution-labels-w73/src/components/AIChat/composer/slashCommands.ts
/Users/piotrwisniewski/Developer/codex-wt/d-k6-execution-labels-w73/src/components/AIChat/composer/useComposerCommands.ts
/Users/piotrwisniewski/Developer/codex-wt/d-k6-execution-labels-w73/src/utils/knowledgeLanguage.ts
/Users/piotrwisniewski/Developer/codex-wt/d-k6-execution-labels-w73/src/hooks/useKnowledge.ts
/Users/piotrwisniewski/Developer/codex-wt/d-k6-execution-labels-w73/src/components/AIChat/composer/useMentionSources.ts
/Users/piotrwisniewski/Developer/codex-wt/d-k6-execution-labels-w73/src/components/AIChat/CoThinkerMenu.tsx
/Users/piotrwisniewski/Developer/codex-wt/d-k6-execution-labels-w73/src/components/AIChat/InputCharCounter.tsx
/Users/piotrwisniewski/Developer/codex-wt/d-k6-execution-labels-w73/src/components/AIChat/InputSoftLimitToast.tsx
/Users/piotrwisniewski/Developer/codex-wt/d-k6-execution-labels-w73/src/components/AIChat/NextModelChip.tsx
/Users/piotrwisniewski/Developer/codex-wt/d-k6-execution-labels-w73/src/components/AIChat/ToolsMenu.tsx
/Users/piotrwisniewski/Developer/codex-wt/d-k6-execution-labels-w73/src/utils/buildVoiceLegendCopyText.ts
/Users/piotrwisniewski/Developer/codex-wt/d-k6-execution-labels-w73/src/components/AIChat/VoiceModeLegend.tsx
/Users/piotrwisniewski/Developer/codex-wt/d-k6-execution-labels-w73/src/components/AIChat/EnhancedChatInput.tsx
/Users/piotrwisniewski/Developer/codex-wt/d-k6-execution-labels-w73/src/hooks/usePermissions.ts
/Users/piotrwisniewski/Developer/codex-wt/d-k6-execution-labels-w73/src/components/AIChat/AiProviderErrorNotice.tsx
/Users/piotrwisniewski/Developer/codex-wt/d-k6-execution-labels-w73/src/components/AIChat/ArtifactBadge.tsx
/Users/piotrwisniewski/Developer/codex-wt/d-k6-execution-labels-w73/src/components/AIChat/ArtifactChip.tsx
/Users/piotrwisniewski/Developer/codex-wt/d-k6-execution-labels-w73/src/components/AIChat/canvasEmissionHeuristic.ts
/Users/piotrwisniewski/Developer/codex-wt/d-k6-execution-labels-w73/src/components/CaseWorkspace/types.ts
/Users/piotrwisniewski/Developer/codex-wt/d-k6-execution-labels-w73/src/components/CaseWorkspace/api.ts
/Users/piotrwisniewski/Developer/codex-wt/d-k6-execution-labels-w73/src/components/CaseWorkspace/apiIntake.ts
/Users/piotrwisniewski/Developer/codex-wt/d-k6-execution-labels-w73/src/components/AIChat/CaseIntakeConfirmCard.tsx
/Users/piotrwisniewski/Developer/codex-wt/d-k6-execution-labels-w73/src/components/AIChat/ChatCodeBlock.tsx
/Users/piotrwisniewski/Developer/codex-wt/d-k6-execution-labels-w73/src/components/AIChat/ChatTableProposalCard.tsx
/Users/piotrwisniewski/Developer/codex-wt/d-k6-execution-labels-w73/src/components/AIChat/CitationList.tsx
/Users/piotrwisniewski/Developer/codex-wt/d-k6-execution-labels-w73/src/components/AIChat/TrustPanel.tsx
/Users/piotrwisniewski/Developer/codex-wt/d-k6-execution-labels-w73/src/components/AIChat/ExecutionProposalMessage.tsx
/Users/piotrwisniewski/Developer/codex-wt/d-k6-execution-labels-w73/src/components/AIChat/GovernedChatHandoffCard.tsx
/Users/piotrwisniewski/Developer/codex-wt/d-k6-execution-labels-w73/src/components/AIChat/GovernedInitiativeHandoffCard.tsx
/Users/piotrwisniewski/Developer/codex-wt/d-k6-execution-labels-w73/src/services/memoryService.ts
/Users/piotrwisniewski/Developer/codex-wt/d-k6-execution-labels-w73/src/services/feedbackLearningService.ts
/Users/piotrwisniewski/Developer/codex-wt/d-k6-execution-labels-w73/src/components/AIChat/InlineResponseFeedback.tsx
/Users/piotrwisniewski/Developer/codex-wt/d-k6-execution-labels-w73/src/components/AIChat/Messages/InlineThinkingStream.tsx
/Users/piotrwisniewski/Developer/codex-wt/d-k6-execution-labels-w73/src/components/AIChat/Messages/ReasoningTrace.tsx
/Users/piotrwisniewski/Developer/codex-wt/d-k6-execution-labels-w73/src/components/AIChat/ResearchProgress.tsx
/Users/piotrwisniewski/Developer/codex-wt/d-k6-execution-labels-w73/src/components/AIChat/SourcesStrip.tsx
/Users/piotrwisniewski/Developer/codex-wt/d-k6-execution-labels-w73/src/components/AIChat/StructuredOutputBlock.tsx
/Users/piotrwisniewski/Developer/codex-wt/d-k6-execution-labels-w73/src/components/AIChat/canvasDocumentProposal.ts
/Users/piotrwisniewski/Developer/codex-wt/d-k6-execution-labels-w73/src/components/AIChat/TeresaDocumentProposalCard.tsx
/Users/piotrwisniewski/Developer/codex-wt/d-k6-execution-labels-w73/src/store/portfolioSlice.ts
/Users/piotrwisniewski/Developer/codex-wt/d-k6-execution-labels-w73/src/components/AIChat/TeresaProposalCard.tsx
/Users/piotrwisniewski/Developer/codex-wt/d-k6-execution-labels-w73/src/components/AIChat/ToolStepList.tsx
/Users/piotrwisniewski/Developer/codex-wt/d-k6-execution-labels-w73/src/utils/buildTrustBadgeCitationsText.ts
/Users/piotrwisniewski/Developer/codex-wt/d-k6-execution-labels-w73/src/utils/buildTrustBadgeReasoning.ts
/Users/piotrwisniewski/Developer/codex-wt/d-k6-execution-labels-w73/src/utils/buildTrustBadgeReasoningText.ts
/Users/piotrwisniewski/Developer/codex-wt/d-k6-execution-labels-w73/src/utils/extractCitationDomain.ts
/Users/piotrwisniewski/Developer/codex-wt/d-k6-execution-labels-w73/src/utils/formatTrustBadgeModelLabel.ts
/Users/piotrwisniewski/Developer/codex-wt/d-k6-execution-labels-w73/src/utils/isSafeCitationLink.ts
/Users/piotrwisniewski/Developer/codex-wt/d-k6-execution-labels-w73/src/components/AIChat/TrustBadge.tsx
/Users/piotrwisniewski/Developer/codex-wt/d-k6-execution-labels-w73/src/components/AIChat/MessageRenderer.tsx
/Users/piotrwisniewski/Developer/codex-wt/d-k6-execution-labels-w73/src/components/AIChat/mindmapIntentDetector.ts
/Users/piotrwisniewski/Developer/codex-wt/d-k6-execution-labels-w73/src/components/AIChat/OutputToolSelector.tsx
/Users/piotrwisniewski/Developer/codex-wt/d-k6-execution-labels-w73/src/components/AIChat/PrivateModeDetails.tsx
/Users/piotrwisniewski/Developer/codex-wt/d-k6-execution-labels-w73/src/components/AIChat/processFlowIntentDetector.ts
/Users/piotrwisniewski/Developer/codex-wt/d-k6-execution-labels-w73/src/components/AIChat/tableIntentDetector.ts
/Users/piotrwisniewski/Developer/codex-wt/d-k6-execution-labels-w73/src/hooks/useTTSPlayer.ts
/Users/piotrwisniewski/Developer/codex-wt/d-k6-execution-labels-w73/src/components/AIChat/TeresaTTSPlayer.tsx
/Users/piotrwisniewski/Developer/codex-wt/d-k6-execution-labels-w73/src/components/AIChat/teresaWelcome.ts
/Users/piotrwisniewski/Developer/codex-wt/d-k6-execution-labels-w73/src/types/materials.ts
/Users/piotrwisniewski/Developer/codex-wt/d-k6-execution-labels-w73/src/components/ReportsAndPresentations/materialFileFormat.ts
/Users/piotrwisniewski/Developer/codex-wt/d-k6-execution-labels-w73/src/components/ReportsAndPresentations/types.ts
/Users/piotrwisniewski/Developer/codex-wt/d-k6-execution-labels-w73/src/components/ReportsAndPresentations/TrustStatePreviewSection.tsx
/Users/piotrwisniewski/Developer/codex-wt/d-k6-execution-labels-w73/src/components/ReportsAndPresentations/useTrustState.ts
/Users/piotrwisniewski/Developer/codex-wt/d-k6-execution-labels-w73/src/services/api/artifactRuns.ts
/Users/piotrwisniewski/Developer/codex-wt/d-k6-execution-labels-w73/src/hooks/useV8ArtifactRuns.ts
/Users/piotrwisniewski/Developer/codex-wt/d-k6-execution-labels-w73/src/hooks/useV8Chat.ts
/Users/piotrwisniewski/Developer/codex-wt/d-k6-execution-labels-w73/src/services/api/v8Execution.ts
/Users/piotrwisniewski/Developer/codex-wt/d-k6-execution-labels-w73/src/hooks/useV8Execution.ts
/Users/piotrwisniewski/Developer/codex-wt/d-k6-execution-labels-w73/src/hooks/useV8Gate.ts
/Users/piotrwisniewski/Developer/codex-wt/d-k6-execution-labels-w73/src/components/AIChat/V8ArtifactRunControl.tsx
/Users/piotrwisniewski/Developer/codex-wt/d-k6-execution-labels-w73/src/hooks/useV8Retrieval.ts
/Users/piotrwisniewski/Developer/codex-wt/d-k6-execution-labels-w73/src/components/AIChat/V8ContextIndicator.tsx
/Users/piotrwisniewski/Developer/codex-wt/d-k6-execution-labels-w73/src/components/AIChat/whiteboardIntentDetector.ts
/Users/piotrwisniewski/Developer/Consultify/node_modules/orderedmap/dist/index.d.ts
/Users/piotrwisniewski/Developer/Consultify/node_modules/prosemirror-model/dist/index.d.ts
/Users/piotrwisniewski/Developer/Consultify/node_modules/prosemirror-transform/dist/index.d.ts
/Users/piotrwisniewski/Developer/Consultify/node_modules/prosemirror-view/dist/index.d.ts
/Users/piotrwisniewski/Developer/Consultify/node_modules/prosemirror-state/dist/index.d.ts
/Users/piotrwisniewski/Developer/Consultify/node_modules/@tiptap/pm/dist/state/index.d.ts
/Users/piotrwisniewski/Developer/Consultify/node_modules/@tiptap/pm/dist/model/index.d.ts
/Users/piotrwisniewski/Developer/Consultify/node_modules/@tiptap/pm/dist/view/index.d.ts
/Users/piotrwisniewski/Developer/Consultify/node_modules/@tiptap/pm/dist/transform/index.d.ts
/Users/piotrwisniewski/Developer/Consultify/node_modules/@tiptap/core/dist/index.d.ts
/Users/piotrwisniewski/Developer/Consultify/node_modules/@tiptap/react/dist/index.d.ts
/Users/piotrwisniewski/Developer/codex-wt/d-k6-execution-labels-w73/src/components/AIChat/WorkCanvas/types.ts
/Users/piotrwisniewski/Developer/codex-wt/d-k6-execution-labels-w73/src/services/api/workCanvas.ts
/Users/piotrwisniewski/Developer/codex-wt/d-k6-execution-labels-w73/src/utils/canvas/canvasActionAvailability.ts
/Users/piotrwisniewski/Developer/codex-wt/d-k6-execution-labels-w73/src/utils/canvas/canvasArtifactBlocks.ts
/Users/piotrwisniewski/Developer/codex-wt/d-k6-execution-labels-w73/src/utils/canvas/canvasDraftAdapter.ts
/Users/piotrwisniewski/Developer/codex-wt/d-k6-execution-labels-w73/src/utils/canvas/workCanvasActionErrorMessage.ts
/Users/piotrwisniewski/Developer/codex-wt/d-k6-execution-labels-w73/src/utils/canvasDevDiagnosticsFlag.ts
/Users/piotrwisniewski/Developer/codex-wt/d-k6-execution-labels-w73/src/utils/canvasNewDocOptionsFlag.ts
/Users/piotrwisniewski/Developer/codex-wt/d-k6-execution-labels-w73/src/components/AIChat/CanvasMarkdownRenderer.tsx
/Users/piotrwisniewski/Developer/Consultify/node_modules/vega-typings/types/spec/autosize.d.ts
/Users/piotrwisniewski/Developer/Consultify/node_modules/vega-typings/types/spec/color.d.ts
/Users/piotrwisniewski/Developer/Consultify/node_modules/vega-typings/types/spec/values.d.ts
/Users/piotrwisniewski/Developer/Consultify/node_modules/vega-typings/types/spec/title.d.ts
/Users/piotrwisniewski/Developer/Consultify/node_modules/vega-typings/types/spec/encode.d.ts
/Users/piotrwisniewski/Developer/Consultify/node_modules/vega-typings/types/spec/scheme.d.ts
/Users/piotrwisniewski/Developer/Consultify/node_modules/vega-typings/types/spec/scale.d.ts
/Users/piotrwisniewski/Developer/Consultify/node_modules/vega-typings/types/spec/axis.d.ts
/Users/piotrwisniewski/Developer/Consultify/node_modules/vega-typings/types/spec/data.d.ts
/Users/piotrwisniewski/Developer/Consultify/node_modules/vega-typings/types/spec/layout.d.ts
/Users/piotrwisniewski/Developer/Consultify/node_modules/vega-typings/types/spec/legend.d.ts
/Users/piotrwisniewski/Developer/Consultify/node_modules/vega-typings/types/spec/locale.d.ts
/Users/piotrwisniewski/Developer/Consultify/node_modules/vega-typings/types/spec/projection.d.ts
/Users/piotrwisniewski/Developer/Consultify/node_modules/vega-typings/types/spec/signal.d.ts
/Users/piotrwisniewski/Developer/Consultify/node_modules/vega-typings/types/spec/config.d.ts
/Users/piotrwisniewski/Developer/Consultify/node_modules/vega-typings/types/spec/padding.d.ts
/Users/piotrwisniewski/Developer/Consultify/node_modules/vega-typings/types/spec/scope.d.ts
/Users/piotrwisniewski/Developer/Consultify/node_modules/vega-typings/types/spec/bind.d.ts
/Users/piotrwisniewski/Developer/Consultify/node_modules/vega-typings/types/spec/expr.d.ts
/Users/piotrwisniewski/Developer/Consultify/node_modules/vega-typings/types/spec/mark.d.ts
/Users/piotrwisniewski/Developer/Consultify/node_modules/vega-typings/types/spec/marktype.d.ts
/Users/piotrwisniewski/Developer/Consultify/node_modules/vega-typings/types/spec/on-events.d.ts
/Users/piotrwisniewski/Developer/Consultify/node_modules/vega-typings/types/spec/on-trigger.d.ts
/Users/piotrwisniewski/Developer/Consultify/node_modules/vega-typings/types/spec/selector.d.ts
/Users/piotrwisniewski/Developer/Consultify/node_modules/vega-typings/types/spec/stream.d.ts
/Users/piotrwisniewski/Developer/Consultify/node_modules/vega-typings/types/spec/transform.d.ts
/Users/piotrwisniewski/Developer/Consultify/node_modules/vega-typings/types/spec/util.d.ts
/Users/piotrwisniewski/Developer/Consultify/node_modules/vega-typings/types/spec/index.d.ts
/Users/piotrwisniewski/Developer/Consultify/node_modules/vega-util/build/accessor.d.ts
/Users/piotrwisniewski/Developer/Consultify/node_modules/vega-util/build/accessors.d.ts
/Users/piotrwisniewski/Developer/Consultify/node_modules/vega-util/build/interpreter.d.ts
/Users/piotrwisniewski/Developer/Consultify/node_modules/vega-util/build/logger.d.ts
/Users/piotrwisniewski/Developer/Consultify/node_modules/vega-util/build/mergeConfig.d.ts
/Users/piotrwisniewski/Developer/Consultify/node_modules/vega-util/build/transform.d.ts
/Users/piotrwisniewski/Developer/Consultify/node_modules/vega-util/build/quarter.d.ts
/Users/piotrwisniewski/Developer/Consultify/node_modules/vega-util/build/array.d.ts
/Users/piotrwisniewski/Developer/Consultify/node_modules/vega-util/build/clampRange.d.ts
/Users/piotrwisniewski/Developer/Consultify/node_modules/vega-util/build/field.d.ts
/Users/piotrwisniewski/Developer/Consultify/node_modules/vega-util/build/compare.d.ts
/Users/piotrwisniewski/Developer/Consultify/node_modules/vega-util/build/constant.d.ts
/Users/piotrwisniewski/Developer/Consultify/node_modules/vega-util/build/debounce.d.ts
/Users/piotrwisniewski/Developer/Consultify/node_modules/vega-util/build/error.d.ts
/Users/piotrwisniewski/Developer/Consultify/node_modules/vega-util/build/extend.d.ts
/Users/piotrwisniewski/Developer/Consultify/node_modules/vega-util/build/extent.d.ts
/Users/piotrwisniewski/Developer/Consultify/node_modules/vega-util/build/extentIndex.d.ts
/Users/piotrwisniewski/Developer/Consultify/node_modules/vega-util/build/fastmap.d.ts
/Users/piotrwisniewski/Developer/Consultify/node_modules/vega-util/build/flush.d.ts
/Users/piotrwisniewski/Developer/Consultify/node_modules/vega-util/build/hasOwnProperty.d.ts
/Users/piotrwisniewski/Developer/Consultify/node_modules/vega-util/build/inherits.d.ts
/Users/piotrwisniewski/Developer/Consultify/node_modules/vega-util/build/inrange.d.ts
/Users/piotrwisniewski/Developer/Consultify/node_modules/vega-util/build/isArray.d.ts
/Users/piotrwisniewski/Developer/Consultify/node_modules/vega-util/build/isBoolean.d.ts
/Users/piotrwisniewski/Developer/Consultify/node_modules/vega-util/build/isDate.d.ts
/Users/piotrwisniewski/Developer/Consultify/node_modules/vega-util/build/isFunction.d.ts
/Users/piotrwisniewski/Developer/Consultify/node_modules/vega-util/build/isIterable.d.ts
/Users/piotrwisniewski/Developer/Consultify/node_modules/vega-util/build/isNumber.d.ts
/Users/piotrwisniewski/Developer/Consultify/node_modules/vega-util/build/isObject.d.ts
/Users/piotrwisniewski/Developer/Consultify/node_modules/vega-util/build/isRegExp.d.ts
/Users/piotrwisniewski/Developer/Consultify/node_modules/vega-util/build/isString.d.ts
/Users/piotrwisniewski/Developer/Consultify/node_modules/vega-util/build/key.d.ts
/Users/piotrwisniewski/Developer/Consultify/node_modules/vega-util/build/lerp.d.ts
/Users/piotrwisniewski/Developer/Consultify/node_modules/vega-util/build/lruCache.d.ts
/Users/piotrwisniewski/Developer/Consultify/node_modules/vega-util/build/merge.d.ts
/Users/piotrwisniewski/Developer/Consultify/node_modules/vega-util/build/pad.d.ts
/Users/piotrwisniewski/Developer/Consultify/node_modules/vega-util/build/peek.d.ts
/Users/piotrwisniewski/Developer/Consultify/node_modules/vega-util/build/repeat.d.ts
/Users/piotrwisniewski/Developer/Consultify/node_modules/vega-util/build/span.d.ts
/Users/piotrwisniewski/Developer/Consultify/node_modules/vega-util/build/splitAccessPath.d.ts
/Users/piotrwisniewski/Developer/Consultify/node_modules/vega-util/build/stringValue.d.ts
/Users/piotrwisniewski/Developer/Consultify/node_modules/vega-util/build/toBoolean.d.ts
/Users/piotrwisniewski/Developer/Consultify/node_modules/vega-util/build/toDate.d.ts
/Users/piotrwisniewski/Developer/Consultify/node_modules/vega-util/build/toNumber.d.ts
/Users/piotrwisniewski/Developer/Consultify/node_modules/vega-util/build/toString.d.ts
/Users/piotrwisniewski/Developer/Consultify/node_modules/vega-util/build/toSet.d.ts
/Users/piotrwisniewski/Developer/Consultify/node_modules/vega-util/build/truncate.d.ts
/Users/piotrwisniewski/Developer/Consultify/node_modules/vega-util/build/visitArray.d.ts
/Users/piotrwisniewski/Developer/Consultify/node_modules/vega-util/build/index.d.ts
/Users/piotrwisniewski/Developer/Consultify/node_modules/vega-typings/types/runtime/dataflow.d.ts
/Users/piotrwisniewski/Developer/Consultify/node_modules/vega-typings/types/runtime/renderer.d.ts
/Users/piotrwisniewski/Developer/Consultify/node_modules/vega-typings/types/runtime/scene.d.ts
/Users/piotrwisniewski/Developer/Consultify/node_modules/vega-typings/types/runtime/runtime.d.ts
/Users/piotrwisniewski/Developer/Consultify/node_modules/vega-event-selector/index.d.ts
/Users/piotrwisniewski/Developer/Consultify/node_modules/@types/estree/index.d.ts
/Users/piotrwisniewski/Developer/Consultify/node_modules/vega-expression/index.d.ts
/Users/piotrwisniewski/Developer/Consultify/node_modules/vega-typings/types/runtime/index.d.ts
/Users/piotrwisniewski/Developer/Consultify/node_modules/vega-typings/types/index.d.ts
/Users/piotrwisniewski/Developer/Consultify/node_modules/vega/index.d.ts
/Users/piotrwisniewski/Developer/Consultify/node_modules/vega-interpreter/index.d.ts
/Users/piotrwisniewski/Developer/Consultify/node_modules/vega-lite/build/aggregate.d.ts
/Users/piotrwisniewski/Developer/Consultify/node_modules/vega-lite/build/datetime.d.ts
/Users/piotrwisniewski/Developer/Consultify/node_modules/vega-lite/build/logical.d.ts
/Users/piotrwisniewski/Developer/Consultify/node_modules/vega-lite/build/util.d.ts
/Users/piotrwisniewski/Developer/Consultify/node_modules/vega-lite/build/sort.d.ts
/Users/piotrwisniewski/Developer/Consultify/node_modules/vega-lite/build/vega.schema.d.ts
/Users/piotrwisniewski/Developer/Consultify/node_modules/vega-lite/build/expr.d.ts
/Users/piotrwisniewski/Developer/Consultify/node_modules/vega-lite/build/legend.d.ts
/Users/piotrwisniewski/Developer/Consultify/node_modules/vega-lite/build/guide.d.ts
/Users/piotrwisniewski/Developer/Consultify/node_modules/vega-lite/build/axis.d.ts
/Users/piotrwisniewski/Developer/Consultify/node_modules/vega-lite/build/header.d.ts
/Users/piotrwisniewski/Developer/Consultify/node_modules/vega-lite/build/projection.d.ts
/Users/piotrwisniewski/Developer/Consultify/node_modules/vega-lite/build/invalid.d.ts
/Users/piotrwisniewski/Developer/Consultify/node_modules/vega-lite/build/parameter.d.ts
/Users/piotrwisniewski/Developer/Consultify/node_modules/vega-lite/build/selection.d.ts
/Users/piotrwisniewski/Developer/Consultify/node_modules/vega-lite/build/type.d.ts
/Users/piotrwisniewski/Developer/Consultify/node_modules/vega-lite/build/scale.d.ts
/Users/piotrwisniewski/Developer/Consultify/node_modules/vega-lite/build/spec/concat.d.ts
/Users/piotrwisniewski/Developer/Consultify/node_modules/vega-lite/build/data.d.ts
/Users/piotrwisniewski/Developer/Consultify/node_modules/vega-lite/build/spec/toplevel.d.ts
/Users/piotrwisniewski/Developer/Consultify/node_modules/vega-lite/build/spec/unit.d.ts
/Users/piotrwisniewski/Developer/Consultify/node_modules/vega-lite/build/spec/layer.d.ts
/Users/piotrwisniewski/Developer/Consultify/node_modules/vega-lite/build/spec/facet.d.ts
/Users/piotrwisniewski/Developer/Consultify/node_modules/vega-lite/build/spec/repeat.d.ts
/Users/piotrwisniewski/Developer/Consultify/node_modules/vega-lite/build/spec/index.d.ts
/Users/piotrwisniewski/Developer/Consultify/node_modules/vega-lite/build/resolve.d.ts
/Users/piotrwisniewski/Developer/Consultify/node_modules/vega-lite/build/title.d.ts
/Users/piotrwisniewski/Developer/Consultify/node_modules/vega-lite/build/impute.d.ts
/Users/piotrwisniewski/Developer/Consultify/node_modules/vega-lite/build/timeunit.d.ts
/Users/piotrwisniewski/Developer/Consultify/node_modules/vega-lite/build/predicate.d.ts
/Users/piotrwisniewski/Developer/Consultify/node_modules/vega-lite/build/transform.d.ts
/Users/piotrwisniewski/Developer/Consultify/node_modules/vega-lite/build/spec/base.d.ts
/Users/piotrwisniewski/Developer/Consultify/node_modules/vega-lite/build/config.d.ts
/Users/piotrwisniewski/Developer/Consultify/node_modules/vega-lite/build/encoding.d.ts
/Users/piotrwisniewski/Developer/Consultify/node_modules/vega-lite/build/normalize/repeater.d.ts
/Users/piotrwisniewski/Developer/Consultify/node_modules/vega-lite/build/normalize/base.d.ts
/Users/piotrwisniewski/Developer/Consultify/node_modules/vega-lite/build/normalize/index.d.ts
/Users/piotrwisniewski/Developer/Consultify/node_modules/vega-lite/build/compositemark/base.d.ts
/Users/piotrwisniewski/Developer/Consultify/node_modules/vega-lite/build/compositemark/common.d.ts
/Users/piotrwisniewski/Developer/Consultify/node_modules/vega-lite/build/compositemark/boxplot.d.ts
/Users/piotrwisniewski/Developer/Consultify/node_modules/vega-lite/build/compositemark/errorbar.d.ts
/Users/piotrwisniewski/Developer/Consultify/node_modules/vega-lite/build/compositemark/errorband.d.ts
/Users/piotrwisniewski/Developer/Consultify/node_modules/vega-lite/build/compositemark/index.d.ts
/Users/piotrwisniewski/Developer/Consultify/node_modules/vega-lite/build/mark.d.ts
/Users/piotrwisniewski/Developer/Consultify/node_modules/vega-lite/build/compile/scale/type.d.ts
/Users/piotrwisniewski/Developer/Consultify/node_modules/vega-lite/build/channel.d.ts
/Users/piotrwisniewski/Developer/Consultify/node_modules/vega-lite/build/bin.d.ts
/Users/piotrwisniewski/Developer/Consultify/node_modules/vega-lite/build/stack.d.ts
/Users/piotrwisniewski/Developer/Consultify/node_modules/vega-lite/build/channeldef.d.ts
/Users/piotrwisniewski/Developer/Consultify/node_modules/vega-lite/build/compile/compile.d.ts
/Users/piotrwisniewski/Developer/Consultify/node_modules/vega-lite/build/index.d.ts
/Users/piotrwisniewski/Developer/Consultify/node_modules/vega-themes/build/config.d.ts
/Users/piotrwisniewski/Developer/Consultify/node_modules/vega-themes/build/theme-dark.d.ts
/Users/piotrwisniewski/Developer/Consultify/node_modules/vega-themes/build/theme-excel.d.ts
/Users/piotrwisniewski/Developer/Consultify/node_modules/vega-themes/build/theme-fivethirtyeight.d.ts
/Users/piotrwisniewski/Developer/Consultify/node_modules/vega-themes/build/theme-ggplot2.d.ts
/Users/piotrwisniewski/Developer/Consultify/node_modules/vega-themes/build/theme-latimes.d.ts
/Users/piotrwisniewski/Developer/Consultify/node_modules/vega-themes/build/theme-quartz.d.ts
/Users/piotrwisniewski/Developer/Consultify/node_modules/vega-themes/build/theme-vox.d.ts
/Users/piotrwisniewski/Developer/Consultify/node_modules/vega-themes/build/theme-urbaninstitute.d.ts
/Users/piotrwisniewski/Developer/Consultify/node_modules/vega-themes/build/theme-googlecharts.d.ts
/Users/piotrwisniewski/Developer/Consultify/node_modules/vega-themes/build/theme-powerbi.d.ts
/Users/piotrwisniewski/Developer/Consultify/node_modules/vega-themes/build/theme-carbonwhite.d.ts
/Users/piotrwisniewski/Developer/Consultify/node_modules/vega-themes/build/theme-carbong10.d.ts
/Users/piotrwisniewski/Developer/Consultify/node_modules/vega-themes/build/theme-carbong90.d.ts
/Users/piotrwisniewski/Developer/Consultify/node_modules/vega-themes/build/theme-carbong100.d.ts
/Users/piotrwisniewski/Developer/Consultify/node_modules/vega-themes/build/index.d.ts
/Users/piotrwisniewski/Developer/Consultify/node_modules/vega-tooltip/build/defaults.d.ts
/Users/piotrwisniewski/Developer/Consultify/node_modules/vega-tooltip/build/Handler.d.ts
/Users/piotrwisniewski/Developer/Consultify/node_modules/vega-tooltip/build/formatValue.d.ts
/Users/piotrwisniewski/Developer/Consultify/node_modules/vega-tooltip/build/position.d.ts
/Users/piotrwisniewski/Developer/Consultify/node_modules/vega-tooltip/build/index.d.ts
/Users/piotrwisniewski/Developer/Consultify/node_modules/vega-embed/build/types.d.ts
/Users/piotrwisniewski/Developer/Consultify/node_modules/vega-embed/build/embed.d.ts
/Users/piotrwisniewski/Developer/codex-wt/d-k6-execution-labels-w73/src/components/AIChat/CanvasArtifactBlockRenderer.tsx
/Users/piotrwisniewski/Developer/codex-wt/d-k6-execution-labels-w73/src/components/AIChat/CanvasArtifactSwitcher.tsx
/Users/piotrwisniewski/Developer/Consultify/node_modules/marked/lib/marked.d.ts
/Users/piotrwisniewski/Developer/Consultify/node_modules/@types/turndown/index.d.ts
/Users/piotrwisniewski/Developer/codex-wt/d-k6-execution-labels-w73/src/components/AIChat/CanvasEditor/canvasMarkdownConversion.ts
/Users/piotrwisniewski/Developer/codex-wt/d-k6-execution-labels-w73/src/components/AIChat/CanvasEditor/CanvasAIFloatingMenu.tsx
/Users/piotrwisniewski/Developer/codex-wt/d-k6-execution-labels-w73/src/components/AIChat/CanvasEditor/canvasDiffOps.ts
/Users/piotrwisniewski/Developer/Consultify/node_modules/@tiptap/extension-highlight/dist/index.d.ts
/Users/piotrwisniewski/Developer/Consultify/node_modules/@tiptap/extension-link/dist/index.d.ts
/Users/piotrwisniewski/Developer/Consultify/node_modules/@tiptap/extensions/dist/index.d.ts
/Users/piotrwisniewski/Developer/Consultify/node_modules/@tiptap/extension-placeholder/dist/index.d.ts
/Users/piotrwisniewski/Developer/Consultify/node_modules/@tiptap/extension-table/dist/index.d.ts
/Users/piotrwisniewski/Developer/Consultify/node_modules/@tiptap/extension-table-cell/dist/index.d.ts
/Users/piotrwisniewski/Developer/Consultify/node_modules/@tiptap/extension-table-header/dist/index.d.ts
/Users/piotrwisniewski/Developer/Consultify/node_modules/@tiptap/extension-table-row/dist/index.d.ts
/Users/piotrwisniewski/Developer/Consultify/node_modules/@tiptap/extension-list/dist/index.d.ts
/Users/piotrwisniewski/Developer/Consultify/node_modules/@tiptap/extension-task-item/dist/index.d.ts
/Users/piotrwisniewski/Developer/Consultify/node_modules/@tiptap/extension-task-list/dist/index.d.ts
/Users/piotrwisniewski/Developer/Consultify/node_modules/@tiptap/extension-text-align/dist/index.d.ts
/Users/piotrwisniewski/Developer/Consultify/node_modules/@tiptap/extension-underline/dist/index.d.ts
/Users/piotrwisniewski/Developer/Consultify/node_modules/@tiptap/extension-blockquote/dist/index.d.ts
/Users/piotrwisniewski/Developer/Consultify/node_modules/@tiptap/extension-bold/dist/index.d.ts
/Users/piotrwisniewski/Developer/Consultify/node_modules/@tiptap/extension-code/dist/index.d.ts
/Users/piotrwisniewski/Developer/Consultify/node_modules/@tiptap/extension-code-block/dist/index.d.ts
/Users/piotrwisniewski/Developer/Consultify/node_modules/@tiptap/extension-hard-break/dist/index.d.ts
/Users/piotrwisniewski/Developer/Consultify/node_modules/@tiptap/extension-heading/dist/index.d.ts
/Users/piotrwisniewski/Developer/Consultify/node_modules/@tiptap/extension-horizontal-rule/dist/index.d.ts
/Users/piotrwisniewski/Developer/Consultify/node_modules/@tiptap/extension-italic/dist/index.d.ts
/Users/piotrwisniewski/Developer/Consultify/node_modules/@tiptap/extension-paragraph/dist/index.d.ts
/Users/piotrwisniewski/Developer/Consultify/node_modules/@tiptap/extension-strike/dist/index.d.ts
/Users/piotrwisniewski/Developer/Consultify/node_modules/@tiptap/starter-kit/dist/index.d.ts
/Users/piotrwisniewski/Developer/Consultify/node_modules/@tiptap/extension-code-block-lowlight/dist/index.d.ts
/Users/piotrwisniewski/Developer/Consultify/node_modules/@tiptap/extension-image/dist/index.d.ts
/Users/piotrwisniewski/Developer/Consultify/node_modules/highlight.js/types/index.d.ts
/Users/piotrwisniewski/Developer/Consultify/node_modules/lowlight/lib/index.d.ts
/Users/piotrwisniewski/Developer/Consultify/node_modules/lowlight/lib/all.d.ts
/Users/piotrwisniewski/Developer/Consultify/node_modules/lowlight/lib/common.d.ts
/Users/piotrwisniewski/Developer/Consultify/node_modules/lowlight/index.d.ts
/Users/piotrwisniewski/Developer/codex-wt/d-k6-execution-labels-w73/src/components/MyWork/notebook/extensions.ts
/Users/piotrwisniewski/Developer/codex-wt/d-k6-execution-labels-w73/src/components/AIChat/CanvasEditor/canvasAIDiffExtensions.ts
/Users/piotrwisniewski/Developer/codex-wt/d-k6-execution-labels-w73/src/components/AIChat/CanvasEditor/canvasEditorExtensions.ts
/Users/piotrwisniewski/Developer/codex-wt/d-k6-execution-labels-w73/src/components/AIChat/CanvasEditor/CanvasEditorToolbar.tsx
/Users/piotrwisniewski/Developer/codex-wt/d-k6-execution-labels-w73/src/components/AIChat/CanvasEditor/canvasProvenanceLog.ts
/Users/piotrwisniewski/Developer/codex-wt/d-k6-execution-labels-w73/src/components/AIChat/CanvasEditor/CanvasRichEditor.tsx
/Users/piotrwisniewski/Developer/codex-wt/d-k6-execution-labels-w73/src/components/AIChat/CanvasEditor/CanvasVersionHistory.tsx
/Users/piotrwisniewski/Developer/codex-wt/d-k6-execution-labels-w73/src/components/AIChat/CanvasEditor/canvasViewMode.ts
/Users/piotrwisniewski/Developer/codex-wt/d-k6-execution-labels-w73/src/components/AIChat/CanvasEditor/canvasPatchOps.ts
/Users/piotrwisniewski/Developer/codex-wt/d-k6-execution-labels-w73/src/components/AIChat/CanvasEditor/useCanvasAIStream.ts
/Users/piotrwisniewski/Developer/codex-wt/d-k6-execution-labels-w73/src/components/shared/colorPatterns/curatedColorSets.ts
/Users/piotrwisniewski/Developer/codex-wt/d-k6-execution-labels-w73/src/components/Presentations/wizard/types.ts
/Users/piotrwisniewski/Developer/codex-wt/d-k6-execution-labels-w73/src/components/Presentations/DeckBuilder/deckData.ts
/Users/piotrwisniewski/Developer/codex-wt/d-k6-execution-labels-w73/src/components/Presentations/DeckBuilder/AnimatedBlock.tsx
/Users/piotrwisniewski/Developer/codex-wt/d-k6-execution-labels-w73/src/components/Presentations/DeckBuilder/blockOps.ts
/Users/piotrwisniewski/Developer/codex-wt/d-k6-execution-labels-w73/src/components/Presentations/DeckBuilder/blocks/ArtifactEmbedBlock.tsx
/Users/piotrwisniewski/Developer/codex-wt/d-k6-execution-labels-w73/src/components/Presentations/DeckBuilder/blocks/blockDensity.ts
/Users/piotrwisniewski/Developer/codex-wt/d-k6-execution-labels-w73/src/components/Presentations/DeckBuilder/manualEditing.ts
/Users/piotrwisniewski/Developer/codex-wt/d-k6-execution-labels-w73/src/components/Presentations/DeckBuilder/blocks/BulletListBlock.tsx
/Users/piotrwisniewski/Developer/codex-wt/d-k6-execution-labels-w73/src/components/Presentations/DeckBuilder/blocks/CalloutBlock.tsx
/Users/piotrwisniewski/Developer/Consultify/node_modules/recharts/types/container/Surface.d.ts
/Users/piotrwisniewski/Developer/Consultify/node_modules/recharts/types/container/Layer.d.ts
/Users/piotrwisniewski/Developer/Consultify/node_modules/victory-vendor/d3-scale.d.ts
/Users/piotrwisniewski/Developer/Consultify/node_modules/recharts/types/cartesian/XAxis.d.ts
/Users/piotrwisniewski/Developer/Consultify/node_modules/recharts/types/cartesian/YAxis.d.ts
/Users/piotrwisniewski/Developer/Consultify/node_modules/recharts/types/util/types.d.ts
/Users/piotrwisniewski/Developer/Consultify/node_modules/recharts/types/component/DefaultLegendContent.d.ts
/Users/piotrwisniewski/Developer/Consultify/node_modules/recharts/types/util/payload/getUniqPayload.d.ts
/Users/piotrwisniewski/Developer/Consultify/node_modules/recharts/types/component/Legend.d.ts
/Users/piotrwisniewski/Developer/Consultify/node_modules/recharts/types/component/DefaultTooltipContent.d.ts
/Users/piotrwisniewski/Developer/Consultify/node_modules/recharts/types/component/Tooltip.d.ts
/Users/piotrwisniewski/Developer/Consultify/node_modules/recharts/types/component/ResponsiveContainer.d.ts
/Users/piotrwisniewski/Developer/Consultify/node_modules/recharts/types/component/Cell.d.ts
/Users/piotrwisniewski/Developer/Consultify/node_modules/recharts/types/component/Text.d.ts
/Users/piotrwisniewski/Developer/Consultify/node_modules/recharts/types/component/Label.d.ts
/Users/piotrwisniewski/Developer/Consultify/node_modules/recharts/types/component/LabelList.d.ts
/Users/piotrwisniewski/Developer/Consultify/node_modules/recharts/types/component/Customized.d.ts
/Users/piotrwisniewski/Developer/Consultify/node_modules/recharts/types/shape/Sector.d.ts
/Users/piotrwisniewski/Developer/Consultify/node_modules/victory-vendor/d3-shape.d.ts
/Users/piotrwisniewski/Developer/Consultify/node_modules/recharts/types/shape/Curve.d.ts
/Users/piotrwisniewski/Developer/Consultify/node_modules/recharts/types/shape/Rectangle.d.ts
/Users/piotrwisniewski/Developer/Consultify/node_modules/recharts/types/shape/Polygon.d.ts
/Users/piotrwisniewski/Developer/Consultify/node_modules/recharts/types/shape/Dot.d.ts
/Users/piotrwisniewski/Developer/Consultify/node_modules/recharts/types/shape/Cross.d.ts
/Users/piotrwisniewski/Developer/Consultify/node_modules/recharts/types/shape/Symbols.d.ts
/Users/piotrwisniewski/Developer/Consultify/node_modules/recharts/types/polar/PolarGrid.d.ts
/Users/piotrwisniewski/Developer/Consultify/node_modules/recharts/types/polar/PolarRadiusAxis.d.ts
/Users/piotrwisniewski/Developer/Consultify/node_modules/recharts/types/polar/PolarAngleAxis.d.ts
/Users/piotrwisniewski/Developer/Consultify/node_modules/recharts/types/polar/Pie.d.ts
/Users/piotrwisniewski/Developer/Consultify/node_modules/recharts/types/polar/Radar.d.ts
/Users/piotrwisniewski/Developer/Consultify/node_modules/recharts/types/polar/RadialBar.d.ts
/Users/piotrwisniewski/Developer/Consultify/node_modules/recharts/types/cartesian/Brush.d.ts
/Users/piotrwisniewski/Developer/Consultify/node_modules/recharts/types/util/IfOverflowMatches.d.ts
/Users/piotrwisniewski/Developer/Consultify/node_modules/recharts/types/cartesian/ReferenceLine.d.ts
/Users/piotrwisniewski/Developer/Consultify/node_modules/recharts/types/cartesian/ReferenceDot.d.ts
/Users/piotrwisniewski/Developer/Consultify/node_modules/recharts/types/cartesian/ReferenceArea.d.ts
/Users/piotrwisniewski/Developer/Consultify/node_modules/recharts/types/cartesian/CartesianAxis.d.ts
/Users/piotrwisniewski/Developer/Consultify/node_modules/recharts/types/cartesian/CartesianGrid.d.ts
/Users/piotrwisniewski/Developer/Consultify/node_modules/recharts/types/cartesian/Line.d.ts
/Users/piotrwisniewski/Developer/Consultify/node_modules/recharts/types/cartesian/Area.d.ts
/Users/piotrwisniewski/Developer/Consultify/node_modules/recharts/types/util/BarUtils.d.ts
/Users/piotrwisniewski/Developer/Consultify/node_modules/recharts/types/cartesian/Bar.d.ts
/Users/piotrwisniewski/Developer/Consultify/node_modules/recharts/types/cartesian/ZAxis.d.ts
/Users/piotrwisniewski/Developer/Consultify/node_modules/recharts/types/cartesian/ErrorBar.d.ts
/Users/piotrwisniewski/Developer/Consultify/node_modules/recharts/types/cartesian/Scatter.d.ts
/Users/piotrwisniewski/Developer/Consultify/node_modules/recharts/types/util/getLegendProps.d.ts
/Users/piotrwisniewski/Developer/Consultify/node_modules/recharts/types/util/ChartUtils.d.ts
/Users/piotrwisniewski/Developer/Consultify/node_modules/recharts/types/chart/AccessibilityManager.d.ts
/Users/piotrwisniewski/Developer/Consultify/node_modules/recharts/types/chart/types.d.ts
/Users/piotrwisniewski/Developer/Consultify/node_modules/recharts/types/chart/generateCategoricalChart.d.ts
/Users/piotrwisniewski/Developer/Consultify/node_modules/recharts/types/chart/LineChart.d.ts
/Users/piotrwisniewski/Developer/Consultify/node_modules/recharts/types/chart/BarChart.d.ts
/Users/piotrwisniewski/Developer/Consultify/node_modules/recharts/types/chart/PieChart.d.ts
/Users/piotrwisniewski/Developer/Consultify/node_modules/recharts/types/chart/Treemap.d.ts
/Users/piotrwisniewski/Developer/Consultify/node_modules/recharts/types/chart/Sankey.d.ts
/Users/piotrwisniewski/Developer/Consultify/node_modules/recharts/types/chart/RadarChart.d.ts
/Users/piotrwisniewski/Developer/Consultify/node_modules/recharts/types/chart/ScatterChart.d.ts
/Users/piotrwisniewski/Developer/Consultify/node_modules/recharts/types/chart/AreaChart.d.ts
/Users/piotrwisniewski/Developer/Consultify/node_modules/recharts/types/chart/RadialBarChart.d.ts
/Users/piotrwisniewski/Developer/Consultify/node_modules/recharts/types/chart/ComposedChart.d.ts
/Users/piotrwisniewski/Developer/Consultify/node_modules/recharts/types/chart/SunburstChart.d.ts
/Users/piotrwisniewski/Developer/Consultify/node_modules/recharts/types/shape/Trapezoid.d.ts
/Users/piotrwisniewski/Developer/Consultify/node_modules/recharts/types/numberAxis/Funnel.d.ts
/Users/piotrwisniewski/Developer/Consultify/node_modules/recharts/types/chart/FunnelChart.d.ts
/Users/piotrwisniewski/Developer/Consultify/node_modules/recharts/types/util/Global.d.ts
/Users/piotrwisniewski/Developer/Consultify/node_modules/recharts/types/index.d.ts
/Users/piotrwisniewski/Developer/codex-wt/d-k6-execution-labels-w73/src/components/Presentations/DeckBuilder/blocks/deckChartAdapter.ts
/Users/piotrwisniewski/Developer/codex-wt/d-k6-execution-labels-w73/src/components/Presentations/DeckBuilder/blocks/ChartBlock.tsx
/Users/piotrwisniewski/Developer/codex-wt/d-k6-execution-labels-w73/src/components/Presentations/DeckBuilder/blocks/DividerBlock.tsx
/Users/piotrwisniewski/Developer/codex-wt/d-k6-execution-labels-w73/src/components/Presentations/DeckBuilder/blocks/HeadingBlock.tsx
/Users/piotrwisniewski/Developer/codex-wt/d-k6-execution-labels-w73/src/components/Presentations/DeckBuilder/blocks/ImageBlock.tsx
/Users/piotrwisniewski/Developer/codex-wt/d-k6-execution-labels-w73/src/components/Presentations/DeckBuilder/blocks/KpiWidgetBlock.tsx
/Users/piotrwisniewski/Developer/codex-wt/d-k6-execution-labels-w73/src/components/Presentations/DeckBuilder/blocks/MetricStripBlock.tsx
/Users/piotrwisniewski/Developer/codex-wt/d-k6-execution-labels-w73/src/components/Presentations/DeckBuilder/blocks/ParagraphBlock.tsx
/Users/piotrwisniewski/Developer/codex-wt/d-k6-execution-labels-w73/src/components/Presentations/DeckBuilder/blocks/SmartDiagramBlock.tsx
/Users/piotrwisniewski/Developer/codex-wt/d-k6-execution-labels-w73/src/components/Presentations/DeckBuilder/blocks/SmartLayoutBlock.tsx
/Users/piotrwisniewski/Developer/codex-wt/d-k6-execution-labels-w73/src/components/Presentations/DeckBuilder/blocks/TableBlock.tsx
/Users/piotrwisniewski/Developer/codex-wt/d-k6-execution-labels-w73/src/components/Presentations/DeckBuilder/blocks/TimelineBlock.tsx
/Users/piotrwisniewski/Developer/codex-wt/d-k6-execution-labels-w73/src/components/Presentations/DeckBuilder/deckTextSanitizer.ts
/Users/piotrwisniewski/Developer/codex-wt/d-k6-execution-labels-w73/src/components/Presentations/DeckBuilder/TipTapEditor.tsx
/Users/piotrwisniewski/Developer/codex-wt/d-k6-execution-labels-w73/src/components/Presentations/DeckBuilder/EditableBlock.tsx
/Users/piotrwisniewski/Developer/codex-wt/d-k6-execution-labels-w73/src/components/Presentations/DeckBuilder/layouts/LayoutEngine.ts
/Users/piotrwisniewski/Developer/codex-wt/d-k6-execution-labels-w73/src/components/Presentations/DeckBuilder/geometryOps.ts
/Users/piotrwisniewski/Developer/codex-wt/d-k6-execution-labels-w73/src/components/Presentations/DeckBuilder/SourceTraceability.tsx
/Users/piotrwisniewski/Developer/codex-wt/d-k6-execution-labels-w73/src/components/Presentations/DeckBuilder/CardRenderer.tsx
/Users/piotrwisniewski/Developer/codex-wt/d-k6-execution-labels-w73/src/components/AIChat/CanvasPresentationView.tsx
/Users/piotrwisniewski/Developer/codex-wt/d-k6-execution-labels-w73/src/components/AIChat/CanvasViewModeControl.tsx
/Users/piotrwisniewski/Developer/codex-wt/d-k6-execution-labels-w73/src/components/AIChat/WorkCanvasDocumentPanel.tsx
/Users/piotrwisniewski/Developer/codex-wt/d-k6-execution-labels-w73/src/components/AIChat/UnifiedChatPanel.tsx
/Users/piotrwisniewski/Developer/codex-wt/d-k6-execution-labels-w73/src/components/layout/SplitLayout.tsx
/Users/piotrwisniewski/Developer/codex-wt/d-k6-execution-labels-w73/src/components/ReportsAndPresentations/outputsLibraryTabQuery.ts
/Users/piotrwisniewski/Developer/codex-wt/d-k6-execution-labels-w73/src/components/shared/HubBarSlots.tsx
/Users/piotrwisniewski/Developer/codex-wt/d-k6-execution-labels-w73/src/components/shared/Menu3DropdownChip.tsx
/Users/piotrwisniewski/Developer/codex-wt/d-k6-execution-labels-w73/src/components/shared/WorkspacePanelStrip.tsx
/Users/piotrwisniewski/Developer/codex-wt/d-k6-execution-labels-w73/src/components/MyWork/mindmap/aiSidekickContext.ts
/Users/piotrwisniewski/Developer/codex-wt/d-k6-execution-labels-w73/src/hooks/useOpenChatWithContext.ts
/Users/piotrwisniewski/Developer/codex-wt/d-k6-execution-labels-w73/src/hooks/useUserCan.ts
/Users/piotrwisniewski/Developer/codex-wt/d-k6-execution-labels-w73/src/services/api/myWorkContext.ts
/Users/piotrwisniewski/Developer/codex-wt/d-k6-execution-labels-w73/src/utils/agentPlanFlag.ts
/Users/piotrwisniewski/Developer/codex-wt/d-k6-execution-labels-w73/src/utils/canvasObjectEditBarFlag.ts
/Users/piotrwisniewski/Developer/codex-wt/d-k6-execution-labels-w73/src/utils/clientVaultFlag.ts
/Users/piotrwisniewski/Developer/codex-wt/d-k6-execution-labels-w73/src/utils/ideaTopBarOneLineFlag.ts
/Users/piotrwisniewski/Developer/codex-wt/d-k6-execution-labels-w73/src/utils/myWorkCalendarV2Flag.ts
/Users/piotrwisniewski/Developer/codex-wt/d-k6-execution-labels-w73/src/utils/sheetArtifactOpen.ts
/Users/piotrwisniewski/Developer/codex-wt/d-k6-execution-labels-w73/src/components/shared/NModeBlocks/EmptyStateInline.tsx
/Users/piotrwisniewski/Developer/codex-wt/d-k6-execution-labels-w73/src/components/MyWork/shared/ScrollEdgeFade.tsx
/Users/piotrwisniewski/Developer/codex-wt/d-k6-execution-labels-w73/src/components/MyWork/shared/useScrollEdges.ts
/Users/piotrwisniewski/Developer/codex-wt/d-k6-execution-labels-w73/src/components/MyWork/CalendarV2/duplicateCalendarEvent.ts
/Users/piotrwisniewski/Developer/codex-wt/d-k6-execution-labels-w73/src/components/MyWork/Calendar/CalendarAttendeesField.tsx
/Users/piotrwisniewski/Developer/codex-wt/d-k6-execution-labels-w73/src/components/MyWork/Calendar/CalendarCreateEventModal.tsx
/Users/piotrwisniewski/Developer/Consultify/node_modules/preact/src/jsx.d.ts
/Users/piotrwisniewski/Developer/Consultify/node_modules/preact/src/index.d.ts
/Users/piotrwisniewski/Developer/Consultify/node_modules/preact/hooks/src/index.d.ts
/Users/piotrwisniewski/Developer/Consultify/node_modules/preact/compat/src/suspense.d.ts
/Users/piotrwisniewski/Developer/Consultify/node_modules/preact/compat/src/suspense-list.d.ts
/Users/piotrwisniewski/Developer/Consultify/node_modules/preact/compat/src/index.d.ts
/Users/piotrwisniewski/Developer/Consultify/node_modules/@fullcalendar/core/preact.d.ts
/Users/piotrwisniewski/Developer/Consultify/node_modules/@fullcalendar/core/internal-common.d.ts
/Users/piotrwisniewski/Developer/Consultify/node_modules/@fullcalendar/core/index.d.ts
/Users/piotrwisniewski/Developer/Consultify/node_modules/@fullcalendar/daygrid/index.d.ts
/Users/piotrwisniewski/Developer/Consultify/node_modules/@fullcalendar/core/internal.d.ts
/Users/piotrwisniewski/Developer/Consultify/node_modules/@fullcalendar/interaction/index.d.ts
/Users/piotrwisniewski/Developer/Consultify/node_modules/@fullcalendar/list/internal-common.d.ts
/Users/piotrwisniewski/Developer/Consultify/node_modules/@fullcalendar/list/index.d.ts
/Users/piotrwisniewski/Developer/Consultify/node_modules/@fullcalendar/react/dist/index.d.ts
/Users/piotrwisniewski/Developer/Consultify/node_modules/@fullcalendar/timegrid/index.d.ts
/Users/piotrwisniewski/Developer/codex-wt/d-k6-execution-labels-w73/src/components/MyWork/Calendar/calendarTypes.ts
/Users/piotrwisniewski/Developer/codex-wt/d-k6-execution-labels-w73/src/components/MyWork/Calendar/CalendarGrid.tsx
/Users/piotrwisniewski/Developer/codex-wt/d-k6-execution-labels-w73/src/components/shared/NModeBlocks/Callout.tsx
/Users/piotrwisniewski/Developer/codex-wt/d-k6-execution-labels-w73/src/components/shared/NModeBlocks/ChecklistBlock.tsx
/Users/piotrwisniewski/Developer/codex-wt/d-k6-execution-labels-w73/src/components/shared/NModeBlocks/EmbeddedView.tsx
/Users/piotrwisniewski/Developer/codex-wt/d-k6-execution-labels-w73/src/components/shared/NModeBlocks/InlineTable.tsx
/Users/piotrwisniewski/Developer/codex-wt/d-k6-execution-labels-w73/src/components/shared/NModeBlocks/ToggleBlock.tsx
/Users/piotrwisniewski/Developer/codex-wt/d-k6-execution-labels-w73/src/components/shared/NModeBlocks/index.ts
/Users/piotrwisniewski/Developer/codex-wt/d-k6-execution-labels-w73/src/components/MyWork/Calendar/CalendarSidebar.tsx
/Users/piotrwisniewski/Developer/codex-wt/d-k6-execution-labels-w73/src/components/MyWork/Calendar/useCalendarData.ts
/Users/piotrwisniewski/Developer/codex-wt/d-k6-execution-labels-w73/src/components/MyWork/Calendar/CalendarView.tsx
/Users/piotrwisniewski/Developer/codex-wt/d-k6-execution-labels-w73/src/components/MyWork/CalendarV2/CalendarV2.tsx
/Users/piotrwisniewski/Developer/codex-wt/d-k6-execution-labels-w73/src/components/MyWork/canvas/canvasObjectStyle.ts
/Users/piotrwisniewski/Developer/codex-wt/d-k6-execution-labels-w73/src/components/MyWork/canvas/ObjectEditBar.tsx
/Users/piotrwisniewski/Developer/codex-wt/d-k6-execution-labels-w73/src/components/MyWork/canvas/ObjectEditBarPopovers.tsx
/Users/piotrwisniewski/Developer/codex-wt/d-k6-execution-labels-w73/src/components/MyWork/canvas/objectEditBarDock.tsx
/Users/piotrwisniewski/Developer/codex-wt/d-k6-execution-labels-w73/src/contracts/initiatives-execution/cardRegistry.ts
/Users/piotrwisniewski/Developer/codex-wt/d-k6-execution-labels-w73/src/components/Initiatives/InitiativeCardProfilePicker.tsx
/Users/piotrwisniewski/Developer/codex-wt/d-k6-execution-labels-w73/src/utils/enumLabel.ts
/Users/piotrwisniewski/Developer/codex-wt/d-k6-execution-labels-w73/src/components/Initiatives/DefinitionCardContent.tsx
/Users/piotrwisniewski/Developer/codex-wt/d-k6-execution-labels-w73/src/services/initiatives-execution/definitionApprovalApi.ts
/Users/piotrwisniewski/Developer/codex-wt/d-k6-execution-labels-w73/src/components/Initiatives/DefinitionApprovalContent.tsx
/Users/piotrwisniewski/Developer/codex-wt/d-k6-execution-labels-w73/src/components/standard/ActionCard.types.ts
/Users/piotrwisniewski/Developer/codex-wt/d-k6-execution-labels-w73/src/components/standard/ActionCard.tsx
/Users/piotrwisniewski/Developer/codex-wt/d-k6-execution-labels-w73/src/services/ai/generujTrescPola.ts
/Users/piotrwisniewski/Developer/codex-wt/d-k6-execution-labels-w73/src/components/standard/PracujZAI.types.ts
/Users/piotrwisniewski/Developer/codex-wt/d-k6-execution-labels-w73/src/components/standard/PracujZAI.tsx
/Users/piotrwisniewski/Developer/codex-wt/d-k6-execution-labels-w73/src/components/standard/StickyStosKartyN.tsx
/Users/piotrwisniewski/Developer/codex-wt/d-k6-execution-labels-w73/src/components/standard/ActionCardList.tsx
/Users/piotrwisniewski/Developer/codex-wt/d-k6-execution-labels-w73/src/components/standard/StandardGridCard.tsx
/Users/piotrwisniewski/Developer/codex-wt/d-k6-execution-labels-w73/src/components/standard/StandardKanbanCard.tsx
/Users/piotrwisniewski/Developer/codex-wt/d-k6-execution-labels-w73/src/components/standard/StandardKanban.tsx
/Users/piotrwisniewski/Developer/codex-wt/d-k6-execution-labels-w73/src/components/standard/index.ts
/Users/piotrwisniewski/Developer/codex-wt/d-k6-execution-labels-w73/src/components/ui/ResizableTable/ColumnResizer.tsx
/Users/piotrwisniewski/Developer/codex-wt/d-k6-execution-labels-w73/src/components/ui/ResizableTable/types.ts
/Users/piotrwisniewski/Developer/codex-wt/d-k6-execution-labels-w73/src/components/ui/ResizableTable/FilterDropdown.tsx
/Users/piotrwisniewski/Developer/codex-wt/d-k6-execution-labels-w73/src/components/ui/ResizableTable/TableHeader.tsx
/Users/piotrwisniewski/Developer/codex-wt/d-k6-execution-labels-w73/src/components/shared/BulkSelectionCluster.tsx
/Users/piotrwisniewski/Developer/codex-wt/d-k6-execution-labels-w73/src/components/ui/ResizableTable/BulkActionBar.tsx
/Users/piotrwisniewski/Developer/codex-wt/d-k6-execution-labels-w73/src/components/ui/ResizableTable/index.tsx
/Users/piotrwisniewski/Developer/codex-wt/d-k6-execution-labels-w73/src/hooks/useUserIntegrations.ts
/Users/piotrwisniewski/Developer/codex-wt/d-k6-execution-labels-w73/src/utils/clipboard.ts
/Users/piotrwisniewski/Developer/codex-wt/d-k6-execution-labels-w73/src/components/MyWork/shared/DelegationModal.tsx
/Users/piotrwisniewski/Developer/codex-wt/d-k6-execution-labels-w73/src/components/MyWork/DecisionPreviewPanel.tsx
/Users/piotrwisniewski/Developer/codex-wt/d-k6-execution-labels-w73/src/components/MyWork/DecisionsPanelContent.tsx
/Users/piotrwisniewski/Developer/Consultify/node_modules/@dnd-kit/utilities/dist/hooks/useCombinedRefs.d.ts
/Users/piotrwisniewski/Developer/Consultify/node_modules/@dnd-kit/utilities/dist/hooks/useEvent.d.ts
/Users/piotrwisniewski/Developer/Consultify/node_modules/@dnd-kit/utilities/dist/hooks/useIsomorphicLayoutEffect.d.ts
/Users/piotrwisniewski/Developer/Consultify/node_modules/@dnd-kit/utilities/dist/hooks/useInterval.d.ts
/Users/piotrwisniewski/Developer/Consultify/node_modules/@dnd-kit/utilities/dist/hooks/useLatestValue.d.ts
/Users/piotrwisniewski/Developer/Consultify/node_modules/@dnd-kit/utilities/dist/hooks/useLazyMemo.d.ts
/Users/piotrwisniewski/Developer/Consultify/node_modules/@dnd-kit/utilities/dist/hooks/useNodeRef.d.ts
/Users/piotrwisniewski/Developer/Consultify/node_modules/@dnd-kit/utilities/dist/hooks/usePrevious.d.ts
/Users/piotrwisniewski/Developer/Consultify/node_modules/@dnd-kit/utilities/dist/hooks/useUniqueId.d.ts
/Users/piotrwisniewski/Developer/Consultify/node_modules/@dnd-kit/utilities/dist/hooks/index.d.ts
/Users/piotrwisniewski/Developer/Consultify/node_modules/@dnd-kit/utilities/dist/adjustment.d.ts
/Users/piotrwisniewski/Developer/Consultify/node_modules/@dnd-kit/utilities/dist/coordinates/types.d.ts
/Users/piotrwisniewski/Developer/Consultify/node_modules/@dnd-kit/utilities/dist/coordinates/getEventCoordinates.d.ts
/Users/piotrwisniewski/Developer/Consultify/node_modules/@dnd-kit/utilities/dist/coordinates/index.d.ts
/Users/piotrwisniewski/Developer/Consultify/node_modules/@dnd-kit/utilities/dist/css.d.ts
/Users/piotrwisniewski/Developer/Consultify/node_modules/@dnd-kit/utilities/dist/event/hasViewportRelativeCoordinates.d.ts
/Users/piotrwisniewski/Developer/Consultify/node_modules/@dnd-kit/utilities/dist/event/isKeyboardEvent.d.ts
/Users/piotrwisniewski/Developer/Consultify/node_modules/@dnd-kit/utilities/dist/event/isTouchEvent.d.ts
/Users/piotrwisniewski/Developer/Consultify/node_modules/@dnd-kit/utilities/dist/event/index.d.ts
/Users/piotrwisniewski/Developer/Consultify/node_modules/@dnd-kit/utilities/dist/execution-context/canUseDOM.d.ts
/Users/piotrwisniewski/Developer/Consultify/node_modules/@dnd-kit/utilities/dist/execution-context/getOwnerDocument.d.ts
/Users/piotrwisniewski/Developer/Consultify/node_modules/@dnd-kit/utilities/dist/execution-context/getWindow.d.ts
/Users/piotrwisniewski/Developer/Consultify/node_modules/@dnd-kit/utilities/dist/execution-context/index.d.ts
/Users/piotrwisniewski/Developer/Consultify/node_modules/@dnd-kit/utilities/dist/focus/findFirstFocusableNode.d.ts
/Users/piotrwisniewski/Developer/Consultify/node_modules/@dnd-kit/utilities/dist/focus/index.d.ts
/Users/piotrwisniewski/Developer/Consultify/node_modules/@dnd-kit/utilities/dist/type-guards/isDocument.d.ts
/Users/piotrwisniewski/Developer/Consultify/node_modules/@dnd-kit/utilities/dist/type-guards/isHTMLElement.d.ts
/Users/piotrwisniewski/Developer/Consultify/node_modules/@dnd-kit/utilities/dist/type-guards/isNode.d.ts
/Users/piotrwisniewski/Developer/Consultify/node_modules/@dnd-kit/utilities/dist/type-guards/isSVGElement.d.ts
/Users/piotrwisniewski/Developer/Consultify/node_modules/@dnd-kit/utilities/dist/type-guards/isWindow.d.ts
/Users/piotrwisniewski/Developer/Consultify/node_modules/@dnd-kit/utilities/dist/type-guards/index.d.ts
/Users/piotrwisniewski/Developer/Consultify/node_modules/@dnd-kit/utilities/dist/types.d.ts
/Users/piotrwisniewski/Developer/Consultify/node_modules/@dnd-kit/utilities/dist/index.d.ts
/Users/piotrwisniewski/Developer/Consultify/node_modules/@dnd-kit/core/dist/types/coordinates.d.ts
/Users/piotrwisniewski/Developer/Consultify/node_modules/@dnd-kit/core/dist/types/direction.d.ts
/Users/piotrwisniewski/Developer/Consultify/node_modules/@dnd-kit/core/dist/utilities/algorithms/types.d.ts
/Users/piotrwisniewski/Developer/Consultify/node_modules/@dnd-kit/core/dist/utilities/algorithms/closestCenter.d.ts
/Users/piotrwisniewski/Developer/Consultify/node_modules/@dnd-kit/core/dist/utilities/algorithms/closestCorners.d.ts
/Users/piotrwisniewski/Developer/Consultify/node_modules/@dnd-kit/core/dist/utilities/algorithms/rectIntersection.d.ts
/Users/piotrwisniewski/Developer/Consultify/node_modules/@dnd-kit/core/dist/utilities/algorithms/pointerWithin.d.ts
/Users/piotrwisniewski/Developer/Consultify/node_modules/@dnd-kit/core/dist/utilities/algorithms/helpers.d.ts
/Users/piotrwisniewski/Developer/Consultify/node_modules/@dnd-kit/core/dist/utilities/algorithms/index.d.ts
/Users/piotrwisniewski/Developer/Consultify/node_modules/@dnd-kit/core/dist/sensors/pointer/AbstractPointerSensor.d.ts
/Users/piotrwisniewski/Developer/Consultify/node_modules/@dnd-kit/core/dist/sensors/pointer/PointerSensor.d.ts
/Users/piotrwisniewski/Developer/Consultify/node_modules/@dnd-kit/core/dist/sensors/pointer/index.d.ts
/Users/piotrwisniewski/Developer/Consultify/node_modules/@dnd-kit/core/dist/sensors/types.d.ts
/Users/piotrwisniewski/Developer/Consultify/node_modules/@dnd-kit/core/dist/sensors/useSensor.d.ts
/Users/piotrwisniewski/Developer/Consultify/node_modules/@dnd-kit/core/dist/sensors/useSensors.d.ts
/Users/piotrwisniewski/Developer/Consultify/node_modules/@dnd-kit/core/dist/sensors/mouse/MouseSensor.d.ts
/Users/piotrwisniewski/Developer/Consultify/node_modules/@dnd-kit/core/dist/sensors/mouse/index.d.ts
/Users/piotrwisniewski/Developer/Consultify/node_modules/@dnd-kit/core/dist/sensors/touch/TouchSensor.d.ts
/Users/piotrwisniewski/Developer/Consultify/node_modules/@dnd-kit/core/dist/sensors/touch/index.d.ts
/Users/piotrwisniewski/Developer/Consultify/node_modules/@dnd-kit/core/dist/sensors/keyboard/types.d.ts
/Users/piotrwisniewski/Developer/Consultify/node_modules/@dnd-kit/core/dist/sensors/keyboard/KeyboardSensor.d.ts
/Users/piotrwisniewski/Developer/Consultify/node_modules/@dnd-kit/core/dist/sensors/keyboard/defaults.d.ts
/Users/piotrwisniewski/Developer/Consultify/node_modules/@dnd-kit/core/dist/sensors/keyboard/index.d.ts
/Users/piotrwisniewski/Developer/Consultify/node_modules/@dnd-kit/core/dist/sensors/index.d.ts
/Users/piotrwisniewski/Developer/Consultify/node_modules/@dnd-kit/core/dist/types/events.d.ts
/Users/piotrwisniewski/Developer/Consultify/node_modules/@dnd-kit/core/dist/types/other.d.ts
/Users/piotrwisniewski/Developer/Consultify/node_modules/@dnd-kit/core/dist/types/react.d.ts
/Users/piotrwisniewski/Developer/Consultify/node_modules/@dnd-kit/core/dist/types/rect.d.ts
/Users/piotrwisniewski/Developer/Consultify/node_modules/@dnd-kit/core/dist/types/index.d.ts
/Users/piotrwisniewski/Developer/Consultify/node_modules/@dnd-kit/core/dist/hooks/utilities/useAutoScroller.d.ts
/Users/piotrwisniewski/Developer/Consultify/node_modules/@dnd-kit/core/dist/hooks/utilities/useCachedNode.d.ts
/Users/piotrwisniewski/Developer/Consultify/node_modules/@dnd-kit/core/dist/hooks/utilities/useSyntheticListeners.d.ts
/Users/piotrwisniewski/Developer/Consultify/node_modules/@dnd-kit/core/dist/hooks/utilities/useCombineActivators.d.ts
/Users/piotrwisniewski/Developer/Consultify/node_modules/@dnd-kit/core/dist/hooks/utilities/useDroppableMeasuring.d.ts
/Users/piotrwisniewski/Developer/Consultify/node_modules/@dnd-kit/core/dist/hooks/utilities/useInitialValue.d.ts
/Users/piotrwisniewski/Developer/Consultify/node_modules/@dnd-kit/core/dist/hooks/utilities/useInitialRect.d.ts
/Users/piotrwisniewski/Developer/Consultify/node_modules/@dnd-kit/core/dist/hooks/utilities/useRect.d.ts
/Users/piotrwisniewski/Developer/Consultify/node_modules/@dnd-kit/core/dist/hooks/utilities/useRectDelta.d.ts
/Users/piotrwisniewski/Developer/Consultify/node_modules/@dnd-kit/core/dist/hooks/utilities/useResizeObserver.d.ts
/Users/piotrwisniewski/Developer/Consultify/node_modules/@dnd-kit/core/dist/hooks/utilities/useScrollableAncestors.d.ts
/Users/piotrwisniewski/Developer/Consultify/node_modules/@dnd-kit/core/dist/hooks/utilities/useScrollIntoViewIfNeeded.d.ts
/Users/piotrwisniewski/Developer/Consultify/node_modules/@dnd-kit/core/dist/hooks/utilities/useScrollOffsets.d.ts
/Users/piotrwisniewski/Developer/Consultify/node_modules/@dnd-kit/core/dist/hooks/utilities/useScrollOffsetsDelta.d.ts
/Users/piotrwisniewski/Developer/Consultify/node_modules/@dnd-kit/core/dist/hooks/utilities/useSensorSetup.d.ts
/Users/piotrwisniewski/Developer/Consultify/node_modules/@dnd-kit/core/dist/hooks/utilities/useRects.d.ts
/Users/piotrwisniewski/Developer/Consultify/node_modules/@dnd-kit/core/dist/hooks/utilities/useWindowRect.d.ts
/Users/piotrwisniewski/Developer/Consultify/node_modules/@dnd-kit/core/dist/hooks/utilities/useDragOverlayMeasuring.d.ts
/Users/piotrwisniewski/Developer/Consultify/node_modules/@dnd-kit/core/dist/hooks/utilities/index.d.ts
/Users/piotrwisniewski/Developer/Consultify/node_modules/@dnd-kit/core/dist/store/constructors.d.ts
/Users/piotrwisniewski/Developer/Consultify/node_modules/@dnd-kit/core/dist/store/types.d.ts
/Users/piotrwisniewski/Developer/Consultify/node_modules/@dnd-kit/core/dist/store/actions.d.ts
/Users/piotrwisniewski/Developer/Consultify/node_modules/@dnd-kit/core/dist/store/context.d.ts
/Users/piotrwisniewski/Developer/Consultify/node_modules/@dnd-kit/core/dist/store/reducer.d.ts
/Users/piotrwisniewski/Developer/Consultify/node_modules/@dnd-kit/core/dist/store/index.d.ts
/Users/piotrwisniewski/Developer/Consultify/node_modules/@dnd-kit/core/dist/components/Accessibility/types.d.ts
/Users/piotrwisniewski/Developer/Consultify/node_modules/@dnd-kit/core/dist/components/Accessibility/Accessibility.d.ts
/Users/piotrwisniewski/Developer/Consultify/node_modules/@dnd-kit/core/dist/components/Accessibility/components/RestoreFocus.d.ts
/Users/piotrwisniewski/Developer/Consultify/node_modules/@dnd-kit/core/dist/components/Accessibility/components/index.d.ts
/Users/piotrwisniewski/Developer/Consultify/node_modules/@dnd-kit/core/dist/components/Accessibility/defaults.d.ts
/Users/piotrwisniewski/Developer/Consultify/node_modules/@dnd-kit/core/dist/components/Accessibility/index.d.ts
/Users/piotrwisniewski/Developer/Consultify/node_modules/@dnd-kit/core/dist/utilities/coordinates/constants.d.ts
/Users/piotrwisniewski/Developer/Consultify/node_modules/@dnd-kit/core/dist/utilities/coordinates/distanceBetweenPoints.d.ts
/Users/piotrwisniewski/Developer/Consultify/node_modules/@dnd-kit/core/dist/utilities/coordinates/getRelativeTransformOrigin.d.ts
/Users/piotrwisniewski/Developer/Consultify/node_modules/@dnd-kit/core/dist/utilities/coordinates/index.d.ts
/Users/piotrwisniewski/Developer/Consultify/node_modules/@dnd-kit/core/dist/utilities/rect/adjustScale.d.ts
/Users/piotrwisniewski/Developer/Consultify/node_modules/@dnd-kit/core/dist/utilities/rect/getRectDelta.d.ts
/Users/piotrwisniewski/Developer/Consultify/node_modules/@dnd-kit/core/dist/utilities/rect/rectAdjustment.d.ts
/Users/piotrwisniewski/Developer/Consultify/node_modules/@dnd-kit/core/dist/utilities/rect/getRect.d.ts
/Users/piotrwisniewski/Developer/Consultify/node_modules/@dnd-kit/core/dist/utilities/rect/getWindowClientRect.d.ts
/Users/piotrwisniewski/Developer/Consultify/node_modules/@dnd-kit/core/dist/utilities/rect/Rect.d.ts
/Users/piotrwisniewski/Developer/Consultify/node_modules/@dnd-kit/core/dist/utilities/rect/index.d.ts
/Users/piotrwisniewski/Developer/Consultify/node_modules/@dnd-kit/core/dist/utilities/other/noop.d.ts
/Users/piotrwisniewski/Developer/Consultify/node_modules/@dnd-kit/core/dist/utilities/other/index.d.ts
/Users/piotrwisniewski/Developer/Consultify/node_modules/@dnd-kit/core/dist/utilities/scroll/getScrollableAncestors.d.ts
/Users/piotrwisniewski/Developer/Consultify/node_modules/@dnd-kit/core/dist/utilities/scroll/getScrollableElement.d.ts
/Users/piotrwisniewski/Developer/Consultify/node_modules/@dnd-kit/core/dist/utilities/scroll/getScrollCoordinates.d.ts
/Users/piotrwisniewski/Developer/Consultify/node_modules/@dnd-kit/core/dist/utilities/scroll/getScrollDirectionAndSpeed.d.ts
/Users/piotrwisniewski/Developer/Consultify/node_modules/@dnd-kit/core/dist/utilities/scroll/getScrollElementRect.d.ts
/Users/piotrwisniewski/Developer/Consultify/node_modules/@dnd-kit/core/dist/utilities/scroll/getScrollOffsets.d.ts
/Users/piotrwisniewski/Developer/Consultify/node_modules/@dnd-kit/core/dist/utilities/scroll/getScrollPosition.d.ts
/Users/piotrwisniewski/Developer/Consultify/node_modules/@dnd-kit/core/dist/utilities/scroll/documentScrollingElement.d.ts
/Users/piotrwisniewski/Developer/Consultify/node_modules/@dnd-kit/core/dist/utilities/scroll/isScrollable.d.ts
/Users/piotrwisniewski/Developer/Consultify/node_modules/@dnd-kit/core/dist/utilities/scroll/scrollIntoViewIfNeeded.d.ts
/Users/piotrwisniewski/Developer/Consultify/node_modules/@dnd-kit/core/dist/utilities/scroll/index.d.ts
/Users/piotrwisniewski/Developer/Consultify/node_modules/@dnd-kit/core/dist/utilities/index.d.ts
/Users/piotrwisniewski/Developer/Consultify/node_modules/@dnd-kit/core/dist/modifiers/types.d.ts
/Users/piotrwisniewski/Developer/Consultify/node_modules/@dnd-kit/core/dist/modifiers/applyModifiers.d.ts
/Users/piotrwisniewski/Developer/Consultify/node_modules/@dnd-kit/core/dist/modifiers/index.d.ts
/Users/piotrwisniewski/Developer/Consultify/node_modules/@dnd-kit/core/dist/components/DndContext/types.d.ts
/Users/piotrwisniewski/Developer/Consultify/node_modules/@dnd-kit/core/dist/components/DndContext/DndContext.d.ts
/Users/piotrwisniewski/Developer/Consultify/node_modules/@dnd-kit/core/dist/components/DndContext/index.d.ts
/Users/piotrwisniewski/Developer/Consultify/node_modules/@dnd-kit/core/dist/components/DndMonitor/types.d.ts
/Users/piotrwisniewski/Developer/Consultify/node_modules/@dnd-kit/core/dist/components/DndMonitor/context.d.ts
/Users/piotrwisniewski/Developer/Consultify/node_modules/@dnd-kit/core/dist/components/DndMonitor/useDndMonitor.d.ts
/Users/piotrwisniewski/Developer/Consultify/node_modules/@dnd-kit/core/dist/components/DndMonitor/useDndMonitorProvider.d.ts
/Users/piotrwisniewski/Developer/Consultify/node_modules/@dnd-kit/core/dist/components/DndMonitor/index.d.ts
/Users/piotrwisniewski/Developer/Consultify/node_modules/@dnd-kit/core/dist/components/DragOverlay/components/AnimationManager/AnimationManager.d.ts
/Users/piotrwisniewski/Developer/Consultify/node_modules/@dnd-kit/core/dist/components/DragOverlay/components/AnimationManager/index.d.ts
/Users/piotrwisniewski/Developer/Consultify/node_modules/@dnd-kit/core/dist/components/DragOverlay/components/NullifiedContextProvider/NullifiedContextProvider.d.ts
/Users/piotrwisniewski/Developer/Consultify/node_modules/@dnd-kit/core/dist/components/DragOverlay/components/NullifiedContextProvider/index.d.ts
/Users/piotrwisniewski/Developer/Consultify/node_modules/@dnd-kit/core/dist/components/DragOverlay/components/PositionedOverlay/PositionedOverlay.d.ts
/Users/piotrwisniewski/Developer/Consultify/node_modules/@dnd-kit/core/dist/components/DragOverlay/components/PositionedOverlay/index.d.ts
/Users/piotrwisniewski/Developer/Consultify/node_modules/@dnd-kit/core/dist/components/DragOverlay/components/index.d.ts
/Users/piotrwisniewski/Developer/Consultify/node_modules/@dnd-kit/core/dist/components/DragOverlay/hooks/useDropAnimation.d.ts
/Users/piotrwisniewski/Developer/Consultify/node_modules/@dnd-kit/core/dist/components/DragOverlay/hooks/useKey.d.ts
/Users/piotrwisniewski/Developer/Consultify/node_modules/@dnd-kit/core/dist/components/DragOverlay/hooks/index.d.ts
/Users/piotrwisniewski/Developer/Consultify/node_modules/@dnd-kit/core/dist/components/DragOverlay/DragOverlay.d.ts
/Users/piotrwisniewski/Developer/Consultify/node_modules/@dnd-kit/core/dist/components/DragOverlay/index.d.ts
/Users/piotrwisniewski/Developer/Consultify/node_modules/@dnd-kit/core/dist/components/index.d.ts
/Users/piotrwisniewski/Developer/Consultify/node_modules/@dnd-kit/core/dist/hooks/useDraggable.d.ts
/Users/piotrwisniewski/Developer/Consultify/node_modules/@dnd-kit/core/dist/hooks/useDndContext.d.ts
/Users/piotrwisniewski/Developer/Consultify/node_modules/@dnd-kit/core/dist/hooks/useDroppable.d.ts
/Users/piotrwisniewski/Developer/Consultify/node_modules/@dnd-kit/core/dist/hooks/index.d.ts
/Users/piotrwisniewski/Developer/Consultify/node_modules/@dnd-kit/core/dist/index.d.ts
/Users/piotrwisniewski/Developer/Consultify/node_modules/@dnd-kit/sortable/dist/types/disabled.d.ts
/Users/piotrwisniewski/Developer/Consultify/node_modules/@dnd-kit/sortable/dist/types/data.d.ts
/Users/piotrwisniewski/Developer/Consultify/node_modules/@dnd-kit/sortable/dist/types/strategies.d.ts
/Users/piotrwisniewski/Developer/Consultify/node_modules/@dnd-kit/sortable/dist/types/type-guard.d.ts
/Users/piotrwisniewski/Developer/Consultify/node_modules/@dnd-kit/sortable/dist/types/index.d.ts
/Users/piotrwisniewski/Developer/Consultify/node_modules/@dnd-kit/sortable/dist/components/SortableContext.d.ts
/Users/piotrwisniewski/Developer/Consultify/node_modules/@dnd-kit/sortable/dist/components/index.d.ts
/Users/piotrwisniewski/Developer/Consultify/node_modules/@dnd-kit/sortable/dist/hooks/types.d.ts
/Users/piotrwisniewski/Developer/Consultify/node_modules/@dnd-kit/sortable/dist/hooks/useSortable.d.ts
/Users/piotrwisniewski/Developer/Consultify/node_modules/@dnd-kit/sortable/dist/hooks/defaults.d.ts
/Users/piotrwisniewski/Developer/Consultify/node_modules/@dnd-kit/sortable/dist/hooks/index.d.ts
/Users/piotrwisniewski/Developer/Consultify/node_modules/@dnd-kit/sortable/dist/strategies/horizontalListSorting.d.ts
/Users/piotrwisniewski/Developer/Consultify/node_modules/@dnd-kit/sortable/dist/strategies/rectSorting.d.ts
/Users/piotrwisniewski/Developer/Consultify/node_modules/@dnd-kit/sortable/dist/strategies/rectSwapping.d.ts
/Users/piotrwisniewski/Developer/Consultify/node_modules/@dnd-kit/sortable/dist/strategies/verticalListSorting.d.ts
/Users/piotrwisniewski/Developer/Consultify/node_modules/@dnd-kit/sortable/dist/strategies/index.d.ts
/Users/piotrwisniewski/Developer/Consultify/node_modules/@dnd-kit/sortable/dist/sensors/keyboard/sortableKeyboardCoordinates.d.ts
/Users/piotrwisniewski/Developer/Consultify/node_modules/@dnd-kit/sortable/dist/sensors/keyboard/index.d.ts
/Users/piotrwisniewski/Developer/Consultify/node_modules/@dnd-kit/sortable/dist/sensors/index.d.ts
/Users/piotrwisniewski/Developer/Consultify/node_modules/@dnd-kit/sortable/dist/utilities/arrayMove.d.ts
/Users/piotrwisniewski/Developer/Consultify/node_modules/@dnd-kit/sortable/dist/utilities/arraySwap.d.ts
/Users/piotrwisniewski/Developer/Consultify/node_modules/@dnd-kit/sortable/dist/utilities/getSortedRects.d.ts
/Users/piotrwisniewski/Developer/Consultify/node_modules/@dnd-kit/sortable/dist/utilities/isValidIndex.d.ts
/Users/piotrwisniewski/Developer/Consultify/node_modules/@dnd-kit/sortable/dist/utilities/itemsEqual.d.ts
/Users/piotrwisniewski/Developer/Consultify/node_modules/@dnd-kit/sortable/dist/utilities/normalizeDisabled.d.ts
/Users/piotrwisniewski/Developer/Consultify/node_modules/@dnd-kit/sortable/dist/utilities/index.d.ts
/Users/piotrwisniewski/Developer/Consultify/node_modules/@dnd-kit/sortable/dist/index.d.ts
/Users/piotrwisniewski/Developer/codex-wt/d-k6-execution-labels-w73/src/components/shared/renderIconNode.tsx
/Users/piotrwisniewski/Developer/codex-wt/d-k6-execution-labels-w73/src/components/MyWork/shared/DueDateIndicator.tsx
/Users/piotrwisniewski/Developer/codex-wt/d-k6-execution-labels-w73/src/components/MyWork/shared/EmptyState.tsx
/Users/piotrwisniewski/Developer/codex-wt/d-k6-execution-labels-w73/src/components/MyWork/shared/PMOPriorityBadge.tsx
/Users/piotrwisniewski/Developer/codex-wt/d-k6-execution-labels-w73/src/components/MyWork/Focus/AIPlanView.tsx
/Users/piotrwisniewski/Developer/codex-wt/d-k6-execution-labels-w73/src/components/MyWork/Focus/FocusView.tsx
/Users/piotrwisniewski/Developer/codex-wt/d-k6-execution-labels-w73/src/components/MyWork/Home/homeV2Types.ts
/Users/piotrwisniewski/Developer/codex-wt/d-k6-execution-labels-w73/src/components/MyWork/IdeaDocumentTabRename.tsx
/Users/piotrwisniewski/Developer/codex-wt/d-k6-execution-labels-w73/src/components/MyWork/ideaWorkspaceState.ts
/Users/piotrwisniewski/Developer/codex-wt/d-k6-execution-labels-w73/src/components/MyWork/IdeaWorkspaceToolbar.tsx
/Users/piotrwisniewski/Developer/codex-wt/d-k6-execution-labels-w73/src/components/MyWork/shared/usePersistedColumnWidths.ts
/Users/piotrwisniewski/Developer/codex-wt/d-k6-execution-labels-w73/src/components/MyWork/gateSignoffProjection.ts
/Users/piotrwisniewski/Developer/codex-wt/d-k6-execution-labels-w73/src/components/MyWork/HandoffAcceptanceQueue.tsx
/Users/piotrwisniewski/Developer/codex-wt/d-k6-execution-labels-w73/src/services/actionCards.ts
/Users/piotrwisniewski/Developer/codex-wt/d-k6-execution-labels-w73/src/components/MyWork/InboxActionCards.tsx
/Users/piotrwisniewski/Developer/codex-wt/d-k6-execution-labels-w73/src/components/shared/PreviewPane/JedenPrawyPanel.tsx
/Users/piotrwisniewski/Developer/codex-wt/d-k6-execution-labels-w73/src/components/shared/PreviewPane/useDesktopPreviewOverlay.ts
/Users/piotrwisniewski/Developer/codex-wt/d-k6-execution-labels-w73/src/components/shared/selectionTokens.ts
/Users/piotrwisniewski/Developer/codex-wt/d-k6-execution-labels-w73/src/hooks/useInitiativeNames.ts
/Users/piotrwisniewski/Developer/codex-wt/d-k6-execution-labels-w73/src/utils/m03InboxStandardTableFlag.ts
/Users/piotrwisniewski/Developer/codex-wt/d-k6-execution-labels-w73/src/components/MyWork/InboxContent.tsx
/Users/piotrwisniewski/Developer/codex-wt/d-k6-execution-labels-w73/src/components/shared/FolderCreateDialog.tsx
/Users/piotrwisniewski/Developer/codex-wt/d-k6-execution-labels-w73/src/utils/ideasPreviewOverlayFlag.ts
/Users/piotrwisniewski/Developer/codex-wt/d-k6-execution-labels-w73/src/components/MyWork/hooks/useFavoriteIdeas.ts
/Users/piotrwisniewski/Developer/codex-wt/d-k6-execution-labels-w73/src/components/MyWork/hooks/useKeyboardShortcuts.ts
/Users/piotrwisniewski/Developer/codex-wt/d-k6-execution-labels-w73/src/components/MyWork/hooks/useRecentIdeas.ts
/Users/piotrwisniewski/Developer/codex-wt/d-k6-execution-labels-w73/src/components/MyWork/ideaConversionOutcome.ts
/Users/piotrwisniewski/Developer/codex-wt/d-k6-execution-labels-w73/src/labels/ideaSourceLabels.ts
/Users/piotrwisniewski/Developer/codex-wt/d-k6-execution-labels-w73/src/hooks/useFixedMenuPosition.ts
/Users/piotrwisniewski/Developer/codex-wt/d-k6-execution-labels-w73/src/services/initiatives-execution/persistentCommandId.ts
/Users/piotrwisniewski/Developer/codex-wt/d-k6-execution-labels-w73/src/components/Finance/Prediction/predictionScenarioModel.ts
/Users/piotrwisniewski/Developer/codex-wt/d-k6-execution-labels-w73/src/services/api/financeV2.types.ts
/Users/piotrwisniewski/Developer/codex-wt/d-k6-execution-labels-w73/src/services/api/financeV2.api.ts
/Users/piotrwisniewski/Developer/codex-wt/d-k6-execution-labels-w73/src/types/domain/traceability.ts
/Users/piotrwisniewski/Developer/codex-wt/d-k6-execution-labels-w73/src/services/traceabilityService.ts
/Users/piotrwisniewski/Developer/codex-wt/d-k6-execution-labels-w73/src/services/conversionService.ts
/Users/piotrwisniewski/Developer/codex-wt/d-k6-execution-labels-w73/src/components/MyWork/ConvertToConfirmation.tsx
/Users/piotrwisniewski/Developer/codex-wt/d-k6-execution-labels-w73/src/components/MyWork/ConvertToDialog.tsx
/Users/piotrwisniewski/Developer/codex-wt/d-k6-execution-labels-w73/src/components/MyWork/ConvertToOutputMenu.tsx
/Users/piotrwisniewski/Developer/codex-wt/d-k6-execution-labels-w73/src/components/MyWork/myIdeasTypes.ts
/Users/piotrwisniewski/Developer/codex-wt/d-k6-execution-labels-w73/src/components/MyWork/ideaPreviewMeta.tsx
/Users/piotrwisniewski/Developer/codex-wt/d-k6-execution-labels-w73/src/components/MyWork/IdeaPreview.tsx
/Users/piotrwisniewski/Developer/codex-wt/d-k6-execution-labels-w73/src/components/MyWork/ideaConvertTargets.ts
/Users/piotrwisniewski/Developer/codex-wt/d-k6-execution-labels-w73/src/components/MyWork/IdeaStageSelectCell.tsx
/Users/piotrwisniewski/Developer/codex-wt/d-k6-execution-labels-w73/src/components/MyWork/IdeasTableContent.tsx
/Users/piotrwisniewski/Developer/codex-wt/d-k6-execution-labels-w73/src/components/MyWork/shared/KeyboardShortcutsHelp.tsx
/Users/piotrwisniewski/Developer/codex-wt/d-k6-execution-labels-w73/src/components/MyWork/MyIdeasListContent.tsx
/Users/piotrwisniewski/Developer/codex-wt/d-k6-execution-labels-w73/src/utils/m03TasksStandardTableFlag.ts
/Users/piotrwisniewski/Developer/codex-wt/d-k6-execution-labels-w73/src/components/MyWork/shared/BulkEditPopovers.tsx
/Users/piotrwisniewski/Developer/codex-wt/d-k6-execution-labels-w73/src/components/MyWork/shared/ColumnConfigMenu.tsx
/Users/piotrwisniewski/Developer/codex-wt/d-k6-execution-labels-w73/src/components/MyWork/shared/SavedViewsMenu.tsx
/Users/piotrwisniewski/Developer/codex-wt/d-k6-execution-labels-w73/src/components/MyWork/MyTasksListContent.tsx
/Users/piotrwisniewski/Developer/codex-wt/d-k6-execution-labels-w73/src/services/notebookVersionSnapshot.ts
/Users/piotrwisniewski/Developer/codex-wt/d-k6-execution-labels-w73/src/components/shared/WorkspaceTools.tsx
/Users/piotrwisniewski/Developer/codex-wt/d-k6-execution-labels-w73/src/components/MyWork/notebook/AIChatInlinePanel.tsx
/Users/piotrwisniewski/Developer/codex-wt/d-k6-execution-labels-w73/src/components/MyWork/notebook/AICommandPrompt.tsx
/Users/piotrwisniewski/Developer/codex-wt/d-k6-execution-labels-w73/src/components/MyWork/notebook/AIInlineResponse.tsx
/Users/piotrwisniewski/Developer/codex-wt/d-k6-execution-labels-w73/src/components/MyWork/notebook/ConvertChecklistModal.tsx
/Users/piotrwisniewski/Developer/Consultify/node_modules/date-fns/constants.d.ts
/Users/piotrwisniewski/Developer/Consultify/node_modules/date-fns/locale/types.d.ts
/Users/piotrwisniewski/Developer/Consultify/node_modules/date-fns/fp/types.d.ts
/Users/piotrwisniewski/Developer/Consultify/node_modules/date-fns/types.d.ts
/Users/piotrwisniewski/Developer/Consultify/node_modules/date-fns/add.d.ts
/Users/piotrwisniewski/Developer/Consultify/node_modules/date-fns/addBusinessDays.d.ts
/Users/piotrwisniewski/Developer/Consultify/node_modules/date-fns/addDays.d.ts
/Users/piotrwisniewski/Developer/Consultify/node_modules/date-fns/addHours.d.ts
/Users/piotrwisniewski/Developer/Consultify/node_modules/date-fns/addISOWeekYears.d.ts
/Users/piotrwisniewski/Developer/Consultify/node_modules/date-fns/addMilliseconds.d.ts
/Users/piotrwisniewski/Developer/Consultify/node_modules/date-fns/addMinutes.d.ts
/Users/piotrwisniewski/Developer/Consultify/node_modules/date-fns/addMonths.d.ts
/Users/piotrwisniewski/Developer/Consultify/node_modules/date-fns/addQuarters.d.ts
/Users/piotrwisniewski/Developer/Consultify/node_modules/date-fns/addSeconds.d.ts
/Users/piotrwisniewski/Developer/Consultify/node_modules/date-fns/addWeeks.d.ts
/Users/piotrwisniewski/Developer/Consultify/node_modules/date-fns/addYears.d.ts
/Users/piotrwisniewski/Developer/Consultify/node_modules/date-fns/areIntervalsOverlapping.d.ts
/Users/piotrwisniewski/Developer/Consultify/node_modules/date-fns/clamp.d.ts
/Users/piotrwisniewski/Developer/Consultify/node_modules/date-fns/closestIndexTo.d.ts
/Users/piotrwisniewski/Developer/Consultify/node_modules/date-fns/closestTo.d.ts
/Users/piotrwisniewski/Developer/Consultify/node_modules/date-fns/compareAsc.d.ts
/Users/piotrwisniewski/Developer/Consultify/node_modules/date-fns/compareDesc.d.ts
/Users/piotrwisniewski/Developer/Consultify/node_modules/date-fns/constructFrom.d.ts
/Users/piotrwisniewski/Developer/Consultify/node_modules/date-fns/constructNow.d.ts
/Users/piotrwisniewski/Developer/Consultify/node_modules/date-fns/daysToWeeks.d.ts
/Users/piotrwisniewski/Developer/Consultify/node_modules/date-fns/differenceInBusinessDays.d.ts
/Users/piotrwisniewski/Developer/Consultify/node_modules/date-fns/differenceInCalendarDays.d.ts
/Users/piotrwisniewski/Developer/Consultify/node_modules/date-fns/differenceInCalendarISOWeekYears.d.ts
/Users/piotrwisniewski/Developer/Consultify/node_modules/date-fns/differenceInCalendarISOWeeks.d.ts
/Users/piotrwisniewski/Developer/Consultify/node_modules/date-fns/differenceInCalendarMonths.d.ts
/Users/piotrwisniewski/Developer/Consultify/node_modules/date-fns/differenceInCalendarQuarters.d.ts
/Users/piotrwisniewski/Developer/Consultify/node_modules/date-fns/differenceInCalendarWeeks.d.ts
/Users/piotrwisniewski/Developer/Consultify/node_modules/date-fns/differenceInCalendarYears.d.ts
/Users/piotrwisniewski/Developer/Consultify/node_modules/date-fns/differenceInDays.d.ts
/Users/piotrwisniewski/Developer/Consultify/node_modules/date-fns/differenceInHours.d.ts
/Users/piotrwisniewski/Developer/Consultify/node_modules/date-fns/differenceInISOWeekYears.d.ts
/Users/piotrwisniewski/Developer/Consultify/node_modules/date-fns/differenceInMilliseconds.d.ts
/Users/piotrwisniewski/Developer/Consultify/node_modules/date-fns/differenceInMinutes.d.ts
/Users/piotrwisniewski/Developer/Consultify/node_modules/date-fns/differenceInMonths.d.ts
/Users/piotrwisniewski/Developer/Consultify/node_modules/date-fns/differenceInQuarters.d.ts
/Users/piotrwisniewski/Developer/Consultify/node_modules/date-fns/differenceInSeconds.d.ts
/Users/piotrwisniewski/Developer/Consultify/node_modules/date-fns/differenceInWeeks.d.ts
/Users/piotrwisniewski/Developer/Consultify/node_modules/date-fns/differenceInYears.d.ts
/Users/piotrwisniewski/Developer/Consultify/node_modules/date-fns/eachDayOfInterval.d.ts
/Users/piotrwisniewski/Developer/Consultify/node_modules/date-fns/eachHourOfInterval.d.ts
/Users/piotrwisniewski/Developer/Consultify/node_modules/date-fns/eachMinuteOfInterval.d.ts
/Users/piotrwisniewski/Developer/Consultify/node_modules/date-fns/eachMonthOfInterval.d.ts
/Users/piotrwisniewski/Developer/Consultify/node_modules/date-fns/eachQuarterOfInterval.d.ts
/Users/piotrwisniewski/Developer/Consultify/node_modules/date-fns/eachWeekOfInterval.d.ts
/Users/piotrwisniewski/Developer/Consultify/node_modules/date-fns/eachWeekendOfInterval.d.ts
/Users/piotrwisniewski/Developer/Consultify/node_modules/date-fns/eachWeekendOfMonth.d.ts
/Users/piotrwisniewski/Developer/Consultify/node_modules/date-fns/eachWeekendOfYear.d.ts
/Users/piotrwisniewski/Developer/Consultify/node_modules/date-fns/eachYearOfInterval.d.ts
/Users/piotrwisniewski/Developer/Consultify/node_modules/date-fns/endOfDay.d.ts
/Users/piotrwisniewski/Developer/Consultify/node_modules/date-fns/endOfDecade.d.ts
/Users/piotrwisniewski/Developer/Consultify/node_modules/date-fns/endOfHour.d.ts
/Users/piotrwisniewski/Developer/Consultify/node_modules/date-fns/endOfISOWeek.d.ts
/Users/piotrwisniewski/Developer/Consultify/node_modules/date-fns/endOfISOWeekYear.d.ts
/Users/piotrwisniewski/Developer/Consultify/node_modules/date-fns/endOfMinute.d.ts
/Users/piotrwisniewski/Developer/Consultify/node_modules/date-fns/endOfMonth.d.ts
/Users/piotrwisniewski/Developer/Consultify/node_modules/date-fns/endOfQuarter.d.ts
/Users/piotrwisniewski/Developer/Consultify/node_modules/date-fns/endOfSecond.d.ts
/Users/piotrwisniewski/Developer/Consultify/node_modules/date-fns/endOfToday.d.ts
/Users/piotrwisniewski/Developer/Consultify/node_modules/date-fns/endOfTomorrow.d.ts
/Users/piotrwisniewski/Developer/Consultify/node_modules/date-fns/endOfWeek.d.ts
/Users/piotrwisniewski/Developer/Consultify/node_modules/date-fns/endOfYear.d.ts
/Users/piotrwisniewski/Developer/Consultify/node_modules/date-fns/endOfYesterday.d.ts
/Users/piotrwisniewski/Developer/Consultify/node_modules/date-fns/_lib/format/formatters.d.ts
/Users/piotrwisniewski/Developer/Consultify/node_modules/date-fns/_lib/format/longFormatters.d.ts
/Users/piotrwisniewski/Developer/Consultify/node_modules/date-fns/format.d.ts
/Users/piotrwisniewski/Developer/Consultify/node_modules/date-fns/formatDistance.d.ts
/Users/piotrwisniewski/Developer/Consultify/node_modules/date-fns/formatDistanceStrict.d.ts
/Users/piotrwisniewski/Developer/Consultify/node_modules/date-fns/formatDistanceToNow.d.ts
/Users/piotrwisniewski/Developer/Consultify/node_modules/date-fns/formatDistanceToNowStrict.d.ts
/Users/piotrwisniewski/Developer/Consultify/node_modules/date-fns/formatDuration.d.ts
/Users/piotrwisniewski/Developer/Consultify/node_modules/date-fns/formatISO.d.ts
/Users/piotrwisniewski/Developer/Consultify/node_modules/date-fns/formatISO9075.d.ts
/Users/piotrwisniewski/Developer/Consultify/node_modules/date-fns/formatISODuration.d.ts
/Users/piotrwisniewski/Developer/Consultify/node_modules/date-fns/formatRFC3339.d.ts
/Users/piotrwisniewski/Developer/Consultify/node_modules/date-fns/formatRFC7231.d.ts
/Users/piotrwisniewski/Developer/Consultify/node_modules/date-fns/formatRelative.d.ts
/Users/piotrwisniewski/Developer/Consultify/node_modules/date-fns/fromUnixTime.d.ts
/Users/piotrwisniewski/Developer/Consultify/node_modules/date-fns/getDate.d.ts
/Users/piotrwisniewski/Developer/Consultify/node_modules/date-fns/getDay.d.ts
/Users/piotrwisniewski/Developer/Consultify/node_modules/date-fns/getDayOfYear.d.ts
/Users/piotrwisniewski/Developer/Consultify/node_modules/date-fns/getDaysInMonth.d.ts
/Users/piotrwisniewski/Developer/Consultify/node_modules/date-fns/getDaysInYear.d.ts
/Users/piotrwisniewski/Developer/Consultify/node_modules/date-fns/getDecade.d.ts
/Users/piotrwisniewski/Developer/Consultify/node_modules/date-fns/_lib/defaultOptions.d.ts
/Users/piotrwisniewski/Developer/Consultify/node_modules/date-fns/getDefaultOptions.d.ts
/Users/piotrwisniewski/Developer/Consultify/node_modules/date-fns/getHours.d.ts
/Users/piotrwisniewski/Developer/Consultify/node_modules/date-fns/getISODay.d.ts
/Users/piotrwisniewski/Developer/Consultify/node_modules/date-fns/getISOWeek.d.ts
/Users/piotrwisniewski/Developer/Consultify/node_modules/date-fns/getISOWeekYear.d.ts
/Users/piotrwisniewski/Developer/Consultify/node_modules/date-fns/getISOWeeksInYear.d.ts
/Users/piotrwisniewski/Developer/Consultify/node_modules/date-fns/getMilliseconds.d.ts
/Users/piotrwisniewski/Developer/Consultify/node_modules/date-fns/getMinutes.d.ts
/Users/piotrwisniewski/Developer/Consultify/node_modules/date-fns/getMonth.d.ts
/Users/piotrwisniewski/Developer/Consultify/node_modules/date-fns/getOverlappingDaysInIntervals.d.ts
/Users/piotrwisniewski/Developer/Consultify/node_modules/date-fns/getQuarter.d.ts
/Users/piotrwisniewski/Developer/Consultify/node_modules/date-fns/getSeconds.d.ts
/Users/piotrwisniewski/Developer/Consultify/node_modules/date-fns/getTime.d.ts
/Users/piotrwisniewski/Developer/Consultify/node_modules/date-fns/getUnixTime.d.ts
/Users/piotrwisniewski/Developer/Consultify/node_modules/date-fns/getWeek.d.ts
/Users/piotrwisniewski/Developer/Consultify/node_modules/date-fns/getWeekOfMonth.d.ts
/Users/piotrwisniewski/Developer/Consultify/node_modules/date-fns/getWeekYear.d.ts
/Users/piotrwisniewski/Developer/Consultify/node_modules/date-fns/getWeeksInMonth.d.ts
/Users/piotrwisniewski/Developer/Consultify/node_modules/date-fns/getYear.d.ts
/Users/piotrwisniewski/Developer/Consultify/node_modules/date-fns/hoursToMilliseconds.d.ts
/Users/piotrwisniewski/Developer/Consultify/node_modules/date-fns/hoursToMinutes.d.ts
/Users/piotrwisniewski/Developer/Consultify/node_modules/date-fns/hoursToSeconds.d.ts
/Users/piotrwisniewski/Developer/Consultify/node_modules/date-fns/interval.d.ts
/Users/piotrwisniewski/Developer/Consultify/node_modules/date-fns/intervalToDuration.d.ts
/Users/piotrwisniewski/Developer/Consultify/node_modules/date-fns/intlFormat.d.ts
/Users/piotrwisniewski/Developer/Consultify/node_modules/date-fns/intlFormatDistance.d.ts
/Users/piotrwisniewski/Developer/Consultify/node_modules/date-fns/isAfter.d.ts
/Users/piotrwisniewski/Developer/Consultify/node_modules/date-fns/isBefore.d.ts
/Users/piotrwisniewski/Developer/Consultify/node_modules/date-fns/isDate.d.ts
/Users/piotrwisniewski/Developer/Consultify/node_modules/date-fns/isEqual.d.ts
/Users/piotrwisniewski/Developer/Consultify/node_modules/date-fns/isExists.d.ts
/Users/piotrwisniewski/Developer/Consultify/node_modules/date-fns/isFirstDayOfMonth.d.ts
/Users/piotrwisniewski/Developer/Consultify/node_modules/date-fns/isFriday.d.ts
/Users/piotrwisniewski/Developer/Consultify/node_modules/date-fns/isFuture.d.ts
/Users/piotrwisniewski/Developer/Consultify/node_modules/date-fns/isLastDayOfMonth.d.ts
/Users/piotrwisniewski/Developer/Consultify/node_modules/date-fns/isLeapYear.d.ts
/Users/piotrwisniewski/Developer/Consultify/node_modules/date-fns/isMatch.d.ts
/Users/piotrwisniewski/Developer/Consultify/node_modules/date-fns/isMonday.d.ts
/Users/piotrwisniewski/Developer/Consultify/node_modules/date-fns/isPast.d.ts
/Users/piotrwisniewski/Developer/Consultify/node_modules/date-fns/isSameDay.d.ts
/Users/piotrwisniewski/Developer/Consultify/node_modules/date-fns/isSameHour.d.ts
/Users/piotrwisniewski/Developer/Consultify/node_modules/date-fns/isSameISOWeek.d.ts
/Users/piotrwisniewski/Developer/Consultify/node_modules/date-fns/isSameISOWeekYear.d.ts
/Users/piotrwisniewski/Developer/Consultify/node_modules/date-fns/isSameMinute.d.ts
/Users/piotrwisniewski/Developer/Consultify/node_modules/date-fns/isSameMonth.d.ts
/Users/piotrwisniewski/Developer/Consultify/node_modules/date-fns/isSameQuarter.d.ts
/Users/piotrwisniewski/Developer/Consultify/node_modules/date-fns/isSameSecond.d.ts
/Users/piotrwisniewski/Developer/Consultify/node_modules/date-fns/isSameWeek.d.ts
/Users/piotrwisniewski/Developer/Consultify/node_modules/date-fns/isSameYear.d.ts
/Users/piotrwisniewski/Developer/Consultify/node_modules/date-fns/isSaturday.d.ts
/Users/piotrwisniewski/Developer/Consultify/node_modules/date-fns/isSunday.d.ts
/Users/piotrwisniewski/Developer/Consultify/node_modules/date-fns/isThisHour.d.ts
/Users/piotrwisniewski/Developer/Consultify/node_modules/date-fns/isThisISOWeek.d.ts
/Users/piotrwisniewski/Developer/Consultify/node_modules/date-fns/isThisMinute.d.ts
/Users/piotrwisniewski/Developer/Consultify/node_modules/date-fns/isThisMonth.d.ts
/Users/piotrwisniewski/Developer/Consultify/node_modules/date-fns/isThisQuarter.d.ts
/Users/piotrwisniewski/Developer/Consultify/node_modules/date-fns/isThisSecond.d.ts
/Users/piotrwisniewski/Developer/Consultify/node_modules/date-fns/isThisWeek.d.ts
/Users/piotrwisniewski/Developer/Consultify/node_modules/date-fns/isThisYear.d.ts
/Users/piotrwisniewski/Developer/Consultify/node_modules/date-fns/isThursday.d.ts
/Users/piotrwisniewski/Developer/Consultify/node_modules/date-fns/isToday.d.ts
/Users/piotrwisniewski/Developer/Consultify/node_modules/date-fns/isTomorrow.d.ts
/Users/piotrwisniewski/Developer/Consultify/node_modules/date-fns/isTuesday.d.ts
/Users/piotrwisniewski/Developer/Consultify/node_modules/date-fns/isValid.d.ts
/Users/piotrwisniewski/Developer/Consultify/node_modules/date-fns/isWednesday.d.ts
/Users/piotrwisniewski/Developer/Consultify/node_modules/date-fns/isWeekend.d.ts
/Users/piotrwisniewski/Developer/Consultify/node_modules/date-fns/isWithinInterval.d.ts
/Users/piotrwisniewski/Developer/Consultify/node_modules/date-fns/isYesterday.d.ts
/Users/piotrwisniewski/Developer/Consultify/node_modules/date-fns/lastDayOfDecade.d.ts
/Users/piotrwisniewski/Developer/Consultify/node_modules/date-fns/lastDayOfISOWeek.d.ts
/Users/piotrwisniewski/Developer/Consultify/node_modules/date-fns/lastDayOfISOWeekYear.d.ts
/Users/piotrwisniewski/Developer/Consultify/node_modules/date-fns/lastDayOfMonth.d.ts
/Users/piotrwisniewski/Developer/Consultify/node_modules/date-fns/lastDayOfQuarter.d.ts
/Users/piotrwisniewski/Developer/Consultify/node_modules/date-fns/lastDayOfWeek.d.ts
/Users/piotrwisniewski/Developer/Consultify/node_modules/date-fns/lastDayOfYear.d.ts
/Users/piotrwisniewski/Developer/Consultify/node_modules/date-fns/_lib/format/lightFormatters.d.ts
/Users/piotrwisniewski/Developer/Consultify/node_modules/date-fns/lightFormat.d.ts
/Users/piotrwisniewski/Developer/Consultify/node_modules/date-fns/max.d.ts
/Users/piotrwisniewski/Developer/Consultify/node_modules/date-fns/milliseconds.d.ts
/Users/piotrwisniewski/Developer/Consultify/node_modules/date-fns/millisecondsToHours.d.ts
/Users/piotrwisniewski/Developer/Consultify/node_modules/date-fns/millisecondsToMinutes.d.ts
/Users/piotrwisniewski/Developer/Consultify/node_modules/date-fns/millisecondsToSeconds.d.ts
/Users/piotrwisniewski/Developer/Consultify/node_modules/date-fns/min.d.ts
/Users/piotrwisniewski/Developer/Consultify/node_modules/date-fns/minutesToHours.d.ts
/Users/piotrwisniewski/Developer/Consultify/node_modules/date-fns/minutesToMilliseconds.d.ts
/Users/piotrwisniewski/Developer/Consultify/node_modules/date-fns/minutesToSeconds.d.ts
/Users/piotrwisniewski/Developer/Consultify/node_modules/date-fns/monthsToQuarters.d.ts
/Users/piotrwisniewski/Developer/Consultify/node_modules/date-fns/monthsToYears.d.ts
/Users/piotrwisniewski/Developer/Consultify/node_modules/date-fns/nextDay.d.ts
/Users/piotrwisniewski/Developer/Consultify/node_modules/date-fns/nextFriday.d.ts
/Users/piotrwisniewski/Developer/Consultify/node_modules/date-fns/nextMonday.d.ts
/Users/piotrwisniewski/Developer/Consultify/node_modules/date-fns/nextSaturday.d.ts
/Users/piotrwisniewski/Developer/Consultify/node_modules/date-fns/nextSunday.d.ts
/Users/piotrwisniewski/Developer/Consultify/node_modules/date-fns/nextThursday.d.ts
/Users/piotrwisniewski/Developer/Consultify/node_modules/date-fns/nextTuesday.d.ts
/Users/piotrwisniewski/Developer/Consultify/node_modules/date-fns/nextWednesday.d.ts
/Users/piotrwisniewski/Developer/Consultify/node_modules/date-fns/parse/_lib/types.d.ts
/Users/piotrwisniewski/Developer/Consultify/node_modules/date-fns/parse/_lib/Setter.d.ts
/Users/piotrwisniewski/Developer/Consultify/node_modules/date-fns/parse/_lib/Parser.d.ts
/Users/piotrwisniewski/Developer/Consultify/node_modules/date-fns/parse/_lib/parsers.d.ts
/Users/piotrwisniewski/Developer/Consultify/node_modules/date-fns/parse.d.ts
/Users/piotrwisniewski/Developer/Consultify/node_modules/date-fns/parseISO.d.ts
/Users/piotrwisniewski/Developer/Consultify/node_modules/date-fns/parseJSON.d.ts
/Users/piotrwisniewski/Developer/Consultify/node_modules/date-fns/previousDay.d.ts
/Users/piotrwisniewski/Developer/Consultify/node_modules/date-fns/previousFriday.d.ts
/Users/piotrwisniewski/Developer/Consultify/node_modules/date-fns/previousMonday.d.ts
/Users/piotrwisniewski/Developer/Consultify/node_modules/date-fns/previousSaturday.d.ts
/Users/piotrwisniewski/Developer/Consultify/node_modules/date-fns/previousSunday.d.ts
/Users/piotrwisniewski/Developer/Consultify/node_modules/date-fns/previousThursday.d.ts
/Users/piotrwisniewski/Developer/Consultify/node_modules/date-fns/previousTuesday.d.ts
/Users/piotrwisniewski/Developer/Consultify/node_modules/date-fns/previousWednesday.d.ts
/Users/piotrwisniewski/Developer/Consultify/node_modules/date-fns/quartersToMonths.d.ts
/Users/piotrwisniewski/Developer/Consultify/node_modules/date-fns/quartersToYears.d.ts
/Users/piotrwisniewski/Developer/Consultify/node_modules/date-fns/roundToNearestHours.d.ts
/Users/piotrwisniewski/Developer/Consultify/node_modules/date-fns/roundToNearestMinutes.d.ts
/Users/piotrwisniewski/Developer/Consultify/node_modules/date-fns/secondsToHours.d.ts
/Users/piotrwisniewski/Developer/Consultify/node_modules/date-fns/secondsToMilliseconds.d.ts
/Users/piotrwisniewski/Developer/Consultify/node_modules/date-fns/secondsToMinutes.d.ts
/Users/piotrwisniewski/Developer/Consultify/node_modules/date-fns/set.d.ts
/Users/piotrwisniewski/Developer/Consultify/node_modules/date-fns/setDate.d.ts
/Users/piotrwisniewski/Developer/Consultify/node_modules/date-fns/setDay.d.ts
/Users/piotrwisniewski/Developer/Consultify/node_modules/date-fns/setDayOfYear.d.ts
/Users/piotrwisniewski/Developer/Consultify/node_modules/date-fns/setDefaultOptions.d.ts
/Users/piotrwisniewski/Developer/Consultify/node_modules/date-fns/setHours.d.ts
/Users/piotrwisniewski/Developer/Consultify/node_modules/date-fns/setISODay.d.ts
/Users/piotrwisniewski/Developer/Consultify/node_modules/date-fns/setISOWeek.d.ts
/Users/piotrwisniewski/Developer/Consultify/node_modules/date-fns/setISOWeekYear.d.ts
/Users/piotrwisniewski/Developer/Consultify/node_modules/date-fns/setMilliseconds.d.ts
/Users/piotrwisniewski/Developer/Consultify/node_modules/date-fns/setMinutes.d.ts
/Users/piotrwisniewski/Developer/Consultify/node_modules/date-fns/setMonth.d.ts
/Users/piotrwisniewski/Developer/Consultify/node_modules/date-fns/setQuarter.d.ts
/Users/piotrwisniewski/Developer/Consultify/node_modules/date-fns/setSeconds.d.ts
/Users/piotrwisniewski/Developer/Consultify/node_modules/date-fns/setWeek.d.ts
/Users/piotrwisniewski/Developer/Consultify/node_modules/date-fns/setWeekYear.d.ts
/Users/piotrwisniewski/Developer/Consultify/node_modules/date-fns/setYear.d.ts
/Users/piotrwisniewski/Developer/Consultify/node_modules/date-fns/startOfDay.d.ts
/Users/piotrwisniewski/Developer/Consultify/node_modules/date-fns/startOfDecade.d.ts
/Users/piotrwisniewski/Developer/Consultify/node_modules/date-fns/startOfHour.d.ts
/Users/piotrwisniewski/Developer/Consultify/node_modules/date-fns/startOfISOWeek.d.ts
/Users/piotrwisniewski/Developer/Consultify/node_modules/date-fns/startOfISOWeekYear.d.ts
/Users/piotrwisniewski/Developer/Consultify/node_modules/date-fns/startOfMinute.d.ts
/Users/piotrwisniewski/Developer/Consultify/node_modules/date-fns/startOfMonth.d.ts
/Users/piotrwisniewski/Developer/Consultify/node_modules/date-fns/startOfQuarter.d.ts
/Users/piotrwisniewski/Developer/Consultify/node_modules/date-fns/startOfSecond.d.ts
/Users/piotrwisniewski/Developer/Consultify/node_modules/date-fns/startOfToday.d.ts
/Users/piotrwisniewski/Developer/Consultify/node_modules/date-fns/startOfTomorrow.d.ts
/Users/piotrwisniewski/Developer/Consultify/node_modules/date-fns/startOfWeek.d.ts
/Users/piotrwisniewski/Developer/Consultify/node_modules/date-fns/startOfWeekYear.d.ts
/Users/piotrwisniewski/Developer/Consultify/node_modules/date-fns/startOfYear.d.ts
/Users/piotrwisniewski/Developer/Consultify/node_modules/date-fns/startOfYesterday.d.ts
/Users/piotrwisniewski/Developer/Consultify/node_modules/date-fns/sub.d.ts
/Users/piotrwisniewski/Developer/Consultify/node_modules/date-fns/subBusinessDays.d.ts
/Users/piotrwisniewski/Developer/Consultify/node_modules/date-fns/subDays.d.ts
/Users/piotrwisniewski/Developer/Consultify/node_modules/date-fns/subHours.d.ts
/Users/piotrwisniewski/Developer/Consultify/node_modules/date-fns/subISOWeekYears.d.ts
/Users/piotrwisniewski/Developer/Consultify/node_modules/date-fns/subMilliseconds.d.ts
/Users/piotrwisniewski/Developer/Consultify/node_modules/date-fns/subMinutes.d.ts
/Users/piotrwisniewski/Developer/Consultify/node_modules/date-fns/subMonths.d.ts
/Users/piotrwisniewski/Developer/Consultify/node_modules/date-fns/subQuarters.d.ts
/Users/piotrwisniewski/Developer/Consultify/node_modules/date-fns/subSeconds.d.ts
/Users/piotrwisniewski/Developer/Consultify/node_modules/date-fns/subWeeks.d.ts
/Users/piotrwisniewski/Developer/Consultify/node_modules/date-fns/subYears.d.ts
/Users/piotrwisniewski/Developer/Consultify/node_modules/date-fns/toDate.d.ts
/Users/piotrwisniewski/Developer/Consultify/node_modules/date-fns/transpose.d.ts
/Users/piotrwisniewski/Developer/Consultify/node_modules/date-fns/weeksToDays.d.ts
/Users/piotrwisniewski/Developer/Consultify/node_modules/date-fns/yearsToDays.d.ts
/Users/piotrwisniewski/Developer/Consultify/node_modules/date-fns/yearsToMonths.d.ts
/Users/piotrwisniewski/Developer/Consultify/node_modules/date-fns/yearsToQuarters.d.ts
/Users/piotrwisniewski/Developer/Consultify/node_modules/date-fns/index.d.ts
/Users/piotrwisniewski/Developer/codex-wt/d-k6-execution-labels-w73/src/components/MyWork/notebook/NewPageModal.tsx
/Users/piotrwisniewski/Developer/codex-wt/d-k6-execution-labels-w73/src/components/MyWork/shared/AttachmentsSection.tsx
/Users/piotrwisniewski/Developer/codex-wt/d-k6-execution-labels-w73/src/components/MyWork/notebook/NotebookAttachmentsSection.tsx
/Users/piotrwisniewski/Developer/codex-wt/d-k6-execution-labels-w73/src/components/MyWork/notebook/NotebookBacklinksBar.tsx
/Users/piotrwisniewski/Developer/Consultify/node_modules/@floating-ui/utils/dist/floating-ui.utils.d.mts
/Users/piotrwisniewski/Developer/Consultify/node_modules/@floating-ui/core/dist/floating-ui.core.d.mts
/Users/piotrwisniewski/Developer/Consultify/node_modules/@floating-ui/utils/dist/floating-ui.utils.dom.d.mts
/Users/piotrwisniewski/Developer/Consultify/node_modules/@floating-ui/dom/dist/floating-ui.dom.d.mts
/Users/piotrwisniewski/Developer/Consultify/node_modules/@tiptap/extension-bubble-menu/dist/index.d.ts
/Users/piotrwisniewski/Developer/Consultify/node_modules/@tiptap/extension-floating-menu/dist/index.d.ts
/Users/piotrwisniewski/Developer/Consultify/node_modules/@tiptap/react/dist/menus/index.d.ts
/Users/piotrwisniewski/Developer/codex-wt/d-k6-execution-labels-w73/src/components/MyWork/notebook/notebookActionRegistry.ts
/Users/piotrwisniewski/Developer/codex-wt/d-k6-execution-labels-w73/src/components/MyWork/notebook/NotebookBubbleToolbar.tsx
/Users/piotrwisniewski/Developer/codex-wt/d-k6-execution-labels-w73/src/components/MyWork/notebook/notebookCaptureSourceSummary.ts
/Users/piotrwisniewski/Developer/codex-wt/d-k6-execution-labels-w73/src/components/MyWork/notebook/notebookExpandToDocument.ts
/Users/piotrwisniewski/Developer/Consultify/node_modules/jspdf/types/index.d.ts
/Users/piotrwisniewski/Developer/Consultify/node_modules/jszip/index.d.ts
/Users/piotrwisniewski/Developer/Consultify/node_modules/xml-js/types/index.d.ts
/Users/piotrwisniewski/Developer/Consultify/node_modules/docx/dist/index.d.ts
/Users/piotrwisniewski/Developer/codex-wt/d-k6-execution-labels-w73/src/utils/notebookExport.ts
/Users/piotrwisniewski/Developer/codex-wt/d-k6-execution-labels-w73/src/components/MyWork/notebook/NotebookExportMenu.tsx
/Users/piotrwisniewski/Developer/codex-wt/d-k6-execution-labels-w73/src/components/MyWork/notebook/NotebookGraphView.tsx
/Users/piotrwisniewski/Developer/codex-wt/d-k6-execution-labels-w73/src/components/MyWork/notebook/NotebookGraphPanel.tsx
/Users/piotrwisniewski/Developer/codex-wt/d-k6-execution-labels-w73/src/components/MyWork/notebook/NotebookHamburgerMenu.tsx
/Users/piotrwisniewski/Developer/codex-wt/d-k6-execution-labels-w73/src/components/DocumentStudio/inline-ai/inlineActionPrompts.ts
/Users/piotrwisniewski/Developer/codex-wt/d-k6-execution-labels-w73/src/components/MyWork/notebook/NotebookInlineAIMenu.tsx
/Users/piotrwisniewski/Developer/codex-wt/d-k6-execution-labels-w73/src/components/MyWork/notebook/NotebookMentionMenu.tsx
/Users/piotrwisniewski/Developer/codex-wt/d-k6-execution-labels-w73/src/components/MyWork/notebook/NotebookPageListRow.tsx
/Users/piotrwisniewski/Developer/codex-wt/d-k6-execution-labels-w73/src/components/MyWork/notebook/NotebookPresenceStack.tsx
/Users/piotrwisniewski/Developer/codex-wt/d-k6-execution-labels-w73/src/components/MyWork/notebook/NotebookQuickCapture.tsx
/Users/piotrwisniewski/Developer/codex-wt/d-k6-execution-labels-w73/src/components/MyWork/notebook/notebookReminderSummary.ts
/Users/piotrwisniewski/Developer/codex-wt/d-k6-execution-labels-w73/src/components/MyWork/notebook/NotebookReminderChip.tsx
/Users/piotrwisniewski/Developer/codex-wt/d-k6-execution-labels-w73/src/components/standard/ArtifactRightPanel.tsx
/Users/piotrwisniewski/Developer/codex-wt/d-k6-execution-labels-w73/src/components/shared/ExecutiveModuleShell/RailResizeHandle.tsx
/Users/piotrwisniewski/Developer/codex-wt/d-k6-execution-labels-w73/src/components/shared/ExecutiveModuleShell/RightRail.tsx
/Users/piotrwisniewski/Developer/codex-wt/d-k6-execution-labels-w73/src/components/standard/ArtifactRightRail.tsx
/Users/piotrwisniewski/Developer/codex-wt/d-k6-execution-labels-w73/src/utils/artifactRightRailFlag.ts
/Users/piotrwisniewski/Developer/codex-wt/d-k6-execution-labels-w73/src/components/ReportsAndPresentations/materialsOwnerSampleData.ts
/Users/piotrwisniewski/Developer/codex-wt/d-k6-execution-labels-w73/src/components/ReportsAndPresentations/useRapData.ts
/Users/piotrwisniewski/Developer/codex-wt/d-k6-execution-labels-w73/src/components/MyWork/notebook/PulseItemPickerModal.tsx
/Users/piotrwisniewski/Developer/codex-wt/d-k6-execution-labels-w73/src/components/MyWork/notebook/NotebookContextPanel.tsx
/Users/piotrwisniewski/Developer/codex-wt/d-k6-execution-labels-w73/src/components/MyWork/notebook/NotebookProgressChip.tsx
/Users/piotrwisniewski/Developer/codex-wt/d-k6-execution-labels-w73/src/components/MyWork/notebook/NotebookToolbar.tsx
/Users/piotrwisniewski/Developer/codex-wt/d-k6-execution-labels-w73/src/components/MyWork/notebook/NotebookTopicChips.tsx
/Users/piotrwisniewski/Developer/codex-wt/d-k6-execution-labels-w73/src/components/MyWork/notebook/notebookSpecAShellFlag.ts
/Users/piotrwisniewski/Developer/codex-wt/d-k6-execution-labels-w73/src/utils/ideaNotebookRightPanelPrototypeFlag.ts
/Users/piotrwisniewski/Developer/codex-wt/d-k6-execution-labels-w73/src/components/MyWork/prototypes/IdeaNotebookRightPanelPrototype.tsx
/Users/piotrwisniewski/Developer/codex-wt/d-k6-execution-labels-w73/src/components/MyWork/notebook/NotebookRightRail.tsx
/Users/piotrwisniewski/Developer/codex-wt/d-k6-execution-labels-w73/src/components/MyWork/notebook/NotebookTopicView.tsx
/Users/piotrwisniewski/Developer/codex-wt/d-k6-execution-labels-w73/src/components/MyWork/notebook/NotebookVersionHistory.tsx
/Users/piotrwisniewski/Developer/codex-wt/d-k6-execution-labels-w73/src/components/MyWork/notebook/notebookViewLensPredicates.ts
/Users/piotrwisniewski/Developer/codex-wt/d-k6-execution-labels-w73/src/components/MyWork/notebook/NotebookViewFilterSelect.tsx
/Users/piotrwisniewski/Developer/codex-wt/d-k6-execution-labels-w73/src/components/MyWork/notebook/NoteCoverPicker.tsx
/Users/piotrwisniewski/Developer/codex-wt/d-k6-execution-labels-w73/src/components/MyWork/notebook/SlashMenu.tsx
/Users/piotrwisniewski/Developer/codex-wt/d-k6-execution-labels-w73/src/components/MyWork/notebook/NotebookSearchDialog.tsx
/Users/piotrwisniewski/Developer/codex-wt/d-k6-execution-labels-w73/src/components/MyWork/notebook/useNotebookPresence.ts
/Users/piotrwisniewski/Developer/codex-wt/d-k6-execution-labels-w73/src/components/ui/tooltip.tsx
/Users/piotrwisniewski/Developer/codex-wt/d-k6-execution-labels-w73/src/components/MyWork/NotebookHeaderActions.tsx
/Users/piotrwisniewski/Developer/codex-wt/d-k6-execution-labels-w73/src/components/MyWork/notebookSearchMatch.ts
/Users/piotrwisniewski/Developer/codex-wt/d-k6-execution-labels-w73/src/components/MyWork/shared/askAiHelper.ts
/Users/piotrwisniewski/Developer/codex-wt/d-k6-execution-labels-w73/src/components/MyWork/NotebookContent.tsx
/Users/piotrwisniewski/Developer/codex-wt/d-k6-execution-labels-w73/src/components/MyWork/NotebookLibraryContent.tsx
/Users/piotrwisniewski/Developer/codex-wt/d-k6-execution-labels-w73/src/components/MyWork/mojaPracaWidocznosc.ts
/Users/piotrwisniewski/Developer/codex-wt/d-k6-execution-labels-w73/src/components/MyWork/tytulyKartMenu3.ts
/Users/piotrwisniewski/Developer/codex-wt/d-k6-execution-labels-w73/src/components/MyWork/openItemRouting.ts
/Users/piotrwisniewski/Developer/codex-wt/d-k6-execution-labels-w73/src/components/MyWork/ideaStartingPoints.ts
/Users/piotrwisniewski/Developer/codex-wt/d-k6-execution-labels-w73/src/components/MyWork/table/IdeaStartupTemplates.tsx
/Users/piotrwisniewski/Developer/codex-wt/d-k6-execution-labels-w73/src/hooks/usePresentationMode.ts
/Users/piotrwisniewski/Developer/codex-wt/d-k6-execution-labels-w73/src/hooks/useReducedMotion.ts
/Users/piotrwisniewski/Developer/codex-wt/d-k6-execution-labels-w73/src/components/shared/NModeLayout/cardSets.ts
/Users/piotrwisniewski/Developer/codex-wt/d-k6-execution-labels-w73/src/components/standard/registry.ts
/Users/piotrwisniewski/Developer/codex-wt/d-k6-execution-labels-w73/src/components/standard/cardContract.types.ts
/Users/piotrwisniewski/Developer/codex-wt/d-k6-execution-labels-w73/src/components/DiscoveryTools/toolCards.contract.ts
/Users/piotrwisniewski/Developer/codex-wt/d-k6-execution-labels-w73/src/components/Initiatives/sections/types.ts
/Users/piotrwisniewski/Developer/codex-wt/d-k6-execution-labels-w73/src/components/Initiatives/sections/initiativeCardContract.ts
/Users/piotrwisniewski/Developer/codex-wt/d-k6-execution-labels-w73/src/components/Interview/insightCardContract.ts
/Users/piotrwisniewski/Developer/codex-wt/d-k6-execution-labels-w73/src/components/MyWork/decisionCardContract.ts
/Users/piotrwisniewski/Developer/codex-wt/d-k6-execution-labels-w73/src/components/MyWork/notificationCardContract.ts
/Users/piotrwisniewski/Developer/codex-wt/d-k6-execution-labels-w73/src/components/MyWork/taskCardContract.ts
/Users/piotrwisniewski/Developer/codex-wt/d-k6-execution-labels-w73/src/services/cardAnalysis/cardAnalysisTypes.ts
/Users/piotrwisniewski/Developer/codex-wt/d-k6-execution-labels-w73/src/services/cardAnalysis/cardAnalysisRubric.ts
/Users/piotrwisniewski/Developer/codex-wt/d-k6-execution-labels-w73/src/services/cardAnalysis/cardAnalysisService.ts
/Users/piotrwisniewski/Developer/codex-wt/d-k6-execution-labels-w73/src/services/cardAnalysis/index.ts
/Users/piotrwisniewski/Developer/codex-wt/d-k6-execution-labels-w73/src/services/initiativeService.ts
/Users/piotrwisniewski/Developer/codex-wt/d-k6-execution-labels-w73/src/utils/createIdempotencyKey.ts
/Users/piotrwisniewski/Developer/codex-wt/d-k6-execution-labels-w73/src/components/shared/AIFieldEnhancer.tsx
/Users/piotrwisniewski/Developer/codex-wt/d-k6-execution-labels-w73/src/components/shared/ArtifactPermalinkButton.tsx
/Users/piotrwisniewski/Developer/codex-wt/d-k6-execution-labels-w73/src/components/shared/AutoFitTextarea.tsx
/Users/piotrwisniewski/Developer/codex-wt/d-k6-execution-labels-w73/src/hooks/useEffectiveAccess.ts
/Users/piotrwisniewski/Developer/codex-wt/d-k6-execution-labels-w73/src/components/shared/CapabilityGate.tsx
/Users/piotrwisniewski/Developer/codex-wt/d-k6-execution-labels-w73/src/components/shared/NModeLayout/NCardAIAnalysisPanel.tsx
/Users/piotrwisniewski/Developer/codex-wt/d-k6-execution-labels-w73/src/components/shared/NModeLayout/SectionErrorBoundary.tsx
/Users/piotrwisniewski/Developer/codex-wt/d-k6-execution-labels-w73/src/components/shared/NModeLayout/types.ts
/Users/piotrwisniewski/Developer/codex-wt/d-k6-execution-labels-w73/src/components/shared/NModeLayout/NModeCanvas.tsx
/Users/piotrwisniewski/Developer/codex-wt/d-k6-execution-labels-w73/src/components/shared/NModeLayout/useCardLayout.ts
/Users/piotrwisniewski/Developer/codex-wt/d-k6-execution-labels-w73/src/components/shared/NModeLayout/NModeCardManager.tsx
/Users/piotrwisniewski/Developer/codex-wt/d-k6-execution-labels-w73/src/components/shared/NModeLayout/NModeCardState.tsx
/Users/piotrwisniewski/Developer/codex-wt/d-k6-execution-labels-w73/src/components/MyWork/shared/PresentationModeSwitcher.tsx
/Users/piotrwisniewski/Developer/codex-wt/d-k6-execution-labels-w73/src/components/shared/NModeLayout/NModeHeader.tsx
/Users/piotrwisniewski/Developer/codex-wt/d-k6-execution-labels-w73/src/components/shared/NModeLayout/NModeLeftNav.tsx
/Users/piotrwisniewski/Developer/codex-wt/d-k6-execution-labels-w73/src/components/standard/pracujZAIzKartAnalizy.ts
/Users/piotrwisniewski/Developer/codex-wt/d-k6-execution-labels-w73/src/components/shared/NModeLayout/NModeMenu2.tsx
/Users/piotrwisniewski/Developer/codex-wt/d-k6-execution-labels-w73/src/components/shared/NModeLayout/FieldAIButton.tsx
/Users/piotrwisniewski/Developer/codex-wt/d-k6-execution-labels-w73/src/components/shared/NModeLayout/NModeSectionWrapper.tsx
/Users/piotrwisniewski/Developer/codex-wt/d-k6-execution-labels-w73/src/components/shared/NModeLayout/useCardAIAnalysis.ts
/Users/piotrwisniewski/Developer/codex-wt/d-k6-execution-labels-w73/src/components/shared/NModeSections/ActivityLogCanvas.tsx
/Users/piotrwisniewski/Developer/codex-wt/d-k6-execution-labels-w73/src/components/MyWork/shared/LinkedItemsSection.tsx
/Users/piotrwisniewski/Developer/codex-wt/d-k6-execution-labels-w73/src/components/shared/NModeSections/AttachmentsLinksCanvas.tsx
/Users/piotrwisniewski/Developer/codex-wt/d-k6-execution-labels-w73/src/components/shared/DateFilterSortControl.tsx
/Users/piotrwisniewski/Developer/codex-wt/d-k6-execution-labels-w73/src/components/shared/NModeSections/CommentsCanvas.tsx
/Users/piotrwisniewski/Developer/codex-wt/d-k6-execution-labels-w73/src/components/MyWork/shared/CommentsSection.tsx
/Users/piotrwisniewski/Developer/codex-wt/d-k6-execution-labels-w73/src/components/MyWork/shared/DraggableTaskRow.tsx
/Users/piotrwisniewski/Developer/codex-wt/d-k6-execution-labels-w73/src/components/MyWork/shared/EscalationRulesSection.tsx
/Users/piotrwisniewski/Developer/codex-wt/d-k6-execution-labels-w73/src/components/MyWork/shared/QuickActions.tsx
/Users/piotrwisniewski/Developer/codex-wt/d-k6-execution-labels-w73/src/components/MyWork/shared/StakeholdersSection.tsx
/Users/piotrwisniewski/Developer/codex-wt/d-k6-execution-labels-w73/src/components/MyWork/shared/TaskTemplates.tsx
/Users/piotrwisniewski/Developer/codex-wt/d-k6-execution-labels-w73/src/components/MyWork/shared/TaskTimer.tsx
/Users/piotrwisniewski/Developer/codex-wt/d-k6-execution-labels-w73/src/components/MyWork/shared/AlternativesSection.tsx
/Users/piotrwisniewski/Developer/codex-wt/d-k6-execution-labels-w73/src/components/MyWork/shared/DeadlineAlertBanner.tsx
/Users/piotrwisniewski/Developer/codex-wt/d-k6-execution-labels-w73/src/components/MyWork/shared/DecisionReadinessBar.tsx
/Users/piotrwisniewski/Developer/codex-wt/d-k6-execution-labels-w73/src/components/MyWork/shared/ImpactAssessmentCompact.tsx
/Users/piotrwisniewski/Developer/codex-wt/d-k6-execution-labels-w73/src/components/MyWork/shared/RiskAssessmentCompact.tsx
/Users/piotrwisniewski/Developer/codex-wt/d-k6-execution-labels-w73/src/components/MyWork/shared/AIInsightSection.tsx
/Users/piotrwisniewski/Developer/codex-wt/d-k6-execution-labels-w73/src/components/MyWork/shared/DependenciesSection.tsx
/Users/piotrwisniewski/Developer/codex-wt/d-k6-execution-labels-w73/src/components/MyWork/shared/EvidenceSection.tsx
/Users/piotrwisniewski/Developer/codex-wt/d-k6-execution-labels-w73/src/components/MyWork/shared/ImplementationIdeasSection.tsx
/Users/piotrwisniewski/Developer/codex-wt/d-k6-execution-labels-w73/src/components/MyWork/shared/index.ts
/Users/piotrwisniewski/Developer/codex-wt/d-k6-execution-labels-w73/src/components/shared/NModeSections/GovernanceCanvas.tsx
/Users/piotrwisniewski/Developer/codex-wt/d-k6-execution-labels-w73/src/components/shared/NModeSections/RaidCanvas.tsx
/Users/piotrwisniewski/Developer/codex-wt/d-k6-execution-labels-w73/src/components/shared/NModeSections/RiskCanvas.tsx
/Users/piotrwisniewski/Developer/codex-wt/d-k6-execution-labels-w73/src/components/shared/NModeSections/index.ts
/Users/piotrwisniewski/Developer/codex-wt/d-k6-execution-labels-w73/src/components/MyWork/notebook/notebookConvertedOutputSummary.ts
/Users/piotrwisniewski/Developer/codex-wt/d-k6-execution-labels-w73/src/components/MyWork/notebook/NotebookMetadataBadges.tsx
/Users/piotrwisniewski/Developer/codex-wt/d-k6-execution-labels-w73/src/components/MyWork/shared/AIConnections.tsx
/Users/piotrwisniewski/Developer/codex-wt/d-k6-execution-labels-w73/src/components/MyWork/shared/RelatedContext.tsx
/Users/piotrwisniewski/Developer/codex-wt/d-k6-execution-labels-w73/src/utils/enumLabels.ts
/Users/piotrwisniewski/Developer/codex-wt/d-k6-execution-labels-w73/src/components/MyWork/shared/RelatedItemsList.tsx
/Users/piotrwisniewski/Developer/codex-wt/d-k6-execution-labels-w73/src/components/standard/contractSections.ts
/Users/piotrwisniewski/Developer/codex-wt/d-k6-execution-labels-w73/src/components/MyWork/taskSectionVisibility.ts
/Users/piotrwisniewski/Developer/codex-wt/d-k6-execution-labels-w73/src/components/MyWork/TaskCardV2.tsx
/Users/piotrwisniewski/Developer/codex-wt/d-k6-execution-labels-w73/src/components/MyWork/taskCardV2Flag.ts
/Users/piotrwisniewski/Developer/codex-wt/d-k6-execution-labels-w73/src/components/MyWork/taskGeneratedSectionPersistence.ts
/Users/piotrwisniewski/Developer/codex-wt/d-k6-execution-labels-w73/src/components/MyWork/TaskDetailView.tsx
/Users/piotrwisniewski/Developer/codex-wt/d-k6-execution-labels-w73/src/services/api/evidence.api.ts
/Users/piotrwisniewski/Developer/codex-wt/d-k6-execution-labels-w73/src/components/standard/EvidencePanelSection.tsx
/Users/piotrwisniewski/Developer/codex-wt/d-k6-execution-labels-w73/src/components/standard/IdeaRightPanel.tsx
/Users/piotrwisniewski/Developer/codex-wt/d-k6-execution-labels-w73/src/routes/ideaWorkspaceNavigation.ts
/Users/piotrwisniewski/Developer/codex-wt/d-k6-execution-labels-w73/src/utils/evidencePanelFlag.ts
/Users/piotrwisniewski/Developer/codex-wt/d-k6-execution-labels-w73/src/utils/demoAcceptanceProfile.ts
/Users/piotrwisniewski/Developer/codex-wt/d-k6-execution-labels-w73/src/utils/ideaDetailsInPanelFlag.ts
/Users/piotrwisniewski/Developer/codex-wt/d-k6-execution-labels-w73/src/utils/ideaInspectorRightRailFlag.ts
/Users/piotrwisniewski/Developer/codex-wt/d-k6-execution-labels-w73/src/components/shared/NModeBlocks/ArtifactAttachPopover.tsx
/Users/piotrwisniewski/Developer/codex-wt/d-k6-execution-labels-w73/src/components/MyWork/aiProposalRuntime.ts
/Users/piotrwisniewski/Developer/codex-wt/d-k6-execution-labels-w73/src/components/MyWork/canvas/useIdeasToolDefaults.ts
/Users/piotrwisniewski/Developer/codex-wt/d-k6-execution-labels-w73/src/components/MyWork/canvas/useIdeasTeresaBridge.ts
/Users/piotrwisniewski/Developer/codex-wt/d-k6-execution-labels-w73/src/components/MyWork/canvas/useIdeaMapSync.ts
/Users/piotrwisniewski/Developer/codex-wt/d-k6-execution-labels-w73/src/components/MyWork/canvas/workspaceGraphRuntime.ts
/Users/piotrwisniewski/Developer/codex-wt/d-k6-execution-labels-w73/src/components/MyWork/CommandPalette.tsx
/Users/piotrwisniewski/Developer/codex-wt/d-k6-execution-labels-w73/src/components/MyWork/IdeaAISuggestionsPanel.tsx
/Users/piotrwisniewski/Developer/codex-wt/d-k6-execution-labels-w73/src/components/shared/ArtifactStudio/layout/panelArbitration.ts
/Users/piotrwisniewski/Developer/codex-wt/d-k6-execution-labels-w73/src/components/shared/ArtifactStudio/layout/index.ts
/Users/piotrwisniewski/Developer/codex-wt/d-k6-execution-labels-w73/src/components/shared/ExecutiveModuleShell/ChipDescriptor.ts
/Users/piotrwisniewski/Developer/codex-wt/d-k6-execution-labels-w73/src/components/shared/ExecutiveModuleShell/LeftRail.tsx
/Users/piotrwisniewski/Developer/codex-wt/d-k6-execution-labels-w73/src/components/shared/ExecutiveModuleShell/shortcuts.ts
/Users/piotrwisniewski/Developer/codex-wt/d-k6-execution-labels-w73/src/components/shared/ExecutiveModuleShell/ShortcutHelpModal.tsx
/Users/piotrwisniewski/Developer/codex-wt/d-k6-execution-labels-w73/src/hooks/usePortalSlot.ts
/Users/piotrwisniewski/Developer/codex-wt/d-k6-execution-labels-w73/src/utils/ideaTableGuidedBarFlag.ts
/Users/piotrwisniewski/Developer/codex-wt/d-k6-execution-labels-w73/src/components/shared/ExecutiveModuleShell/TopBar.tsx
/Users/piotrwisniewski/Developer/codex-wt/d-k6-execution-labels-w73/src/components/shared/ExecutiveModuleShell/useRailState.ts
/Users/piotrwisniewski/Developer/codex-wt/d-k6-execution-labels-w73/src/components/shared/ExecutiveModuleShell/index.tsx
/Users/piotrwisniewski/Developer/codex-wt/d-k6-execution-labels-w73/src/components/MyWork/ideaCanvasMelsChips.ts
/Users/piotrwisniewski/Developer/codex-wt/d-k6-execution-labels-w73/src/components/MyWork/IdeaCanvasMelsView.tsx
/Users/piotrwisniewski/Developer/codex-wt/d-k6-execution-labels-w73/src/components/MyWork/IdeaCanvasMenu1Bits.tsx
/Users/piotrwisniewski/Developer/codex-wt/d-k6-execution-labels-w73/src/components/MyWork/IdeaCanvasSecondBar.tsx
/Users/piotrwisniewski/Developer/codex-wt/d-k6-execution-labels-w73/src/components/Initiatives/InitiativeSourceLink.tsx
/Users/piotrwisniewski/Developer/codex-wt/d-k6-execution-labels-w73/src/components/MyWork/IdeaContextPanel.tsx
/Users/piotrwisniewski/Developer/codex-wt/d-k6-execution-labels-w73/src/components/MyWork/panel/canvasAnalysisSlot.ts
/Users/piotrwisniewski/Developer/codex-wt/d-k6-execution-labels-w73/src/services/api/organizations.api.ts
/Users/piotrwisniewski/Developer/codex-wt/d-k6-execution-labels-w73/src/hooks/useOrganizationMemberNames.ts
/Users/piotrwisniewski/Developer/codex-wt/d-k6-execution-labels-w73/src/components/MyWork/panel/IdeaElementInspector.tsx
/Users/piotrwisniewski/Developer/codex-wt/d-k6-execution-labels-w73/src/components/MyWork/ConversionPreviewDialog.tsx
/Users/piotrwisniewski/Developer/codex-wt/d-k6-execution-labels-w73/src/components/MyWork/canvas/diagramInterop.ts
/Users/piotrwisniewski/Developer/codex-wt/d-k6-execution-labels-w73/src/components/MyWork/canvas/mapExportRender.ts
/Users/piotrwisniewski/Developer/codex-wt/d-k6-execution-labels-w73/src/components/MyWork/IdeaExportMenu.tsx
/Users/piotrwisniewski/Developer/codex-wt/d-k6-execution-labels-w73/src/components/MyWork/IdeaGhostCards.tsx
/Users/piotrwisniewski/Developer/codex-wt/d-k6-execution-labels-w73/src/components/MyWork/ideaMapToMarkdown.ts
/Users/piotrwisniewski/Developer/codex-wt/d-k6-execution-labels-w73/src/components/MyWork/mentionAutocomplete.tsx
/Users/piotrwisniewski/Developer/codex-wt/d-k6-execution-labels-w73/src/components/MyWork/IdeaNodeDetailDrawer.tsx
/Users/piotrwisniewski/Developer/Consultify/node_modules/@types/dagre/index.d.ts
/Users/piotrwisniewski/Developer/codex-wt/d-k6-execution-labels-w73/src/utils/ideaBottomBarUnifiedFlag.ts
/Users/piotrwisniewski/Developer/codex-wt/d-k6-execution-labels-w73/src/components/MyWork/canvas/canvasBackground.ts
/Users/piotrwisniewski/Developer/codex-wt/d-k6-execution-labels-w73/src/components/MyWork/canvas/CanvasSnapGuides.tsx
/Users/piotrwisniewski/Developer/codex-wt/d-k6-execution-labels-w73/src/components/MyWork/canvas/CanvasZoomControls.tsx
/Users/piotrwisniewski/Developer/codex-wt/d-k6-execution-labels-w73/src/components/MyWork/canvas/ideaCanvasCursorMode.ts
/Users/piotrwisniewski/Developer/codex-wt/d-k6-execution-labels-w73/src/components/MyWork/canvas/motionTokens.ts
/Users/piotrwisniewski/Developer/codex-wt/d-k6-execution-labels-w73/src/components/MyWork/canvas/processFlowGridState.ts
/Users/piotrwisniewski/Developer/codex-wt/d-k6-execution-labels-w73/src/components/MyWork/canvas/useCanvasSnapping.ts
/Users/piotrwisniewski/Developer/codex-wt/d-k6-execution-labels-w73/src/components/MyWork/canvas/canvasFocusScope.ts
/Users/piotrwisniewski/Developer/codex-wt/d-k6-execution-labels-w73/src/components/MyWork/canvas/useIdeasToolKeyboard.ts
/Users/piotrwisniewski/Developer/codex-wt/d-k6-execution-labels-w73/src/components/MyWork/ideaUndoStateBus.ts
/Users/piotrwisniewski/Developer/codex-wt/d-k6-execution-labels-w73/src/components/MyWork/mindmap/CollaborationOverlay.tsx
/Users/piotrwisniewski/Developer/codex-wt/d-k6-execution-labels-w73/src/components/MyWork/processflow/FlowNodeComponent.tsx
/Users/piotrwisniewski/Developer/codex-wt/d-k6-execution-labels-w73/src/components/MyWork/processflow/nodeCap.ts
/Users/piotrwisniewski/Developer/codex-wt/d-k6-execution-labels-w73/src/components/MyWork/processflow/useProcessFlowNodes.ts
/Users/piotrwisniewski/Developer/codex-wt/d-k6-execution-labels-w73/src/components/MyWork/processflow/laneState.ts
/Users/piotrwisniewski/Developer/codex-wt/d-k6-execution-labels-w73/src/components/MyWork/processflow/LaneSystem.tsx
/Users/piotrwisniewski/Developer/codex-wt/d-k6-execution-labels-w73/src/components/MyWork/processflow/applyProposalPatch.ts
/Users/piotrwisniewski/Developer/codex-wt/d-k6-execution-labels-w73/src/components/MyWork/processflow/generateReadback.ts
/Users/piotrwisniewski/Developer/codex-wt/d-k6-execution-labels-w73/src/components/MyWork/processflow/validateFlow.ts
/Users/piotrwisniewski/Developer/codex-wt/d-k6-execution-labels-w73/src/components/MyWork/processflow/useProcessFlowAIProposal.ts
/Users/piotrwisniewski/Developer/codex-wt/d-k6-execution-labels-w73/src/components/MyWork/processflow/AIProposalPanel.tsx
/Users/piotrwisniewski/Developer/codex-wt/d-k6-execution-labels-w73/src/components/MyWork/processflow/EdgeStylePopover.tsx
/Users/piotrwisniewski/Developer/codex-wt/d-k6-execution-labels-w73/src/components/ui/Button.tsx
/Users/piotrwisniewski/Developer/codex-wt/d-k6-execution-labels-w73/src/components/ui/dialog.tsx
/Users/piotrwisniewski/Developer/codex-wt/d-k6-execution-labels-w73/src/components/MyWork/processflow/ExportDialog.tsx
/Users/piotrwisniewski/Developer/codex-wt/d-k6-execution-labels-w73/src/components/MyWork/canvas/edgeArrowMarkers.tsx
/Users/piotrwisniewski/Developer/codex-wt/d-k6-execution-labels-w73/src/components/MyWork/processflow/edgeRouting.ts
/Users/piotrwisniewski/Developer/codex-wt/d-k6-execution-labels-w73/src/components/MyWork/processflow/FlowEdgeComponent.tsx
/Users/piotrwisniewski/Developer/codex-wt/d-k6-execution-labels-w73/src/components/MyWork/processflow/nodeComments.ts
/Users/piotrwisniewski/Developer/codex-wt/d-k6-execution-labels-w73/src/components/MyWork/processflow/nodes/ActivityNode.tsx
/Users/piotrwisniewski/Developer/codex-wt/d-k6-execution-labels-w73/src/components/MyWork/processflow/nodes/BPMNEndNode.tsx
/Users/piotrwisniewski/Developer/codex-wt/d-k6-execution-labels-w73/src/components/MyWork/processflow/nodes/BPMNStartNode.tsx
/Users/piotrwisniewski/Developer/codex-wt/d-k6-execution-labels-w73/src/components/MyWork/processflow/nodes/DataObjectNode.tsx
/Users/piotrwisniewski/Developer/codex-wt/d-k6-execution-labels-w73/src/components/MyWork/processflow/nodes/GatewayNode.tsx
/Users/piotrwisniewski/Developer/codex-wt/d-k6-execution-labels-w73/src/components/MyWork/processflow/nodes/PoolNode.tsx
/Users/piotrwisniewski/Developer/codex-wt/d-k6-execution-labels-w73/src/components/MyWork/processflow/nodes/SubprocessNode.tsx
/Users/piotrwisniewski/Developer/codex-wt/d-k6-execution-labels-w73/src/hooks/useFullscreenPortalTarget.ts
/Users/piotrwisniewski/Developer/codex-wt/d-k6-execution-labels-w73/src/components/shared/CanvasContextMenu.tsx
/Users/piotrwisniewski/Developer/codex-wt/d-k6-execution-labels-w73/src/components/MyWork/processflow/ProcessFlowContextMenu.tsx
/Users/piotrwisniewski/Developer/codex-wt/d-k6-execution-labels-w73/src/components/MyWork/processflow/ProcessFlowFloatingToolbar.tsx
/Users/piotrwisniewski/Developer/codex-wt/d-k6-execution-labels-w73/src/components/MyWork/processflow/ProcessFlowNodeCommentThread.tsx
/Users/piotrwisniewski/Developer/codex-wt/d-k6-execution-labels-w73/src/components/MyWork/processflow/ProcessFlowPropertiesPanel.tsx
/Users/piotrwisniewski/Developer/codex-wt/d-k6-execution-labels-w73/src/utils/canvasUndoInRailOnlyFlag.ts
/Users/piotrwisniewski/Developer/codex-wt/d-k6-execution-labels-w73/src/components/MyWork/processflow/ProcessFlowToolbar.tsx
/Users/piotrwisniewski/Developer/codex-wt/d-k6-execution-labels-w73/src/components/MyWork/processflow/ReadbackPanel.tsx
/Users/piotrwisniewski/Developer/codex-wt/d-k6-execution-labels-w73/src/components/MyWork/processflow/useProcessFlowCollab.ts
/Users/piotrwisniewski/Developer/codex-wt/d-k6-execution-labels-w73/src/components/MyWork/processflow/useProcessFlowExport.ts
/Users/piotrwisniewski/Developer/codex-wt/d-k6-execution-labels-w73/src/components/MyWork/processflow/useProcessFlowPersistence.ts
/Users/piotrwisniewski/Developer/codex-wt/d-k6-execution-labels-w73/src/components/MyWork/processflow/useProcessFlowQuickActions.ts
/Users/piotrwisniewski/Developer/codex-wt/d-k6-execution-labels-w73/src/components/MyWork/IdeaAINudgeStrip.tsx
/Users/piotrwisniewski/Developer/codex-wt/d-k6-execution-labels-w73/src/components/MyWork/processflow/useProcessFlowReadback.ts
/Users/piotrwisniewski/Developer/codex-wt/d-k6-execution-labels-w73/src/components/MyWork/processflow/useProcessFlowUndoRedo.ts
/Users/piotrwisniewski/Developer/codex-wt/d-k6-execution-labels-w73/src/components/MyWork/processflow/useProcessFlowValidation.ts
/Users/piotrwisniewski/Developer/codex-wt/d-k6-execution-labels-w73/src/components/MyWork/processflow/ValidationResultsPanel.tsx
/Users/piotrwisniewski/Developer/codex-wt/d-k6-execution-labels-w73/src/components/MyWork/processflow/viewState.ts
/Users/piotrwisniewski/Developer/codex-wt/d-k6-execution-labels-w73/src/components/MyWork/ProcessKPIDashboard.tsx
/Users/piotrwisniewski/Developer/codex-wt/d-k6-execution-labels-w73/src/components/MyWork/VSMNodeComponent.tsx
/Users/piotrwisniewski/Developer/codex-wt/d-k6-execution-labels-w73/src/components/MyWork/VSMTimelineBar.tsx
/Users/piotrwisniewski/Developer/codex-wt/d-k6-execution-labels-w73/src/components/MyWork/whiteboard/nodes/whiteboardNodeHelpers.ts
/Users/piotrwisniewski/Developer/codex-wt/d-k6-execution-labels-w73/src/components/MyWork/IdeaProcessFlowTool.tsx
/Users/piotrwisniewski/Developer/codex-wt/d-k6-execution-labels-w73/src/components/MyWork/IdeaProposalReview.tsx
/Users/piotrwisniewski/Developer/codex-wt/d-k6-execution-labels-w73/src/components/MyWork/canvas/mindmapKeyboardScope.ts
/Users/piotrwisniewski/Developer/codex-wt/d-k6-execution-labels-w73/src/components/MyWork/canvas/useIdeaCollab.ts
/Users/piotrwisniewski/Developer/codex-wt/d-k6-execution-labels-w73/src/components/MyWork/mindmap/MindMapNodeResizer.tsx
/Users/piotrwisniewski/Developer/codex-wt/d-k6-execution-labels-w73/src/components/MyWork/knowledge/KnowledgeCardNodes.tsx
/Users/piotrwisniewski/Developer/codex-wt/d-k6-execution-labels-w73/src/components/MyWork/mindmap/ActivityFeed.tsx
/Users/piotrwisniewski/Developer/codex-wt/d-k6-execution-labels-w73/src/components/MyWork/mindmap/AddEvidenceModal.tsx
/Users/piotrwisniewski/Developer/codex-wt/d-k6-execution-labels-w73/src/components/MyWork/mindmap/AIAutoClustering.tsx
/Users/piotrwisniewski/Developer/codex-wt/d-k6-execution-labels-w73/src/components/MyWork/mindmap/AIBlindSpotsDetector.tsx
/Users/piotrwisniewski/Developer/codex-wt/d-k6-execution-labels-w73/src/components/MyWork/mindmap/AIBranchBalancer.tsx
/Users/piotrwisniewski/Developer/codex-wt/d-k6-execution-labels-w73/src/components/MyWork/mindmap/AICompetitiveLandscape.tsx
/Users/piotrwisniewski/Developer/codex-wt/d-k6-execution-labels-w73/src/components/MyWork/mindmap/AIDependencyDetector.tsx
/Users/piotrwisniewski/Developer/codex-wt/d-k6-execution-labels-w73/src/components/MyWork/mindmap/AIPriorityRecommender.tsx
/Users/piotrwisniewski/Developer/codex-wt/d-k6-execution-labels-w73/src/components/MyWork/mindmap/AIProposalDiffModal.tsx
/Users/piotrwisniewski/Developer/codex-wt/d-k6-execution-labels-w73/src/components/MyWork/mindmap/AISentimentOverlay.tsx
/Users/piotrwisniewski/Developer/codex-wt/d-k6-execution-labels-w73/src/components/MyWork/mindmap/AIWhatIfScenarios.tsx
/Users/piotrwisniewski/Developer/codex-wt/d-k6-execution-labels-w73/src/components/MyWork/mindmap/alignDistribute.ts
/Users/piotrwisniewski/Developer/codex-wt/d-k6-execution-labels-w73/src/components/MyWork/mindmap/AssignPersonModal.tsx
/Users/piotrwisniewski/Developer/codex-wt/d-k6-execution-labels-w73/src/components/MyWork/mindmap/AttachArtifactModal.tsx
/Users/piotrwisniewski/Developer/codex-wt/d-k6-execution-labels-w73/src/components/MyWork/mindmap/BatchConvertModal.tsx
/Users/piotrwisniewski/Developer/codex-wt/d-k6-execution-labels-w73/src/components/MyWork/mindmap/BranchComparison.tsx
/Users/piotrwisniewski/Developer/codex-wt/d-k6-execution-labels-w73/src/components/MyWork/mindmap/BranchSummaryPanel.tsx
/Users/piotrwisniewski/Developer/codex-wt/d-k6-execution-labels-w73/src/components/MyWork/mindmap/ClusterBubbles.tsx
/Users/piotrwisniewski/Developer/codex-wt/d-k6-execution-labels-w73/src/components/MyWork/mindmap/DocumentToMap.tsx
/Users/piotrwisniewski/Developer/codex-wt/d-k6-execution-labels-w73/src/components/MyWork/mindmap/EdgeContextMenu.tsx
/Users/piotrwisniewski/Developer/codex-wt/d-k6-execution-labels-w73/src/components/MyWork/mindmap/EmbedInReports.tsx
/Users/piotrwisniewski/Developer/codex-wt/d-k6-execution-labels-w73/src/components/MyWork/mindmap/ExportDiagramCode.tsx
/Users/piotrwisniewski/Developer/codex-wt/d-k6-execution-labels-w73/src/components/MyWork/mindmap/mindmapExportFlags.ts
/Users/piotrwisniewski/Developer/codex-wt/d-k6-execution-labels-w73/src/components/MyWork/mindmap/ExportPowerPoint.tsx
/Users/piotrwisniewski/Developer/codex-wt/d-k6-execution-labels-w73/src/components/MyWork/mindmap/floating-toolbar/ArtifactLinksPopover.tsx
/Users/piotrwisniewski/Developer/codex-wt/d-k6-execution-labels-w73/src/components/MyWork/mindmap/floating-toolbar/BranchThemeDropdown.tsx
/Users/piotrwisniewski/Developer/codex-wt/d-k6-execution-labels-w73/src/components/MyWork/mindmap/floating-toolbar/ColorPickerPopover.tsx
/Users/piotrwisniewski/Developer/codex-wt/d-k6-execution-labels-w73/src/components/MyWork/mindmap/floating-toolbar/FloatingAIPopover.tsx
/Users/piotrwisniewski/Developer/codex-wt/d-k6-execution-labels-w73/src/components/MyWork/mindmap/floating-toolbar/FontSizeDropdown.tsx
/Users/piotrwisniewski/Developer/codex-wt/d-k6-execution-labels-w73/src/components/MyWork/mindmap/floating-toolbar/QuickEditPopovers.tsx
/Users/piotrwisniewski/Developer/codex-wt/d-k6-execution-labels-w73/src/components/MyWork/mindmap/floating-toolbar/QuickTaskPopover.tsx
/Users/piotrwisniewski/Developer/codex-wt/d-k6-execution-labels-w73/src/components/MyWork/mindmap/floating-toolbar/SemanticTypeDropdown.tsx
/Users/piotrwisniewski/Developer/codex-wt/d-k6-execution-labels-w73/src/components/MyWork/mindmap/floating-toolbar/SemanticControlsPopover.tsx
/Users/piotrwisniewski/Developer/codex-wt/d-k6-execution-labels-w73/src/components/MyWork/mindmap/FloatingNodeToolbar.tsx
/Users/piotrwisniewski/Developer/codex-wt/d-k6-execution-labels-w73/src/components/MyWork/mindmap/GradientEdge.tsx
/Users/piotrwisniewski/Developer/codex-wt/d-k6-execution-labels-w73/src/components/MyWork/mindmap/IdeaFunnelAnalytics.tsx
/Users/piotrwisniewski/Developer/codex-wt/d-k6-execution-labels-w73/src/components/MyWork/mindmap/ImageUrlModal.tsx
/Users/piotrwisniewski/Developer/codex-wt/d-k6-execution-labels-w73/src/components/MyWork/mindmap/ImportExternalMap.tsx
/Users/piotrwisniewski/Developer/codex-wt/d-k6-execution-labels-w73/src/components/MyWork/mindmap/InterviewToMap.tsx
/Users/piotrwisniewski/Developer/codex-wt/d-k6-execution-labels-w73/src/components/MyWork/mindmap/LabeledEdge.tsx
/Users/piotrwisniewski/Developer/codex-wt/d-k6-execution-labels-w73/src/components/MyWork/mindmap/LargeMapOptimizer.tsx
/Users/piotrwisniewski/Developer/codex-wt/d-k6-execution-labels-w73/src/components/MyWork/mindmap/MapHealthScore.tsx
/Users/piotrwisniewski/Developer/codex-wt/d-k6-execution-labels-w73/src/components/MyWork/mindmap/MindMap3DView.tsx
/Users/piotrwisniewski/Developer/codex-wt/d-k6-execution-labels-w73/src/components/MyWork/mindmap/MindmapCommandPalette.tsx
/Users/piotrwisniewski/Developer/codex-wt/d-k6-execution-labels-w73/src/components/MyWork/mindmap/MindMapFrameNode.tsx
/Users/piotrwisniewski/Developer/codex-wt/d-k6-execution-labels-w73/src/components/MyWork/mindmap/mindmapInteractionGrammar.ts
/Users/piotrwisniewski/Developer/codex-wt/d-k6-execution-labels-w73/src/components/MyWork/mindmap/mindMapNodeModel.ts
/Users/piotrwisniewski/Developer/codex-wt/d-k6-execution-labels-w73/src/components/MyWork/mindmap/NodeCommentThread.tsx
/Users/piotrwisniewski/Developer/codex-wt/d-k6-execution-labels-w73/src/components/MyWork/mindmap/contextMenuTypes.ts
/Users/piotrwisniewski/Developer/codex-wt/d-k6-execution-labels-w73/src/components/MyWork/mindmap/NodeContextMenu.tsx
/Users/piotrwisniewski/Developer/codex-wt/d-k6-execution-labels-w73/src/components/MyWork/mindmap/NodeDetailDrawer.tsx
/Users/piotrwisniewski/Developer/codex-wt/d-k6-execution-labels-w73/src/components/MyWork/mindmap/NodeEnhancements.tsx
/Users/piotrwisniewski/Developer/codex-wt/d-k6-execution-labels-w73/src/components/MyWork/mindmap/PaneContextMenu.tsx
/Users/piotrwisniewski/Developer/codex-wt/d-k6-execution-labels-w73/src/components/MyWork/mindmap/PresentationMode.tsx
/Users/piotrwisniewski/Developer/codex-wt/d-k6-execution-labels-w73/src/components/MyWork/mindmap/SnapshotHistory.tsx
/Users/piotrwisniewski/Developer/codex-wt/d-k6-execution-labels-w73/src/components/MyWork/mindmap/ForceDirectedLayout.tsx
/Users/piotrwisniewski/Developer/codex-wt/d-k6-execution-labels-w73/src/components/MyWork/mindmap/RadialTreeLayout.tsx
/Users/piotrwisniewski/Developer/codex-wt/d-k6-execution-labels-w73/src/components/MyWork/mindmap/StructureLayouts.ts
/Users/piotrwisniewski/Developer/codex-wt/d-k6-execution-labels-w73/src/components/MyWork/mindmap/SubMapBreadcrumb.tsx
/Users/piotrwisniewski/Developer/codex-wt/d-k6-execution-labels-w73/src/components/MyWork/mindmap/tagColorMapping.ts
/Users/piotrwisniewski/Developer/codex-wt/d-k6-execution-labels-w73/src/components/MyWork/mindmap/TimeHeatmap.tsx
/Users/piotrwisniewski/Developer/codex-wt/d-k6-execution-labels-w73/src/components/MyWork/mindmap/TimelineView.tsx
/Users/piotrwisniewski/Developer/codex-wt/d-k6-execution-labels-w73/src/components/MyWork/mindmap/toolbar-popovers/StructurePickerPopover.tsx
/Users/piotrwisniewski/Developer/codex-wt/d-k6-execution-labels-w73/src/components/MyWork/mindmap/UnifiedNodeDetailDrawer.tsx
/Users/piotrwisniewski/Developer/codex-wt/d-k6-execution-labels-w73/src/components/MyWork/mindmap/useAutoLayout.ts
/Users/piotrwisniewski/Developer/codex-wt/d-k6-execution-labels-w73/src/components/MyWork/mindmap/mindmapCanonHelpers.ts
/Users/piotrwisniewski/Developer/codex-wt/d-k6-execution-labels-w73/src/components/MyWork/mindmap/useMindMapNodes.tsx
/Users/piotrwisniewski/Developer/codex-wt/d-k6-execution-labels-w73/src/components/MyWork/mindmap/useMapExport.ts
/Users/piotrwisniewski/Developer/codex-wt/d-k6-execution-labels-w73/src/components/MyWork/mindmap/useMapExportPdf.ts
/Users/piotrwisniewski/Developer/codex-wt/d-k6-execution-labels-w73/src/components/MyWork/mindmap/useMindMapPersistence.ts
/Users/piotrwisniewski/Developer/codex-wt/d-k6-execution-labels-w73/src/components/MyWork/mindmap/useMindMapQuickActions.ts
/Users/piotrwisniewski/Developer/codex-wt/d-k6-execution-labels-w73/src/components/MyWork/mindmap/virtualization.ts
/Users/piotrwisniewski/Developer/codex-wt/d-k6-execution-labels-w73/src/components/MyWork/mindmap/VoiceToNode.tsx
/Users/piotrwisniewski/Developer/codex-wt/d-k6-execution-labels-w73/src/components/MyWork/panel/ideaPanel6Sections.ts
/Users/piotrwisniewski/Developer/codex-wt/d-k6-execution-labels-w73/src/components/MyWork/panel/ideaPanel6SectionsFlag.ts
/Users/piotrwisniewski/Developer/codex-wt/d-k6-execution-labels-w73/src/components/MyWork/IdeaRecommendationMap.tsx
/Users/piotrwisniewski/Developer/codex-wt/d-k6-execution-labels-w73/src/utils/ideaDecisionLogFlag.ts
/Users/piotrwisniewski/Developer/codex-wt/d-k6-execution-labels-w73/src/utils/ideaFinancialCaseFlag.ts
/Users/piotrwisniewski/Developer/codex-wt/d-k6-execution-labels-w73/src/components/MyWork/canvas/canvasEdgeKindVocabulary.ts
/Users/piotrwisniewski/Developer/codex-wt/d-k6-execution-labels-w73/src/components/MyWork/canvas/canvasNodeTypeVocabulary.ts
/Users/piotrwisniewski/Developer/codex-wt/d-k6-execution-labels-w73/src/components/MyWork/table/ActivityFeed.tsx
/Users/piotrwisniewski/Developer/codex-wt/d-k6-execution-labels-w73/src/components/MyWork/table/formulaEngineCore.ts
/Users/piotrwisniewski/Developer/codex-wt/d-k6-execution-labels-w73/src/components/MyWork/table/tableTypes.ts
/Users/piotrwisniewski/Developer/codex-wt/d-k6-execution-labels-w73/src/components/MyWork/table/NewColumnRenderers.tsx
/Users/piotrwisniewski/Developer/codex-wt/d-k6-execution-labels-w73/src/components/MyWork/table/PropertyRegistry.ts
/Users/piotrwisniewski/Developer/codex-wt/d-k6-execution-labels-w73/src/components/MyWork/table/CellRenderer.tsx
/Users/piotrwisniewski/Developer/codex-wt/d-k6-execution-labels-w73/src/components/MyWork/table/FormulaEditor.tsx
/Users/piotrwisniewski/Developer/codex-wt/d-k6-execution-labels-w73/src/components/MyWork/table/AddColumnDialog.tsx
/Users/piotrwisniewski/Developer/codex-wt/d-k6-execution-labels-w73/src/components/MyWork/table/AICategorizeTool.tsx
/Users/piotrwisniewski/Developer/codex-wt/d-k6-execution-labels-w73/src/components/MyWork/table/AICopilotMode.tsx
/Users/piotrwisniewski/Developer/codex-wt/d-k6-execution-labels-w73/src/components/MyWork/table/AITableProposal.tsx
/Users/piotrwisniewski/Developer/codex-wt/d-k6-execution-labels-w73/src/components/MyWork/table/AITableAssistant.tsx
/Users/piotrwisniewski/Developer/codex-wt/d-k6-execution-labels-w73/src/components/MyWork/table/AITableFieldProposal.tsx
/Users/piotrwisniewski/Developer/codex-wt/d-k6-execution-labels-w73/src/components/MyWork/table/AuditTrailPanel.tsx
/Users/piotrwisniewski/Developer/codex-wt/d-k6-execution-labels-w73/src/components/MyWork/table/automations/CronBuilder.tsx
/Users/piotrwisniewski/Developer/codex-wt/d-k6-execution-labels-w73/src/components/MyWork/table/automations/AutomationBuilder.tsx
/Users/piotrwisniewski/Developer/codex-wt/d-k6-execution-labels-w73/src/components/MyWork/table/automations/AutomationsManager.tsx
/Users/piotrwisniewski/Developer/codex-wt/d-k6-execution-labels-w73/src/components/MyWork/table/ViewSetupEmptyState.tsx
/Users/piotrwisniewski/Developer/codex-wt/d-k6-execution-labels-w73/src/components/MyWork/table/CalendarView.tsx
/Users/piotrwisniewski/Developer/codex-wt/d-k6-execution-labels-w73/src/components/MyWork/table/CellExpandPopover.tsx
/Users/piotrwisniewski/Developer/codex-wt/d-k6-execution-labels-w73/src/utils/mywork/ideaTablePresenceErrorMessage.ts
/Users/piotrwisniewski/Developer/codex-wt/d-k6-execution-labels-w73/src/components/MyWork/table/CollaborationPresence.tsx
/Users/piotrwisniewski/Developer/codex-wt/d-k6-execution-labels-w73/src/components/MyWork/table/ColorPalette.tsx
/Users/piotrwisniewski/Developer/codex-wt/d-k6-execution-labels-w73/src/components/MyWork/table/ConditionalFormatting.tsx
/Users/piotrwisniewski/Developer/codex-wt/d-k6-execution-labels-w73/src/components/MyWork/table/ConnectionLines.tsx
/Users/piotrwisniewski/Developer/codex-wt/d-k6-execution-labels-w73/src/components/MyWork/table/connectors/useConnectors.ts
/Users/piotrwisniewski/Developer/codex-wt/d-k6-execution-labels-w73/src/components/MyWork/table/connectors/ConnectorIcons.tsx
/Users/piotrwisniewski/Developer/codex-wt/d-k6-execution-labels-w73/src/components/MyWork/table/connectors/ConnectorList.tsx
/Users/piotrwisniewski/Developer/codex-wt/d-k6-execution-labels-w73/src/components/MyWork/table/connectors/ConnectorWizard.tsx
/Users/piotrwisniewski/Developer/codex-wt/d-k6-execution-labels-w73/src/components/MyWork/table/connectors/RunHistoryPanel.tsx
/Users/piotrwisniewski/Developer/codex-wt/d-k6-execution-labels-w73/src/components/MyWork/table/connectors/WebhookRelayPanel.tsx
/Users/piotrwisniewski/Developer/codex-wt/d-k6-execution-labels-w73/src/components/MyWork/table/CrossTableRelations.tsx
/Users/piotrwisniewski/Developer/codex-wt/d-k6-execution-labels-w73/src/components/MyWork/table/csvUtils.ts
/Users/piotrwisniewski/Developer/codex-wt/d-k6-execution-labels-w73/src/components/MyWork/table/distribution/DistributionManager.tsx
/Users/piotrwisniewski/Developer/codex-wt/d-k6-execution-labels-w73/src/components/MyWork/table/DistributionBuilder.tsx
/Users/piotrwisniewski/Developer/codex-wt/d-k6-execution-labels-w73/src/components/MyWork/table/tableRowLimits.ts
/Users/piotrwisniewski/Developer/codex-wt/d-k6-execution-labels-w73/src/components/MyWork/table/EmbeddedAnalytics.tsx
/Users/piotrwisniewski/Developer/codex-wt/d-k6-execution-labels-w73/src/components/MyWork/table/ExportToPresentation.tsx
/Users/piotrwisniewski/Developer/codex-wt/d-k6-execution-labels-w73/src/components/MyWork/table/FilterBuilder.tsx
/Users/piotrwisniewski/Developer/codex-wt/d-k6-execution-labels-w73/src/components/MyWork/table/FilterPanel.tsx
/Users/piotrwisniewski/Developer/codex-wt/d-k6-execution-labels-w73/src/services/ideaFinance/types.ts
/Users/piotrwisniewski/Developer/codex-wt/d-k6-execution-labels-w73/src/services/ideaFinance/engine.ts
/Users/piotrwisniewski/Developer/codex-wt/d-k6-execution-labels-w73/src/services/ideaFinance/index.ts
/Users/piotrwisniewski/Developer/codex-wt/d-k6-execution-labels-w73/src/components/MyWork/table/financial/financialTypes.ts
/Users/piotrwisniewski/Developer/codex-wt/d-k6-execution-labels-w73/src/components/MyWork/table/financial/financialDefaults.ts
/Users/piotrwisniewski/Developer/codex-wt/d-k6-execution-labels-w73/src/components/MyWork/table/financial/engineAdapter.ts
/Users/piotrwisniewski/Developer/codex-wt/d-k6-execution-labels-w73/src/components/MyWork/table/financial/financialFormat.ts
/Users/piotrwisniewski/Developer/codex-wt/d-k6-execution-labels-w73/src/components/MyWork/table/financial/FinancialCaseSummaryPanel.tsx
/Users/piotrwisniewski/Developer/codex-wt/d-k6-execution-labels-w73/src/components/Economics/financeChartTokens.ts
/Users/piotrwisniewski/Developer/codex-wt/d-k6-execution-labels-w73/src/components/MyWork/table/financial/financialScenarioColors.ts
/Users/piotrwisniewski/Developer/codex-wt/d-k6-execution-labels-w73/src/components/MyWork/table/financial/FinancialCharts.tsx
/Users/piotrwisniewski/Developer/codex-wt/d-k6-execution-labels-w73/src/components/MyWork/table/financial/FinancialConversionActions.tsx
/Users/piotrwisniewski/Developer/codex-wt/d-k6-execution-labels-w73/src/components/MyWork/table/financial/FinancialDriverTable.tsx
/Users/piotrwisniewski/Developer/codex-wt/d-k6-execution-labels-w73/src/components/MyWork/table/useUndoRedo.ts
/Users/piotrwisniewski/Developer/codex-wt/d-k6-execution-labels-w73/src/components/MyWork/table/financial/useFinancialCase.ts
/Users/piotrwisniewski/Developer/codex-wt/d-k6-execution-labels-w73/src/components/MyWork/table/financial/FinancialCaseView.tsx
/Users/piotrwisniewski/Developer/codex-wt/d-k6-execution-labels-w73/src/services/api/ideaFinancialCase.api.ts
/Users/piotrwisniewski/Developer/codex-wt/d-k6-execution-labels-w73/src/components/MyWork/table/financial/useIdeaFinancialCasePersistence.ts
/Users/piotrwisniewski/Developer/codex-wt/d-k6-execution-labels-w73/src/components/MyWork/table/financial/FinancialCaseDialog.tsx
/Users/piotrwisniewski/Developer/codex-wt/d-k6-execution-labels-w73/src/components/MyWork/table/ideaDecisionGovernance.ts
/Users/piotrwisniewski/Developer/codex-wt/d-k6-execution-labels-w73/src/components/MyWork/table/IdeaDecisionLogPanel.tsx
/Users/piotrwisniewski/Developer/codex-wt/d-k6-execution-labels-w73/src/utils/tabeleFormIntakeFlag.ts
/Users/piotrwisniewski/Developer/codex-wt/d-k6-execution-labels-w73/src/components/MyWork/table/FormBuilder.tsx
/Users/piotrwisniewski/Developer/codex-wt/d-k6-execution-labels-w73/src/components/MyWork/table/forms/IntakeJwtPanel.tsx
/Users/piotrwisniewski/Developer/codex-wt/d-k6-execution-labels-w73/src/components/MyWork/table/forms/FormsIndex.tsx
/Users/piotrwisniewski/Developer/codex-wt/d-k6-execution-labels-w73/src/components/MyWork/table/FormulaEngineV2.ts
/Users/piotrwisniewski/Developer/codex-wt/d-k6-execution-labels-w73/src/components/MyWork/table/FrameworkGenerator.tsx
/Users/piotrwisniewski/Developer/codex-wt/d-k6-execution-labels-w73/src/components/ui/composed/CommandPalette.tsx
/Users/piotrwisniewski/Developer/codex-wt/d-k6-execution-labels-w73/src/components/ui/composed/MetricCard.tsx
/Users/piotrwisniewski/Developer/codex-wt/d-k6-execution-labels-w73/src/components/ui/composed/SearchInput.tsx
/Users/piotrwisniewski/Developer/codex-wt/d-k6-execution-labels-w73/src/components/ui/composed/index.ts
/Users/piotrwisniewski/Developer/codex-wt/d-k6-execution-labels-w73/src/components/ui/BaseCard.tsx
/Users/piotrwisniewski/Developer/codex-wt/d-k6-execution-labels-w73/src/components/ui/index.ts
/Users/piotrwisniewski/Developer/codex-wt/d-k6-execution-labels-w73/src/components/MyWork/table/governed/DataLineageView.tsx
/Users/piotrwisniewski/Developer/codex-wt/d-k6-execution-labels-w73/src/components/MyWork/table/governed/GovernedModelsDashboard.tsx
/Users/piotrwisniewski/Developer/codex-wt/d-k6-execution-labels-w73/src/components/MyWork/table/LinkedRecordPicker.tsx
/Users/piotrwisniewski/Developer/codex-wt/d-k6-execution-labels-w73/src/components/MyWork/table/CellEditor.tsx
/Users/piotrwisniewski/Developer/codex-wt/d-k6-execution-labels-w73/src/components/MyWork/table/LinkedRecordDisplay.tsx
/Users/piotrwisniewski/Developer/codex-wt/d-k6-execution-labels-w73/src/components/MyWork/table/cells/AiClassificationCell.tsx
/Users/piotrwisniewski/Developer/codex-wt/d-k6-execution-labels-w73/src/components/MyWork/table/cells/AiSummaryCell.tsx
/Users/piotrwisniewski/Developer/codex-wt/d-k6-execution-labels-w73/src/components/MyWork/table/cells/PriorityCell.tsx
/Users/piotrwisniewski/Developer/codex-wt/d-k6-execution-labels-w73/src/components/MyWork/table/cells/RiskScoreCell.tsx
/Users/piotrwisniewski/Developer/codex-wt/d-k6-execution-labels-w73/src/components/MyWork/table/cells/SourceReferenceCell.tsx
/Users/piotrwisniewski/Developer/codex-wt/d-k6-execution-labels-w73/src/components/MyWork/table/cells/index.ts
/Users/piotrwisniewski/Developer/codex-wt/d-k6-execution-labels-w73/src/components/MyWork/table/PlatformCellRenderer.tsx
/Users/piotrwisniewski/Developer/codex-wt/d-k6-execution-labels-w73/src/services/api/recordProvenance.api.ts
/Users/piotrwisniewski/Developer/codex-wt/d-k6-execution-labels-w73/src/utils/recordProvenanceFlag.ts
/Users/piotrwisniewski/Developer/codex-wt/d-k6-execution-labels-w73/src/components/MyWork/table/provenance/RowGutterIndicator.tsx
/Users/piotrwisniewski/Developer/codex-wt/d-k6-execution-labels-w73/src/components/MyWork/table/filterEval.ts
/Users/piotrwisniewski/Developer/codex-wt/d-k6-execution-labels-w73/src/components/MyWork/table/tablePlatformMappers.ts
/Users/piotrwisniewski/Developer/codex-wt/d-k6-execution-labels-w73/src/components/MyWork/table/useTablePlatformBridge.ts
/Users/piotrwisniewski/Developer/codex-wt/d-k6-execution-labels-w73/src/components/MyWork/table/useTableViews.ts
/Users/piotrwisniewski/Developer/codex-wt/d-k6-execution-labels-w73/src/components/MyWork/table/useTablePlatformViews.ts
/Users/piotrwisniewski/Developer/codex-wt/d-k6-execution-labels-w73/src/components/MyWork/table/useTablePlatformIntegration.ts
/Users/piotrwisniewski/Developer/codex-wt/d-k6-execution-labels-w73/src/components/MyWork/table/TableDataProvider.tsx
/Users/piotrwisniewski/Developer/codex-wt/d-k6-execution-labels-w73/src/components/MyWork/table/GridView.tsx
/Users/piotrwisniewski/Developer/codex-wt/d-k6-execution-labels-w73/src/components/MyWork/table/IdeaPipeline.tsx
/Users/piotrwisniewski/Developer/codex-wt/d-k6-execution-labels-w73/src/components/MyWork/table/ideaScoringGovernance.ts
/Users/piotrwisniewski/Developer/codex-wt/d-k6-execution-labels-w73/src/components/MyWork/table/IdeaScoringModel.tsx
/Users/piotrwisniewski/Developer/codex-wt/d-k6-execution-labels-w73/src/components/MyWork/table/InlineAIFill.tsx
/Users/piotrwisniewski/Developer/codex-wt/d-k6-execution-labels-w73/src/components/MyWork/table/integration/ConsultifyLinkPanel.tsx
/Users/piotrwisniewski/Developer/codex-wt/d-k6-execution-labels-w73/src/components/MyWork/table/InterfaceDesigner.tsx
/Users/piotrwisniewski/Developer/codex-wt/d-k6-execution-labels-w73/src/components/MyWork/table/interfaces/InterfacesIndex.tsx
/Users/piotrwisniewski/Developer/codex-wt/d-k6-execution-labels-w73/src/components/MyWork/table/KanbanView.tsx
/Users/piotrwisniewski/Developer/codex-wt/d-k6-execution-labels-w73/src/components/MyWork/table/KeyboardShortcutsPanel.tsx
/Users/piotrwisniewski/Developer/codex-wt/d-k6-execution-labels-w73/src/components/MyWork/table/MatrixView.tsx
/Users/piotrwisniewski/Developer/codex-wt/d-k6-execution-labels-w73/src/components/MyWork/table/MobileToolbarMenu.tsx
/Users/piotrwisniewski/Developer/codex-wt/d-k6-execution-labels-w73/src/components/MyWork/table/useTableRealtime.ts
/Users/piotrwisniewski/Developer/codex-wt/d-k6-execution-labels-w73/src/components/MyWork/table/PresenceIndicators.tsx
/Users/piotrwisniewski/Developer/codex-wt/d-k6-execution-labels-w73/src/components/MyWork/table/RecordExpandModal.tsx
/Users/piotrwisniewski/Developer/codex-wt/d-k6-execution-labels-w73/src/components/MyWork/table/RecordTemplateManager.tsx
/Users/piotrwisniewski/Developer/codex-wt/d-k6-execution-labels-w73/src/components/MyWork/table/MiniCanvas.tsx
/Users/piotrwisniewski/Developer/codex-wt/d-k6-execution-labels-w73/src/components/MyWork/table/provenance/AddSourceDialog.tsx
/Users/piotrwisniewski/Developer/codex-wt/d-k6-execution-labels-w73/src/components/MyWork/table/provenance/ConfidenceBar.tsx
/Users/piotrwisniewski/Developer/codex-wt/d-k6-execution-labels-w73/src/components/MyWork/table/provenance/SourcePopover.tsx
/Users/piotrwisniewski/Developer/codex-wt/d-k6-execution-labels-w73/src/components/MyWork/table/provenance/ValidationBadge.tsx
/Users/piotrwisniewski/Developer/codex-wt/d-k6-execution-labels-w73/src/components/MyWork/table/provenance/ProvenanceCell.tsx
/Users/piotrwisniewski/Developer/codex-wt/d-k6-execution-labels-w73/src/components/MyWork/table/RowDetailPanel.tsx
/Users/piotrwisniewski/Developer/codex-wt/d-k6-execution-labels-w73/src/components/MyWork/table/RowTemplatePicker.tsx
/Users/piotrwisniewski/Developer/codex-wt/d-k6-execution-labels-w73/src/components/MyWork/table/sharing/SharingManager.tsx
/Users/piotrwisniewski/Developer/codex-wt/d-k6-execution-labels-w73/src/components/MyWork/table/StatusBar.tsx
/Users/piotrwisniewski/Developer/codex-wt/d-k6-execution-labels-w73/src/components/MyWork/table/StickyNoteView.tsx
/Users/piotrwisniewski/Developer/codex-wt/d-k6-execution-labels-w73/src/components/MyWork/table/sync/SyncManager.tsx
/Users/piotrwisniewski/Developer/codex-wt/d-k6-execution-labels-w73/src/components/MyWork/table/TableBarOverflowMenu.tsx
/Users/piotrwisniewski/Developer/codex-wt/d-k6-execution-labels-w73/src/components/MyWork/table/tableEmptyState.ts
/Users/piotrwisniewski/Developer/codex-wt/d-k6-execution-labels-w73/src/components/MyWork/table/TableStartEmptyState.tsx
/Users/piotrwisniewski/Developer/codex-wt/d-k6-execution-labels-w73/src/components/MyWork/table/TableTabStrip.tsx
/Users/piotrwisniewski/Developer/codex-wt/d-k6-execution-labels-w73/src/components/ui/sheet.tsx
/Users/piotrwisniewski/Developer/codex-wt/d-k6-execution-labels-w73/src/components/MyWork/table/TableToolbar.tsx
/Users/piotrwisniewski/Developer/codex-wt/d-k6-execution-labels-w73/src/components/MyWork/table/TemplateGallery.tsx
/Users/piotrwisniewski/Developer/codex-wt/d-k6-execution-labels-w73/src/components/MyWork/table/TimelineView.tsx
/Users/piotrwisniewski/Developer/codex-wt/d-k6-execution-labels-w73/src/components/MyWork/table/useRollupComputation.ts
/Users/piotrwisniewski/Developer/codex-wt/d-k6-execution-labels-w73/src/components/MyWork/table/useTableKeyboard.ts
/Users/piotrwisniewski/Developer/codex-wt/d-k6-execution-labels-w73/src/components/MyWork/table/useTablePersistence.ts
/Users/piotrwisniewski/Developer/codex-wt/d-k6-execution-labels-w73/src/components/MyWork/table/tableFieldProposalFlag.ts
/Users/piotrwisniewski/Developer/codex-wt/d-k6-execution-labels-w73/src/components/MyWork/table/useTableQuickActions.ts
/Users/piotrwisniewski/Developer/codex-wt/d-k6-execution-labels-w73/src/components/MyWork/table/useTableRows.ts
/Users/piotrwisniewski/Developer/codex-wt/d-k6-execution-labels-w73/src/components/MyWork/table/useTableSchema.ts
/Users/piotrwisniewski/Developer/codex-wt/d-k6-execution-labels-w73/src/components/MyWork/table/EmptyFilterStateView.tsx
/Users/piotrwisniewski/Developer/codex-wt/d-k6-execution-labels-w73/src/components/MyWork/table/EmptyStateView.tsx
/Users/piotrwisniewski/Developer/codex-wt/d-k6-execution-labels-w73/src/components/MyWork/table/DateDependencyConfig.tsx
/Users/piotrwisniewski/Developer/codex-wt/d-k6-execution-labels-w73/src/components/MyWork/table/FieldManager.tsx
/Users/piotrwisniewski/Developer/codex-wt/d-k6-execution-labels-w73/src/components/MyWork/table/ViewErrorBoundary.tsx
/Users/piotrwisniewski/Developer/codex-wt/d-k6-execution-labels-w73/src/components/MyWork/table/ShareViewDialog.tsx
/Users/piotrwisniewski/Developer/codex-wt/d-k6-execution-labels-w73/src/components/MyWork/table/ViewSwitcher.tsx
/Users/piotrwisniewski/Developer/codex-wt/d-k6-execution-labels-w73/src/components/MyWork/table/ViewRouter.tsx
/Users/piotrwisniewski/Developer/codex-wt/d-k6-execution-labels-w73/src/components/MyWork/table/RowColoringConfig.tsx
/Users/piotrwisniewski/Developer/codex-wt/d-k6-execution-labels-w73/src/components/MyWork/table/views/GalleryView.tsx
/Users/piotrwisniewski/Developer/codex-wt/d-k6-execution-labels-w73/src/components/MyWork/table/views/GanttView.tsx
/Users/piotrwisniewski/Developer/codex-wt/d-k6-execution-labels-w73/src/components/MyWork/table/views/TimelineView.tsx
/Users/piotrwisniewski/Developer/codex-wt/d-k6-execution-labels-w73/src/components/MyWork/table/views/ViewConfigPanel.tsx
/Users/piotrwisniewski/Developer/Consultify/node_modules/chart.js/dist/core/core.config.d.ts
/Users/piotrwisniewski/Developer/Consultify/node_modules/chart.js/dist/types/utils.d.ts
/Users/piotrwisniewski/Developer/Consultify/node_modules/chart.js/dist/types/basic.d.ts
/Users/piotrwisniewski/Developer/Consultify/node_modules/chart.js/dist/core/core.adapters.d.ts
/Users/piotrwisniewski/Developer/Consultify/node_modules/chart.js/dist/types/geometric.d.ts
/Users/piotrwisniewski/Developer/Consultify/node_modules/chart.js/dist/types/animation.d.ts
/Users/piotrwisniewski/Developer/Consultify/node_modules/chart.js/dist/core/core.element.d.ts
/Users/piotrwisniewski/Developer/Consultify/node_modules/chart.js/dist/elements/element.point.d.ts
/Users/piotrwisniewski/Developer/Consultify/node_modules/chart.js/dist/helpers/helpers.easing.d.ts
/Users/piotrwisniewski/Developer/Consultify/node_modules/chart.js/dist/types/color.d.ts
/Users/piotrwisniewski/Developer/Consultify/node_modules/chart.js/dist/types/layout.d.ts
/Users/piotrwisniewski/Developer/Consultify/node_modules/chart.js/dist/plugins/plugin.colors.d.ts
/Users/piotrwisniewski/Developer/Consultify/node_modules/chart.js/dist/elements/element.arc.d.ts
/Users/piotrwisniewski/Developer/Consultify/node_modules/chart.js/dist/types/index.d.ts
/Users/piotrwisniewski/Developer/Consultify/node_modules/chart.js/dist/core/core.plugins.d.ts
/Users/piotrwisniewski/Developer/Consultify/node_modules/chart.js/dist/core/core.defaults.d.ts
/Users/piotrwisniewski/Developer/Consultify/node_modules/chart.js/dist/core/core.typedRegistry.d.ts
/Users/piotrwisniewski/Developer/Consultify/node_modules/chart.js/dist/core/core.scale.d.ts
/Users/piotrwisniewski/Developer/Consultify/node_modules/chart.js/dist/core/core.registry.d.ts
/Users/piotrwisniewski/Developer/Consultify/node_modules/chart.js/dist/core/core.controller.d.ts
/Users/piotrwisniewski/Developer/Consultify/node_modules/chart.js/dist/core/core.datasetController.d.ts
/Users/piotrwisniewski/Developer/Consultify/node_modules/chart.js/dist/controllers/controller.bar.d.ts
/Users/piotrwisniewski/Developer/Consultify/node_modules/chart.js/dist/controllers/controller.bubble.d.ts
/Users/piotrwisniewski/Developer/Consultify/node_modules/chart.js/dist/controllers/controller.doughnut.d.ts
/Users/piotrwisniewski/Developer/Consultify/node_modules/chart.js/dist/controllers/controller.line.d.ts
/Users/piotrwisniewski/Developer/Consultify/node_modules/chart.js/dist/controllers/controller.polarArea.d.ts
/Users/piotrwisniewski/Developer/Consultify/node_modules/chart.js/dist/controllers/controller.pie.d.ts
/Users/piotrwisniewski/Developer/Consultify/node_modules/chart.js/dist/controllers/controller.radar.d.ts
/Users/piotrwisniewski/Developer/Consultify/node_modules/chart.js/dist/controllers/controller.scatter.d.ts
/Users/piotrwisniewski/Developer/Consultify/node_modules/chart.js/dist/controllers/index.d.ts
/Users/piotrwisniewski/Developer/Consultify/node_modules/chart.js/dist/core/core.animation.d.ts
/Users/piotrwisniewski/Developer/Consultify/node_modules/chart.js/dist/core/core.animations.d.ts
/Users/piotrwisniewski/Developer/Consultify/node_modules/chart.js/dist/core/core.animator.d.ts
/Users/piotrwisniewski/Developer/Consultify/node_modules/chart.js/dist/core/core.interaction.d.ts
/Users/piotrwisniewski/Developer/Consultify/node_modules/chart.js/dist/core/core.layouts.d.ts
/Users/piotrwisniewski/Developer/Consultify/node_modules/chart.js/dist/core/core.ticks.d.ts
/Users/piotrwisniewski/Developer/Consultify/node_modules/chart.js/dist/core/index.d.ts
/Users/piotrwisniewski/Developer/Consultify/node_modules/chart.js/dist/helpers/helpers.segment.d.ts
/Users/piotrwisniewski/Developer/Consultify/node_modules/chart.js/dist/elements/element.line.d.ts
/Users/piotrwisniewski/Developer/Consultify/node_modules/chart.js/dist/elements/element.bar.d.ts
/Users/piotrwisniewski/Developer/Consultify/node_modules/chart.js/dist/elements/index.d.ts
/Users/piotrwisniewski/Developer/Consultify/node_modules/chart.js/dist/platform/platform.base.d.ts
/Users/piotrwisniewski/Developer/Consultify/node_modules/chart.js/dist/platform/platform.basic.d.ts
/Users/piotrwisniewski/Developer/Consultify/node_modules/chart.js/dist/platform/platform.dom.d.ts
/Users/piotrwisniewski/Developer/Consultify/node_modules/chart.js/dist/platform/index.d.ts
/Users/piotrwisniewski/Developer/Consultify/node_modules/chart.js/dist/plugins/plugin.decimation.d.ts
/Users/piotrwisniewski/Developer/Consultify/node_modules/chart.js/dist/plugins/plugin.filler/index.d.ts
/Users/piotrwisniewski/Developer/Consultify/node_modules/chart.js/dist/plugins/plugin.legend.d.ts
/Users/piotrwisniewski/Developer/Consultify/node_modules/chart.js/dist/plugins/plugin.subtitle.d.ts
/Users/piotrwisniewski/Developer/Consultify/node_modules/chart.js/dist/plugins/plugin.title.d.ts
/Users/piotrwisniewski/Developer/Consultify/node_modules/chart.js/dist/helpers/helpers.core.d.ts
/Users/piotrwisniewski/Developer/Consultify/node_modules/chart.js/dist/plugins/plugin.tooltip.d.ts
/Users/piotrwisniewski/Developer/Consultify/node_modules/chart.js/dist/plugins/index.d.ts
/Users/piotrwisniewski/Developer/Consultify/node_modules/chart.js/dist/scales/scale.category.d.ts
/Users/piotrwisniewski/Developer/Consultify/node_modules/chart.js/dist/scales/scale.linearbase.d.ts
/Users/piotrwisniewski/Developer/Consultify/node_modules/chart.js/dist/scales/scale.linear.d.ts
/Users/piotrwisniewski/Developer/Consultify/node_modules/chart.js/dist/scales/scale.logarithmic.d.ts
/Users/piotrwisniewski/Developer/Consultify/node_modules/chart.js/dist/scales/scale.radialLinear.d.ts
/Users/piotrwisniewski/Developer/Consultify/node_modules/chart.js/dist/scales/scale.time.d.ts
/Users/piotrwisniewski/Developer/Consultify/node_modules/chart.js/dist/scales/scale.timeseries.d.ts
/Users/piotrwisniewski/Developer/Consultify/node_modules/chart.js/dist/scales/index.d.ts
/Users/piotrwisniewski/Developer/Consultify/node_modules/chart.js/dist/index.d.ts
/Users/piotrwisniewski/Developer/Consultify/node_modules/chart.js/dist/types.d.ts
/Users/piotrwisniewski/Developer/codex-wt/d-k6-execution-labels-w73/src/components/MyWork/table/charts/ChartBlock.tsx
/Users/piotrwisniewski/Developer/codex-wt/d-k6-execution-labels-w73/src/components/MyWork/table/charts/ChartConfigPanel.tsx
/Users/piotrwisniewski/Developer/codex-wt/d-k6-execution-labels-w73/src/components/MyWork/table/views/CalendarView.tsx
/Users/piotrwisniewski/Developer/codex-wt/d-k6-execution-labels-w73/src/components/MyWork/table/views/FormView.tsx
/Users/piotrwisniewski/Developer/codex-wt/d-k6-execution-labels-w73/src/components/MyWork/table/views/KanbanView.tsx
/Users/piotrwisniewski/Developer/codex-wt/d-k6-execution-labels-w73/src/components/MyWork/table/views/ViewRouter.tsx
/Users/piotrwisniewski/Developer/codex-wt/d-k6-execution-labels-w73/src/components/MyWork/table/VoiceImageInput.tsx
/Users/piotrwisniewski/Developer/codex-wt/d-k6-execution-labels-w73/src/components/MyWork/table/WorkflowDashboard.tsx
/Users/piotrwisniewski/Developer/codex-wt/d-k6-execution-labels-w73/src/components/MyWork/IdeaTableTool.tsx
/Users/piotrwisniewski/Developer/codex-wt/d-k6-execution-labels-w73/src/components/MyWork/IdeaTeresaSection.tsx
/Users/piotrwisniewski/Developer/codex-wt/d-k6-execution-labels-w73/src/components/MyWork/IdeaUnifiedSearch.tsx
/Users/piotrwisniewski/Developer/codex-wt/d-k6-execution-labels-w73/src/components/MyWork/IdeaVotingMode.tsx
/Users/piotrwisniewski/Developer/codex-wt/d-k6-execution-labels-w73/src/components/MyWork/IdeaDrawingLayer.tsx
/Users/piotrwisniewski/Developer/codex-wt/d-k6-execution-labels-w73/src/components/MyWork/IdeaScenesManager.tsx
/Users/piotrwisniewski/Developer/codex-wt/d-k6-execution-labels-w73/src/utils/whiteboardSessionInPanelFlag.ts
/Users/piotrwisniewski/Developer/codex-wt/d-k6-execution-labels-w73/src/components/MyWork/canvas/resolveKeyboardContextMenuTarget.ts
/Users/piotrwisniewski/Developer/codex-wt/d-k6-execution-labels-w73/src/components/MyWork/IdeaCanvasContextMenu.tsx
/Users/piotrwisniewski/Developer/codex-wt/d-k6-execution-labels-w73/src/components/MyWork/IdeaSlashCommandMenu.tsx
/Users/piotrwisniewski/Developer/codex-wt/d-k6-execution-labels-w73/src/components/MyWork/layout/IdeaSmartLayout.ts
/Users/piotrwisniewski/Developer/codex-wt/d-k6-execution-labels-w73/src/components/MyWork/IdeaMetricNodes.tsx
/Users/piotrwisniewski/Developer/codex-wt/d-k6-execution-labels-w73/src/components/MyWork/IdeaSummaryCardNode.tsx
/Users/piotrwisniewski/Developer/codex-wt/d-k6-execution-labels-w73/src/components/MyWork/whiteboard/nodes/CommentPinBadge.tsx
/Users/piotrwisniewski/Developer/codex-wt/d-k6-execution-labels-w73/src/components/MyWork/whiteboard/nodes/FrameNode.tsx
/Users/piotrwisniewski/Developer/codex-wt/d-k6-execution-labels-w73/src/components/MyWork/whiteboard/nodes/GroupNode.tsx
/Users/piotrwisniewski/Developer/codex-wt/d-k6-execution-labels-w73/src/components/MyWork/whiteboard/nodes/ImageNode.tsx
/Users/piotrwisniewski/Developer/codex-wt/d-k6-execution-labels-w73/src/components/MyWork/whiteboard/nodes/LabeledEdge.tsx
/Users/piotrwisniewski/Developer/codex-wt/d-k6-execution-labels-w73/src/components/MyWork/whiteboard/nodes/LinkNode.tsx
/Users/piotrwisniewski/Developer/codex-wt/d-k6-execution-labels-w73/src/components/MyWork/whiteboard/nodes/ShapeNode.tsx
/Users/piotrwisniewski/Developer/codex-wt/d-k6-execution-labels-w73/src/components/MyWork/whiteboard/whiteboardReactions.ts
/Users/piotrwisniewski/Developer/codex-wt/d-k6-execution-labels-w73/src/components/MyWork/whiteboard/nodes/WhiteboardNodeReactions.tsx
/Users/piotrwisniewski/Developer/codex-wt/d-k6-execution-labels-w73/src/components/MyWork/whiteboard/nodes/StickyNoteNode.tsx
/Users/piotrwisniewski/Developer/codex-wt/d-k6-execution-labels-w73/src/components/MyWork/whiteboard/nodes/TextBlockNode.tsx
/Users/piotrwisniewski/Developer/codex-wt/d-k6-execution-labels-w73/src/components/MyWork/whiteboard/nodes/nodeTypes.ts
/Users/piotrwisniewski/Developer/codex-wt/d-k6-execution-labels-w73/src/components/MyWork/whiteboard/nodes/whiteboardNodeComments.ts
/Users/piotrwisniewski/Developer/codex-wt/d-k6-execution-labels-w73/src/components/MyWork/whiteboard/nodes/WhiteboardNodeCommentThread.tsx
/Users/piotrwisniewski/Developer/codex-wt/d-k6-execution-labels-w73/src/components/MyWork/whiteboard/usePortalSlot.ts
/Users/piotrwisniewski/Developer/codex-wt/d-k6-execution-labels-w73/src/components/MyWork/whiteboard/whiteboardPlacement.ts
/Users/piotrwisniewski/Developer/codex-wt/d-k6-execution-labels-w73/src/components/MyWork/whiteboard/useWhiteboardCollab.ts
/Users/piotrwisniewski/Developer/codex-wt/d-k6-execution-labels-w73/src/components/MyWork/whiteboard/useWhiteboardNodes.ts
/Users/piotrwisniewski/Developer/codex-wt/d-k6-execution-labels-w73/src/components/MyWork/whiteboard/useWhiteboardQuickActions.ts
/Users/piotrwisniewski/Developer/codex-wt/d-k6-execution-labels-w73/src/components/MyWork/whiteboard/whiteboardContracts.ts
/Users/piotrwisniewski/Developer/codex-wt/d-k6-execution-labels-w73/src/components/MyWork/whiteboard/WhiteboardEdgeContextMenu.tsx
/Users/piotrwisniewski/Developer/codex-wt/d-k6-execution-labels-w73/src/components/MyWork/whiteboard/WhiteboardEmptyState.tsx
/Users/piotrwisniewski/Developer/codex-wt/d-k6-execution-labels-w73/src/components/MyWork/whiteboard/whiteboardImageUpload.ts
/Users/piotrwisniewski/Developer/codex-wt/d-k6-execution-labels-w73/src/components/MyWork/whiteboard/whiteboardInteractionGrammar.ts
/Users/piotrwisniewski/Developer/codex-wt/d-k6-execution-labels-w73/src/components/MyWork/whiteboard/whiteboardProposalPatch.ts
/Users/piotrwisniewski/Developer/codex-wt/d-k6-execution-labels-w73/src/components/MyWork/canvas/CanvasToolbarPrimitives.tsx
/Users/piotrwisniewski/Developer/codex-wt/d-k6-execution-labels-w73/src/components/MyWork/whiteboard/WhiteboardToolbarPrimitives.tsx
/Users/piotrwisniewski/Developer/codex-wt/d-k6-execution-labels-w73/src/components/MyWork/whiteboard/WhiteboardSelectionBar.tsx
/Users/piotrwisniewski/Developer/codex-wt/d-k6-execution-labels-w73/src/components/MyWork/whiteboard/WhiteboardPhaseBar.tsx
/Users/piotrwisniewski/Developer/codex-wt/d-k6-execution-labels-w73/src/components/MyWork/whiteboard/WhiteboardSessionPanel.tsx
/Users/piotrwisniewski/Developer/codex-wt/d-k6-execution-labels-w73/src/components/MyWork/whiteboard/WhiteboardStyleBar.tsx
/Users/piotrwisniewski/Developer/codex-wt/d-k6-execution-labels-w73/src/components/MyWork/whiteboard/WhiteboardToolbar.tsx
/Users/piotrwisniewski/Developer/codex-wt/d-k6-execution-labels-w73/src/components/MyWork/IdeaWhiteboardTool.tsx
/Users/piotrwisniewski/Developer/codex-wt/d-k6-execution-labels-w73/src/components/MyWork/ProcessFlowCandidatePreviewCard.tsx
/Users/piotrwisniewski/Developer/codex-wt/d-k6-execution-labels-w73/src/components/MyWork/ideaMaturityModel.ts
/Users/piotrwisniewski/Developer/codex-wt/d-k6-execution-labels-w73/src/components/MyWork/mindmap/MindmapInspector.tsx
/Users/piotrwisniewski/Developer/codex-wt/d-k6-execution-labels-w73/src/types/ideaBusinessCase.ts
/Users/piotrwisniewski/Developer/codex-wt/d-k6-execution-labels-w73/src/services/api/ideaBusinessCase.api.ts
/Users/piotrwisniewski/Developer/codex-wt/d-k6-execution-labels-w73/src/components/MyWork/panel/useIdeaBusinessCase.ts
/Users/piotrwisniewski/Developer/codex-wt/d-k6-execution-labels-w73/src/components/MyWork/panel/IdeaBusinessCaseSection.tsx
/Users/piotrwisniewski/Developer/codex-wt/d-k6-execution-labels-w73/src/components/MyWork/panel/IdeaPanelComments.tsx
/Users/piotrwisniewski/Developer/codex-wt/d-k6-execution-labels-w73/src/components/MyWork/panel/IdeaPanelHistory.tsx
/Users/piotrwisniewski/Developer/codex-wt/d-k6-execution-labels-w73/src/components/MyWork/panel/IdeaPanelActivity.tsx
/Users/piotrwisniewski/Developer/codex-wt/d-k6-execution-labels-w73/src/components/MyWork/panel/ideaPanelVisualFlag.ts
/Users/piotrwisniewski/Developer/codex-wt/d-k6-execution-labels-w73/src/utils/ideaBusinessCaseSchemaFlag.ts
/Users/piotrwisniewski/Developer/codex-wt/d-k6-execution-labels-w73/src/components/MyWork/processflow/ProcessFlowHealthScore.tsx
/Users/piotrwisniewski/Developer/codex-wt/d-k6-execution-labels-w73/src/components/MyWork/shared/IdeaMaturityGate.tsx
/Users/piotrwisniewski/Developer/codex-wt/d-k6-execution-labels-w73/src/components/MyWork/table/IdeaCompletenessWidget.tsx
/Users/piotrwisniewski/Developer/codex-wt/d-k6-execution-labels-w73/src/components/MyWork/IdeaWorkspaceTools.tsx
/Users/piotrwisniewski/Developer/codex-wt/d-k6-execution-labels-w73/src/components/MyWork/mindmap/AIGovernancePanel.tsx
/Users/piotrwisniewski/Developer/codex-wt/d-k6-execution-labels-w73/src/components/MyWork/mindmap/ideaTableDataRailFlag.ts
/Users/piotrwisniewski/Developer/codex-wt/d-k6-execution-labels-w73/src/components/MyWork/mindmap/toolbar-popovers/AddNodePopover.tsx
/Users/piotrwisniewski/Developer/codex-wt/d-k6-execution-labels-w73/src/components/MyWork/mindmap/toolbar-popovers/AIActionsPopover.tsx
/Users/piotrwisniewski/Developer/codex-wt/d-k6-execution-labels-w73/src/components/MyWork/mindmap/toolbar-popovers/ImportExportPopover.tsx
/Users/piotrwisniewski/Developer/codex-wt/d-k6-execution-labels-w73/src/components/MyWork/mindmap/toolbar-popovers/KnowledgePopover.tsx
/Users/piotrwisniewski/Developer/codex-wt/d-k6-execution-labels-w73/src/components/MyWork/mindmap/toolbar-popovers/MoreToolsPanel.tsx
/Users/piotrwisniewski/Developer/codex-wt/d-k6-execution-labels-w73/src/components/MyWork/mindmap/toolbar-popovers/TemplatesPopover.tsx
/Users/piotrwisniewski/Developer/codex-wt/d-k6-execution-labels-w73/src/components/MyWork/mindmap/CanvasLeftToolbar.tsx
/Users/piotrwisniewski/Developer/codex-wt/d-k6-execution-labels-w73/src/components/MyWork/mindmap/IdeaViewSwitcher.tsx
/Users/piotrwisniewski/Developer/codex-wt/d-k6-execution-labels-w73/src/components/MyWork/superCanvasTypes.ts
/Users/piotrwisniewski/Developer/codex-wt/d-k6-execution-labels-w73/src/components/MyWork/transforms/crossToolTransform.ts
/Users/piotrwisniewski/Developer/codex-wt/d-k6-execution-labels-w73/src/components/MyWork/useIdeaConfidentialityGate.ts
/Users/piotrwisniewski/Developer/codex-wt/d-k6-execution-labels-w73/src/components/MyWork/IdeaMapWorkspace.tsx
/Users/piotrwisniewski/Developer/codex-wt/d-k6-execution-labels-w73/src/services/api/artifactApprovals.api.ts
/Users/piotrwisniewski/Developer/codex-wt/d-k6-execution-labels-w73/src/hooks/useArtifactApprovalStatus.ts
/Users/piotrwisniewski/Developer/codex-wt/d-k6-execution-labels-w73/src/components/standard/ArtifactApprovalStatusBar.tsx
/Users/piotrwisniewski/Developer/codex-wt/d-k6-execution-labels-w73/src/hooks/useAccordionSections.ts
/Users/piotrwisniewski/Developer/codex-wt/d-k6-execution-labels-w73/src/utils/artifactApprovalUiFlag.ts
/Users/piotrwisniewski/Developer/codex-wt/d-k6-execution-labels-w73/src/components/shared/NModeLayout/NModeToolbar.tsx
/Users/piotrwisniewski/Developer/codex-wt/d-k6-execution-labels-w73/src/components/shared/RequiredProjectPicker.tsx
/Users/piotrwisniewski/Developer/codex-wt/d-k6-execution-labels-w73/src/components/MyWork/shared/PostDecisionFollowUp.tsx
/Users/piotrwisniewski/Developer/codex-wt/d-k6-execution-labels-w73/src/components/MyWork/DecisionDetailView.tsx
/Users/piotrwisniewski/Developer/codex-wt/d-k6-execution-labels-w73/src/components/MyWork/NotificationDetailView.tsx
/Users/piotrwisniewski/Developer/codex-wt/d-k6-execution-labels-w73/src/utils/safeFormat.ts
/Users/piotrwisniewski/Developer/codex-wt/d-k6-execution-labels-w73/src/components/Initiatives/InitiativeFullView.tsx
/Users/piotrwisniewski/Developer/codex-wt/d-k6-execution-labels-w73/src/components/MyWork/Executive/ActionRequiredStrip.tsx
/Users/piotrwisniewski/Developer/codex-wt/d-k6-execution-labels-w73/src/components/MyWork/Executive/AIOperatorOverviewCard.tsx
/Users/piotrwisniewski/Developer/codex-wt/d-k6-execution-labels-w73/src/components/MyWork/Executive/DecisionQueuePreview.tsx
/Users/piotrwisniewski/Developer/codex-wt/d-k6-execution-labels-w73/src/components/MyWork/Executive/executiveData.ts
/Users/piotrwisniewski/Developer/codex-wt/d-k6-execution-labels-w73/src/components/MyWork/Executive/managerSnapshot.ts
/Users/piotrwisniewski/Developer/codex-wt/d-k6-execution-labels-w73/src/components/MyWork/Executive/KPIGrid.tsx
/Users/piotrwisniewski/Developer/codex-wt/d-k6-execution-labels-w73/src/components/MyWork/Executive/ManagerScopeBar.tsx
/Users/piotrwisniewski/Developer/codex-wt/d-k6-execution-labels-w73/src/components/MyWork/Executive/PortfolioHealthScore.tsx
/Users/piotrwisniewski/Developer/codex-wt/d-k6-execution-labels-w73/src/components/MyWork/Executive/TeamPerformancePreview.tsx
/Users/piotrwisniewski/Developer/codex-wt/d-k6-execution-labels-w73/src/components/MyWork/Executive/ExecutiveDashboard.tsx
/Users/piotrwisniewski/Developer/codex-wt/d-k6-execution-labels-w73/src/components/MyWork/Home/useHomeData.ts
/Users/piotrwisniewski/Developer/codex-wt/d-k6-execution-labels-w73/src/components/MyWork/Home/useRadarBriefing.ts
/Users/piotrwisniewski/Developer/codex-wt/d-k6-execution-labels-w73/src/components/MyWork/Home/useRadarData.ts
/Users/piotrwisniewski/Developer/codex-wt/d-k6-execution-labels-w73/src/components/MyWork/Home/HomeView.tsx
/Users/piotrwisniewski/Developer/codex-wt/d-k6-execution-labels-w73/src/components/MyWork/TasksKanbanBoard.tsx
/Users/piotrwisniewski/Developer/codex-wt/d-k6-execution-labels-w73/src/components/MyWork/TasksCalendarView.tsx
/Users/piotrwisniewski/Developer/codex-wt/d-k6-execution-labels-w73/src/components/MyWork/DecisionsKanbanBoard.tsx
/Users/piotrwisniewski/Developer/codex-wt/d-k6-execution-labels-w73/src/components/MyWork/DecisionsTimelineView.tsx
/Users/piotrwisniewski/Developer/codex-wt/d-k6-execution-labels-w73/src/views/vault/vaultDocuments.ts
/Users/piotrwisniewski/Developer/codex-wt/d-k6-execution-labels-w73/src/views/vault/VaultDocumentPanel.tsx
/Users/piotrwisniewski/Developer/codex-wt/d-k6-execution-labels-w73/src/views/vault/deleteVaultDocumentsWithReceipts.ts
/Users/piotrwisniewski/Developer/codex-wt/d-k6-execution-labels-w73/src/views/vault/vaultIndexRefreshPolicy.ts
/Users/piotrwisniewski/Developer/codex-wt/d-k6-execution-labels-w73/src/views/vault/VaultDocumentsView.tsx
/Users/piotrwisniewski/Developer/codex-wt/d-k6-execution-labels-w73/src/views/vault/VaultSafesTable.tsx
/Users/piotrwisniewski/Developer/codex-wt/d-k6-execution-labels-w73/src/views/vault/ClientDocumentsVault.tsx
/Users/piotrwisniewski/Developer/codex-wt/d-k6-execution-labels-w73/src/components/MyWork/Home/useRadarTriageData.ts
/Users/piotrwisniewski/Developer/codex-wt/d-k6-execution-labels-w73/src/components/MyWork/MyWorkHub.tsx
/Users/piotrwisniewski/Developer/codex-wt/d-k6-execution-labels-w73/src/views/MyWorkView.tsx
/Users/piotrwisniewski/Developer/codex-wt/d-k6-execution-labels-w73/src/components/navigation/Sidebar/Sidebar.tsx
/Users/piotrwisniewski/Developer/codex-wt/d-k6-execution-labels-w73/src/components/navigation/Sidebar/useSidebarState.tsx
/Users/piotrwisniewski/Developer/codex-wt/d-k6-execution-labels-w73/src/components/navigation/Sidebar/index.ts
/Users/piotrwisniewski/Developer/codex-wt/d-k6-execution-labels-w73/src/components/Onboarding/firstRunConfig.ts
/Users/piotrwisniewski/Developer/codex-wt/d-k6-execution-labels-w73/src/components/Onboarding/useFirstRunOnboarding.ts
/Users/piotrwisniewski/Developer/codex-wt/d-k6-execution-labels-w73/src/components/Onboarding/FirstRunOnboarding.tsx
/Users/piotrwisniewski/Developer/codex-wt/d-k6-execution-labels-w73/src/components/Onboarding/OnboardingFirstLoginCTA.tsx
/Users/piotrwisniewski/Developer/codex-wt/d-k6-execution-labels-w73/src/components/SystemHealth.tsx
/Users/piotrwisniewski/Developer/codex-wt/d-k6-execution-labels-w73/src/components/TaskDropdown.tsx
/Users/piotrwisniewski/Developer/codex-wt/d-k6-execution-labels-w73/src/components/Trial/TrialExpiredGate.tsx
/Users/piotrwisniewski/Developer/codex-wt/d-k6-execution-labels-w73/src/utils/artifactStudioFlags.ts
/Users/piotrwisniewski/Developer/codex-wt/d-k6-execution-labels-w73/src/config/helpContent.ts
/Users/piotrwisniewski/Developer/codex-wt/d-k6-execution-labels-w73/src/components/Help/FeatureUpdatesPanel.tsx
/Users/piotrwisniewski/Developer/codex-wt/d-k6-execution-labels-w73/src/components/Help/KnowledgeArticleView.tsx
/Users/piotrwisniewski/Developer/codex-wt/d-k6-execution-labels-w73/src/components/Help/KnowledgeLibrary.tsx
/Users/piotrwisniewski/Developer/codex-wt/d-k6-execution-labels-w73/src/components/Help/HelpSidePanel.tsx
/Users/piotrwisniewski/Developer/codex-wt/d-k6-execution-labels-w73/src/layouts/MainLayout.tsx
/Users/piotrwisniewski/Developer/codex-wt/d-k6-execution-labels-w73/src/routes/materialsStudioBreadcrumb.ts
/Users/piotrwisniewski/Developer/codex-wt/d-k6-execution-labels-w73/src/routes/presentationWizardRedirect.ts
/Users/piotrwisniewski/Developer/codex-wt/d-k6-execution-labels-w73/src/routes/WorkCanvasRedirect.tsx
/Users/piotrwisniewski/Developer/codex-wt/d-k6-execution-labels-w73/src/views/StudioUnavailableView.tsx
/Users/piotrwisniewski/Developer/codex-wt/d-k6-execution-labels-w73/src/services/publicAnnaAnalytics.ts
/Users/piotrwisniewski/Developer/codex-wt/d-k6-execution-labels-w73/src/services/annaLpCtaContext.ts
/Users/piotrwisniewski/Developer/codex-wt/d-k6-execution-labels-w73/src/views/AuthView.tsx
/Users/piotrwisniewski/Developer/codex-wt/d-k6-execution-labels-w73/src/components/Landing/AIOsProductMapSection.tsx
/Users/piotrwisniewski/Developer/codex-wt/d-k6-execution-labels-w73/src/components/Landing/AnnaAssistantWidget.tsx
/Users/piotrwisniewski/Developer/codex-wt/d-k6-execution-labels-w73/src/components/Landing/DemoModeModal.tsx
/Users/piotrwisniewski/Developer/codex-wt/d-k6-execution-labels-w73/src/components/Landing/DocumentationSection.tsx
/Users/piotrwisniewski/Developer/codex-wt/d-k6-execution-labels-w73/src/components/Landing/EntryFooter.tsx
/Users/piotrwisniewski/Developer/codex-wt/d-k6-execution-labels-w73/src/components/Landing/EntryTopBar.tsx
/Users/piotrwisniewski/Developer/codex-wt/d-k6-execution-labels-w73/src/components/Landing/EpicHeroSection.tsx
/Users/piotrwisniewski/Developer/codex-wt/d-k6-execution-labels-w73/src/components/Landing/ExtendedScopeSection.tsx
/Users/piotrwisniewski/Developer/codex-wt/d-k6-execution-labels-w73/src/components/Landing/ForWhomSection.tsx
/Users/piotrwisniewski/Developer/codex-wt/d-k6-execution-labels-w73/src/components/Landing/HowItWorksSection.tsx
/Users/piotrwisniewski/Developer/codex-wt/d-k6-execution-labels-w73/src/config/landingFilms.ts
/Users/piotrwisniewski/Developer/codex-wt/d-k6-execution-labels-w73/src/components/Landing/InfoSections.tsx
/Users/piotrwisniewski/Developer/codex-wt/d-k6-execution-labels-w73/src/components/Landing/KnowledgePreviewSection.tsx
/Users/piotrwisniewski/Developer/codex-wt/d-k6-execution-labels-w73/src/components/Landing/LandingFilmModal.tsx
/Users/piotrwisniewski/Developer/codex-wt/d-k6-execution-labels-w73/src/components/Landing/LandingNarrativeCtaBand.tsx
/Users/piotrwisniewski/Developer/codex-wt/d-k6-execution-labels-w73/src/components/Landing/ModelDeploymentSection.tsx
/Users/piotrwisniewski/Developer/codex-wt/d-k6-execution-labels-w73/src/components/Landing/ProblemPlatformSection.tsx
/Users/piotrwisniewski/Developer/codex-wt/d-k6-execution-labels-w73/src/components/Landing/ProfitHeroSection.tsx
/Users/piotrwisniewski/Developer/codex-wt/d-k6-execution-labels-w73/src/components/Landing/TrustStrip.tsx
/Users/piotrwisniewski/Developer/codex-wt/d-k6-execution-labels-w73/src/components/Landing/ValueJourneySection.tsx
/Users/piotrwisniewski/Developer/codex-wt/d-k6-execution-labels-w73/src/components/Landing/WhereItHappensSection.tsx
/Users/piotrwisniewski/Developer/codex-wt/d-k6-execution-labels-w73/src/views/ProductEntryPage.tsx
/Users/piotrwisniewski/Developer/codex-wt/d-k6-execution-labels-w73/src/components/Studio/hooks/useStudioAI.tsx
/Users/piotrwisniewski/Developer/codex-wt/d-k6-execution-labels-w73/src/components/Studio/hooks/useStudioDocument.tsx
/Users/piotrwisniewski/Developer/codex-wt/d-k6-execution-labels-w73/src/components/Studio/nodes/DecisionNode.tsx
/Users/piotrwisniewski/Developer/codex-wt/d-k6-execution-labels-w73/src/components/Studio/nodes/MindmapNode.tsx
/Users/piotrwisniewski/Developer/codex-wt/d-k6-execution-labels-w73/src/components/Studio/nodes/OrgUnitNode.tsx
/Users/piotrwisniewski/Developer/codex-wt/d-k6-execution-labels-w73/src/components/Studio/nodes/ProcessStepNode.tsx
/Users/piotrwisniewski/Developer/codex-wt/d-k6-execution-labels-w73/src/components/Studio/nodes/RACICell.tsx
/Users/piotrwisniewski/Developer/codex-wt/d-k6-execution-labels-w73/src/components/Studio/nodes/StartEndNode.tsx
/Users/piotrwisniewski/Developer/codex-wt/d-k6-execution-labels-w73/src/components/Studio/nodes/SwimLaneNode.tsx
/Users/piotrwisniewski/Developer/codex-wt/d-k6-execution-labels-w73/src/components/Studio/nodes/TextNode.tsx
/Users/piotrwisniewski/Developer/codex-wt/d-k6-execution-labels-w73/src/components/Studio/StudioCanvas.tsx
/Users/piotrwisniewski/Developer/codex-wt/d-k6-execution-labels-w73/src/components/Studio/StudioChat.tsx
/Users/piotrwisniewski/Developer/codex-wt/d-k6-execution-labels-w73/src/components/Studio/StudioExportModal.tsx
/Users/piotrwisniewski/Developer/codex-wt/d-k6-execution-labels-w73/src/components/Studio/StudioLinkModal.tsx
/Users/piotrwisniewski/Developer/codex-wt/d-k6-execution-labels-w73/src/components/Studio/StudioSidebar.tsx
/Users/piotrwisniewski/Developer/codex-wt/d-k6-execution-labels-w73/src/components/Studio/StudioToolbar.tsx
/Users/piotrwisniewski/Developer/codex-wt/d-k6-execution-labels-w73/src/views/StudioView.tsx
/Users/piotrwisniewski/Developer/codex-wt/d-k6-execution-labels-w73/src/components/shared/NModeLayout/NModeActionBar.tsx
/Users/piotrwisniewski/Developer/codex-wt/d-k6-execution-labels-w73/src/components/shared/NModeLayout/NModeCBoard.tsx
/Users/piotrwisniewski/Developer/codex-wt/d-k6-execution-labels-w73/src/components/shared/NModeLayout/NModeContentBlock.tsx
/Users/piotrwisniewski/Developer/codex-wt/d-k6-execution-labels-w73/src/components/shared/NModeLayout/NModePropertiesStrip.tsx
/Users/piotrwisniewski/Developer/codex-wt/d-k6-execution-labels-w73/src/components/shared/NModeLayout/NModeShell.tsx
/Users/piotrwisniewski/Developer/codex-wt/d-k6-execution-labels-w73/src/components/shared/NModeLayout/SummaryCard.tsx
/Users/piotrwisniewski/Developer/codex-wt/d-k6-execution-labels-w73/src/components/shared/NModeLayout/index.ts
/Users/piotrwisniewski/Developer/codex-wt/d-k6-execution-labels-w73/src/components/standard/ArtifactBreadcrumb.tsx
/Users/piotrwisniewski/Developer/codex-wt/d-k6-execution-labels-w73/src/components/standard/StandardArtifactShell.types.ts
/Users/piotrwisniewski/Developer/codex-wt/d-k6-execution-labels-w73/src/components/standard/StandardArtifactShell.tsx
/Users/piotrwisniewski/Developer/codex-wt/d-k6-execution-labels-w73/src/components/standard/actionCardContract.ts
/Users/piotrwisniewski/Developer/codex-wt/d-k6-execution-labels-w73/src/components/standard/ActionCardPage.tsx
/Users/piotrwisniewski/Developer/codex-wt/d-k6-execution-labels-w73/src/components/CaseWorkspace/apiLightStart.ts
/Users/piotrwisniewski/Developer/codex-wt/d-k6-execution-labels-w73/src/components/CaseWorkspace/ui.tsx
/Users/piotrwisniewski/Developer/codex-wt/d-k6-execution-labels-w73/src/components/CaseWorkspace/CasesListScreen.tsx
/Users/piotrwisniewski/Developer/codex-wt/d-k6-execution-labels-w73/src/components/CaseWorkspace/PlanGraphCanvas.tsx
/Users/piotrwisniewski/Developer/codex-wt/d-k6-execution-labels-w73/src/components/CaseWorkspace/PlanView.tsx
/Users/piotrwisniewski/Developer/codex-wt/d-k6-execution-labels-w73/src/components/CaseWorkspace/apiResults.ts
/Users/piotrwisniewski/Developer/codex-wt/d-k6-execution-labels-w73/src/components/CaseWorkspace/RealizacjaView.tsx
/Users/piotrwisniewski/Developer/codex-wt/d-k6-execution-labels-w73/src/components/DocumentStudio/types.ts
/Users/piotrwisniewski/Developer/codex-wt/d-k6-execution-labels-w73/src/components/DocumentStudio/api.ts
/Users/piotrwisniewski/Developer/codex-wt/d-k6-execution-labels-w73/src/components/CaseWorkspace/RezultatyView.tsx
/Users/piotrwisniewski/Developer/codex-wt/d-k6-execution-labels-w73/src/components/CaseWorkspace/CaseDetailScreen.tsx
/Users/piotrwisniewski/Developer/codex-wt/d-k6-execution-labels-w73/src/components/CaseWorkspace/CaseWorkspaceHub.tsx
/Users/piotrwisniewski/Developer/codex-wt/d-k6-execution-labels-w73/src/components/CaseWorkspace/CaseWorkspaceRoute.tsx
/Users/piotrwisniewski/Developer/codex-wt/d-k6-execution-labels-w73/src/domain/toolStatus.ts
/Users/piotrwisniewski/Developer/codex-wt/d-k6-execution-labels-w73/src/labels/stateToneMap.ts
/Users/piotrwisniewski/Developer/codex-wt/d-k6-execution-labels-w73/src/toolCatalog/strategy/catalog.ts
/Users/piotrwisniewski/Developer/codex-wt/d-k6-execution-labels-w73/src/utils/initiativeHelpers.ts
/Users/piotrwisniewski/Developer/codex-wt/d-k6-execution-labels-w73/src/components/assessment/AssessmentFrameworkPreviewV3.tsx
/Users/piotrwisniewski/Developer/codex-wt/d-k6-execution-labels-w73/src/components/assessment/AssessmentSessionPreviewV3.tsx
/Users/piotrwisniewski/Developer/codex-wt/d-k6-execution-labels-w73/src/components/DiscoveryTools/InlineAssist.tsx
/Users/piotrwisniewski/Developer/codex-wt/d-k6-execution-labels-w73/src/components/shared/ModuleHub/menu3ActionButtonStyles.ts
/Users/piotrwisniewski/Developer/codex-wt/d-k6-execution-labels-w73/src/config/consultingToolsStandard.ts
/Users/piotrwisniewski/Developer/codex-wt/d-k6-execution-labels-w73/src/config/swot/dynamicSwotQuestionBank.ts
/Users/piotrwisniewski/Developer/codex-wt/d-k6-execution-labels-w73/src/config/swot/swotAcceptGate.ts
/Users/piotrwisniewski/Developer/codex-wt/d-k6-execution-labels-w73/src/utils/dynamicSwotSevenStagesFlag.ts
/Users/piotrwisniewski/Developer/codex-wt/d-k6-execution-labels-w73/src/toolPacks/runtimeReadiness.ts
/Users/piotrwisniewski/Developer/codex-wt/d-k6-execution-labels-w73/src/toolPacks/contract.ts
/Users/piotrwisniewski/Developer/codex-wt/d-k6-execution-labels-w73/src/toolPacks/packs/dynamicSwot.pack.ts
/Users/piotrwisniewski/Developer/codex-wt/d-k6-execution-labels-w73/src/store/useToolStore.ts
/Users/piotrwisniewski/Developer/codex-wt/d-k6-execution-labels-w73/src/components/DiscoveryTools/toolAiActions.ts
/Users/piotrwisniewski/Developer/codex-wt/d-k6-execution-labels-w73/src/components/DiscoveryTools/shared/ToolPhaseAiActions.tsx
/Users/piotrwisniewski/Developer/codex-wt/d-k6-execution-labels-w73/src/components/DiscoveryTools/ToolActionBar.tsx
/Users/piotrwisniewski/Developer/codex-wt/d-k6-execution-labels-w73/src/components/DiscoveryTools/steps/ContextStep.tsx
/Users/piotrwisniewski/Developer/codex-wt/d-k6-execution-labels-w73/src/components/DiscoveryTools/steps/ImpactHypothesisStep.tsx
/Users/piotrwisniewski/Developer/codex-wt/d-k6-execution-labels-w73/src/components/DiscoveryTools/steps/InitiativesStep.tsx
/Users/piotrwisniewski/Developer/codex-wt/d-k6-execution-labels-w73/src/components/DiscoveryTools/steps/PrepareStep.tsx
/Users/piotrwisniewski/Developer/codex-wt/d-k6-execution-labels-w73/src/components/DiscoveryTools/steps/ProcessAutomationEconomicsStep.tsx
/Users/piotrwisniewski/Developer/codex-wt/d-k6-execution-labels-w73/src/components/DiscoveryTools/steps/ProcessAutomationMeasurementStep.tsx
/Users/piotrwisniewski/Developer/codex-wt/d-k6-execution-labels-w73/src/components/DiscoveryTools/steps/ReasoningStep.tsx
/Users/piotrwisniewski/Developer/Consultify/node_modules/html2canvas/dist/types/core/logger.d.ts
/Users/piotrwisniewski/Developer/Consultify/node_modules/html2canvas/dist/types/core/cache-storage.d.ts
/Users/piotrwisniewski/Developer/Consultify/node_modules/html2canvas/dist/types/core/context.d.ts
/Users/piotrwisniewski/Developer/Consultify/node_modules/html2canvas/dist/types/css/layout/bounds.d.ts
/Users/piotrwisniewski/Developer/Consultify/node_modules/html2canvas/dist/types/dom/document-cloner.d.ts
/Users/piotrwisniewski/Developer/Consultify/node_modules/html2canvas/dist/types/css/syntax/tokenizer.d.ts
/Users/piotrwisniewski/Developer/Consultify/node_modules/html2canvas/dist/types/css/syntax/parser.d.ts
/Users/piotrwisniewski/Developer/Consultify/node_modules/html2canvas/dist/types/css/types/index.d.ts
/Users/piotrwisniewski/Developer/Consultify/node_modules/html2canvas/dist/types/css/IPropertyDescriptor.d.ts
/Users/piotrwisniewski/Developer/Consultify/node_modules/html2canvas/dist/types/css/property-descriptors/background-clip.d.ts
/Users/piotrwisniewski/Developer/Consultify/node_modules/html2canvas/dist/types/css/ITypeDescriptor.d.ts
/Users/piotrwisniewski/Developer/Consultify/node_modules/html2canvas/dist/types/css/types/color.d.ts
/Users/piotrwisniewski/Developer/Consultify/node_modules/html2canvas/dist/types/css/types/length-percentage.d.ts
/Users/piotrwisniewski/Developer/Consultify/node_modules/html2canvas/dist/types/css/types/image.d.ts
/Users/piotrwisniewski/Developer/Consultify/node_modules/html2canvas/dist/types/css/property-descriptors/background-image.d.ts
/Users/piotrwisniewski/Developer/Consultify/node_modules/html2canvas/dist/types/css/property-descriptors/background-origin.d.ts
/Users/piotrwisniewski/Developer/Consultify/node_modules/html2canvas/dist/types/css/property-descriptors/background-position.d.ts
/Users/piotrwisniewski/Developer/Consultify/node_modules/html2canvas/dist/types/css/property-descriptors/background-repeat.d.ts
/Users/piotrwisniewski/Developer/Consultify/node_modules/html2canvas/dist/types/css/property-descriptors/background-size.d.ts
/Users/piotrwisniewski/Developer/Consultify/node_modules/html2canvas/dist/types/css/property-descriptors/border-radius.d.ts
/Users/piotrwisniewski/Developer/Consultify/node_modules/html2canvas/dist/types/css/property-descriptors/border-style.d.ts
/Users/piotrwisniewski/Developer/Consultify/node_modules/html2canvas/dist/types/css/property-descriptors/border-width.d.ts
/Users/piotrwisniewski/Developer/Consultify/node_modules/html2canvas/dist/types/css/property-descriptors/direction.d.ts
/Users/piotrwisniewski/Developer/Consultify/node_modules/html2canvas/dist/types/css/property-descriptors/display.d.ts
/Users/piotrwisniewski/Developer/Consultify/node_modules/html2canvas/dist/types/css/property-descriptors/float.d.ts
/Users/piotrwisniewski/Developer/Consultify/node_modules/html2canvas/dist/types/css/property-descriptors/letter-spacing.d.ts
/Users/piotrwisniewski/Developer/Consultify/node_modules/html2canvas/dist/types/css/property-descriptors/line-break.d.ts
/Users/piotrwisniewski/Developer/Consultify/node_modules/html2canvas/dist/types/css/property-descriptors/list-style-image.d.ts
/Users/piotrwisniewski/Developer/Consultify/node_modules/html2canvas/dist/types/css/property-descriptors/list-style-position.d.ts
/Users/piotrwisniewski/Developer/Consultify/node_modules/html2canvas/dist/types/css/property-descriptors/list-style-type.d.ts
/Users/piotrwisniewski/Developer/Consultify/node_modules/html2canvas/dist/types/css/property-descriptors/overflow.d.ts
/Users/piotrwisniewski/Developer/Consultify/node_modules/html2canvas/dist/types/css/property-descriptors/overflow-wrap.d.ts
/Users/piotrwisniewski/Developer/Consultify/node_modules/html2canvas/dist/types/css/property-descriptors/text-align.d.ts
/Users/piotrwisniewski/Developer/Consultify/node_modules/html2canvas/dist/types/css/property-descriptors/position.d.ts
/Users/piotrwisniewski/Developer/Consultify/node_modules/html2canvas/dist/types/css/types/length.d.ts
/Users/piotrwisniewski/Developer/Consultify/node_modules/html2canvas/dist/types/css/property-descriptors/text-shadow.d.ts
/Users/piotrwisniewski/Developer/Consultify/node_modules/html2canvas/dist/types/css/property-descriptors/text-transform.d.ts
/Users/piotrwisniewski/Developer/Consultify/node_modules/html2canvas/dist/types/css/property-descriptors/transform.d.ts
/Users/piotrwisniewski/Developer/Consultify/node_modules/html2canvas/dist/types/css/property-descriptors/transform-origin.d.ts
/Users/piotrwisniewski/Developer/Consultify/node_modules/html2canvas/dist/types/css/property-descriptors/visibility.d.ts
/Users/piotrwisniewski/Developer/Consultify/node_modules/html2canvas/dist/types/css/property-descriptors/word-break.d.ts
/Users/piotrwisniewski/Developer/Consultify/node_modules/html2canvas/dist/types/css/property-descriptors/z-index.d.ts
/Users/piotrwisniewski/Developer/Consultify/node_modules/html2canvas/dist/types/css/property-descriptors/opacity.d.ts
/Users/piotrwisniewski/Developer/Consultify/node_modules/html2canvas/dist/types/css/property-descriptors/text-decoration-line.d.ts
/Users/piotrwisniewski/Developer/Consultify/node_modules/html2canvas/dist/types/css/property-descriptors/font-family.d.ts
/Users/piotrwisniewski/Developer/Consultify/node_modules/html2canvas/dist/types/css/property-descriptors/font-weight.d.ts
/Users/piotrwisniewski/Developer/Consultify/node_modules/html2canvas/dist/types/css/property-descriptors/font-variant.d.ts
/Users/piotrwisniewski/Developer/Consultify/node_modules/html2canvas/dist/types/css/property-descriptors/font-style.d.ts
/Users/piotrwisniewski/Developer/Consultify/node_modules/html2canvas/dist/types/css/property-descriptors/content.d.ts
/Users/piotrwisniewski/Developer/Consultify/node_modules/html2canvas/dist/types/css/property-descriptors/counter-increment.d.ts
/Users/piotrwisniewski/Developer/Consultify/node_modules/html2canvas/dist/types/css/property-descriptors/counter-reset.d.ts
/Users/piotrwisniewski/Developer/Consultify/node_modules/html2canvas/dist/types/css/property-descriptors/duration.d.ts
/Users/piotrwisniewski/Developer/Consultify/node_modules/html2canvas/dist/types/css/property-descriptors/quotes.d.ts
/Users/piotrwisniewski/Developer/Consultify/node_modules/html2canvas/dist/types/css/property-descriptors/box-shadow.d.ts
/Users/piotrwisniewski/Developer/Consultify/node_modules/html2canvas/dist/types/css/property-descriptors/paint-order.d.ts
/Users/piotrwisniewski/Developer/Consultify/node_modules/html2canvas/dist/types/css/property-descriptors/webkit-text-stroke-width.d.ts
/Users/piotrwisniewski/Developer/Consultify/node_modules/html2canvas/dist/types/css/index.d.ts
/Users/piotrwisniewski/Developer/Consultify/node_modules/html2canvas/dist/types/css/layout/text.d.ts
/Users/piotrwisniewski/Developer/Consultify/node_modules/html2canvas/dist/types/dom/text-container.d.ts
/Users/piotrwisniewski/Developer/Consultify/node_modules/html2canvas/dist/types/dom/element-container.d.ts
/Users/piotrwisniewski/Developer/Consultify/node_modules/html2canvas/dist/types/render/vector.d.ts
/Users/piotrwisniewski/Developer/Consultify/node_modules/html2canvas/dist/types/render/bezier-curve.d.ts
/Users/piotrwisniewski/Developer/Consultify/node_modules/html2canvas/dist/types/render/path.d.ts
/Users/piotrwisniewski/Developer/Consultify/node_modules/html2canvas/dist/types/render/bound-curves.d.ts
/Users/piotrwisniewski/Developer/Consultify/node_modules/html2canvas/dist/types/render/effects.d.ts
/Users/piotrwisniewski/Developer/Consultify/node_modules/html2canvas/dist/types/render/stacking-context.d.ts
/Users/piotrwisniewski/Developer/Consultify/node_modules/html2canvas/dist/types/dom/replaced-elements/canvas-element-container.d.ts
/Users/piotrwisniewski/Developer/Consultify/node_modules/html2canvas/dist/types/dom/replaced-elements/image-element-container.d.ts
/Users/piotrwisniewski/Developer/Consultify/node_modules/html2canvas/dist/types/dom/replaced-elements/svg-element-container.d.ts
/Users/piotrwisniewski/Developer/Consultify/node_modules/html2canvas/dist/types/dom/replaced-elements/index.d.ts
/Users/piotrwisniewski/Developer/Consultify/node_modules/html2canvas/dist/types/render/renderer.d.ts
/Users/piotrwisniewski/Developer/Consultify/node_modules/html2canvas/dist/types/render/canvas/canvas-renderer.d.ts
/Users/piotrwisniewski/Developer/Consultify/node_modules/html2canvas/dist/types/index.d.ts
/Users/piotrwisniewski/Developer/codex-wt/d-k6-execution-labels-w73/src/utils/pdfExport.ts
/Users/piotrwisniewski/Developer/codex-wt/d-k6-execution-labels-w73/src/components/DiscoveryTools/steps/ReportStep.tsx
/Users/piotrwisniewski/Developer/codex-wt/d-k6-execution-labels-w73/src/components/DiscoveryTools/steps/ResultsStep.tsx
/Users/piotrwisniewski/Developer/codex-wt/d-k6-execution-labels-w73/src/services/report/conclusionValidators.ts
/Users/piotrwisniewski/Developer/codex-wt/d-k6-execution-labels-w73/src/services/report/toolConclusion.ts
/Users/piotrwisniewski/Developer/codex-wt/d-k6-execution-labels-w73/src/components/DiscoveryTools/shared/ProposalCardGovernance.tsx
/Users/piotrwisniewski/Developer/codex-wt/d-k6-execution-labels-w73/src/components/DiscoveryTools/shared/ProposalCard.tsx
/Users/piotrwisniewski/Developer/codex-wt/d-k6-execution-labels-w73/src/components/DiscoveryTools/visualizations/PorterRadar.tsx
/Users/piotrwisniewski/Developer/codex-wt/d-k6-execution-labels-w73/src/components/DiscoveryTools/steps/ToolConclusionSummary.tsx
/Users/piotrwisniewski/Developer/codex-wt/d-k6-execution-labels-w73/src/components/DiscoveryTools/steps/SummaryStep.tsx
/Users/piotrwisniewski/Developer/codex-wt/d-k6-execution-labels-w73/src/components/DiscoveryTools/shared/createInitiativeFromMove.tsx
/Users/piotrwisniewski/Developer/codex-wt/d-k6-execution-labels-w73/src/components/DiscoveryTools/shared/StrategicCanvasVisuals.tsx
/Users/piotrwisniewski/Developer/codex-wt/d-k6-execution-labels-w73/src/components/DiscoveryTools/tools/AmbitionDecomposer/ThemeCard.tsx
/Users/piotrwisniewski/Developer/codex-wt/d-k6-execution-labels-w73/src/components/DiscoveryTools/tools/AmbitionDecomposer/AmbitionDecomposerPhases.tsx
/Users/piotrwisniewski/Developer/codex-wt/d-k6-execution-labels-w73/src/components/DiscoveryTools/tools/AmbitionDecomposer/index.ts
/Users/piotrwisniewski/Developer/codex-wt/d-k6-execution-labels-w73/src/components/DiscoveryTools/tools/CapabilityMapper/CapabilityCard.tsx
/Users/piotrwisniewski/Developer/codex-wt/d-k6-execution-labels-w73/src/components/DiscoveryTools/tools/CapabilityMapper/CapabilityMapperPhases.tsx
/Users/piotrwisniewski/Developer/codex-wt/d-k6-execution-labels-w73/src/components/DiscoveryTools/tools/CapabilityMapper/index.ts
/Users/piotrwisniewski/Developer/codex-wt/d-k6-execution-labels-w73/src/components/DiscoveryTools/tools/Digital/GenericDomainStep.tsx
/Users/piotrwisniewski/Developer/codex-wt/d-k6-execution-labels-w73/src/components/DiscoveryTools/tools/Digital/index.ts
/Users/piotrwisniewski/Developer/codex-wt/d-k6-execution-labels-w73/src/components/DiscoveryTools/tools/DynamicSWOT/EvidenceEditor.tsx
/Users/piotrwisniewski/Developer/codex-wt/d-k6-execution-labels-w73/src/components/DiscoveryTools/tools/DynamicSWOT/SWOTBuildPhase.tsx
/Users/piotrwisniewski/Developer/codex-wt/d-k6-execution-labels-w73/src/components/DiscoveryTools/tools/DynamicSWOT/SWOTInputExplorationPhase.tsx
/Users/piotrwisniewski/Developer/codex-wt/d-k6-execution-labels-w73/src/components/DiscoveryTools/shared/ToolSynthesisSections.tsx
/Users/piotrwisniewski/Developer/codex-wt/d-k6-execution-labels-w73/src/components/DiscoveryTools/tools/DynamicSWOT/SWOTInsightsPhase.tsx
/Users/piotrwisniewski/Developer/codex-wt/d-k6-execution-labels-w73/src/components/DiscoveryTools/tools/FocusTradeoff/PriorityCard.tsx
/Users/piotrwisniewski/Developer/codex-wt/d-k6-execution-labels-w73/src/components/DiscoveryTools/tools/FocusTradeoff/FocusTradeoffPhases.tsx
/Users/piotrwisniewski/Developer/codex-wt/d-k6-execution-labels-w73/src/components/DiscoveryTools/tools/FocusTradeoff/index.ts
/Users/piotrwisniewski/Developer/codex-wt/d-k6-execution-labels-w73/src/components/DiscoveryTools/tools/GrowthPaths/GrowthPathsPhases.tsx
/Users/piotrwisniewski/Developer/codex-wt/d-k6-execution-labels-w73/src/components/DiscoveryTools/tools/MarketForces/MarketForcesPhases.tsx
/Users/piotrwisniewski/Developer/codex-wt/d-k6-execution-labels-w73/src/components/DiscoveryTools/tools/NarrativeEngine/PillarCard.tsx
/Users/piotrwisniewski/Developer/codex-wt/d-k6-execution-labels-w73/src/components/DiscoveryTools/tools/NarrativeEngine/NarrativeEnginePhases.tsx
/Users/piotrwisniewski/Developer/codex-wt/d-k6-execution-labels-w73/src/components/DiscoveryTools/tools/NarrativeEngine/index.ts
/Users/piotrwisniewski/Developer/codex-wt/d-k6-execution-labels-w73/src/components/DiscoveryTools/tools/Operational/A3CountermeasuresStep.tsx
/Users/piotrwisniewski/Developer/codex-wt/d-k6-execution-labels-w73/src/components/DiscoveryTools/tools/Operational/A3ProblemStep.tsx
/Users/piotrwisniewski/Developer/codex-wt/d-k6-execution-labels-w73/src/components/DiscoveryTools/tools/Operational/A3RootCauseStep.tsx
/Users/piotrwisniewski/Developer/codex-wt/d-k6-execution-labels-w73/src/components/DiscoveryTools/tools/Operational/DMSEscalationStep.tsx
/Users/piotrwisniewski/Developer/codex-wt/d-k6-execution-labels-w73/src/components/DiscoveryTools/tools/Operational/DMSKPIsStep.tsx
/Users/piotrwisniewski/Developer/codex-wt/d-k6-execution-labels-w73/src/components/DiscoveryTools/tools/Operational/InventoryClassificationStep.tsx
/Users/piotrwisniewski/Developer/codex-wt/d-k6-execution-labels-w73/src/components/DiscoveryTools/tools/Operational/InventoryReplenishmentStep.tsx
/Users/piotrwisniewski/Developer/codex-wt/d-k6-execution-labels-w73/src/components/DiscoveryTools/tools/Operational/OperationalSectionStep.tsx
/Users/piotrwisniewski/Developer/codex-wt/d-k6-execution-labels-w73/src/components/DiscoveryTools/tools/Operational/SMEDImprovementsStep.tsx
/Users/piotrwisniewski/Developer/codex-wt/d-k6-execution-labels-w73/src/components/DiscoveryTools/tools/Operational/SMEDStepsStep.tsx
/Users/piotrwisniewski/Developer/codex-wt/d-k6-execution-labels-w73/src/components/DiscoveryTools/tools/Operational/SOPChecklistsStep.tsx
/Users/piotrwisniewski/Developer/codex-wt/d-k6-execution-labels-w73/src/components/DiscoveryTools/tools/Operational/SOPStandardsStep.tsx
/Users/piotrwisniewski/Developer/codex-wt/d-k6-execution-labels-w73/src/components/DiscoveryTools/tools/Operational/index.ts
/Users/piotrwisniewski/Developer/codex-wt/d-k6-execution-labels-w73/src/components/DiscoveryTools/tools/PortfolioPriority/PortfolioPriorityPhases.tsx
/Users/piotrwisniewski/Developer/codex-wt/d-k6-execution-labels-w73/src/components/DiscoveryTools/tools/RiskUncertainty/RiskUncertaintyPhases.tsx
/Users/piotrwisniewski/Developer/codex-wt/d-k6-execution-labels-w73/src/components/DiscoveryTools/tools/ValueChain/ActivityCard.tsx
/Users/piotrwisniewski/Developer/codex-wt/d-k6-execution-labels-w73/src/components/DiscoveryTools/tools/ValueChain/ValueChainPhases.tsx
/Users/piotrwisniewski/Developer/codex-wt/d-k6-execution-labels-w73/src/components/DiscoveryTools/ToolCanvas.tsx
/Users/piotrwisniewski/Developer/codex-wt/d-k6-execution-labels-w73/src/components/DiscoveryTools/toolCompletion.ts
/Users/piotrwisniewski/Developer/codex-wt/d-k6-execution-labels-w73/src/components/DiscoveryTools/ToolContextPanel.tsx
/Users/piotrwisniewski/Developer/codex-wt/d-k6-execution-labels-w73/src/config/ambitiondecomposer/ambitionInsightStaircase.ts
/Users/piotrwisniewski/Developer/codex-wt/d-k6-execution-labels-w73/src/config/swot/swotInsightStaircase.ts
/Users/piotrwisniewski/Developer/codex-wt/d-k6-execution-labels-w73/src/config/swot/swotTensionEngine.ts
/Users/piotrwisniewski/Developer/codex-wt/d-k6-execution-labels-w73/src/hooks/discovery/toolAi/groundingRules.ts
/Users/piotrwisniewski/Developer/codex-wt/d-k6-execution-labels-w73/src/hooks/discovery/toolAi/dynamicSwot.ts
/Users/piotrwisniewski/Developer/codex-wt/d-k6-execution-labels-w73/src/hooks/discovery/toolAi/w2SummaryFields.ts
/Users/piotrwisniewski/Developer/codex-wt/d-k6-execution-labels-w73/src/hooks/discovery/toolAi/ambitionDecomposer.ts
/Users/piotrwisniewski/Developer/codex-wt/d-k6-execution-labels-w73/src/config/capabilitymapper/capabilityQuestionBank.ts
/Users/piotrwisniewski/Developer/codex-wt/d-k6-execution-labels-w73/src/hooks/discovery/toolAi/capabilityMapper.ts
/Users/piotrwisniewski/Developer/codex-wt/d-k6-execution-labels-w73/src/config/focustradeoffs/focusQuestionBank.ts
/Users/piotrwisniewski/Developer/codex-wt/d-k6-execution-labels-w73/src/hooks/discovery/toolAi/focusTradeoff.ts
/Users/piotrwisniewski/Developer/codex-wt/d-k6-execution-labels-w73/src/hooks/discovery/toolAi/groundingValidator.ts
/Users/piotrwisniewski/Developer/codex-wt/d-k6-execution-labels-w73/src/config/ansoff/deepeningLadder.ts
/Users/piotrwisniewski/Developer/codex-wt/d-k6-execution-labels-w73/src/config/ansoff/ansoffQuestionBank.ts
/Users/piotrwisniewski/Developer/codex-wt/d-k6-execution-labels-w73/src/config/ansoff/moveValidator.ts
/Users/piotrwisniewski/Developer/codex-wt/d-k6-execution-labels-w73/src/config/ansoff/conclusionPrompts.ts
/Users/piotrwisniewski/Developer/codex-wt/d-k6-execution-labels-w73/src/config/ansoff/index.ts
/Users/piotrwisniewski/Developer/codex-wt/d-k6-execution-labels-w73/src/hooks/discovery/toolAi/growthPaths.ts
/Users/piotrwisniewski/Developer/codex-wt/d-k6-execution-labels-w73/src/config/porter/porterInsightStaircase.ts
/Users/piotrwisniewski/Developer/codex-wt/d-k6-execution-labels-w73/src/config/porter/porterQuestionBank.ts
/Users/piotrwisniewski/Developer/codex-wt/d-k6-execution-labels-w73/src/config/porter/porterSynthesisEngine.ts
/Users/piotrwisniewski/Developer/codex-wt/d-k6-execution-labels-w73/src/hooks/discovery/toolAi/marketForces.ts
/Users/piotrwisniewski/Developer/codex-wt/d-k6-execution-labels-w73/src/config/narrativeengine/pyramidQuestionBank.ts
/Users/piotrwisniewski/Developer/codex-wt/d-k6-execution-labels-w73/src/hooks/discovery/toolAi/narrativeEngine.ts
/Users/piotrwisniewski/Developer/codex-wt/d-k6-execution-labels-w73/src/hooks/discovery/toolAi/openingQuestions.ts
/Users/piotrwisniewski/Developer/codex-wt/d-k6-execution-labels-w73/src/hooks/discovery/toolAi/operationalTool.ts
/Users/piotrwisniewski/Developer/codex-wt/d-k6-execution-labels-w73/src/config/portfolio/portfolioQuestionBank.ts
/Users/piotrwisniewski/Developer/codex-wt/d-k6-execution-labels-w73/src/hooks/discovery/toolAi/portfolioPriority.ts
/Users/piotrwisniewski/Developer/codex-wt/d-k6-execution-labels-w73/src/config/a3problemsolving/deepeningLadder.ts
/Users/piotrwisniewski/Developer/codex-wt/d-k6-execution-labels-w73/src/config/a3problemsolving/a3CausalEngine.ts
/Users/piotrwisniewski/Developer/codex-wt/d-k6-execution-labels-w73/src/config/a3problemsolving/a3InsightStaircase.ts
/Users/piotrwisniewski/Developer/codex-wt/d-k6-execution-labels-w73/src/config/a3problemsolving/a3QuestionBank.ts
/Users/piotrwisniewski/Developer/codex-wt/d-k6-execution-labels-w73/src/config/a3problemsolving/moveValidator.ts
/Users/piotrwisniewski/Developer/codex-wt/d-k6-execution-labels-w73/src/config/a3problemsolving/conclusionPrompts.ts
/Users/piotrwisniewski/Developer/codex-wt/d-k6-execution-labels-w73/src/config/a3problemsolving/index.ts
/Users/piotrwisniewski/Developer/codex-wt/d-k6-execution-labels-w73/src/config/aidiscovery/deepeningLadder.ts
/Users/piotrwisniewski/Developer/codex-wt/d-k6-execution-labels-w73/src/config/aidiscovery/useCaseEngine.ts
/Users/piotrwisniewski/Developer/codex-wt/d-k6-execution-labels-w73/src/config/aidiscovery/aiDiscoveryQuestionBank.ts
/Users/piotrwisniewski/Developer/codex-wt/d-k6-execution-labels-w73/src/config/aidiscovery/conclusionPrompts.ts
/Users/piotrwisniewski/Developer/codex-wt/d-k6-execution-labels-w73/src/config/aidiscovery/index.ts
/Users/piotrwisniewski/Developer/codex-wt/d-k6-execution-labels-w73/src/config/ambitiondecomposer/ambitionQuestionBank.ts
/Users/piotrwisniewski/Developer/codex-wt/d-k6-execution-labels-w73/src/config/ambitiondecomposer/deepeningLadder.ts
/Users/piotrwisniewski/Developer/codex-wt/d-k6-execution-labels-w73/src/config/ambitiondecomposer/moveValidator.ts
/Users/piotrwisniewski/Developer/codex-wt/d-k6-execution-labels-w73/src/config/ambitiondecomposer/ambitionTreeEngine.ts
/Users/piotrwisniewski/Developer/codex-wt/d-k6-execution-labels-w73/src/config/ambitiondecomposer/conclusionPrompts.ts
/Users/piotrwisniewski/Developer/codex-wt/d-k6-execution-labels-w73/src/config/capabilitymapper/deepeningLadder.ts
/Users/piotrwisniewski/Developer/codex-wt/d-k6-execution-labels-w73/src/config/capabilitymapper/moveValidator.ts
/Users/piotrwisniewski/Developer/codex-wt/d-k6-execution-labels-w73/src/config/capabilitymapper/conclusionPrompts.ts
/Users/piotrwisniewski/Developer/codex-wt/d-k6-execution-labels-w73/src/config/dmsbuilder/deepeningLadder.ts
/Users/piotrwisniewski/Developer/codex-wt/d-k6-execution-labels-w73/src/config/dmsbuilder/managementSystemEngine.ts
/Users/piotrwisniewski/Developer/codex-wt/d-k6-execution-labels-w73/src/config/dmsbuilder/dmsBuilderQuestionBank.ts
/Users/piotrwisniewski/Developer/codex-wt/d-k6-execution-labels-w73/src/config/dmsbuilder/conclusionPrompts.ts
/Users/piotrwisniewski/Developer/codex-wt/d-k6-execution-labels-w73/src/config/dmsbuilder/index.ts
/Users/piotrwisniewski/Developer/codex-wt/d-k6-execution-labels-w73/src/config/focustradeoffs/deepeningLadder.ts
/Users/piotrwisniewski/Developer/codex-wt/d-k6-execution-labels-w73/src/config/focustradeoffs/focusInsightStaircase.ts
/Users/piotrwisniewski/Developer/codex-wt/d-k6-execution-labels-w73/src/config/focustradeoffs/moveValidator.ts
/Users/piotrwisniewski/Developer/codex-wt/d-k6-execution-labels-w73/src/config/focustradeoffs/focusOpportunityCostMatrix.ts
/Users/piotrwisniewski/Developer/codex-wt/d-k6-execution-labels-w73/src/config/focustradeoffs/conclusionPrompts.ts
/Users/piotrwisniewski/Developer/codex-wt/d-k6-execution-labels-w73/src/config/focustradeoffs/index.ts
/Users/piotrwisniewski/Developer/codex-wt/d-k6-execution-labels-w73/src/config/inventoryautopilot/deepeningLadder.ts
/Users/piotrwisniewski/Developer/codex-wt/d-k6-execution-labels-w73/src/config/inventoryautopilot/inventoryEngine.ts
/Users/piotrwisniewski/Developer/codex-wt/d-k6-execution-labels-w73/src/config/inventoryautopilot/inventoryQuestionBank.ts
/Users/piotrwisniewski/Developer/codex-wt/d-k6-execution-labels-w73/src/config/inventoryautopilot/conclusionPrompts.ts
/Users/piotrwisniewski/Developer/codex-wt/d-k6-execution-labels-w73/src/config/inventoryautopilot/index.ts
/Users/piotrwisniewski/Developer/codex-wt/d-k6-execution-labels-w73/src/config/narrativeengine/deepeningLadder.ts
/Users/piotrwisniewski/Developer/codex-wt/d-k6-execution-labels-w73/src/config/narrativeengine/moveValidator.ts
/Users/piotrwisniewski/Developer/codex-wt/d-k6-execution-labels-w73/src/config/narrativeengine/pyramidValidator.ts
/Users/piotrwisniewski/Developer/codex-wt/d-k6-execution-labels-w73/src/config/narrativeengine/conclusionPrompts.ts
/Users/piotrwisniewski/Developer/codex-wt/d-k6-execution-labels-w73/src/config/narrativeengine/index.ts
/Users/piotrwisniewski/Developer/codex-wt/d-k6-execution-labels-w73/src/config/painexplorer/deepeningLadder.ts
/Users/piotrwisniewski/Developer/codex-wt/d-k6-execution-labels-w73/src/config/painexplorer/painSynthesisEngine.ts
/Users/piotrwisniewski/Developer/codex-wt/d-k6-execution-labels-w73/src/config/painexplorer/painExplorerQuestionBank.ts
/Users/piotrwisniewski/Developer/codex-wt/d-k6-execution-labels-w73/src/config/painexplorer/conclusionPrompts.ts
/Users/piotrwisniewski/Developer/codex-wt/d-k6-execution-labels-w73/src/config/painexplorer/index.ts
/Users/piotrwisniewski/Developer/codex-wt/d-k6-execution-labels-w73/src/config/porter/conclusionPrompts.ts
/Users/piotrwisniewski/Developer/codex-wt/d-k6-execution-labels-w73/src/config/portfolio/portfolioValueStaircase.ts
/Users/piotrwisniewski/Developer/codex-wt/d-k6-execution-labels-w73/src/config/portfolio/portfolioMatrixEngine.ts
/Users/piotrwisniewski/Developer/codex-wt/d-k6-execution-labels-w73/src/config/portfolio/conclusionPrompts.ts
/Users/piotrwisniewski/Developer/codex-wt/d-k6-execution-labels-w73/src/config/processautomation/deepeningLadder.ts
/Users/piotrwisniewski/Developer/codex-wt/d-k6-execution-labels-w73/src/config/processautomation/automationEngine.ts
/Users/piotrwisniewski/Developer/codex-wt/d-k6-execution-labels-w73/src/config/processautomation/automationInsightStaircase.ts
/Users/piotrwisniewski/Developer/codex-wt/d-k6-execution-labels-w73/src/config/processautomation/automationQuestionBank.ts
/Users/piotrwisniewski/Developer/codex-wt/d-k6-execution-labels-w73/src/config/processautomation/conclusionPrompts.ts
/Users/piotrwisniewski/Developer/codex-wt/d-k6-execution-labels-w73/src/config/processautomation/index.ts
/Users/piotrwisniewski/Developer/codex-wt/d-k6-execution-labels-w73/src/config/riskuncertainty/deepeningLadder.ts
/Users/piotrwisniewski/Developer/codex-wt/d-k6-execution-labels-w73/src/config/riskuncertainty/moveValidator.ts
/Users/piotrwisniewski/Developer/codex-wt/d-k6-execution-labels-w73/src/config/riskuncertainty/riskInsightStaircase.ts
/Users/piotrwisniewski/Developer/codex-wt/d-k6-execution-labels-w73/src/config/riskuncertainty/riskMatrixEngine.ts
/Users/piotrwisniewski/Developer/codex-wt/d-k6-execution-labels-w73/src/config/riskuncertainty/riskQuestionBank.ts
/Users/piotrwisniewski/Developer/codex-wt/d-k6-execution-labels-w73/src/config/riskuncertainty/conclusionPrompts.ts
/Users/piotrwisniewski/Developer/codex-wt/d-k6-execution-labels-w73/src/config/riskuncertainty/raidHandoff.ts
/Users/piotrwisniewski/Developer/codex-wt/d-k6-execution-labels-w73/src/config/riskuncertainty/index.ts
/Users/piotrwisniewski/Developer/codex-wt/d-k6-execution-labels-w73/src/config/rpascanner/deepeningLadder.ts
/Users/piotrwisniewski/Developer/codex-wt/d-k6-execution-labels-w73/src/config/rpascanner/feasibilityEngine.ts
/Users/piotrwisniewski/Developer/codex-wt/d-k6-execution-labels-w73/src/config/rpascanner/rpaInsightStaircase.ts
/Users/piotrwisniewski/Developer/codex-wt/d-k6-execution-labels-w73/src/config/rpascanner/rpaQuestionBank.ts
/Users/piotrwisniewski/Developer/codex-wt/d-k6-execution-labels-w73/src/config/rpascanner/conclusionPrompts.ts
/Users/piotrwisniewski/Developer/codex-wt/d-k6-execution-labels-w73/src/config/rpascanner/index.ts
/Users/piotrwisniewski/Developer/codex-wt/d-k6-execution-labels-w73/src/config/smedplanner/deepeningLadder.ts
/Users/piotrwisniewski/Developer/codex-wt/d-k6-execution-labels-w73/src/config/smedplanner/changeoverEngine.ts
/Users/piotrwisniewski/Developer/codex-wt/d-k6-execution-labels-w73/src/config/smedplanner/smedInsightStaircase.ts
/Users/piotrwisniewski/Developer/codex-wt/d-k6-execution-labels-w73/src/config/smedplanner/smedQuestionBank.ts
/Users/piotrwisniewski/Developer/codex-wt/d-k6-execution-labels-w73/src/config/smedplanner/conclusionPrompts.ts
/Users/piotrwisniewski/Developer/codex-wt/d-k6-execution-labels-w73/src/config/smedplanner/index.ts
/Users/piotrwisniewski/Developer/codex-wt/d-k6-execution-labels-w73/src/config/sopbuilder/deepeningLadder.ts
/Users/piotrwisniewski/Developer/codex-wt/d-k6-execution-labels-w73/src/config/sopbuilder/moveValidator.ts
/Users/piotrwisniewski/Developer/codex-wt/d-k6-execution-labels-w73/src/config/sopbuilder/sopBuilderQuestionBank.ts
/Users/piotrwisniewski/Developer/codex-wt/d-k6-execution-labels-w73/src/config/sopbuilder/conclusionPrompts.ts
/Users/piotrwisniewski/Developer/codex-wt/d-k6-execution-labels-w73/src/config/sopbuilder/index.ts
/Users/piotrwisniewski/Developer/codex-wt/d-k6-execution-labels-w73/src/config/valuechain/valueChainMarginEngine.ts
/Users/piotrwisniewski/Developer/codex-wt/d-k6-execution-labels-w73/src/config/valuechain/conclusionPrompts.ts
/Users/piotrwisniewski/Developer/codex-wt/d-k6-execution-labels-w73/src/config/valuechain/valueChainInsightStaircase.ts
/Users/piotrwisniewski/Developer/codex-wt/d-k6-execution-labels-w73/src/hooks/discovery/toolAi/pickWeakestRung.ts
/Users/piotrwisniewski/Developer/codex-wt/d-k6-execution-labels-w73/src/hooks/discovery/toolAi/promptRegistry.ts
/Users/piotrwisniewski/Developer/codex-wt/d-k6-execution-labels-w73/src/hooks/discovery/toolAi/riskUncertainty.ts
/Users/piotrwisniewski/Developer/codex-wt/d-k6-execution-labels-w73/src/hooks/discovery/toolAi/systemPrompts.ts
/Users/piotrwisniewski/Developer/codex-wt/d-k6-execution-labels-w73/src/config/valuechain/valueChainQuestionBank.ts
/Users/piotrwisniewski/Developer/codex-wt/d-k6-execution-labels-w73/src/hooks/discovery/toolAi/valueChain.ts
/Users/piotrwisniewski/Developer/codex-wt/d-k6-execution-labels-w73/src/hooks/discovery/useOrganizationContext.ts
/Users/piotrwisniewski/Developer/codex-wt/d-k6-execution-labels-w73/src/hooks/discovery/useToolAI.ts
/Users/piotrwisniewski/Developer/codex-wt/d-k6-execution-labels-w73/src/services/toolSessionApi.ts
/Users/piotrwisniewski/Developer/codex-wt/d-k6-execution-labels-w73/src/services/toolSessionRecoveryDraft.ts
/Users/piotrwisniewski/Developer/codex-wt/d-k6-execution-labels-w73/src/hooks/useToolSessionSync.ts
/Users/piotrwisniewski/Developer/codex-wt/d-k6-execution-labels-w73/src/toolOutputs/types.ts
/Users/piotrwisniewski/Developer/codex-wt/d-k6-execution-labels-w73/src/toolOutputs/slides.ts
/Users/piotrwisniewski/Developer/codex-wt/d-k6-execution-labels-w73/src/components/DiscoveryTools/report/ToolReportView.tsx
/Users/piotrwisniewski/Developer/codex-wt/d-k6-execution-labels-w73/src/components/DiscoveryTools/report/SlideDeckView.tsx
/Users/piotrwisniewski/Developer/codex-wt/d-k6-execution-labels-w73/src/components/DiscoveryTools/report/ToolOutputsPanel.tsx
/Users/piotrwisniewski/Developer/codex-wt/d-k6-execution-labels-w73/src/components/DiscoveryTools/toolSessionOverflowItems.ts
/Users/piotrwisniewski/Developer/codex-wt/d-k6-execution-labels-w73/src/components/DiscoveryTools/aiCardGovernance.ts
/Users/piotrwisniewski/Developer/codex-wt/d-k6-execution-labels-w73/src/components/DiscoveryTools/tools/DynamicSWOT/TeresaSwotProposals.tsx
/Users/piotrwisniewski/Developer/codex-wt/d-k6-execution-labels-w73/src/components/DiscoveryTools/ToolDocumentView.tsx
/Users/piotrwisniewski/Developer/codex-wt/d-k6-execution-labels-w73/src/config/consultingGlossary.ts
/Users/piotrwisniewski/Developer/codex-wt/d-k6-execution-labels-w73/src/components/assessment/panels/GlossaryPanel.tsx
/Users/piotrwisniewski/Developer/codex-wt/d-k6-execution-labels-w73/src/components/DiscoveryTools/ToolHeader.tsx
/Users/piotrwisniewski/Developer/codex-wt/d-k6-execution-labels-w73/src/components/DiscoveryTools/ToolReviewPanel.tsx
/Users/piotrwisniewski/Developer/codex-wt/d-k6-execution-labels-w73/src/components/DiscoveryTools/steps/index.ts
/Users/piotrwisniewski/Developer/codex-wt/d-k6-execution-labels-w73/src/components/DiscoveryTools/visualizations/SWOTMatrix.tsx
/Users/piotrwisniewski/Developer/codex-wt/d-k6-execution-labels-w73/src/components/DiscoveryTools/visualizations/index.ts
/Users/piotrwisniewski/Developer/codex-wt/d-k6-execution-labels-w73/src/components/DiscoveryTools/tools/DynamicSWOT/SWOTCorrelationsStep.tsx
/Users/piotrwisniewski/Developer/codex-wt/d-k6-execution-labels-w73/src/components/DiscoveryTools/tools/DynamicSWOT/SWOTQuadrantStep.tsx
/Users/piotrwisniewski/Developer/codex-wt/d-k6-execution-labels-w73/src/components/DiscoveryTools/tools/DynamicSWOT/index.ts
/Users/piotrwisniewski/Developer/codex-wt/d-k6-execution-labels-w73/src/components/DiscoveryTools/tools/MarketForces/ForceStep.tsx
/Users/piotrwisniewski/Developer/codex-wt/d-k6-execution-labels-w73/src/components/DiscoveryTools/tools/MarketForces/index.ts
/Users/piotrwisniewski/Developer/codex-wt/d-k6-execution-labels-w73/src/components/DiscoveryTools/index.ts
/Users/piotrwisniewski/Developer/codex-wt/d-k6-execution-labels-w73/src/components/DiscoveryTools/dedicatedToolTypes.ts
/Users/piotrwisniewski/Developer/codex-wt/d-k6-execution-labels-w73/src/components/Initiatives/Generator/types.ts
/Users/piotrwisniewski/Developer/codex-wt/d-k6-execution-labels-w73/src/components/Initiatives/Generator/GeneratorInicjatywModal.tsx
/Users/piotrwisniewski/Developer/codex-wt/d-k6-execution-labels-w73/src/components/Initiatives/Generator/adapters/tool.ts
/Users/piotrwisniewski/Developer/codex-wt/d-k6-execution-labels-w73/src/components/DiscoveryTools/GenericToolDocumentView.tsx
/Users/piotrwisniewski/Developer/codex-wt/d-k6-execution-labels-w73/src/components/DiscoveryTools/MyWorkTraceDocumentView.tsx
/Users/piotrwisniewski/Developer/codex-wt/d-k6-execution-labels-w73/src/components/DiscoveryTools/toolSessionKinds.ts
/Users/piotrwisniewski/Developer/codex-wt/d-k6-execution-labels-w73/src/styles/typography.ts
/Users/piotrwisniewski/Developer/codex-wt/d-k6-execution-labels-w73/src/components/DiscoveryTools/DynamicSwotLibraryGraphic.tsx
/Users/piotrwisniewski/Developer/codex-wt/d-k6-execution-labels-w73/src/components/DiscoveryTools/GrowthPathsLibraryGraphic.tsx
/Users/piotrwisniewski/Developer/codex-wt/d-k6-execution-labels-w73/src/components/DiscoveryTools/MarketForcesLibraryGraphic.tsx
/Users/piotrwisniewski/Developer/codex-wt/d-k6-execution-labels-w73/src/components/DiscoveryTools/PortfolioPriorityLibraryGraphic.tsx
/Users/piotrwisniewski/Developer/codex-wt/d-k6-execution-labels-w73/src/components/DiscoveryTools/RiskUncertaintyLibraryGraphic.tsx
/Users/piotrwisniewski/Developer/codex-wt/d-k6-execution-labels-w73/src/components/DiscoveryTools/ToolProcessDiagram.tsx
/Users/piotrwisniewski/Developer/codex-wt/d-k6-execution-labels-w73/src/components/DiscoveryTools/KnownToolDetailView.tsx
/Users/piotrwisniewski/Developer/codex-wt/d-k6-execution-labels-w73/src/components/DiscoveryTools/KnownToolPreviewV3.tsx
/Users/piotrwisniewski/Developer/codex-wt/d-k6-execution-labels-w73/src/components/DiscoveryTools/ToolSessionPreview.tsx
/Users/piotrwisniewski/Developer/codex-wt/d-k6-execution-labels-w73/src/components/DiscoveryTools/toolSessionDetailsBuilder.ts
/Users/piotrwisniewski/Developer/codex-wt/d-k6-execution-labels-w73/src/components/DiscoveryTools/ToolSessionPreviewV3.tsx
/Users/piotrwisniewski/Developer/codex-wt/d-k6-execution-labels-w73/src/components/Initiatives/canonicalInitiativeSections.tsx
/Users/piotrwisniewski/Developer/codex-wt/d-k6-execution-labels-w73/src/utils/initiativeDeepLink.ts
/Users/piotrwisniewski/Developer/codex-wt/d-k6-execution-labels-w73/src/components/Presentations/DeckBuilder/PresentMode.tsx
/Users/piotrwisniewski/Developer/codex-wt/d-k6-execution-labels-w73/src/services/initiatives-execution/raidWrites.ts
/Users/piotrwisniewski/Developer/codex-wt/d-k6-execution-labels-w73/src/services/initiatives/suggestedChanges.ts
/Users/piotrwisniewski/Developer/codex-wt/d-k6-execution-labels-w73/src/store/useInitiativeRefreshStore.ts
/Users/piotrwisniewski/Developer/codex-wt/d-k6-execution-labels-w73/src/services/initiativeWriteTruth.ts
/Users/piotrwisniewski/Developer/codex-wt/d-k6-execution-labels-w73/src/components/Initiatives/lifecycle/initiativeLifecycleMessages.ts
/Users/piotrwisniewski/Developer/codex-wt/d-k6-execution-labels-w73/src/services/pdf/pdfExport.ts
/Users/piotrwisniewski/Developer/codex-wt/d-k6-execution-labels-w73/src/types/gateAi.ts
/Users/piotrwisniewski/Developer/codex-wt/d-k6-execution-labels-w73/src/utils/errors/mapHubLoadFailureToPresentation.ts
/Users/piotrwisniewski/Developer/codex-wt/d-k6-execution-labels-w73/src/utils/initiativeWorkflowStatus.ts
/Users/piotrwisniewski/Developer/codex-wt/d-k6-execution-labels-w73/src/utils/vf1InitSpecAFlag.ts
/Users/piotrwisniewski/Developer/codex-wt/d-k6-execution-labels-w73/src/utils/initiativeSectionsCompleteFlag.ts
/Users/piotrwisniewski/Developer/codex-wt/d-k6-execution-labels-w73/src/components/shared/ModuleHub/useTableSelection.tsx
/Users/piotrwisniewski/Developer/codex-wt/d-k6-execution-labels-w73/src/components/shared/ModuleHub/BulkActionBar.tsx
/Users/piotrwisniewski/Developer/codex-wt/d-k6-execution-labels-w73/src/components/shared/ModuleHub/GridView.tsx
/Users/piotrwisniewski/Developer/codex-wt/d-k6-execution-labels-w73/src/components/shared/ModuleHub/HubWorkAreaLoadError.tsx
/Users/piotrwisniewski/Developer/codex-wt/d-k6-execution-labels-w73/src/components/shared/ModuleHub/HubWorkAreaLoading.tsx
/Users/piotrwisniewski/Developer/codex-wt/d-k6-execution-labels-w73/src/components/shared/ModuleHub/Menu3Row.tsx
/Users/piotrwisniewski/Developer/codex-wt/d-k6-execution-labels-w73/src/components/shared/ModuleHub/ModuleHub.tsx
/Users/piotrwisniewski/Developer/codex-wt/d-k6-execution-labels-w73/src/components/shared/ModuleHub/useModuleOpenDocuments.ts
/Users/piotrwisniewski/Developer/codex-wt/d-k6-execution-labels-w73/src/components/shared/ModuleHub/index.ts
/Users/piotrwisniewski/Developer/codex-wt/d-k6-execution-labels-w73/src/components/shared/SourceMetadataBlock.tsx
/Users/piotrwisniewski/Developer/codex-wt/d-k6-execution-labels-w73/src/components/Initiatives/financialNarrativeBlocks.ts
/Users/piotrwisniewski/Developer/codex-wt/d-k6-execution-labels-w73/src/components/Initiatives/gate-ai/GateOverrideModal.tsx
/Users/piotrwisniewski/Developer/codex-wt/d-k6-execution-labels-w73/src/components/Initiatives/gate-ai/GateReadinessPanel.tsx
/Users/piotrwisniewski/Developer/codex-wt/d-k6-execution-labels-w73/src/components/Initiatives/gate-ai/GateReadinessPill.tsx
/Users/piotrwisniewski/Developer/codex-wt/d-k6-execution-labels-w73/src/components/Initiatives/gate-ai/index.ts
/Users/piotrwisniewski/Developer/codex-wt/d-k6-execution-labels-w73/src/components/Initiatives/gateReadinessFallback.ts
/Users/piotrwisniewski/Developer/codex-wt/d-k6-execution-labels-w73/src/components/Initiatives/gateReadinessPayload.ts
/Users/piotrwisniewski/Developer/codex-wt/d-k6-execution-labels-w73/src/components/Initiatives/initiativeKpiContract.ts
/Users/piotrwisniewski/Developer/codex-wt/d-k6-execution-labels-w73/src/contracts/initiatives-execution/foundation.ts
/Users/piotrwisniewski/Developer/codex-wt/d-k6-execution-labels-w73/src/contracts/initiatives-execution/statusMapping.ts
/Users/piotrwisniewski/Developer/codex-wt/d-k6-execution-labels-w73/src/components/Initiatives/initiativeRegisterProjection.ts
/Users/piotrwisniewski/Developer/codex-wt/d-k6-execution-labels-w73/src/components/Initiatives/initiativeDocumentSource.ts
/Users/piotrwisniewski/Developer/codex-wt/d-k6-execution-labels-w73/src/components/Initiatives/initiativeOriginSubresources.ts
/Users/piotrwisniewski/Developer/codex-wt/d-k6-execution-labels-w73/src/components/Initiatives/initiativesDemoData.ts
/Users/piotrwisniewski/Developer/codex-wt/d-k6-execution-labels-w73/src/components/Initiatives/sections/InitiativeContext.tsx
/Users/piotrwisniewski/Developer/codex-wt/d-k6-execution-labels-w73/src/components/Initiatives/sections/AttachmentsSection.tsx
/Users/piotrwisniewski/Developer/codex-wt/d-k6-execution-labels-w73/src/components/Initiatives/initiativeUsers.ts
/Users/piotrwisniewski/Developer/codex-wt/d-k6-execution-labels-w73/src/components/Initiatives/sections/shared/sectionIcon.tsx
/Users/piotrwisniewski/Developer/codex-wt/d-k6-execution-labels-w73/src/components/Initiatives/sections/CollapsibleSection.tsx
/Users/piotrwisniewski/Developer/codex-wt/d-k6-execution-labels-w73/src/components/Initiatives/sections/CommentsSection.tsx
/Users/piotrwisniewski/Developer/codex-wt/d-k6-execution-labels-w73/src/components/Initiatives/sections/CompetencyRequirementsSection.tsx
/Users/piotrwisniewski/Developer/codex-wt/d-k6-execution-labels-w73/src/components/Initiatives/cards/cardBlockSchema.ts
/Users/piotrwisniewski/Developer/codex-wt/d-k6-execution-labels-w73/src/components/Initiatives/cards/CardBlockRenderer.tsx
/Users/piotrwisniewski/Developer/codex-wt/d-k6-execution-labels-w73/src/components/Initiatives/cards/cardSpecBuilders.ts
/Users/piotrwisniewski/Developer/codex-wt/d-k6-execution-labels-w73/src/components/Initiatives/sections/ControlSection.tsx
/Users/piotrwisniewski/Developer/codex-wt/d-k6-execution-labels-w73/src/components/Initiatives/sections/DecisionsSection.tsx
/Users/piotrwisniewski/Developer/codex-wt/d-k6-execution-labels-w73/src/components/Initiatives/sections/DependenciesSection.tsx
/Users/piotrwisniewski/Developer/codex-wt/d-k6-execution-labels-w73/src/components/Initiatives/sections/FinancialAnalysisSection.tsx
/Users/piotrwisniewski/Developer/codex-wt/d-k6-execution-labels-w73/src/components/Initiatives/sections/FinancialImpactSection.tsx
/Users/piotrwisniewski/Developer/codex-wt/d-k6-execution-labels-w73/src/services/api/gateAi.ts
/Users/piotrwisniewski/Developer/codex-wt/d-k6-execution-labels-w73/src/hooks/useGateAi.ts
/Users/piotrwisniewski/Developer/codex-wt/d-k6-execution-labels-w73/src/components/Initiatives/sections/InitiativeGatesWorkflowTable.tsx
/Users/piotrwisniewski/Developer/codex-wt/d-k6-execution-labels-w73/src/components/Initiatives/sections/InitiativeStatusPipeline.tsx
/Users/piotrwisniewski/Developer/codex-wt/d-k6-execution-labels-w73/src/components/Initiatives/sections/GateReadinessSection.tsx
/Users/piotrwisniewski/Developer/codex-wt/d-k6-execution-labels-w73/src/components/Initiatives/sections/HistorySection.tsx
/Users/piotrwisniewski/Developer/codex-wt/d-k6-execution-labels-w73/src/components/assessment/manage/TeamManagementPanel.tsx
/Users/piotrwisniewski/Developer/codex-wt/d-k6-execution-labels-w73/src/components/Initiatives/sections/InitiativeTeamComposerModal.tsx
/Users/piotrwisniewski/Developer/codex-wt/d-k6-execution-labels-w73/src/components/Initiatives/sections/InitiativeTeamSection.tsx
/Users/piotrwisniewski/Developer/codex-wt/d-k6-execution-labels-w73/src/components/Initiatives/sections/KpisSection.tsx
/Users/piotrwisniewski/Developer/codex-wt/d-k6-execution-labels-w73/src/components/Initiatives/sections/LinkedItemsSection.tsx
/Users/piotrwisniewski/Developer/codex-wt/d-k6-execution-labels-w73/src/components/Initiatives/sections/OverviewSection.tsx
/Users/piotrwisniewski/Developer/codex-wt/d-k6-execution-labels-w73/src/components/Initiatives/sections/PilotSection.tsx
/Users/piotrwisniewski/Developer/codex-wt/d-k6-execution-labels-w73/src/components/Initiatives/sections/ProblemDefinitionSection.tsx
/Users/piotrwisniewski/Developer/codex-wt/d-k6-execution-labels-w73/src/components/Initiatives/sections/RaciEscalationSection.tsx
/Users/piotrwisniewski/Developer/codex-wt/d-k6-execution-labels-w73/src/components/Initiatives/sections/RaidSection.tsx
/Users/piotrwisniewski/Developer/codex-wt/d-k6-execution-labels-w73/src/components/Initiatives/sections/RemindersSection.tsx
/Users/piotrwisniewski/Developer/codex-wt/d-k6-execution-labels-w73/src/components/Execution/BudgetControlPanel.tsx
/Users/piotrwisniewski/Developer/codex-wt/d-k6-execution-labels-w73/src/components/Initiatives/sections/ResourcesSection.tsx
/Users/piotrwisniewski/Developer/codex-wt/d-k6-execution-labels-w73/src/components/Initiatives/sections/ScopeSection.tsx
/Users/piotrwisniewski/Developer/codex-wt/d-k6-execution-labels-w73/src/components/Initiatives/sections/SkillsGapSection.tsx
/Users/piotrwisniewski/Developer/codex-wt/d-k6-execution-labels-w73/src/components/Initiatives/sections/StakeholdersSection.tsx
/Users/piotrwisniewski/Developer/codex-wt/d-k6-execution-labels-w73/src/components/Initiatives/sections/TagsSection.tsx
/Users/piotrwisniewski/Developer/codex-wt/d-k6-execution-labels-w73/src/components/Initiatives/sections/TargetStateSection.tsx
/Users/piotrwisniewski/Developer/codex-wt/d-k6-execution-labels-w73/src/components/Initiatives/sections/TasksMilestonesSection.tsx
/Users/piotrwisniewski/Developer/codex-wt/d-k6-execution-labels-w73/src/components/Initiatives/sections/TeamSection.tsx
/Users/piotrwisniewski/Developer/codex-wt/d-k6-execution-labels-w73/src/types/initiativeSchedule.ts
/Users/piotrwisniewski/Developer/codex-wt/d-k6-execution-labels-w73/src/services/initiativeSchedule.ts
/Users/piotrwisniewski/Developer/codex-wt/d-k6-execution-labels-w73/src/components/Initiatives/calendar/InitiativeCalendar.tsx
/Users/piotrwisniewski/Developer/codex-wt/d-k6-execution-labels-w73/src/components/Initiatives/calendar/index.ts
/Users/piotrwisniewski/Developer/codex-wt/d-k6-execution-labels-w73/src/components/Initiatives/gantt/InitiativeGantt.tsx
/Users/piotrwisniewski/Developer/codex-wt/d-k6-execution-labels-w73/src/components/Initiatives/gantt/index.ts
/Users/piotrwisniewski/Developer/codex-wt/d-k6-execution-labels-w73/src/components/Initiatives/sections/OperationalForecastEditor.tsx
/Users/piotrwisniewski/Developer/codex-wt/d-k6-execution-labels-w73/src/components/Initiatives/sections/TimelinePlanner.tsx
/Users/piotrwisniewski/Developer/codex-wt/d-k6-execution-labels-w73/src/components/Initiatives/sections/TimelineSection.tsx
/Users/piotrwisniewski/Developer/codex-wt/d-k6-execution-labels-w73/src/components/Initiatives/sections/WatchersSection.tsx
/Users/piotrwisniewski/Developer/codex-wt/d-k6-execution-labels-w73/src/components/Initiatives/sections/registry.ts
/Users/piotrwisniewski/Developer/codex-wt/d-k6-execution-labels-w73/src/components/Initiatives/sections/index.ts
/Users/piotrwisniewski/Developer/codex-wt/d-k6-execution-labels-w73/src/components/Initiatives/Wizard/SuggestedChangesPanel.tsx
/Users/piotrwisniewski/Developer/codex-wt/d-k6-execution-labels-w73/src/components/Initiatives/InitiativeDocumentView.tsx
/Users/piotrwisniewski/Developer/codex-wt/d-k6-execution-labels-w73/src/services/api/conclusions.api.ts
/Users/piotrwisniewski/Developer/codex-wt/d-k6-execution-labels-w73/src/services/api/initiatives.api.ts
/Users/piotrwisniewski/Developer/codex-wt/d-k6-execution-labels-w73/src/components/Initiatives/initiativeStatusLabels.ts
/Users/piotrwisniewski/Developer/codex-wt/d-k6-execution-labels-w73/src/components/Initiatives/InitiativePreviewV3.tsx
/Users/piotrwisniewski/Developer/codex-wt/d-k6-execution-labels-w73/src/components/Discovery/hooks/useSurfaceUrlSync.ts
/Users/piotrwisniewski/Developer/codex-wt/d-k6-execution-labels-w73/src/components/Discovery/outputPreviewDetails.ts
/Users/piotrwisniewski/Developer/codex-wt/d-k6-execution-labels-w73/src/components/Discovery/reportPreviewDetails.ts
/Users/piotrwisniewski/Developer/codex-wt/d-k6-execution-labels-w73/src/components/Discovery/toolInitiativePreviewDetails.ts
/Users/piotrwisniewski/Developer/codex-wt/d-k6-execution-labels-w73/src/components/Discovery/toolStatusCell.tsx
/Users/piotrwisniewski/Developer/codex-wt/d-k6-execution-labels-w73/src/components/Discovery/DiscoveryToolsHub.tsx
/Users/piotrwisniewski/Developer/codex-wt/d-k6-execution-labels-w73/src/components/Megatrend/TrendDetailCard.tsx
/Users/piotrwisniewski/Developer/codex-wt/d-k6-execution-labels-w73/src/store/megatrendStore.ts
/Users/piotrwisniewski/Developer/codex-wt/d-k6-execution-labels-w73/src/components/Megatrend/AIInsightsCard.tsx
/Users/piotrwisniewski/Developer/codex-wt/d-k6-execution-labels-w73/src/components/Megatrend/CustomTrendCard.tsx
/Users/piotrwisniewski/Developer/codex-wt/d-k6-execution-labels-w73/src/components/Megatrend/IndustryBaselineCard.tsx
/Users/piotrwisniewski/Developer/codex-wt/d-k6-execution-labels-w73/src/components/Megatrend/megatrendIndustry.ts
/Users/piotrwisniewski/Developer/codex-wt/d-k6-execution-labels-w73/src/components/RadarChart.tsx
/Users/piotrwisniewski/Developer/codex-wt/d-k6-execution-labels-w73/src/components/Megatrend/TrendRadarCard.tsx
/Users/piotrwisniewski/Developer/codex-wt/d-k6-execution-labels-w73/src/components/Megatrend/MegatrendsWorkspace.tsx
/Users/piotrwisniewski/Developer/codex-wt/d-k6-execution-labels-w73/src/method-core/contracts/events.ts
/Users/piotrwisniewski/Developer/codex-wt/d-k6-execution-labels-w73/src/method-core/contracts/session.ts
/Users/piotrwisniewski/Developer/codex-wt/d-k6-execution-labels-w73/src/method-core/contracts/methodPack.ts
/Users/piotrwisniewski/Developer/codex-wt/d-k6-execution-labels-w73/src/method-core/contracts/teresa.ts
/Users/piotrwisniewski/Developer/codex-wt/d-k6-execution-labels-w73/src/method-core/contracts/index.ts
/Users/piotrwisniewski/Developer/codex-wt/d-k6-execution-labels-w73/src/method-core/api/methodCoreApi.ts
/Users/piotrwisniewski/Developer/codex-wt/d-k6-execution-labels-w73/src/services/drdStructure.ts
/Users/piotrwisniewski/Developer/codex-wt/d-k6-execution-labels-w73/src/services/admaStructure.ts
/Users/piotrwisniewski/Developer/codex-wt/d-k6-execution-labels-w73/src/services/assessmentKnowledge/admaKnowledge.ts
/Users/piotrwisniewski/Developer/codex-wt/d-k6-execution-labels-w73/src/services/assessmentKnowledge/drdKnowledgeOverridesAxis1And2.ts
/Users/piotrwisniewski/Developer/codex-wt/d-k6-execution-labels-w73/src/services/assessmentKnowledge/drdKnowledgeOverridesAxis1And2.en.ts
/Users/piotrwisniewski/Developer/codex-wt/d-k6-execution-labels-w73/src/services/assessmentKnowledge/drdKnowledgeOverridesAxis3And4.ts
/Users/piotrwisniewski/Developer/codex-wt/d-k6-execution-labels-w73/src/services/assessmentKnowledge/drdKnowledgeOverridesAxis3And4.en.ts
/Users/piotrwisniewski/Developer/codex-wt/d-k6-execution-labels-w73/src/services/assessmentKnowledge/drdKnowledgeOverridesAxis5To7.ts
/Users/piotrwisniewski/Developer/codex-wt/d-k6-execution-labels-w73/src/services/assessmentKnowledge/drdKnowledgeOverridesAxis5To7.en.ts
/Users/piotrwisniewski/Developer/codex-wt/d-k6-execution-labels-w73/src/services/assessmentKnowledge/drdKnowledge.ts
/Users/piotrwisniewski/Developer/codex-wt/d-k6-execution-labels-w73/src/services/dbr77LeanStructure.ts
/Users/piotrwisniewski/Developer/codex-wt/d-k6-execution-labels-w73/src/services/assessmentKnowledge/leanKnowledge.ts
/Users/piotrwisniewski/Developer/codex-wt/d-k6-execution-labels-w73/src/services/siriStructure.ts
/Users/piotrwisniewski/Developer/codex-wt/d-k6-execution-labels-w73/src/services/assessmentKnowledge/drdIndustryProfiles.ts
/Users/piotrwisniewski/Developer/codex-wt/d-k6-execution-labels-w73/src/services/assessmentKnowledge/maturityPathwayDrdData.ts
/Users/piotrwisniewski/Developer/codex-wt/d-k6-execution-labels-w73/src/services/assessmentKnowledge/siriKnowledge.ts
/Users/piotrwisniewski/Developer/codex-wt/d-k6-execution-labels-w73/src/services/assessmentKnowledge/maturityPathwayService.ts
/Users/piotrwisniewski/Developer/codex-wt/d-k6-execution-labels-w73/src/services/assessmentKnowledge/whyThisMatters.ts
/Users/piotrwisniewski/Developer/codex-wt/d-k6-execution-labels-w73/src/services/assessmentKnowledge/index.ts
/Users/piotrwisniewski/Developer/codex-wt/d-k6-execution-labels-w73/src/method-core/methods/drd/compileDrdPack.ts
/Users/piotrwisniewski/Developer/codex-wt/d-k6-execution-labels-w73/src/utils/presentationState.ts
/Users/piotrwisniewski/Developer/codex-wt/d-k6-execution-labels-w73/src/labels/executionTypeLabels.ts
/Users/piotrwisniewski/Developer/codex-wt/d-k6-execution-labels-w73/src/components/Initiatives/initiativeRegisterColumns.shared.ts
/Users/piotrwisniewski/Developer/codex-wt/d-k6-execution-labels-w73/src/components/assessment/AssessmentMenu3ActionBar.tsx
/Users/piotrwisniewski/Developer/codex-wt/d-k6-execution-labels-w73/src/components/assessment/report/types.ts
/Users/piotrwisniewski/Developer/codex-wt/d-k6-execution-labels-w73/src/components/assessment/assessmentOutputProjection.ts
/Users/piotrwisniewski/Developer/codex-wt/d-k6-execution-labels-w73/src/components/assessment/wnioski/wnioskiOcenyApi.ts
/Users/piotrwisniewski/Developer/codex-wt/d-k6-execution-labels-w73/src/components/assessment/wnioski/GeneratorWnioskuModal.tsx
/Users/piotrwisniewski/Developer/codex-wt/d-k6-execution-labels-w73/src/components/assessment/wnioski/typyWierszaWnioskow.ts
/Users/piotrwisniewski/Developer/codex-wt/d-k6-execution-labels-w73/src/components/assessment/wnioski/projekcjaWnioskow.ts
/Users/piotrwisniewski/Developer/codex-wt/d-k6-execution-labels-w73/src/components/assessment/artifacts/ArtifactLineagePanel.tsx
/Users/piotrwisniewski/Developer/codex-wt/d-k6-execution-labels-w73/src/components/assessment/AssessmentOutputsTab.tsx
/Users/piotrwisniewski/Developer/codex-wt/d-k6-execution-labels-w73/src/components/assessment/assessmentPreviewDetails.ts
/Users/piotrwisniewski/Developer/codex-wt/d-k6-execution-labels-w73/src/components/assessment/drd/drdNazwa.ts
/Users/piotrwisniewski/Developer/codex-wt/d-k6-execution-labels-w73/src/components/assessment/AssessmentToolShell.tsx
/Users/piotrwisniewski/Developer/codex-wt/d-k6-execution-labels-w73/src/components/assessment/drd/drdMatrixCellContent.ts
/Users/piotrwisniewski/Developer/codex-wt/d-k6-execution-labels-w73/src/hooks/useAssessmentAttachments.ts
/Users/piotrwisniewski/Developer/codex-wt/d-k6-execution-labels-w73/src/components/assessment/LevelAttachments.tsx
/Users/piotrwisniewski/Developer/Consultify/node_modules/@google/generative-ai/dist/generative-ai.d.ts
/Users/piotrwisniewski/Developer/codex-wt/d-k6-execution-labels-w73/src/services/ai/unified.ts
/Users/piotrwisniewski/Developer/codex-wt/d-k6-execution-labels-w73/src/services/ai/gemini.ts
/Users/piotrwisniewski/Developer/codex-wt/d-k6-execution-labels-w73/src/services/assessmentKnowledge/assessmentGuidanceService.ts
/Users/piotrwisniewski/Developer/codex-wt/d-k6-execution-labels-w73/src/services/assessmentKnowledge/assessmentGuidanceRuntime.ts
/Users/piotrwisniewski/Developer/codex-wt/d-k6-execution-labels-w73/src/method-core/methods/drd/drdPackLanguage.ts
/Users/piotrwisniewski/Developer/codex-wt/d-k6-execution-labels-w73/src/components/method-workspace/types.ts
/Users/piotrwisniewski/Developer/codex-wt/d-k6-execution-labels-w73/src/components/method-workspace/answerStateColors.ts
/Users/piotrwisniewski/Developer/codex-wt/d-k6-execution-labels-w73/src/method-core/methods/drd/drdAdapter.ts
/Users/piotrwisniewski/Developer/codex-wt/d-k6-execution-labels-w73/src/components/assessment/drd/drdWorkspaceViewModel.ts
/Users/piotrwisniewski/Developer/codex-wt/d-k6-execution-labels-w73/src/components/assessment/drd/useDrdPack.ts
/Users/piotrwisniewski/Developer/codex-wt/d-k6-execution-labels-w73/src/components/assessment/drd/DRDAssessmentEditor.tsx
/Users/piotrwisniewski/Developer/codex-wt/d-k6-execution-labels-w73/src/components/assessment/AssessmentQualityReviewPanel.tsx
/Users/piotrwisniewski/Developer/codex-wt/d-k6-execution-labels-w73/src/components/assessment/ImportedReportDetailView.tsx
/Users/piotrwisniewski/Developer/codex-wt/d-k6-execution-labels-w73/src/components/Initiatives/Generator/adapters/assessment.ts
/Users/piotrwisniewski/Developer/codex-wt/d-k6-execution-labels-w73/src/method-core/methods/siri/compileSiriPack.ts
/Users/piotrwisniewski/Developer/codex-wt/d-k6-execution-labels-w73/src/components/assessment/library/AssessmentLibraryTab.tsx
/Users/piotrwisniewski/Developer/codex-wt/d-k6-execution-labels-w73/src/components/ReportBuilder/blocks/ChartRenderer.tsx
/Users/piotrwisniewski/Developer/codex-wt/d-k6-execution-labels-w73/src/components/ReportBuilder/blocks/InitiativeCards.tsx
/Users/piotrwisniewski/Developer/codex-wt/d-k6-execution-labels-w73/src/components/ReportBuilder/blocks/KPICards.tsx
/Users/piotrwisniewski/Developer/codex-wt/d-k6-execution-labels-w73/src/components/ReportBuilder/blocks/MatrixHeatmap.tsx
/Users/piotrwisniewski/Developer/codex-wt/d-k6-execution-labels-w73/src/components/ReportBuilder/blocks/PrioritizationMatrix.tsx
/Users/piotrwisniewski/Developer/codex-wt/d-k6-execution-labels-w73/src/components/ReportBuilder/blocks/RoadmapTimeline.tsx
/Users/piotrwisniewski/Developer/codex-wt/d-k6-execution-labels-w73/src/components/ReportBuilder/blocks/SmartBlockRenderer.tsx
/Users/piotrwisniewski/Developer/codex-wt/d-k6-execution-labels-w73/src/components/ReportBuilder/ReportEditor/BlockSettingsRegistry.tsx
/Users/piotrwisniewski/Developer/codex-wt/d-k6-execution-labels-w73/src/components/ReportBuilder/ReportEditor/BlockSettingsPanel.tsx
/Users/piotrwisniewski/Developer/codex-wt/d-k6-execution-labels-w73/src/components/ReportBuilder/ExportSharePanel.tsx
/Users/piotrwisniewski/Developer/codex-wt/d-k6-execution-labels-w73/src/components/ReportBuilder/QualityGatesPanel.tsx
/Users/piotrwisniewski/Developer/codex-wt/d-k6-execution-labels-w73/src/components/ReportBuilder/ReportAgentChat.tsx
/Users/piotrwisniewski/Developer/codex-wt/d-k6-execution-labels-w73/src/components/ReportBuilder/useReportBuilder.ts
/Users/piotrwisniewski/Developer/codex-wt/d-k6-execution-labels-w73/src/components/ReportBuilder/ReportEditor/BlockPalette.tsx
/Users/piotrwisniewski/Developer/codex-wt/d-k6-execution-labels-w73/src/components/ReportBuilder/ReportEditor/ChapterNavigation.tsx
/Users/piotrwisniewski/Developer/codex-wt/d-k6-execution-labels-w73/src/components/ReportBuilder/ReportEditor/EscalationBanner.tsx
/Users/piotrwisniewski/Developer/codex-wt/d-k6-execution-labels-w73/src/components/ReportBuilder/ReportEditor/NarrativeEngineMetadata.tsx
/Users/piotrwisniewski/Developer/codex-wt/d-k6-execution-labels-w73/src/components/ReportBuilder/ReportEditor/ReviewPanel.tsx
/Users/piotrwisniewski/Developer/codex-wt/d-k6-execution-labels-w73/src/components/ReportBuilder/ReportEditor/SettingsPanel.tsx
/Users/piotrwisniewski/Developer/codex-wt/d-k6-execution-labels-w73/src/components/ReportBuilder/ReportEditor/StaleDataBadge.tsx
/Users/piotrwisniewski/Developer/codex-wt/d-k6-execution-labels-w73/src/components/ReportBuilder/ReportEditor/ReportEditor.tsx
/Users/piotrwisniewski/Developer/codex-wt/d-k6-execution-labels-w73/src/components/ReportBuilder/ReportEditor/BlockCard.tsx
/Users/piotrwisniewski/Developer/codex-wt/d-k6-execution-labels-w73/src/components/ReportBuilder/ReportEditor/index.ts
/Users/piotrwisniewski/Developer/codex-wt/d-k6-execution-labels-w73/src/components/assessment/modals/ReportTemplatePickerModal.tsx
/Users/piotrwisniewski/Developer/codex-wt/d-k6-execution-labels-w73/src/components/assessment/modals/NewAssessmentReportModal.tsx
/Users/piotrwisniewski/Developer/codex-wt/d-k6-execution-labels-w73/src/components/assessment/NewAssessmentModal.tsx
/Users/piotrwisniewski/Developer/codex-wt/d-k6-execution-labels-w73/src/components/assessment/AssessmentHub.tsx
/Users/piotrwisniewski/Developer/codex-wt/d-k6-execution-labels-w73/src/components/assessment/adma/ADMAAssessmentEditor.tsx
/Users/piotrwisniewski/Developer/codex-wt/d-k6-execution-labels-w73/src/components/assessment/AssessmentV8CanonPanel.tsx
/Users/piotrwisniewski/Developer/codex-wt/d-k6-execution-labels-w73/src/utils/detectInternalIdentifierText.ts
/Users/piotrwisniewski/Developer/codex-wt/d-k6-execution-labels-w73/src/components/assessment/AssessmentWorkbenchPanel.tsx
/Users/piotrwisniewski/Developer/codex-wt/d-k6-execution-labels-w73/src/components/assessment/drd/drdAnswersAdapter.ts
/Users/piotrwisniewski/Developer/codex-wt/d-k6-execution-labels-w73/src/components/MaturityMatrix.tsx
/Users/piotrwisniewski/Developer/codex-wt/d-k6-execution-labels-w73/src/components/assessment/drd/DRDMatrixSession.tsx
/Users/piotrwisniewski/Developer/codex-wt/d-k6-execution-labels-w73/src/components/assessment/ActivityLogPanel.tsx
/Users/piotrwisniewski/Developer/codex-wt/d-k6-execution-labels-w73/src/components/standard/ReasonDialog.tsx
/Users/piotrwisniewski/Developer/codex-wt/d-k6-execution-labels-w73/src/components/Initiatives/lifecycle/InitiativeReasonDialog.tsx
/Users/piotrwisniewski/Developer/codex-wt/d-k6-execution-labels-w73/src/services/initiatives/lifecycleApi.ts
/Users/piotrwisniewski/Developer/codex-wt/d-k6-execution-labels-w73/src/components/Initiatives/lifecycle/useInitiativeLifecycle.ts
/Users/piotrwisniewski/Developer/codex-wt/d-k6-execution-labels-w73/src/components/Initiatives/lifecycle/InitiativeLifecycleActions.tsx
/Users/piotrwisniewski/Developer/codex-wt/d-k6-execution-labels-w73/src/components/Initiatives/CanonicalInitiativeRegister.tsx
/Users/piotrwisniewski/Developer/codex-wt/d-k6-execution-labels-w73/src/utils/initiativeDuplicateDetection.ts
/Users/piotrwisniewski/Developer/codex-wt/d-k6-execution-labels-w73/src/components/assessment/manage/InitiativesManagementPanel.tsx
/Users/piotrwisniewski/Developer/codex-wt/d-k6-execution-labels-w73/src/components/assessment/manage/ReportsManagementPanel.tsx
/Users/piotrwisniewski/Developer/codex-wt/d-k6-execution-labels-w73/src/components/assessment/manage/WorkflowStagesTable.tsx
/Users/piotrwisniewski/Developer/codex-wt/d-k6-execution-labels-w73/src/components/assessment/manage/AssessmentManagePanel.tsx
/Users/piotrwisniewski/Developer/codex-wt/d-k6-execution-labels-w73/src/components/assessment/permissions/useAssessmentPermissions.ts
/Users/piotrwisniewski/Developer/codex-wt/d-k6-execution-labels-w73/src/components/assessment/permissions/AssessmentPermissionContext.tsx
/Users/piotrwisniewski/Developer/codex-wt/d-k6-execution-labels-w73/src/components/assessment/permissions/RequestAccessModal.tsx
/Users/piotrwisniewski/Developer/codex-wt/d-k6-execution-labels-w73/src/components/assessment/permissions/index.ts
/Users/piotrwisniewski/Developer/codex-wt/d-k6-execution-labels-w73/src/components/assessment/siri/SIRIAssessmentEditor.tsx
/Users/piotrwisniewski/Developer/codex-wt/d-k6-execution-labels-w73/src/services/cmmiStructure.ts
/Users/piotrwisniewski/Developer/codex-wt/d-k6-execution-labels-w73/src/components/assessment/tools/CMPracticeForm.tsx
/Users/piotrwisniewski/Developer/codex-wt/d-k6-execution-labels-w73/src/services/assessmentCompleteness.ts
/Users/piotrwisniewski/Developer/codex-wt/d-k6-execution-labels-w73/src/components/assessment/tools/DRDForm.tsx
/Users/piotrwisniewski/Developer/codex-wt/d-k6-execution-labels-w73/src/components/assessment/tools/LeanForm.tsx
/Users/piotrwisniewski/Developer/codex-wt/d-k6-execution-labels-w73/src/components/Initiatives/InitiativeSuggestionBadge.tsx
/Users/piotrwisniewski/Developer/codex-wt/d-k6-execution-labels-w73/src/components/method-workspace/ResolutionCard.tsx
/Users/piotrwisniewski/Developer/codex-wt/d-k6-execution-labels-w73/src/components/method-workspace/AnswerStateControl.tsx
/Users/piotrwisniewski/Developer/codex-wt/d-k6-execution-labels-w73/src/components/method-workspace/QuestionHelpDisclosure.tsx
/Users/piotrwisniewski/Developer/codex-wt/d-k6-execution-labels-w73/src/components/method-workspace/VoiceAnswerChannel.tsx
/Users/piotrwisniewski/Developer/codex-wt/d-k6-execution-labels-w73/src/components/method-workspace/skipReasonCodes.ts
/Users/piotrwisniewski/Developer/codex-wt/d-k6-execution-labels-w73/src/components/method-workspace/InterviewFocusPanel.tsx
/Users/piotrwisniewski/Developer/codex-wt/d-k6-execution-labels-w73/src/components/method-workspace/LiveMatrix.tsx
/Users/piotrwisniewski/Developer/codex-wt/d-k6-execution-labels-w73/src/components/method-workspace/MethodNavigator.tsx
/Users/piotrwisniewski/Developer/codex-wt/d-k6-execution-labels-w73/src/components/method-workspace/TeresaPreviewPanel.tsx
/Users/piotrwisniewski/Developer/codex-wt/d-k6-execution-labels-w73/src/components/method-workspace/MethodWorkspaceShell.tsx
/Users/piotrwisniewski/Developer/codex-wt/d-k6-execution-labels-w73/src/components/assessment/drd/DRDMatrixReadOnly.tsx
/Users/piotrwisniewski/Developer/codex-wt/d-k6-execution-labels-w73/src/components/assessment/drd/DrdOwnerMatrixPanel.tsx
/Users/piotrwisniewski/Developer/codex-wt/d-k6-execution-labels-w73/src/components/method-workspace/useMethodWorkspaceSave.ts
/Users/piotrwisniewski/Developer/codex-wt/d-k6-execution-labels-w73/src/hooks/useAssessmentSaveIndicator.ts
/Users/piotrwisniewski/Developer/codex-wt/d-k6-execution-labels-w73/src/method-core/methods/drd/drdHttpSessionRuntime.ts
/Users/piotrwisniewski/Developer/codex-wt/d-k6-execution-labels-w73/src/utils/assessmentReportViewFlag.ts
/Users/piotrwisniewski/Developer/codex-wt/d-k6-execution-labels-w73/src/components/assessment/drd/AssessmentSaveStateIndicator.tsx
/Users/piotrwisniewski/Developer/codex-wt/d-k6-execution-labels-w73/src/components/assessment/drd/DrdSourceIndicator.tsx
/Users/piotrwisniewski/Developer/codex-wt/d-k6-execution-labels-w73/src/utils/assessmentDocxFlag.ts
/Users/piotrwisniewski/Developer/codex-wt/d-k6-execution-labels-w73/src/components/assessment/report/reportCoverageGate.ts
/Users/piotrwisniewski/Developer/codex-wt/d-k6-execution-labels-w73/src/components/assessment/report/AssessmentReportContractView.tsx
/Users/piotrwisniewski/Developer/codex-wt/d-k6-execution-labels-w73/src/components/assessment/report/reportDocumentIdentity.ts
/Users/piotrwisniewski/Developer/codex-wt/d-k6-execution-labels-w73/src/components/assessment/report/drdLabels.ts
/Users/piotrwisniewski/Developer/codex-wt/d-k6-execution-labels-w73/src/components/assessment/report/maturityBands.ts
/Users/piotrwisniewski/Developer/codex-wt/d-k6-execution-labels-w73/src/components/assessment/report/AssessmentReportDocument.tsx
/Users/piotrwisniewski/Developer/codex-wt/d-k6-execution-labels-w73/src/components/assessment/report/reportApi.ts
/Users/piotrwisniewski/Developer/codex-wt/d-k6-execution-labels-w73/src/components/assessment/report/AssessmentReportView.tsx
/Users/piotrwisniewski/Developer/codex-wt/d-k6-execution-labels-w73/src/components/assessment/drd/DrdHttpMethodWorkspaceScreen.tsx
/Users/piotrwisniewski/Developer/codex-wt/d-k6-execution-labels-w73/src/components/assessment/drd/DrdMethodWorkspaceScreen.tsx
/Users/piotrwisniewski/Developer/codex-wt/d-k6-execution-labels-w73/src/views/AssessmentSessionEditorView.tsx
/Users/piotrwisniewski/Developer/codex-wt/d-k6-execution-labels-w73/src/utils/initiativeBridgeFlag.ts
/Users/piotrwisniewski/Developer/codex-wt/d-k6-execution-labels-w73/src/utils/initiativesBulkStubFlag.ts
/Users/piotrwisniewski/Developer/codex-wt/d-k6-execution-labels-w73/src/utils/initiativesFourButtonsFlag.ts
/Users/piotrwisniewski/Developer/codex-wt/d-k6-execution-labels-w73/src/utils/initiativesWorkloadFlag.ts
/Users/piotrwisniewski/Developer/codex-wt/d-k6-execution-labels-w73/src/config/portfolioColors.ts
/Users/piotrwisniewski/Developer/codex-wt/d-k6-execution-labels-w73/src/components/Portfolio/PortfolioGridView.tsx
/Users/piotrwisniewski/Developer/codex-wt/d-k6-execution-labels-w73/src/constants/statusColors.ts
/Users/piotrwisniewski/Developer/codex-wt/d-k6-execution-labels-w73/src/components/Portfolio/PortfolioKanbanView.tsx
/Users/piotrwisniewski/Developer/codex-wt/d-k6-execution-labels-w73/src/components/shared/Banner/Banner.tsx
/Users/piotrwisniewski/Developer/codex-wt/d-k6-execution-labels-w73/src/components/shared/Banner/index.ts
/Users/piotrwisniewski/Developer/codex-wt/d-k6-execution-labels-w73/src/components/shared/ModuleHub/defaultHiddenColumns.ts
/Users/piotrwisniewski/Developer/codex-wt/d-k6-execution-labels-w73/src/labels/capacityUnitLabels.ts
/Users/piotrwisniewski/Developer/codex-wt/d-k6-execution-labels-w73/src/components/Initiatives/canonicalMenu3.ts
/Users/piotrwisniewski/Developer/codex-wt/d-k6-execution-labels-w73/src/components/Initiatives/planSolverReason.ts
/Users/piotrwisniewski/Developer/codex-wt/d-k6-execution-labels-w73/src/components/Initiatives/CapacityOptionsPanel.tsx
/Users/piotrwisniewski/Developer/codex-wt/d-k6-execution-labels-w73/src/components/standard/DocumentCardMenu5.tsx
/Users/piotrwisniewski/Developer/codex-wt/d-k6-execution-labels-w73/src/components/standard/documentCardContracts.ts
/Users/piotrwisniewski/Developer/codex-wt/d-k6-execution-labels-w73/src/components/Initiatives/cards/CapacityAnalysisCard.tsx
/Users/piotrwisniewski/Developer/codex-wt/d-k6-execution-labels-w73/src/components/Initiatives/CapacityScenarioSurface.tsx
/Users/piotrwisniewski/Developer/codex-wt/d-k6-execution-labels-w73/src/components/Initiatives/InitiativeConsultingAnalysisView.tsx
/Users/piotrwisniewski/Developer/codex-wt/d-k6-execution-labels-w73/src/components/Initiatives/InitiativeParkingView.tsx
/Users/piotrwisniewski/Developer/codex-wt/d-k6-execution-labels-w73/src/components/Initiatives/initiativeCreateFlow.ts
/Users/piotrwisniewski/Developer/codex-wt/d-k6-execution-labels-w73/src/components/Initiatives/initiativeLoadError.ts
/Users/piotrwisniewski/Developer/codex-wt/d-k6-execution-labels-w73/src/components/Initiatives/InitiativesHorizonControl.tsx
/Users/piotrwisniewski/Developer/codex-wt/d-k6-execution-labels-w73/src/components/Initiatives/InitiativePortfolioScheduleView.tsx
/Users/piotrwisniewski/Developer/codex-wt/d-k6-execution-labels-w73/src/components/Initiatives/InitiativePreparationReadView.tsx
/Users/piotrwisniewski/Developer/codex-wt/d-k6-execution-labels-w73/src/components/standard/Menu2PresetDropdown.tsx
/Users/piotrwisniewski/Developer/codex-wt/d-k6-execution-labels-w73/src/services/apiUtils.ts
/Users/piotrwisniewski/Developer/codex-wt/d-k6-execution-labels-w73/src/services/execution/resourcePlanApi.ts
/Users/piotrwisniewski/Developer/codex-wt/d-k6-execution-labels-w73/src/services/initiatives/initiativeWorkloadApi.ts
/Users/piotrwisniewski/Developer/codex-wt/d-k6-execution-labels-w73/src/components/Initiatives/InitiativeWorkloadSurface.tsx
/Users/piotrwisniewski/Developer/codex-wt/d-k6-execution-labels-w73/src/components/Initiatives/workReportLabels.ts
/Users/piotrwisniewski/Developer/codex-wt/d-k6-execution-labels-w73/src/components/Initiatives/InitiativeWorkReportView.tsx
/Users/piotrwisniewski/Developer/codex-wt/d-k6-execution-labels-w73/src/components/Execution/executionFeatureFlags.ts
/Users/piotrwisniewski/Developer/codex-wt/d-k6-execution-labels-w73/src/components/Execution/executionRealData.ts
/Users/piotrwisniewski/Developer/codex-wt/d-k6-execution-labels-w73/src/components/Execution/ExecutionTimelineView.tsx
/Users/piotrwisniewski/Developer/codex-wt/d-k6-execution-labels-w73/src/components/Initiatives/InitiativesTimelineView.tsx
/Users/piotrwisniewski/Developer/codex-wt/d-k6-execution-labels-w73/src/components/Initiatives/initiativesViewDefaults.ts
/Users/piotrwisniewski/Developer/codex-wt/d-k6-execution-labels-w73/src/components/Initiatives/Menu2PresetDropdown.tsx
/Users/piotrwisniewski/Developer/codex-wt/d-k6-execution-labels-w73/src/utils/initiativesPlanFlag.ts
/Users/piotrwisniewski/Developer/codex-wt/d-k6-execution-labels-w73/src/components/Initiatives/planDependencyReview.ts
/Users/piotrwisniewski/Developer/codex-wt/d-k6-execution-labels-w73/src/components/Initiatives/PlanDependencyAnalysisPanel.tsx
/Users/piotrwisniewski/Developer/codex-wt/d-k6-execution-labels-w73/src/components/Initiatives/Generator/GeneratorPlanuModal.tsx
/Users/piotrwisniewski/Developer/codex-wt/d-k6-execution-labels-w73/src/components/Initiatives/cards/PlanRoleDemandEditor.tsx
/Users/piotrwisniewski/Developer/codex-wt/d-k6-execution-labels-w73/src/components/Initiatives/cards/PlanCard.tsx
/Users/piotrwisniewski/Developer/codex-wt/d-k6-execution-labels-w73/src/components/Initiatives/planProposalReview.ts
/Users/piotrwisniewski/Developer/codex-wt/d-k6-execution-labels-w73/src/components/Initiatives/PlanScenarioSurface.tsx
/Users/piotrwisniewski/Developer/codex-wt/d-k6-execution-labels-w73/src/components/Initiatives/PortfolioHealthView.tsx
/Users/piotrwisniewski/Developer/codex-wt/d-k6-execution-labels-w73/src/services/initiativeTransitionInboxApi.ts
/Users/piotrwisniewski/Developer/codex-wt/d-k6-execution-labels-w73/src/components/Initiatives/TransitionInboxSurface.tsx
/Users/piotrwisniewski/Developer/codex-wt/d-k6-execution-labels-w73/src/components/shared/forms/usePopoverPosition.ts
/Users/piotrwisniewski/Developer/codex-wt/d-k6-execution-labels-w73/src/components/shared/forms/DatePicker.tsx
/Users/piotrwisniewski/Developer/codex-wt/d-k6-execution-labels-w73/src/components/shared/forms/Field.tsx
/Users/piotrwisniewski/Developer/codex-wt/d-k6-execution-labels-w73/src/components/shared/forms/MultiSelect.tsx
/Users/piotrwisniewski/Developer/codex-wt/d-k6-execution-labels-w73/src/components/shared/forms/PriorityPicker.tsx
/Users/piotrwisniewski/Developer/codex-wt/d-k6-execution-labels-w73/src/components/shared/forms/Select.tsx
/Users/piotrwisniewski/Developer/codex-wt/d-k6-execution-labels-w73/src/components/shared/forms/index.ts
/Users/piotrwisniewski/Developer/codex-wt/d-k6-execution-labels-w73/src/components/shared/WizardModal/geometry.ts
/Users/piotrwisniewski/Developer/codex-wt/d-k6-execution-labels-w73/src/components/shared/WizardModal/types.ts
/Users/piotrwisniewski/Developer/codex-wt/d-k6-execution-labels-w73/src/components/shared/WizardModal/WizardStepper.tsx
/Users/piotrwisniewski/Developer/codex-wt/d-k6-execution-labels-w73/src/components/shared/WizardModal/WizardModal.tsx
/Users/piotrwisniewski/Developer/codex-wt/d-k6-execution-labels-w73/src/components/shared/WizardModal/index.ts
/Users/piotrwisniewski/Developer/codex-wt/d-k6-execution-labels-w73/src/utils/interviewCreatorShellFlag.ts
/Users/piotrwisniewski/Developer/codex-wt/d-k6-execution-labels-w73/src/components/Initiatives/Wizard/InitiativeWizardModal.tsx
/Users/piotrwisniewski/Developer/codex-wt/d-k6-execution-labels-w73/src/components/Initiatives/InitiativesHub.tsx
/Users/piotrwisniewski/Developer/codex-wt/d-k6-execution-labels-w73/src/utils/tlumaczPozaHookiem.ts
/Users/piotrwisniewski/Developer/codex-wt/d-k6-execution-labels-w73/src/components/Execution/executionReports.ts
/Users/piotrwisniewski/Developer/codex-wt/d-k6-execution-labels-w73/src/components/Reports/Wizard/reportWizardTypes.ts
/Users/piotrwisniewski/Developer/codex-wt/d-k6-execution-labels-w73/src/components/Reports/Wizard/ReportGeneratorWizard.tsx
/Users/piotrwisniewski/Developer/codex-wt/d-k6-execution-labels-w73/src/components/Reports/Wizard/index.ts
/Users/piotrwisniewski/Developer/codex-wt/d-k6-execution-labels-w73/src/components/Reports/reportContentGenerator.ts
/Users/piotrwisniewski/Developer/codex-wt/d-k6-execution-labels-w73/src/components/Reports/GeneratedReportView.tsx
/Users/piotrwisniewski/Developer/codex-wt/d-k6-execution-labels-w73/src/services/executionWriteTruth.ts
/Users/piotrwisniewski/Developer/codex-wt/d-k6-execution-labels-w73/src/components/Execution/MitigationPanel.tsx
/Users/piotrwisniewski/Developer/codex-wt/d-k6-execution-labels-w73/src/components/Execution/WhyRedChain.tsx
/Users/piotrwisniewski/Developer/codex-wt/d-k6-execution-labels-w73/src/components/Initiatives/InitiativeCompactPanel.tsx
/Users/piotrwisniewski/Developer/codex-wt/d-k6-execution-labels-w73/src/components/Execution/canonicalMenu3.ts
/Users/piotrwisniewski/Developer/codex-wt/d-k6-execution-labels-w73/src/components/Execution/ExecutionActionCards.tsx
/Users/piotrwisniewski/Developer/codex-wt/d-k6-execution-labels-w73/src/components/Execution/executionBankModel.ts
/Users/piotrwisniewski/Developer/codex-wt/d-k6-execution-labels-w73/src/components/Execution/executionRiskSignal.ts
/Users/piotrwisniewski/Developer/codex-wt/d-k6-execution-labels-w73/src/components/Execution/executionRiskSignalView.tsx
/Users/piotrwisniewski/Developer/codex-wt/d-k6-execution-labels-w73/src/components/Execution/executionBankPreviewModel.ts
/Users/piotrwisniewski/Developer/codex-wt/d-k6-execution-labels-w73/src/components/Execution/ExecutionBankViews.tsx
/Users/piotrwisniewski/Developer/codex-wt/d-k6-execution-labels-w73/src/components/Execution/executionBankPreviewDeclaration.tsx
/Users/piotrwisniewski/Developer/codex-wt/d-k6-execution-labels-w73/src/components/Execution/executionPreviewHead.tsx
/Users/piotrwisniewski/Developer/codex-wt/d-k6-execution-labels-w73/src/components/Execution/delaySignals.ts
/Users/piotrwisniewski/Developer/codex-wt/d-k6-execution-labels-w73/src/components/Execution/executionLocalReviewData.ts
/Users/piotrwisniewski/Developer/codex-wt/d-k6-execution-labels-w73/src/components/Execution/raidGovernance.ts
/Users/piotrwisniewski/Developer/codex-wt/d-k6-execution-labels-w73/src/components/Execution/ExecutionControlSurface.tsx
/Users/piotrwisniewski/Developer/codex-wt/d-k6-execution-labels-w73/src/components/Execution/BenefitsRegisterPanel.tsx
/Users/piotrwisniewski/Developer/codex-wt/d-k6-execution-labels-w73/src/components/Execution/Manager/types.ts
/Users/piotrwisniewski/Developer/codex-wt/d-k6-execution-labels-w73/src/components/Execution/Manager/AiRecommendationPanel.tsx
/Users/piotrwisniewski/Developer/codex-wt/d-k6-execution-labels-w73/src/components/Execution/Manager/ProblemPreview.tsx
/Users/piotrwisniewski/Developer/codex-wt/d-k6-execution-labels-w73/src/components/Execution/Manager/ProblemTable.tsx
/Users/piotrwisniewski/Developer/codex-wt/d-k6-execution-labels-w73/src/components/Execution/ManagerModuleView.tsx
/Users/piotrwisniewski/Developer/codex-wt/d-k6-execution-labels-w73/src/components/Execution/ExecutionManagementTable.tsx
/Users/piotrwisniewski/Developer/codex-wt/d-k6-execution-labels-w73/src/components/Execution/ExecutionManagementView.tsx
/Users/piotrwisniewski/Developer/codex-wt/d-k6-execution-labels-w73/src/components/Execution/executionModuleTabs.ts
/Users/piotrwisniewski/Developer/codex-wt/d-k6-execution-labels-w73/src/components/Execution/executionNavigationState.ts
/Users/piotrwisniewski/Developer/codex-wt/d-k6-execution-labels-w73/src/components/Execution/executionPayloadGuards.ts
/Users/piotrwisniewski/Developer/codex-wt/d-k6-execution-labels-w73/src/services/executionReports/executionReportsApi.ts
/Users/piotrwisniewski/Developer/codex-wt/d-k6-execution-labels-w73/src/components/Execution/ExecutionReportDocument.tsx
/Users/piotrwisniewski/Developer/codex-wt/d-k6-execution-labels-w73/src/components/Execution/executionReportModel.ts
/Users/piotrwisniewski/Developer/codex-wt/d-k6-execution-labels-w73/src/components/Execution/ExecutionReportsSurface.tsx
/Users/piotrwisniewski/Developer/codex-wt/d-k6-execution-labels-w73/src/components/Execution/ExecutionReportE4Surface.tsx
/Users/piotrwisniewski/Developer/codex-wt/d-k6-execution-labels-w73/src/components/Execution/executionCaseFanOut.ts
/Users/piotrwisniewski/Developer/codex-wt/d-k6-execution-labels-w73/src/components/Execution/ExecutionResourcesSurface.tsx
/Users/piotrwisniewski/Developer/codex-wt/d-k6-execution-labels-w73/src/components/Execution/executionSourceRelations.ts
/Users/piotrwisniewski/Developer/codex-wt/d-k6-execution-labels-w73/src/utils/liczebnik.ts
/Users/piotrwisniewski/Developer/codex-wt/d-k6-execution-labels-w73/src/components/Execution/ExecutionSummaryOneLook.tsx
/Users/piotrwisniewski/Developer/codex-wt/d-k6-execution-labels-w73/src/components/Execution/ExecutionWorkloadView.tsx
/Users/piotrwisniewski/Developer/codex-wt/d-k6-execution-labels-w73/src/components/shared/CanonicalWorkHardeningPanel.tsx
/Users/piotrwisniewski/Developer/codex-wt/d-k6-execution-labels-w73/src/components/shared/TaskMilestoneBlastRadius.tsx
/Users/piotrwisniewski/Developer/codex-wt/d-k6-execution-labels-w73/src/components/Execution/ExecutionWorkSurface.tsx
/Users/piotrwisniewski/Developer/codex-wt/d-k6-execution-labels-w73/src/components/Execution/ReportDocumentView.tsx
/Users/piotrwisniewski/Developer/codex-wt/d-k6-execution-labels-w73/src/components/Execution/reports-intelligence/ControlLoopReport.tsx
/Users/piotrwisniewski/Developer/codex-wt/d-k6-execution-labels-w73/src/components/Execution/reports-intelligence/ResourcesCapacityReport.tsx
/Users/piotrwisniewski/Developer/codex-wt/d-k6-execution-labels-w73/src/components/Execution/reports-intelligence/UnifiedExecutionReportGenerator.tsx
/Users/piotrwisniewski/Developer/codex-wt/d-k6-execution-labels-w73/src/components/Execution/reports-intelligence/workReportModel.ts
/Users/piotrwisniewski/Developer/codex-wt/d-k6-execution-labels-w73/src/components/Execution/reports-intelligence/workAnalysisModel.ts
/Users/piotrwisniewski/Developer/codex-wt/d-k6-execution-labels-w73/src/components/Execution/reports-intelligence/WorkIntelligenceReport.tsx
/Users/piotrwisniewski/Developer/codex-wt/d-k6-execution-labels-w73/src/components/Execution/CutoverRunbookPanel.tsx
/Users/piotrwisniewski/Developer/codex-wt/d-k6-execution-labels-w73/src/components/Execution/RolloutBaselinePanel.tsx
/Users/piotrwisniewski/Developer/codex-wt/d-k6-execution-labels-w73/src/components/Execution/RolloutRegisterEditModal.tsx
/Users/piotrwisniewski/Developer/codex-wt/d-k6-execution-labels-w73/src/components/Execution/RolloutStagesPanel.tsx
/Users/piotrwisniewski/Developer/codex-wt/d-k6-execution-labels-w73/src/utils/jednostka.ts
/Users/piotrwisniewski/Developer/codex-wt/d-k6-execution-labels-w73/src/components/Execution/RolloutTab.tsx
/Users/piotrwisniewski/Developer/codex-wt/d-k6-execution-labels-w73/src/components/Execution/ExecutionHub.tsx
/Users/piotrwisniewski/Developer/codex-wt/d-k6-execution-labels-w73/src/hooks/useResultsEntityNames.ts
/Users/piotrwisniewski/Developer/codex-wt/d-k6-execution-labels-w73/src/components/ResultsVNext/types.ts
/Users/piotrwisniewski/Developer/codex-wt/d-k6-execution-labels-w73/src/components/ResultsVNext/HonestValue.tsx
/Users/piotrwisniewski/Developer/codex-wt/d-k6-execution-labels-w73/src/components/ResultsVNext/kpiScorecards/kpiScorecardApi.ts
/Users/piotrwisniewski/Developer/codex-wt/d-k6-execution-labels-w73/src/components/ResultsVNext/okr/okrApi.ts
/Users/piotrwisniewski/Developer/codex-wt/d-k6-execution-labels-w73/src/components/ResultsVNext/roi/roiApi.ts
/Users/piotrwisniewski/Developer/codex-wt/d-k6-execution-labels-w73/src/components/ResultsVNext/resultsVNextOwnerSampleData.ts
/Users/piotrwisniewski/Developer/codex-wt/d-k6-execution-labels-w73/src/components/ResultsVNext/kpiApi.ts
/Users/piotrwisniewski/Developer/codex-wt/d-k6-execution-labels-w73/src/components/ResultsVNext/KpiDraftFormModal.tsx
/Users/piotrwisniewski/Developer/codex-wt/d-k6-execution-labels-w73/src/components/ResultsVNext/ResultsVNextForbiddenState.tsx
/Users/piotrwisniewski/Developer/codex-wt/d-k6-execution-labels-w73/src/components/ResultsVNext/ResultsVNextRegistryShell.tsx
/Users/piotrwisniewski/Developer/codex-wt/d-k6-execution-labels-w73/src/components/ResultsVNext/kpiMeasurements/kpiMeasurementMappers.ts
/Users/piotrwisniewski/Developer/codex-wt/d-k6-execution-labels-w73/src/components/ResultsVNext/kpiMeasurements/KpiMeasurementCorrectionModal.tsx
/Users/piotrwisniewski/Developer/codex-wt/d-k6-execution-labels-w73/src/components/ResultsVNext/kpiMeasurements/KpiMeasurementDataQualityModal.tsx
/Users/piotrwisniewski/Developer/codex-wt/d-k6-execution-labels-w73/src/components/ResultsVNext/kpiMeasurements/KpiMeasurementRecordModal.tsx
/Users/piotrwisniewski/Developer/codex-wt/d-k6-execution-labels-w73/src/components/ResultsVNext/shared/errorMessage.ts
/Users/piotrwisniewski/Developer/codex-wt/d-k6-execution-labels-w73/src/components/ResultsVNext/kpiMeasurements/kpiMeasurementPresenters.tsx
/Users/piotrwisniewski/Developer/codex-wt/d-k6-execution-labels-w73/src/components/ResultsVNext/kpiMeasurements/ResultsKpiMeasurementsPanel.tsx
/Users/piotrwisniewski/Developer/codex-wt/d-k6-execution-labels-w73/src/components/ResultsVNext/kpiScorecards/CreateKpiScorecardModal.tsx
/Users/piotrwisniewski/Developer/codex-wt/d-k6-execution-labels-w73/src/components/ResultsVNext/LifecycleLockBadge.tsx
/Users/piotrwisniewski/Developer/codex-wt/d-k6-execution-labels-w73/src/components/ResultsVNext/kpiScorecards/kpiScorecardMappers.ts
/Users/piotrwisniewski/Developer/codex-wt/d-k6-execution-labels-w73/src/components/ResultsVNext/kpiScorecards/kpiScorecardPresenters.tsx
/Users/piotrwisniewski/Developer/codex-wt/d-k6-execution-labels-w73/src/labels/kpiReportLabels.ts
/Users/piotrwisniewski/Developer/codex-wt/d-k6-execution-labels-w73/src/components/ResultsVNext/kpiScorecards/kpiReportPresenters.tsx
/Users/piotrwisniewski/Developer/codex-wt/d-k6-execution-labels-w73/src/components/ResultsVNext/KpiTransitionDialog.tsx
/Users/piotrwisniewski/Developer/codex-wt/d-k6-execution-labels-w73/src/components/Results/resultsOwnerReviewMode.ts
/Users/piotrwisniewski/Developer/codex-wt/d-k6-execution-labels-w73/src/components/ResultsVNext/resultsVNextFeatureFlags.ts
/Users/piotrwisniewski/Developer/codex-wt/d-k6-execution-labels-w73/src/components/ResultsVNext/resultsDomainNavigation.ts
/Users/piotrwisniewski/Developer/codex-wt/d-k6-execution-labels-w73/src/components/ResultsVNext/reports/managementReportsApi.ts
/Users/piotrwisniewski/Developer/codex-wt/d-k6-execution-labels-w73/src/components/ResultsVNext/reports/ResultsReportGeneratorDrawer.tsx
/Users/piotrwisniewski/Developer/codex-wt/d-k6-execution-labels-w73/src/components/ResultsVNext/reports/ResultsManagementReportsRegistry.tsx
/Users/piotrwisniewski/Developer/codex-wt/d-k6-execution-labels-w73/src/components/ResultsVNext/legacy/legacyArchiveApi.ts
/Users/piotrwisniewski/Developer/codex-wt/d-k6-execution-labels-w73/src/components/ResultsVNext/legacy/ResultsVNextLegacyArchivePanel.tsx
/Users/piotrwisniewski/Developer/codex-wt/d-k6-execution-labels-w73/src/components/ResultsVNext/ResultsKpiRegistryPage.tsx
/Users/piotrwisniewski/Developer/codex-wt/d-k6-execution-labels-w73/src/components/ResultsVNext/roi/RoiCaseCreateModal.tsx
/Users/piotrwisniewski/Developer/codex-wt/d-k6-execution-labels-w73/src/components/ResultsVNext/roi/roiRegistryMappers.ts
/Users/piotrwisniewski/Developer/codex-wt/d-k6-execution-labels-w73/src/components/ResultsVNext/roi/roiRegistryPresenters.tsx
/Users/piotrwisniewski/Developer/codex-wt/d-k6-execution-labels-w73/src/components/ResultsVNext/roi/RoiTransitionDialog.tsx
/Users/piotrwisniewski/Developer/codex-wt/d-k6-execution-labels-w73/src/components/ResultsVNext/roi/card/roiCardApi.ts
/Users/piotrwisniewski/Developer/codex-wt/d-k6-execution-labels-w73/src/components/ResultsVNext/roi/card/roiCardFormat.ts
/Users/piotrwisniewski/Developer/codex-wt/d-k6-execution-labels-w73/src/components/ResultsVNext/roi/card/roiCardRegistryPresenters.tsx
/Users/piotrwisniewski/Developer/codex-wt/d-k6-execution-labels-w73/src/components/ResultsVNext/roi/ResultsRoiHub.tsx
/Users/piotrwisniewski/Developer/codex-wt/d-k6-execution-labels-w73/src/components/ResultsVNext/ResultsRoiRegistryPage.tsx
/Users/piotrwisniewski/Developer/codex-wt/d-k6-execution-labels-w73/src/components/ResultsVNext/okr/okrAdminApi.ts
/Users/piotrwisniewski/Developer/codex-wt/d-k6-execution-labels-w73/src/components/ResultsVNext/okr/okrObjectiveApi.ts
/Users/piotrwisniewski/Developer/codex-wt/d-k6-execution-labels-w73/src/components/ResultsVNext/okr/okrRegistryMappers.ts
/Users/piotrwisniewski/Developer/codex-wt/d-k6-execution-labels-w73/src/components/ResultsVNext/okr/p7k/okrReportApi.ts
/Users/piotrwisniewski/Developer/codex-wt/d-k6-execution-labels-w73/src/components/ResultsVNext/okr/p7k/okrReportModel.ts
/Users/piotrwisniewski/Developer/codex-wt/d-k6-execution-labels-w73/src/components/ResultsVNext/okr/p7k/okrReportPresenters.tsx
/Users/piotrwisniewski/Developer/codex-wt/d-k6-execution-labels-w73/src/components/ResultsVNext/okr/p7k/okrReportPaths.ts
/Users/piotrwisniewski/Developer/codex-wt/d-k6-execution-labels-w73/src/components/ResultsVNext/okr/p7k/OkrReportRegistryPage.tsx
/Users/piotrwisniewski/Developer/codex-wt/d-k6-execution-labels-w73/src/components/ResultsVNext/ResultsOkrRegistryPage.tsx
/Users/piotrwisniewski/Developer/codex-wt/d-k6-execution-labels-w73/src/components/ResultsVNext/kpiScorecards/KpiScorecardItemDialogs.tsx
/Users/piotrwisniewski/Developer/codex-wt/d-k6-execution-labels-w73/src/components/ResultsVNext/kpiScorecards/KpiScorecardSnapshotDialogs.tsx
/Users/piotrwisniewski/Developer/codex-wt/d-k6-execution-labels-w73/src/components/ResultsVNext/kpiScorecards/ResultsKpiScorecardDetailPage.tsx
/Users/piotrwisniewski/Developer/codex-wt/d-k6-execution-labels-w73/src/components/ResultsVNext/okr/OkrProgramsPage.tsx
/Users/piotrwisniewski/Developer/codex-wt/d-k6-execution-labels-w73/src/components/ResultsVNext/okr/okrWorkspaceApi.ts
/Users/piotrwisniewski/Developer/codex-wt/d-k6-execution-labels-w73/src/components/ResultsVNext/okr/okrWorkspaceMappers.ts
/Users/piotrwisniewski/Developer/codex-wt/d-k6-execution-labels-w73/src/components/ResultsVNext/okr/OkrCyclesPage.tsx
/Users/piotrwisniewski/Developer/codex-wt/d-k6-execution-labels-w73/src/components/ResultsVNext/roi/RoiCasePhaseNav.tsx
/Users/piotrwisniewski/Developer/codex-wt/d-k6-execution-labels-w73/src/components/ResultsVNext/roi/RoiCaseCardSections.ts
/Users/piotrwisniewski/Developer/codex-wt/d-k6-execution-labels-w73/src/components/ResultsVNext/roi/roiPirOutcomesPresenters.tsx
/Users/piotrwisniewski/Developer/codex-wt/d-k6-execution-labels-w73/src/components/ResultsVNext/roi/RoiPirOutcomesTab.tsx
/Users/piotrwisniewski/Developer/codex-wt/d-k6-execution-labels-w73/src/components/ResultsVNext/roi/ResultsRoiPirOutcomesPage.tsx
/Users/piotrwisniewski/Developer/codex-wt/d-k6-execution-labels-w73/src/components/ResultsVNext/shared/kartaWynikow.tsx
/Users/piotrwisniewski/Developer/codex-wt/d-k6-execution-labels-w73/src/components/ResultsVNext/kpiTool/kpiDeviationApi.ts
/Users/piotrwisniewski/Developer/codex-wt/d-k6-execution-labels-w73/src/components/ResultsVNext/kpiTool/kpiInitiativeImpactApi.ts
/Users/piotrwisniewski/Developer/codex-wt/d-k6-execution-labels-w73/src/components/ResultsVNext/kpiTool/KpiReviewedAttributionDialog.tsx
/Users/piotrwisniewski/Developer/codex-wt/d-k6-execution-labels-w73/src/components/ResultsVNext/kpiTool/kpiCardSetPath.ts
/Users/piotrwisniewski/Developer/codex-wt/d-k6-execution-labels-w73/src/components/ResultsVNext/kpiTool/kpiToolMappers.ts
/Users/piotrwisniewski/Developer/codex-wt/d-k6-execution-labels-w73/src/components/ResultsVNext/kpiTool/KpiToolPage.tsx
/Users/piotrwisniewski/Developer/codex-wt/d-k6-execution-labels-w73/src/components/ResultsVNext/kpiTool/KpiDeviationCaseSubview.tsx
/Users/piotrwisniewski/Developer/codex-wt/d-k6-execution-labels-w73/src/components/ResultsVNext/roi/roiCaseFullToolApi.ts
/Users/piotrwisniewski/Developer/codex-wt/d-k6-execution-labels-w73/src/components/ResultsVNext/roi/card/RoiCardSections.tsx
/Users/piotrwisniewski/Developer/codex-wt/d-k6-execution-labels-w73/src/components/ResultsVNext/roi/card/RoiCaseCardPage.tsx
/Users/piotrwisniewski/Developer/codex-wt/d-k6-execution-labels-w73/src/components/ResultsVNext/roi/roiCaseDetailApi.ts
/Users/piotrwisniewski/Developer/codex-wt/d-k6-execution-labels-w73/src/components/ResultsVNext/roi/roiCaseDetailMappers.ts
/Users/piotrwisniewski/Developer/codex-wt/d-k6-execution-labels-w73/src/components/ResultsVNext/roi/RoiCaseAssumptionsNarrative.tsx
/Users/piotrwisniewski/Developer/codex-wt/d-k6-execution-labels-w73/src/components/ResultsVNext/roi/roiCaseFullToolMappers.ts
/Users/piotrwisniewski/Developer/codex-wt/d-k6-execution-labels-w73/src/components/ResultsVNext/roi/roiCaseDetailPresenters.tsx
/Users/piotrwisniewski/Developer/codex-wt/d-k6-execution-labels-w73/src/components/ResultsVNext/roi/RoiBaselineEditModal.tsx
/Users/piotrwisniewski/Developer/codex-wt/d-k6-execution-labels-w73/src/components/ResultsVNext/roi/RoiCalculationPolicyEditModal.tsx
/Users/piotrwisniewski/Developer/codex-wt/d-k6-execution-labels-w73/src/components/ResultsVNext/roi/RoiAssumptionFormModal.tsx
/Users/piotrwisniewski/Developer/codex-wt/d-k6-execution-labels-w73/src/components/ResultsVNext/roi/RoiCostLineFormModal.tsx
/Users/piotrwisniewski/Developer/codex-wt/d-k6-execution-labels-w73/src/components/ResultsVNext/roi/RoiBenefitLineFormModal.tsx
/Users/piotrwisniewski/Developer/codex-wt/d-k6-execution-labels-w73/src/components/ResultsVNext/roi/RoiRemoveLineItemDialog.tsx
/Users/piotrwisniewski/Developer/codex-wt/d-k6-execution-labels-w73/src/components/ResultsVNext/roi/roiCaseFullToolPresenters.tsx
/Users/piotrwisniewski/Developer/codex-wt/d-k6-execution-labels-w73/src/components/ResultsVNext/roi/RoiBuildCaseModals.tsx
/Users/piotrwisniewski/Developer/codex-wt/d-k6-execution-labels-w73/src/components/ResultsVNext/roi/RoiCaseModelWorkspace.tsx
/Users/piotrwisniewski/Developer/codex-wt/d-k6-execution-labels-w73/src/components/ResultsVNext/roi/RoiCaseDecisionWorkspace.tsx
/Users/piotrwisniewski/Developer/codex-wt/d-k6-execution-labels-w73/src/components/ResultsVNext/roi/RoiRealizeValueModals.tsx
/Users/piotrwisniewski/Developer/codex-wt/d-k6-execution-labels-w73/src/components/ResultsVNext/roi/RoiCaseRealizeValueWorkspace.tsx
/Users/piotrwisniewski/Developer/codex-wt/d-k6-execution-labels-w73/src/components/ResultsVNext/teresa/teresaHandoffTypes.ts
/Users/piotrwisniewski/Developer/codex-wt/d-k6-execution-labels-w73/src/components/ResultsVNext/teresa/teresaProposalApi.ts
/Users/piotrwisniewski/Developer/codex-wt/d-k6-execution-labels-w73/src/components/ResultsVNext/teresa/TeresaEvidenceBreakdown.tsx
/Users/piotrwisniewski/Developer/codex-wt/d-k6-execution-labels-w73/src/components/ResultsVNext/teresa/TeresaUnavailableBanner.tsx
/Users/piotrwisniewski/Developer/codex-wt/d-k6-execution-labels-w73/src/components/ResultsVNext/teresa/TeresaProposalPanel.tsx
/Users/piotrwisniewski/Developer/codex-wt/d-k6-execution-labels-w73/src/components/ResultsVNext/roi/roiTeresaLessonsDraft.ts
/Users/piotrwisniewski/Developer/codex-wt/d-k6-execution-labels-w73/src/components/ResultsVNext/roi/RoiLearnModals.tsx
/Users/piotrwisniewski/Developer/codex-wt/d-k6-execution-labels-w73/src/components/ResultsVNext/roi/RoiCaseLearnWorkspace.tsx
/Users/piotrwisniewski/Developer/codex-wt/d-k6-execution-labels-w73/src/components/ResultsVNext/roi/RoiCaseFullTool.tsx
/Users/piotrwisniewski/Developer/codex-wt/d-k6-execution-labels-w73/src/components/ResultsVNext/roi/RoiCaseToolPage.tsx
/Users/piotrwisniewski/Developer/codex-wt/d-k6-execution-labels-w73/src/services/api/errorMessageMapper.ts
/Users/piotrwisniewski/Developer/codex-wt/d-k6-execution-labels-w73/src/components/ResultsVNext/okr/okrObjectiveMappers.ts
/Users/piotrwisniewski/Developer/codex-wt/d-k6-execution-labels-w73/src/components/ResultsVNext/okr/okrRegistryPresenters.tsx
/Users/piotrwisniewski/Developer/codex-wt/d-k6-execution-labels-w73/src/components/ResultsVNext/okr/okrObjectivePresenters.tsx
/Users/piotrwisniewski/Developer/codex-wt/d-k6-execution-labels-w73/src/components/ResultsVNext/useOrganizationMemberNames.ts
/Users/piotrwisniewski/Developer/codex-wt/d-k6-execution-labels-w73/src/components/ResultsVNext/okr/OkrCancelDialog.tsx
/Users/piotrwisniewski/Developer/codex-wt/d-k6-execution-labels-w73/src/components/ResultsVNext/okr/OkrObjectiveFormModal.tsx
/Users/piotrwisniewski/Developer/codex-wt/d-k6-execution-labels-w73/src/components/ResultsVNext/okr/okrObjectiveCardPath.ts
/Users/piotrwisniewski/Developer/codex-wt/d-k6-execution-labels-w73/src/components/ResultsVNext/okr/OkrObjectivesView.tsx
/Users/piotrwisniewski/Developer/codex-wt/d-k6-execution-labels-w73/src/components/ResultsVNext/okr/okrKeyResultPresenters.tsx
/Users/piotrwisniewski/Developer/codex-wt/d-k6-execution-labels-w73/src/components/ResultsVNext/okr/OkrKeyResultFormModal.tsx
/Users/piotrwisniewski/Developer/codex-wt/d-k6-execution-labels-w73/src/components/ResultsVNext/okr/OkrKeyResultsView.tsx
/Users/piotrwisniewski/Developer/codex-wt/d-k6-execution-labels-w73/src/components/ResultsVNext/okr/okrCheckInApi.ts
/Users/piotrwisniewski/Developer/codex-wt/d-k6-execution-labels-w73/src/components/ResultsVNext/okr/okrCheckInMappers.ts
/Users/piotrwisniewski/Developer/codex-wt/d-k6-execution-labels-w73/src/components/ResultsVNext/okr/okrCheckInPresenters.tsx
/Users/piotrwisniewski/Developer/codex-wt/d-k6-execution-labels-w73/src/components/ResultsVNext/okr/OkrCheckInCorrectDialog.tsx
/Users/piotrwisniewski/Developer/codex-wt/d-k6-execution-labels-w73/src/components/ResultsVNext/okr/OkrCheckInRecordDialog.tsx
/Users/piotrwisniewski/Developer/codex-wt/d-k6-execution-labels-w73/src/components/ResultsVNext/okr/OkrCheckInsView.tsx
/Users/piotrwisniewski/Developer/codex-wt/d-k6-execution-labels-w73/src/components/ResultsVNext/okr/OkrSetOverviewView.tsx
/Users/piotrwisniewski/Developer/codex-wt/d-k6-execution-labels-w73/src/components/ResultsVNext/okr/OkrAlignmentsView.tsx
/Users/piotrwisniewski/Developer/codex-wt/d-k6-execution-labels-w73/src/components/ResultsVNext/okr/OkrActionDialog.tsx
/Users/piotrwisniewski/Developer/codex-wt/d-k6-execution-labels-w73/src/components/ResultsVNext/okr/OkrSupportView.tsx
/Users/piotrwisniewski/Developer/codex-wt/d-k6-execution-labels-w73/src/components/ResultsVNext/okr/OkrCarryForwardDialog.tsx
/Users/piotrwisniewski/Developer/codex-wt/d-k6-execution-labels-w73/src/components/ResultsVNext/okr/okrTeresaReflectionDraft.ts
/Users/piotrwisniewski/Developer/codex-wt/d-k6-execution-labels-w73/src/components/ResultsVNext/okr/OkrReviewReflectionView.tsx
/Users/piotrwisniewski/Developer/codex-wt/d-k6-execution-labels-w73/src/components/ResultsVNext/okr/OkrHistoryView.tsx
/Users/piotrwisniewski/Developer/codex-wt/d-k6-execution-labels-w73/src/components/ResultsVNext/okr/OkrSetWorkspace.tsx
/Users/piotrwisniewski/Developer/codex-wt/d-k6-execution-labels-w73/src/components/ResultsVNext/okr/OkrSetToolPage.tsx
/Users/piotrwisniewski/Developer/codex-wt/d-k6-execution-labels-w73/src/components/ResultsVNext/okr/OkrObjectiveCardSections.ts
/Users/piotrwisniewski/Developer/codex-wt/d-k6-execution-labels-w73/src/components/ResultsVNext/okr/okrCardPrimitives.tsx
/Users/piotrwisniewski/Developer/codex-wt/d-k6-execution-labels-w73/src/components/ResultsVNext/okr/OkrObjectiveCardPage.tsx
/Users/piotrwisniewski/Developer/codex-wt/d-k6-execution-labels-w73/src/components/ResultsVNext/okr/p7k/OkrReportPage.tsx
/Users/piotrwisniewski/Developer/codex-wt/d-k6-execution-labels-w73/src/components/ResultsVNext/okr/p7k/OkrKeyResultRedirect.tsx
/Users/piotrwisniewski/Developer/codex-wt/d-k6-execution-labels-w73/src/components/Conclusions/conclusionMeta.ts
/Users/piotrwisniewski/Developer/codex-wt/d-k6-execution-labels-w73/src/components/Conclusions/ConclusionCard.tsx
/Users/piotrwisniewski/Developer/codex-wt/d-k6-execution-labels-w73/src/components/Conclusions/ConclusionReadout.tsx
/Users/piotrwisniewski/Developer/codex-wt/d-k6-execution-labels-w73/src/components/Conclusions/ConclusionsHub.tsx
/Users/piotrwisniewski/Developer/codex-wt/d-k6-execution-labels-w73/src/views/FullInitiativesView.tsx
/Users/piotrwisniewski/Developer/codex-wt/d-k6-execution-labels-w73/src/views/FullROIView.tsx
/Users/piotrwisniewski/Developer/codex-wt/d-k6-execution-labels-w73/src/components/Finance/labels/financeEnums.ts
/Users/piotrwisniewski/Developer/codex-wt/d-k6-execution-labels-w73/src/utils/financeOwnerReviewMode.ts
/Users/piotrwisniewski/Developer/codex-wt/d-k6-execution-labels-w73/src/hooks/useFinanceAnalysisWorkspaceFlag.ts
/Users/piotrwisniewski/Developer/codex-wt/d-k6-execution-labels-w73/src/hooks/useFinanceBaselineWorkspaceFlag.ts
/Users/piotrwisniewski/Developer/codex-wt/d-k6-execution-labels-w73/src/hooks/useFinancePredictionWorkspaceFlag.ts
/Users/piotrwisniewski/Developer/codex-wt/d-k6-execution-labels-w73/src/hooks/useFinanceStatementPackWorkspaceV2Flag.ts
/Users/piotrwisniewski/Developer/codex-wt/d-k6-execution-labels-w73/src/hooks/useFinanceValuationWorkspaceFlag.ts
/Users/piotrwisniewski/Developer/codex-wt/d-k6-execution-labels-w73/src/components/Finance/statementReadinessCopy.ts
/Users/piotrwisniewski/Developer/codex-wt/d-k6-execution-labels-w73/src/labels/financeArtifactTitle.ts
/Users/piotrwisniewski/Developer/codex-wt/d-k6-execution-labels-w73/src/labels/financeLineLabels.ts
/Users/piotrwisniewski/Developer/codex-wt/d-k6-execution-labels-w73/src/components/Finance/shared/financeT.ts
/Users/piotrwisniewski/Developer/codex-wt/d-k6-execution-labels-w73/src/components/Finance/shared/useFinanceLegacyBridge.ts
/Users/piotrwisniewski/Developer/codex-wt/d-k6-execution-labels-w73/src/components/Finance/shared/FinanceLegacyBridgeGate.tsx
/Users/piotrwisniewski/Developer/codex-wt/d-k6-execution-labels-w73/src/components/Finance/shared/financeWorkspaceResolver.ts
/Users/piotrwisniewski/Developer/codex-wt/d-k6-execution-labels-w73/src/components/Economics/financeErrorMap.ts
/Users/piotrwisniewski/Developer/codex-wt/d-k6-execution-labels-w73/src/components/Economics/hooks/useFinanceLane.ts
/Users/piotrwisniewski/Developer/codex-wt/d-k6-execution-labels-w73/src/components/Economics/FinanceDegradedBanner.tsx
/Users/piotrwisniewski/Developer/codex-wt/d-k6-execution-labels-w73/src/components/Economics/financeOwnerSampleData.ts
/Users/piotrwisniewski/Developer/codex-wt/d-k6-execution-labels-w73/src/components/ui/alert.tsx
/Users/piotrwisniewski/Developer/codex-wt/d-k6-execution-labels-w73/src/components/Economics/FinanceVersionTimeline.tsx
/Users/piotrwisniewski/Developer/codex-wt/d-k6-execution-labels-w73/src/components/Economics/FinanceLanePanel.tsx
/Users/piotrwisniewski/Developer/codex-wt/d-k6-execution-labels-w73/src/components/Economics/FinanceLaneStrip.tsx
/Users/piotrwisniewski/Developer/codex-wt/d-k6-execution-labels-w73/src/utils/financeValuePanelsFlag.ts
/Users/piotrwisniewski/Developer/codex-wt/d-k6-execution-labels-w73/src/services/api/v8/financeValue.ts
/Users/piotrwisniewski/Developer/codex-wt/d-k6-execution-labels-w73/src/components/Economics/panels/BankingValuePanel.tsx
/Users/piotrwisniewski/Developer/codex-wt/d-k6-execution-labels-w73/src/services/api/v8/financePlanning.ts
/Users/piotrwisniewski/Developer/codex-wt/d-k6-execution-labels-w73/src/components/Economics/panels/CashForecastPanel.tsx
/Users/piotrwisniewski/Developer/codex-wt/d-k6-execution-labels-w73/src/components/Economics/charts/BulletChart.tsx
/Users/piotrwisniewski/Developer/codex-wt/d-k6-execution-labels-w73/src/components/Economics/charts/ChartLegendChips.tsx
/Users/piotrwisniewski/Developer/codex-wt/d-k6-execution-labels-w73/src/components/Economics/charts/DistributionHistogram.tsx
/Users/piotrwisniewski/Developer/codex-wt/d-k6-execution-labels-w73/src/components/Economics/charts/FinanceWaterfall.tsx
/Users/piotrwisniewski/Developer/codex-wt/d-k6-execution-labels-w73/src/components/Economics/charts/FootballField.tsx
/Users/piotrwisniewski/Developer/codex-wt/d-k6-execution-labels-w73/src/components/Economics/charts/GoldenThreadSankey.tsx
/Users/piotrwisniewski/Developer/codex-wt/d-k6-execution-labels-w73/src/components/Economics/charts/PortfolioBubble.tsx
/Users/piotrwisniewski/Developer/codex-wt/d-k6-execution-labels-w73/src/components/Economics/charts/SCurve.tsx
/Users/piotrwisniewski/Developer/codex-wt/d-k6-execution-labels-w73/src/components/Economics/charts/SensitivityHeatmap.tsx
/Users/piotrwisniewski/Developer/codex-wt/d-k6-execution-labels-w73/src/components/Economics/charts/TornadoChart.tsx
/Users/piotrwisniewski/Developer/codex-wt/d-k6-execution-labels-w73/src/components/Economics/charts/index.ts
/Users/piotrwisniewski/Developer/codex-wt/d-k6-execution-labels-w73/src/components/Economics/panels/DriverPlannerPanel.tsx
/Users/piotrwisniewski/Developer/codex-wt/d-k6-execution-labels-w73/src/components/Economics/panels/DriverTreePanel.tsx
/Users/piotrwisniewski/Developer/codex-wt/d-k6-execution-labels-w73/src/components/Economics/panels/ExtendedRatiosPanel.tsx
/Users/piotrwisniewski/Developer/codex-wt/d-k6-execution-labels-w73/src/components/Economics/panels/HeadcountPlannerPanel.tsx
/Users/piotrwisniewski/Developer/codex-wt/d-k6-execution-labels-w73/src/components/Economics/panels/InvestmentAppraisalPanel.tsx
/Users/piotrwisniewski/Developer/codex-wt/d-k6-execution-labels-w73/src/components/Economics/panels/RollingForecastPanel.tsx
/Users/piotrwisniewski/Developer/codex-wt/d-k6-execution-labels-w73/src/components/Economics/panels/ValuationVisualsPanel.tsx
/Users/piotrwisniewski/Developer/codex-wt/d-k6-execution-labels-w73/src/components/Economics/panels/ValueAttributionPanel.tsx
/Users/piotrwisniewski/Developer/codex-wt/d-k6-execution-labels-w73/src/components/Economics/panels/ValueCapturePipelinePanel.tsx
/Users/piotrwisniewski/Developer/codex-wt/d-k6-execution-labels-w73/src/components/Economics/panels/ValueLedgerPanel.tsx
/Users/piotrwisniewski/Developer/codex-wt/d-k6-execution-labels-w73/src/components/Economics/panels/ValueOfficePanel.tsx
/Users/piotrwisniewski/Developer/codex-wt/d-k6-execution-labels-w73/src/components/Economics/panels/VarianceBridgePanel.tsx
/Users/piotrwisniewski/Developer/codex-wt/d-k6-execution-labels-w73/src/components/Economics/panels/VarianceNarrationPanel.tsx
/Users/piotrwisniewski/Developer/codex-wt/d-k6-execution-labels-w73/src/components/Economics/panels/EvBasketFootballField.tsx
/Users/piotrwisniewski/Developer/codex-wt/d-k6-execution-labels-w73/src/services/financeValuationApi.ts
/Users/piotrwisniewski/Developer/codex-wt/d-k6-execution-labels-w73/src/components/Economics/panels/MonteCarloNpvPanel.tsx
/Users/piotrwisniewski/Developer/codex-wt/d-k6-execution-labels-w73/src/components/Economics/panels/RealOptionsPanel.tsx
/Users/piotrwisniewski/Developer/codex-wt/d-k6-execution-labels-w73/src/components/Economics/panels/EfficientFrontierPanel.tsx
/Users/piotrwisniewski/Developer/codex-wt/d-k6-execution-labels-w73/src/components/Economics/panels/WhatIfSensitivityPanel.tsx
/Users/piotrwisniewski/Developer/codex-wt/d-k6-execution-labels-w73/src/components/Economics/panels/ScenarioComputePanel.tsx
/Users/piotrwisniewski/Developer/codex-wt/d-k6-execution-labels-w73/src/components/Economics/FinanceValuePanelsSurface.tsx
/Users/piotrwisniewski/Developer/codex-wt/d-k6-execution-labels-w73/src/components/Economics/FinanceSampleDataBanner.tsx
/Users/piotrwisniewski/Developer/codex-wt/d-k6-execution-labels-w73/src/components/Economics/financeModelLabels.ts
/Users/piotrwisniewski/Developer/codex-wt/d-k6-execution-labels-w73/src/components/Economics/financeTypes.ts
/Users/piotrwisniewski/Developer/codex-wt/d-k6-execution-labels-w73/src/components/Economics/normalizeSensitivityGrid.ts
/Users/piotrwisniewski/Developer/codex-wt/d-k6-execution-labels-w73/src/components/Economics/FinancePreviewPanel.tsx
/Users/piotrwisniewski/Developer/codex-wt/d-k6-execution-labels-w73/src/components/Economics/financeCanonicalMerge.ts
/Users/piotrwisniewski/Developer/codex-wt/d-k6-execution-labels-w73/src/components/Economics/hooks/useFinanceData.ts
/Users/piotrwisniewski/Developer/codex-wt/d-k6-execution-labels-w73/src/components/Economics/hooks/useFinanceRowActions.ts
/Users/piotrwisniewski/Developer/codex-wt/d-k6-execution-labels-w73/src/utils/valuationMonetaryUnit.ts
/Users/piotrwisniewski/Developer/codex-wt/d-k6-execution-labels-w73/src/components/Economics/hooks/useFinanceSelection.ts
/Users/piotrwisniewski/Developer/codex-wt/d-k6-execution-labels-w73/src/components/Benefits/BudgetWorkspace.tsx
/Users/piotrwisniewski/Developer/codex-wt/d-k6-execution-labels-w73/src/components/Benefits/FinancialAnalysisWorkspace.tsx
/Users/piotrwisniewski/Developer/codex-wt/d-k6-execution-labels-w73/src/services/api/v8/financeCandidateHandoffValuation.ts
/Users/piotrwisniewski/Developer/codex-wt/d-k6-execution-labels-w73/src/utils/financeEvBasketFlag.ts
/Users/piotrwisniewski/Developer/codex-wt/d-k6-execution-labels-w73/src/services/financeExportService.ts
/Users/piotrwisniewski/Developer/codex-wt/d-k6-execution-labels-w73/src/services/api/v8/financeCandidateHandoff.ts
/Users/piotrwisniewski/Developer/codex-wt/d-k6-execution-labels-w73/src/components/Finance/shared/FinanceCandidateHandoffModal.tsx
/Users/piotrwisniewski/Developer/codex-wt/d-k6-execution-labels-w73/src/components/Finance/ExportToOutputDialog.tsx
/Users/piotrwisniewski/Developer/codex-wt/d-k6-execution-labels-w73/src/components/Finance/ExportButton.tsx
/Users/piotrwisniewski/Developer/codex-wt/d-k6-execution-labels-w73/src/components/Benefits/ValuationWorkspace.tsx
/Users/piotrwisniewski/Developer/codex-wt/d-k6-execution-labels-w73/src/components/Economics/financeFeatureFlags.ts
/Users/piotrwisniewski/Developer/codex-wt/d-k6-execution-labels-w73/src/components/Economics/ModelVersionHistory.tsx
/Users/piotrwisniewski/Developer/codex-wt/d-k6-execution-labels-w73/src/components/Finance/FinancialModelWorkspace.tsx
/Users/piotrwisniewski/Developer/codex-wt/d-k6-execution-labels-w73/src/components/Finance/FinancialStatementMappingEditor.tsx
/Users/piotrwisniewski/Developer/codex-wt/d-k6-execution-labels-w73/src/components/Finance/FinancialStatementImportWizard.tsx
/Users/piotrwisniewski/Developer/codex-wt/d-k6-execution-labels-w73/src/services/api/v8/financeCandidateHandoffStatementPack.ts
/Users/piotrwisniewski/Developer/codex-wt/d-k6-execution-labels-w73/src/components/Finance/CanonicalStatementTable.tsx
/Users/piotrwisniewski/Developer/codex-wt/d-k6-execution-labels-w73/src/components/Finance/FinancialStatementWorkspace.tsx
/Users/piotrwisniewski/Developer/codex-wt/d-k6-execution-labels-w73/src/components/Finance/StatementExplainPanel.tsx
/Users/piotrwisniewski/Developer/codex-wt/d-k6-execution-labels-w73/src/components/Finance/StatementValidationBadges.tsx
/Users/piotrwisniewski/Developer/codex-wt/d-k6-execution-labels-w73/src/components/Finance/FinancialStatementPackWorkspace.tsx
/Users/piotrwisniewski/Developer/codex-wt/d-k6-execution-labels-w73/src/components/Finance/shared/FinanceErrorBoundary.tsx
/Users/piotrwisniewski/Developer/codex-wt/d-k6-execution-labels-w73/src/hooks/useOnClickOutside.ts
/Users/piotrwisniewski/Developer/codex-wt/d-k6-execution-labels-w73/src/components/Finance/shared/financeWorkspaceBar.contract.ts
/Users/piotrwisniewski/Developer/codex-wt/d-k6-execution-labels-w73/src/components/Finance/shared/FinanceWorkspaceBar.tsx
/Users/piotrwisniewski/Developer/codex-wt/d-k6-execution-labels-w73/src/components/Finance/shared/focusMode.contract.ts
/Users/piotrwisniewski/Developer/codex-wt/d-k6-execution-labels-w73/src/hooks/useFinanceFocusMode.ts
/Users/piotrwisniewski/Developer/codex-wt/d-k6-execution-labels-w73/src/components/Finance/Prediction/predictionWorkspaceBarConfig.ts
/Users/piotrwisniewski/Developer/codex-wt/d-k6-execution-labels-w73/src/components/Finance/Prediction/ScenarioAssumptionsView.tsx
/Users/piotrwisniewski/Developer/codex-wt/d-k6-execution-labels-w73/src/components/Finance/baseline/baselineLabels.ts
/Users/piotrwisniewski/Developer/codex-wt/d-k6-execution-labels-w73/src/components/Finance/Prediction/ScenarioResultsView.tsx
/Users/piotrwisniewski/Developer/codex-wt/d-k6-execution-labels-w73/src/components/Finance/Prediction/PredictionWorkspace.tsx
/Users/piotrwisniewski/Developer/codex-wt/d-k6-execution-labels-w73/src/components/Finance/FinanceActionCards.tsx
/Users/piotrwisniewski/Developer/codex-wt/d-k6-execution-labels-w73/src/components/Finance/shared/financeVersionLifecycle.ts
/Users/piotrwisniewski/Developer/codex-wt/d-k6-execution-labels-w73/src/components/Finance/baseline/useBaselineAssumptionsEditor.ts
/Users/piotrwisniewski/Developer/codex-wt/d-k6-execution-labels-w73/src/components/Finance/baseline/AssumptionsView.tsx
/Users/piotrwisniewski/Developer/codex-wt/d-k6-execution-labels-w73/src/components/Finance/baseline/useBaselineCompute.ts
/Users/piotrwisniewski/Developer/codex-wt/d-k6-execution-labels-w73/src/components/Finance/baseline/CalculationsView.tsx
/Users/piotrwisniewski/Developer/codex-wt/d-k6-execution-labels-w73/src/components/Finance/baseline/useBaselineOutputs.ts
/Users/piotrwisniewski/Developer/codex-wt/d-k6-execution-labels-w73/src/components/Finance/BaselineWorkspace.tsx
/Users/piotrwisniewski/Developer/codex-wt/d-k6-execution-labels-w73/src/labels/financeKpiLabels.ts
/Users/piotrwisniewski/Developer/Consultify/node_modules/decimal.js/decimal.d.ts
/Users/piotrwisniewski/Developer/codex-wt/d-k6-execution-labels-w73/src/components/Finance/Analysis/analysisKpiCompute.ts
/Users/piotrwisniewski/Developer/codex-wt/d-k6-execution-labels-w73/src/components/Finance/Analysis/analysisKpiCatalog.ts
/Users/piotrwisniewski/Developer/codex-wt/d-k6-execution-labels-w73/src/components/Finance/Analysis/analysisCreatorWizard.contract.ts
/Users/piotrwisniewski/Developer/codex-wt/d-k6-execution-labels-w73/src/components/Finance/Analysis/AnalysisCreatorWizard.tsx
/Users/piotrwisniewski/Developer/codex-wt/d-k6-execution-labels-w73/src/labels/financeKpiCommentLabels.ts
/Users/piotrwisniewski/Developer/codex-wt/d-k6-execution-labels-w73/src/components/Finance/Analysis/analysisKpiTable.contract.ts
/Users/piotrwisniewski/Developer/codex-wt/d-k6-execution-labels-w73/src/components/Finance/Analysis/AnalysisKpiDetailCard.tsx
/Users/piotrwisniewski/Developer/codex-wt/d-k6-execution-labels-w73/src/components/Finance/Analysis/AnalysisKpiTable.tsx
/Users/piotrwisniewski/Developer/codex-wt/d-k6-execution-labels-w73/src/components/Finance/Analysis/analysisWorkspace.contract.ts
/Users/piotrwisniewski/Developer/codex-wt/d-k6-execution-labels-w73/src/components/Finance/Analysis/AnalysisWorkspace.tsx
/Users/piotrwisniewski/Developer/codex-wt/d-k6-execution-labels-w73/src/components/Finance/Valuation/valuationMath.ts
/Users/piotrwisniewski/Developer/codex-wt/d-k6-execution-labels-w73/src/components/Finance/Valuation/steps/AdvisorStep.tsx
/Users/piotrwisniewski/Developer/codex-wt/d-k6-execution-labels-w73/src/components/Finance/Valuation/steps/AssumptionsStep.tsx
/Users/piotrwisniewski/Developer/codex-wt/d-k6-execution-labels-w73/src/components/Finance/Valuation/steps/ExportStep.tsx
/Users/piotrwisniewski/Developer/codex-wt/d-k6-execution-labels-w73/src/components/Finance/Valuation/ValuationValueCell.tsx
/Users/piotrwisniewski/Developer/codex-wt/d-k6-execution-labels-w73/src/components/Finance/Valuation/steps/MethodsWeightsStep.tsx
/Users/piotrwisniewski/Developer/codex-wt/d-k6-execution-labels-w73/src/components/Finance/Valuation/steps/ResultsStep.tsx
/Users/piotrwisniewski/Developer/codex-wt/d-k6-execution-labels-w73/src/components/Finance/Valuation/steps/SensitivityStep.tsx
/Users/piotrwisniewski/Developer/codex-wt/d-k6-execution-labels-w73/src/components/Finance/Valuation/steps/SourceStep.tsx
/Users/piotrwisniewski/Developer/codex-wt/d-k6-execution-labels-w73/src/components/Finance/Valuation/ValuationWorkspace.tsx
/Users/piotrwisniewski/Developer/codex-wt/d-k6-execution-labels-w73/src/components/standard/DocumentCardNFrame.tsx
/Users/piotrwisniewski/Developer/codex-wt/d-k6-execution-labels-w73/src/components/Finance/statementPackWorkspaceV2/deriveStatementTable.ts
/Users/piotrwisniewski/Developer/codex-wt/d-k6-execution-labels-w73/src/components/Finance/statementPackWorkspaceV2/CanonicalStatementTableV2.tsx
/Users/piotrwisniewski/Developer/codex-wt/d-k6-execution-labels-w73/src/components/Finance/statementPackWorkspaceV2/NamedCollapsibleSection.tsx
/Users/piotrwisniewski/Developer/codex-wt/d-k6-execution-labels-w73/src/components/Finance/statementPackWorkspaceV2/ReconciliationLedgerPanel.tsx
/Users/piotrwisniewski/Developer/codex-wt/d-k6-execution-labels-w73/src/components/Finance/statementPackWorkspaceV2/RelatedArtifactsSection.tsx
/Users/piotrwisniewski/Developer/codex-wt/d-k6-execution-labels-w73/src/components/Finance/statementPackWorkspaceV2/SourceEvidencePanel.tsx
/Users/piotrwisniewski/Developer/codex-wt/d-k6-execution-labels-w73/src/components/Finance/statementPackWorkspaceV2/StatementReportActionsSection.tsx
/Users/piotrwisniewski/Developer/codex-wt/d-k6-execution-labels-w73/src/components/Finance/statementPackWorkspaceV2/StatementPackWorkspaceV2.tsx
/Users/piotrwisniewski/Developer/codex-wt/d-k6-execution-labels-w73/src/hooks/useFinanceWorkspacePlatformFlag.ts
/Users/piotrwisniewski/Developer/codex-wt/d-k6-execution-labels-w73/src/components/Finance/shared/FinanceStatusAnnouncer.tsx
/Users/piotrwisniewski/Developer/codex-wt/d-k6-execution-labels-w73/src/hooks/useFinanceCommentsFlag.ts
/Users/piotrwisniewski/Developer/codex-wt/d-k6-execution-labels-w73/src/components/Finance/comments/FinanceCommentsPanel.tsx
/Users/piotrwisniewski/Developer/codex-wt/d-k6-execution-labels-w73/src/hooks/useFinanceCompareFlag.ts
/Users/piotrwisniewski/Developer/codex-wt/d-k6-execution-labels-w73/src/components/Finance/compare/FinanceComparePanel.tsx
/Users/piotrwisniewski/Developer/codex-wt/d-k6-execution-labels-w73/src/hooks/useFinanceExportImportFlag.ts
/Users/piotrwisniewski/Developer/codex-wt/d-k6-execution-labels-w73/src/components/Finance/exportImport/FinanceExportImportPanel.tsx
/Users/piotrwisniewski/Developer/codex-wt/d-k6-execution-labels-w73/src/hooks/useFinanceLineageNavigatorFlag.ts
/Users/piotrwisniewski/Developer/codex-wt/d-k6-execution-labels-w73/src/components/Finance/lineage/FinanceLineageNavigator.tsx
/Users/piotrwisniewski/Developer/codex-wt/d-k6-execution-labels-w73/src/hooks/useFinanceSavedViewsFlag.ts
/Users/piotrwisniewski/Developer/codex-wt/d-k6-execution-labels-w73/src/components/Finance/savedViews/FinanceSavedViewsPanel.tsx
/Users/piotrwisniewski/Developer/codex-wt/d-k6-execution-labels-w73/src/components/Finance/shared/FinanceWorkspaceUtilities.tsx
/Users/piotrwisniewski/Developer/codex-wt/d-k6-execution-labels-w73/src/components/Economics/modals/CreateAnalysisModal.tsx
/Users/piotrwisniewski/Developer/codex-wt/d-k6-execution-labels-w73/src/components/Economics/modals/CreateBudgetModal.tsx
/Users/piotrwisniewski/Developer/codex-wt/d-k6-execution-labels-w73/src/components/Economics/modals/CreateModelModal.tsx
/Users/piotrwisniewski/Developer/codex-wt/d-k6-execution-labels-w73/src/components/Economics/modals/CreateValuationModal.tsx
/Users/piotrwisniewski/Developer/codex-wt/d-k6-execution-labels-w73/src/components/Economics/modals/LinkInitiativeModal.tsx
/Users/piotrwisniewski/Developer/codex-wt/d-k6-execution-labels-w73/src/components/Economics/FinanceHub.tsx
/Users/piotrwisniewski/Developer/codex-wt/d-k6-execution-labels-w73/src/views/EconomicsView.tsx
/Users/piotrwisniewski/Developer/codex-wt/d-k6-execution-labels-w73/src/components/ReportsAndPresentations/artifactNavigation.ts
/Users/piotrwisniewski/Developer/codex-wt/d-k6-execution-labels-w73/src/components/ReportBuilder/libraryTemplateResolveClient.ts
/Users/piotrwisniewski/Developer/codex-wt/d-k6-execution-labels-w73/src/components/ReportBuilder/BlockTypesManager.tsx
/Users/piotrwisniewski/Developer/codex-wt/d-k6-execution-labels-w73/src/components/ReportBuilder/TemplatesManager.tsx
/Users/piotrwisniewski/Developer/codex-wt/d-k6-execution-labels-w73/src/components/ReportBuilder/ReportsComposer.tsx
/Users/piotrwisniewski/Developer/codex-wt/d-k6-execution-labels-w73/src/components/ReportBuilder/steps/SourceSelectStep.tsx
/Users/piotrwisniewski/Developer/codex-wt/d-k6-execution-labels-w73/src/components/ReportBuilder/TemplatePickerModal.tsx
/Users/piotrwisniewski/Developer/codex-wt/d-k6-execution-labels-w73/src/views/ReportBuilderView.tsx
/Users/piotrwisniewski/Developer/codex-wt/d-k6-execution-labels-w73/src/components/Reports/Management/shared/MetricCard.tsx
/Users/piotrwisniewski/Developer/codex-wt/d-k6-execution-labels-w73/src/components/Reports/Management/shared/RAGIndicator.tsx
/Users/piotrwisniewski/Developer/codex-wt/d-k6-execution-labels-w73/src/components/Reports/Management/shared/ReportFooter.tsx
/Users/piotrwisniewski/Developer/codex-wt/d-k6-execution-labels-w73/src/components/Reports/Management/shared/ReportHeader.tsx
/Users/piotrwisniewski/Developer/codex-wt/d-k6-execution-labels-w73/src/components/Reports/Management/PortfolioHealthReport.tsx
/Users/piotrwisniewski/Developer/codex-wt/d-k6-execution-labels-w73/src/components/Reports/Management/RaidReport.tsx
/Users/piotrwisniewski/Developer/codex-wt/d-k6-execution-labels-w73/src/components/Reports/Management/ReportGeneratorDrawer.tsx
/Users/piotrwisniewski/Developer/codex-wt/d-k6-execution-labels-w73/src/components/Reports/Management/ReportingAutomationWorkspace.tsx
/Users/piotrwisniewski/Developer/codex-wt/d-k6-execution-labels-w73/src/components/Reports/Management/SteeringCommitteeReport.tsx
/Users/piotrwisniewski/Developer/codex-wt/d-k6-execution-labels-w73/src/components/Reports/Management/shared/TaskListSection.tsx
/Users/piotrwisniewski/Developer/codex-wt/d-k6-execution-labels-w73/src/components/Reports/Management/TeamMeetingReport.tsx
/Users/piotrwisniewski/Developer/codex-wt/d-k6-execution-labels-w73/src/components/Reports/Management/shared/ReportSkeleton.tsx
/Users/piotrwisniewski/Developer/codex-wt/d-k6-execution-labels-w73/src/components/Reports/Management/ReportHistoryTable.tsx
/Users/piotrwisniewski/Developer/codex-wt/d-k6-execution-labels-w73/src/components/Reports/Management/ReportScheduleView.tsx
/Users/piotrwisniewski/Developer/codex-wt/d-k6-execution-labels-w73/src/components/Reports/Management/ReportTemplatesView.tsx
/Users/piotrwisniewski/Developer/codex-wt/d-k6-execution-labels-w73/src/components/Reports/Management/ReportTypeSelector.tsx
/Users/piotrwisniewski/Developer/codex-wt/d-k6-execution-labels-w73/src/components/Reports/Management/ManagementReportsView.tsx
/Users/piotrwisniewski/Developer/codex-wt/d-k6-execution-labels-w73/src/components/Reports/Management/ReportsHub.tsx
/Users/piotrwisniewski/Developer/codex-wt/d-k6-execution-labels-w73/src/components/Presentations/SharedPresentationView.tsx
/Users/piotrwisniewski/Developer/codex-wt/d-k6-execution-labels-w73/src/components/AIChat/KimiWorkspace/SharedWorkbookView.tsx
/Users/piotrwisniewski/Developer/codex-wt/d-k6-execution-labels-w73/src/utils/exceleEditFlag.ts
/Users/piotrwisniewski/Developer/codex-wt/d-k6-execution-labels-w73/src/utils/exceleTemplatePresets.ts
/Users/piotrwisniewski/Developer/codex-wt/d-k6-execution-labels-w73/src/utils/workbookFormulaEngine.ts
/Users/piotrwisniewski/Developer/codex-wt/d-k6-execution-labels-w73/src/utils/workbookGridPreview.ts
/Users/piotrwisniewski/Developer/codex-wt/d-k6-execution-labels-w73/src/components/AIChat/KimiWorkspace/EditableSpreadsheetGrid.tsx
/Users/piotrwisniewski/Developer/codex-wt/d-k6-execution-labels-w73/src/components/AIChat/KimiWorkspace/MiniBarChart.tsx
/Users/piotrwisniewski/Developer/codex-wt/d-k6-execution-labels-w73/src/components/AIChat/KimiWorkspace/ExceleParametricTemplates.tsx
/Users/piotrwisniewski/Developer/codex-wt/d-k6-execution-labels-w73/src/components/Presentations/SlideSilhouette.tsx
/Users/piotrwisniewski/Developer/codex-wt/d-k6-execution-labels-w73/src/components/shared/colorPatterns/ColorPatternPicker.tsx
/Users/piotrwisniewski/Developer/codex-wt/d-k6-execution-labels-w73/src/components/shared/colorPatterns/useBrandKitColors.ts
/Users/piotrwisniewski/Developer/codex-wt/d-k6-execution-labels-w73/src/hooks/usePresentationImageStyleUiFlag.ts
/Users/piotrwisniewski/Developer/codex-wt/d-k6-execution-labels-w73/src/services/presentationTemplateArchitect.ts
/Users/piotrwisniewski/Developer/codex-wt/d-k6-execution-labels-w73/src/services/presentationTemplateGovernance.ts
/Users/piotrwisniewski/Developer/codex-wt/d-k6-execution-labels-w73/src/components/Presentations/PresentationTemplateArchitectView.tsx
/Users/piotrwisniewski/Developer/codex-wt/d-k6-execution-labels-w73/src/components/shared/materialsVisualIdentity.ts
/Users/piotrwisniewski/Developer/codex-wt/d-k6-execution-labels-w73/src/components/shared/CreateFormatModeLauncher.tsx
/Users/piotrwisniewski/Developer/codex-wt/d-k6-execution-labels-w73/src/services/api/templateLifecycle.api.ts
/Users/piotrwisniewski/Developer/codex-wt/d-k6-execution-labels-w73/src/components/TemplateBuilder/templateBuilderModel.ts
/Users/piotrwisniewski/Developer/codex-wt/d-k6-execution-labels-w73/src/components/TemplateBuilder/templateBuilderApi.ts
/Users/piotrwisniewski/Developer/codex-wt/d-k6-execution-labels-w73/src/components/TemplateBuilder/templateBuilderFields.tsx
/Users/piotrwisniewski/Developer/codex-wt/d-k6-execution-labels-w73/src/components/TemplateBuilder/TemplateRightPanel.tsx
/Users/piotrwisniewski/Developer/codex-wt/d-k6-execution-labels-w73/src/components/TemplateBuilder/TemplateStructureList.tsx
/Users/piotrwisniewski/Developer/codex-wt/d-k6-execution-labels-w73/src/components/TemplateBuilder/TemplateBuilderShell.tsx
/Users/piotrwisniewski/Developer/codex-wt/d-k6-execution-labels-w73/src/components/TemplateBuilder/TemplateCenterEditors.tsx
/Users/piotrwisniewski/Developer/codex-wt/d-k6-execution-labels-w73/src/components/TemplateBuilder/TemplateCreateWizard.tsx
/Users/piotrwisniewski/Developer/codex-wt/d-k6-execution-labels-w73/src/components/TemplateBuilder/TemplateBuilder.tsx
/Users/piotrwisniewski/Developer/codex-wt/d-k6-execution-labels-w73/src/components/TemplateBuilder/templateBuilderFlags.ts
/Users/piotrwisniewski/Developer/codex-wt/d-k6-execution-labels-w73/src/components/TemplateBuilder/index.ts
/Users/piotrwisniewski/Developer/codex-wt/d-k6-execution-labels-w73/src/utils/deckArchitectFlag.ts
/Users/piotrwisniewski/Developer/codex-wt/d-k6-execution-labels-w73/src/utils/templatesGalleryFlag.ts
/Users/piotrwisniewski/Developer/codex-wt/d-k6-execution-labels-w73/src/services/deliverablesBundle.ts
/Users/piotrwisniewski/Developer/codex-wt/d-k6-execution-labels-w73/src/components/ReportsAndPresentations/useBundleList.ts
/Users/piotrwisniewski/Developer/codex-wt/d-k6-execution-labels-w73/src/components/ReportsAndPresentations/BundleHistoryPanel.tsx
/Users/piotrwisniewski/Developer/codex-wt/d-k6-execution-labels-w73/src/labels/fileFormatLabels.ts
/Users/piotrwisniewski/Developer/codex-wt/d-k6-execution-labels-w73/src/components/ReportsAndPresentations/duplicateArtifactToDraft.ts
/Users/piotrwisniewski/Developer/codex-wt/d-k6-execution-labels-w73/src/components/ReportsAndPresentations/SaveAsTemplateModal.tsx
/Users/piotrwisniewski/Developer/codex-wt/d-k6-execution-labels-w73/src/components/ReportsAndPresentations/OutputsAggregateTabContent.tsx
/Users/piotrwisniewski/Developer/codex-wt/d-k6-execution-labels-w73/src/components/ui/primitives/cells/AssigneeCell.tsx
/Users/piotrwisniewski/Developer/codex-wt/d-k6-execution-labels-w73/src/components/ui/primitives/cells/ProgressCell.tsx
/Users/piotrwisniewski/Developer/codex-wt/d-k6-execution-labels-w73/src/components/ui/primitives/cells/index.ts
/Users/piotrwisniewski/Developer/codex-wt/d-k6-execution-labels-w73/src/components/ReportsAndPresentations/PresentationsTabContent.tsx
/Users/piotrwisniewski/Developer/codex-wt/d-k6-execution-labels-w73/src/components/ReportsAndPresentations/ReportsTabContent.tsx
/Users/piotrwisniewski/Developer/codex-wt/d-k6-execution-labels-w73/src/services/materialData.ts
/Users/piotrwisniewski/Developer/codex-wt/d-k6-execution-labels-w73/src/components/ReportsAndPresentations/DataSourcesTabContent.tsx
/Users/piotrwisniewski/Developer/codex-wt/d-k6-execution-labels-w73/src/components/ReportsAndPresentations/SheetsTabContent.tsx
/Users/piotrwisniewski/Developer/codex-wt/d-k6-execution-labels-w73/src/components/ReportsAndPresentations/statusCounts.ts
/Users/piotrwisniewski/Developer/codex-wt/d-k6-execution-labels-w73/src/components/ReportsAndPresentations/TemplateProvenanceApprovalDialog.tsx
/Users/piotrwisniewski/Developer/codex-wt/d-k6-execution-labels-w73/src/components/DocumentStudio/DocumentStructurePreview.tsx
/Users/piotrwisniewski/Developer/codex-wt/d-k6-execution-labels-w73/src/components/Sheets/SheetSilhouette.tsx
/Users/piotrwisniewski/Developer/codex-wt/d-k6-execution-labels-w73/src/components/ReportsAndPresentations/TemplatesGalleryView.tsx
/Users/piotrwisniewski/Developer/codex-wt/d-k6-execution-labels-w73/src/components/shared/PresentationBriefModal.tsx
/Users/piotrwisniewski/Developer/codex-wt/d-k6-execution-labels-w73/src/components/ReportsAndPresentations/TemplatesTabContent.tsx
/Users/piotrwisniewski/Developer/codex-wt/d-k6-execution-labels-w73/src/components/ReportsAndPresentations/ReportsAndPresentationsHub.tsx
/Users/piotrwisniewski/Developer/codex-wt/d-k6-execution-labels-w73/src/components/shared/BlankCreationState.tsx
/Users/piotrwisniewski/Developer/codex-wt/d-k6-execution-labels-w73/src/components/shared/TriModeChooser.tsx
/Users/piotrwisniewski/Developer/codex-wt/d-k6-execution-labels-w73/src/utils/triModeFlag.ts
/Users/piotrwisniewski/Developer/codex-wt/d-k6-execution-labels-w73/src/utils/zaiTeresaFlag.ts
/Users/piotrwisniewski/Developer/codex-wt/d-k6-execution-labels-w73/src/components/DocumentStudio/DocumentStudioAiEntryPanel.tsx
/Users/piotrwisniewski/Developer/codex-wt/d-k6-execution-labels-w73/src/components/shared/ArtifactStudio/ArtifactBottomBar.tsx
/Users/piotrwisniewski/Developer/codex-wt/d-k6-execution-labels-w73/src/components/shared/ArtifactStudio/commands/types.ts
/Users/piotrwisniewski/Developer/codex-wt/d-k6-execution-labels-w73/src/components/shared/ArtifactStudio/commands/commandRegistry.ts
/Users/piotrwisniewski/Developer/codex-wt/d-k6-execution-labels-w73/src/components/shared/ArtifactStudio/commands/useArtifactCommands.ts
/Users/piotrwisniewski/Developer/codex-wt/d-k6-execution-labels-w73/src/components/shared/ArtifactStudio/commands/index.ts
/Users/piotrwisniewski/Developer/codex-wt/d-k6-execution-labels-w73/src/components/shared/ArtifactStudio/ArtifactContextCommandSurface.tsx
/Users/piotrwisniewski/Developer/codex-wt/d-k6-execution-labels-w73/src/components/shared/ArtifactStudio/ArtifactMenu3.tsx
/Users/piotrwisniewski/Developer/codex-wt/d-k6-execution-labels-w73/src/components/shared/ArtifactStudio/index.ts
/Users/piotrwisniewski/Developer/codex-wt/d-k6-execution-labels-w73/src/services/executionModuleStandard/types.ts
/Users/piotrwisniewski/Developer/codex-wt/d-k6-execution-labels-w73/src/services/executionModuleStandard/api.ts
/Users/piotrwisniewski/Developer/codex-wt/d-k6-execution-labels-w73/src/utils/artifactStudioTelemetry.ts
/Users/piotrwisniewski/Developer/codex-wt/d-k6-execution-labels-w73/src/components/DocumentStudio/CreateTemplateFromArtifactModal.tsx
/Users/piotrwisniewski/Developer/codex-wt/d-k6-execution-labels-w73/src/components/DocumentStudio/documentArtifactCommands.ts
/Users/piotrwisniewski/Developer/codex-wt/d-k6-execution-labels-w73/src/components/DocumentStudio/CommentThreadItem.tsx
/Users/piotrwisniewski/Developer/codex-wt/d-k6-execution-labels-w73/src/components/DocumentStudio/DocumentCommentsPanel.tsx
/Users/piotrwisniewski/Developer/codex-wt/d-k6-execution-labels-w73/src/components/DocumentStudio/DocumentExportSuccessNote.tsx
/Users/piotrwisniewski/Developer/codex-wt/d-k6-execution-labels-w73/src/components/DocumentStudio/diffText.ts
/Users/piotrwisniewski/Developer/codex-wt/d-k6-execution-labels-w73/src/components/DocumentStudio/documentDiffModel.ts
/Users/piotrwisniewski/Developer/codex-wt/d-k6-execution-labels-w73/src/components/DocumentStudio/DocumentSchemaDiffView.tsx
/Users/piotrwisniewski/Developer/Consultify/node_modules/@tiptap/extension-text-style/dist/index.d.ts
/Users/piotrwisniewski/Developer/Consultify/node_modules/@tiptap/extension-color/dist/index.d.ts
/Users/piotrwisniewski/Developer/codex-wt/d-k6-execution-labels-w73/src/components/DocumentStudio/editor/collapsedSectionsExtension.ts
/Users/piotrwisniewski/Developer/codex-wt/d-k6-execution-labels-w73/src/components/DocumentStudio/blocks/docBlockContent.ts
/Users/piotrwisniewski/Developer/codex-wt/d-k6-execution-labels-w73/src/components/DocumentStudio/blocks/docChartPalette.ts
/Users/piotrwisniewski/Developer/codex-wt/d-k6-execution-labels-w73/src/components/DocumentStudio/blocks/DocChartBlock.tsx
/Users/piotrwisniewski/Developer/codex-wt/d-k6-execution-labels-w73/src/components/DocumentStudio/blocks/DocKpiStrip.tsx
/Users/piotrwisniewski/Developer/codex-wt/d-k6-execution-labels-w73/src/components/DocumentStudio/blocks/DocTableBlock.tsx
/Users/piotrwisniewski/Developer/codex-wt/d-k6-execution-labels-w73/src/components/DocumentStudio/blocks/index.ts
/Users/piotrwisniewski/Developer/codex-wt/d-k6-execution-labels-w73/src/components/DocumentStudio/editor/nodeNames.ts
/Users/piotrwisniewski/Developer/codex-wt/d-k6-execution-labels-w73/src/components/DocumentStudio/editor/nodes/payloadAttrs.ts
/Users/piotrwisniewski/Developer/codex-wt/d-k6-execution-labels-w73/src/components/DocumentStudio/editor/nodes/ChartNode.tsx
/Users/piotrwisniewski/Developer/codex-wt/d-k6-execution-labels-w73/src/components/DocumentStudio/editor/nodes/DocImageNode.tsx
/Users/piotrwisniewski/Developer/codex-wt/d-k6-execution-labels-w73/src/components/DocumentStudio/editor/nodes/DocSectionNode.tsx
/Users/piotrwisniewski/Developer/codex-wt/d-k6-execution-labels-w73/src/components/DocumentStudio/editor/nodes/KpiStripNode.tsx
/Users/piotrwisniewski/Developer/codex-wt/d-k6-execution-labels-w73/src/components/DocumentStudio/editor/nodes/QuoteNode.tsx
/Users/piotrwisniewski/Developer/codex-wt/d-k6-execution-labels-w73/src/components/DocumentStudio/editor/documentEditorExtensions.ts
/Users/piotrwisniewski/Developer/codex-wt/d-k6-execution-labels-w73/src/components/DocumentStudio/inline-ai/useDocumentInlineAI.ts
/Users/piotrwisniewski/Developer/codex-wt/d-k6-execution-labels-w73/src/components/DocumentStudio/inline-ai/DocumentInlineAIMenu.tsx
/Users/piotrwisniewski/Developer/codex-wt/d-k6-execution-labels-w73/src/components/DocumentStudio/inline-ai/index.ts
/Users/piotrwisniewski/Developer/codex-wt/d-k6-execution-labels-w73/src/components/DocumentStudio/editor/schemaToTipTap.ts
/Users/piotrwisniewski/Developer/codex-wt/d-k6-execution-labels-w73/src/components/DocumentStudio/editor/tipTapToSchema.ts
/Users/piotrwisniewski/Developer/codex-wt/d-k6-execution-labels-w73/src/components/DocumentStudio/editor/useManualPrompt.tsx
/Users/piotrwisniewski/Developer/codex-wt/d-k6-execution-labels-w73/src/components/DocumentStudio/editor/DocumentTipTapEditor.tsx
/Users/piotrwisniewski/Developer/codex-wt/d-k6-execution-labels-w73/src/components/DocumentStudio/editor/index.ts
/Users/piotrwisniewski/Developer/codex-wt/d-k6-execution-labels-w73/src/components/DocumentStudio/DocumentStudioFileMenu.tsx
/Users/piotrwisniewski/Developer/codex-wt/d-k6-execution-labels-w73/src/components/DocumentStudio/DocumentStudioQaPanel.tsx
/Users/piotrwisniewski/Developer/codex-wt/d-k6-execution-labels-w73/src/components/DocumentStudio/publicReader/clientReaderApi.ts
/Users/piotrwisniewski/Developer/codex-wt/d-k6-execution-labels-w73/src/components/DocumentStudio/publicReader/ReaderBlockRenderer.tsx
/Users/piotrwisniewski/Developer/codex-wt/d-k6-execution-labels-w73/src/components/DocumentStudio/DocumentStudioReportView.tsx
/Users/piotrwisniewski/Developer/codex-wt/d-k6-execution-labels-w73/src/components/DocumentStudio/DocumentUndoRedoControls.tsx
/Users/piotrwisniewski/Developer/codex-wt/d-k6-execution-labels-w73/src/components/DocumentStudio/DocumentStudioDocumentPanel.tsx
/Users/piotrwisniewski/Developer/codex-wt/d-k6-execution-labels-w73/src/components/DocumentStudio/intakeGate.ts
/Users/piotrwisniewski/Developer/codex-wt/d-k6-execution-labels-w73/src/components/DocumentStudio/DocumentStudioGeneratingPanel.tsx
/Users/piotrwisniewski/Developer/codex-wt/d-k6-execution-labels-w73/src/components/DocumentStudio/DocumentStudioIntakeForm.tsx
/Users/piotrwisniewski/Developer/codex-wt/d-k6-execution-labels-w73/src/components/DocumentStudio/DocumentStudioOutlinePanel.tsx
/Users/piotrwisniewski/Developer/codex-wt/d-k6-execution-labels-w73/src/utils/templateEditorFlag.ts
/Users/piotrwisniewski/Developer/codex-wt/d-k6-execution-labels-w73/src/components/DocumentStudio/templateStructureOps.ts
/Users/piotrwisniewski/Developer/codex-wt/d-k6-execution-labels-w73/src/components/DocumentStudio/DocumentStudioTemplateArchitectView.tsx
/Users/piotrwisniewski/Developer/codex-wt/d-k6-execution-labels-w73/src/components/DocumentStudio/DocumentStudioView.tsx
/Users/piotrwisniewski/Developer/codex-wt/d-k6-execution-labels-w73/src/services/api/presentationStudio.api.ts
/Users/piotrwisniewski/Developer/codex-wt/d-k6-execution-labels-w73/src/services/presentationExport.ts
/Users/piotrwisniewski/Developer/codex-wt/d-k6-execution-labels-w73/src/services/presentationGovernance.ts
/Users/piotrwisniewski/Developer/codex-wt/d-k6-execution-labels-w73/src/services/presentationRuntimeEvents.ts
/Users/piotrwisniewski/Developer/codex-wt/d-k6-execution-labels-w73/src/utils/melsDeckBuilderFlag.ts
/Users/piotrwisniewski/Developer/codex-wt/d-k6-execution-labels-w73/src/components/Presentations/DeckBuilder/AgentActivityPanel.tsx
/Users/piotrwisniewski/Developer/codex-wt/d-k6-execution-labels-w73/src/components/Presentations/DeckBuilder/metricStripEditor.ts
/Users/piotrwisniewski/Developer/codex-wt/d-k6-execution-labels-w73/src/components/Presentations/DeckBuilder/BlockToolbar.tsx
/Users/piotrwisniewski/Developer/codex-wt/d-k6-execution-labels-w73/src/components/Presentations/DeckBuilder/CardFloatingToolbar.tsx
/Users/piotrwisniewski/Developer/codex-wt/d-k6-execution-labels-w73/src/components/Presentations/DeckBuilder/CardCanvas.tsx
/Users/piotrwisniewski/Developer/codex-wt/d-k6-execution-labels-w73/src/components/Presentations/DeckBuilder/CommandPalette.tsx
/Users/piotrwisniewski/Developer/codex-wt/d-k6-execution-labels-w73/src/components/Presentations/DeckBuilder/ConflictBanner.tsx
/Users/piotrwisniewski/Developer/codex-wt/d-k6-execution-labels-w73/src/services/presentationAuditLog.ts
/Users/piotrwisniewski/Developer/codex-wt/d-k6-execution-labels-w73/src/services/presentationAuditLogSavedViews.ts
/Users/piotrwisniewski/Developer/codex-wt/d-k6-execution-labels-w73/src/components/Presentations/DeckBuilder/DeckAuditLogModal.tsx
/Users/piotrwisniewski/Developer/codex-wt/d-k6-execution-labels-w73/src/components/Presentations/DeckBuilder/DeckBuilderBottomBar.tsx
/Users/piotrwisniewski/Developer/codex-wt/d-k6-execution-labels-w73/src/components/Presentations/DeckBuilder/DeckBuilderMelsChips.tsx
/Users/piotrwisniewski/Developer/codex-wt/d-k6-execution-labels-w73/src/components/Presentations/DeckBuilder/DeckBuilderMelsRightRail.tsx
/Users/piotrwisniewski/Developer/codex-wt/d-k6-execution-labels-w73/src/components/Presentations/DeckBuilder/DeckBuilderMelsView.tsx
/Users/piotrwisniewski/Developer/codex-wt/d-k6-execution-labels-w73/src/components/Presentations/DeckBuilder/DeckBuilderTopBar.tsx
/Users/piotrwisniewski/Developer/codex-wt/d-k6-execution-labels-w73/src/components/Presentations/DeckBuilder/deckCommentsApi.ts
/Users/piotrwisniewski/Developer/codex-wt/d-k6-execution-labels-w73/src/components/Presentations/DeckBuilder/DeckCommentsPanel.tsx
/Users/piotrwisniewski/Developer/codex-wt/d-k6-execution-labels-w73/src/components/Presentations/DeckBuilder/DeckGovernanceCardModal.tsx
/Users/piotrwisniewski/Developer/codex-wt/d-k6-execution-labels-w73/src/components/Presentations/DeckBuilder/DeckOverflowWarning.tsx
/Users/piotrwisniewski/Developer/codex-wt/d-k6-execution-labels-w73/src/components/Presentations/DeckBuilder/DeckPresenceStack.tsx
/Users/piotrwisniewski/Developer/codex-wt/d-k6-execution-labels-w73/src/components/Presentations/DeckBuilder/DeckQualityGatesPanel.tsx
/Users/piotrwisniewski/Developer/codex-wt/d-k6-execution-labels-w73/src/components/Presentations/DeckBuilder/DeckRelationsPanel.tsx
/Users/piotrwisniewski/Developer/codex-wt/d-k6-execution-labels-w73/src/components/Presentations/DeckBuilder/DeckThemeContext.tsx
/Users/piotrwisniewski/Developer/codex-wt/d-k6-execution-labels-w73/src/components/Presentations/DeckBuilder/MediaLibraryBrowser.tsx
/Users/piotrwisniewski/Developer/codex-wt/d-k6-execution-labels-w73/src/components/Presentations/DeckBuilder/presentationApproval.ts
/Users/piotrwisniewski/Developer/codex-wt/d-k6-execution-labels-w73/src/components/Presentations/DeckBuilder/presentationArtifactCommands.ts
/Users/piotrwisniewski/Developer/codex-wt/d-k6-execution-labels-w73/src/services/api/presentationApprovals.api.ts
/Users/piotrwisniewski/Developer/codex-wt/d-k6-execution-labels-w73/src/components/Presentations/DeckBuilder/PresentationReviewPanel.tsx
/Users/piotrwisniewski/Developer/codex-wt/d-k6-execution-labels-w73/src/components/Presentations/DeckBuilder/ShareAnalyticsPanel.tsx
/Users/piotrwisniewski/Developer/codex-wt/d-k6-execution-labels-w73/src/components/Presentations/DeckBuilder/ShareModal.tsx
/Users/piotrwisniewski/Developer/codex-wt/d-k6-execution-labels-w73/src/components/Presentations/DeckBuilder/SlideSorter.tsx
/Users/piotrwisniewski/Developer/codex-wt/d-k6-execution-labels-w73/src/components/Presentations/DeckBuilder/ThemeSwitcher.tsx
/Users/piotrwisniewski/Developer/codex-wt/d-k6-execution-labels-w73/src/components/Presentations/DeckBuilder/useCollaboration.ts
/Users/piotrwisniewski/Developer/codex-wt/d-k6-execution-labels-w73/src/components/Presentations/DeckBuilder/useDataRefresh.ts
/Users/piotrwisniewski/Developer/codex-wt/d-k6-execution-labels-w73/src/components/Presentations/DeckBuilder/useDeckState.ts
/Users/piotrwisniewski/Developer/codex-wt/d-k6-execution-labels-w73/src/components/Presentations/DeckBuilder/useDeckAutosave.ts
/Users/piotrwisniewski/Developer/codex-wt/d-k6-execution-labels-w73/src/components/Presentations/DeckBuilder/useVersionHistory.ts
/Users/piotrwisniewski/Developer/codex-wt/d-k6-execution-labels-w73/src/components/Presentations/DeckBuilder/VersionHistoryPanel.tsx
/Users/piotrwisniewski/Developer/codex-wt/d-k6-execution-labels-w73/src/components/Presentations/DeckBuilder/DeckBuilder.tsx
/Users/piotrwisniewski/Developer/codex-wt/d-k6-execution-labels-w73/src/components/Meeting/meetingOperatorBriefI18n.ts
/Users/piotrwisniewski/Developer/codex-wt/d-k6-execution-labels-w73/src/components/Meeting/MeetingHub.tsx
/Users/piotrwisniewski/Developer/codex-wt/d-k6-execution-labels-w73/src/components/Meeting/MeetingObjectPage.tsx
/Users/piotrwisniewski/Developer/codex-wt/d-k6-execution-labels-w73/src/components/Meeting/MeetingsWave2Placeholder.tsx
/Users/piotrwisniewski/Developer/codex-wt/d-k6-execution-labels-w73/src/utils/adminUiCopy.ts
/Users/piotrwisniewski/Developer/codex-wt/d-k6-execution-labels-w73/src/components/Admin/AdminState.tsx
/Users/piotrwisniewski/Developer/codex-wt/d-k6-execution-labels-w73/src/components/settings/SettingsHeaderActions.tsx
/Users/piotrwisniewski/Developer/codex-wt/d-k6-execution-labels-w73/src/components/settings/shared/SettingsSection.tsx
/Users/piotrwisniewski/Developer/codex-wt/d-k6-execution-labels-w73/src/components/settings/shared/index.ts
/Users/piotrwisniewski/Developer/codex-wt/d-k6-execution-labels-w73/src/components/settings/AccessibilitySettings.tsx
/Users/piotrwisniewski/Developer/codex-wt/d-k6-execution-labels-w73/src/components/settings/advanced/SettingsExportImport.tsx
/Users/piotrwisniewski/Developer/codex-wt/d-k6-execution-labels-w73/src/components/settings/advanced/SettingsHistory.tsx
/Users/piotrwisniewski/Developer/codex-wt/d-k6-execution-labels-w73/src/components/settings/advanced/SettingsTemplates.tsx
/Users/piotrwisniewski/Developer/codex-wt/d-k6-execution-labels-w73/src/components/settings/AIAutoCompleteSettings.tsx
/Users/piotrwisniewski/Developer/codex-wt/d-k6-execution-labels-w73/src/components/settings/AIBehaviorSettings.tsx
/Users/piotrwisniewski/Developer/codex-wt/d-k6-execution-labels-w73/src/components/settings/AIMemorySettings.tsx
/Users/piotrwisniewski/Developer/codex-wt/d-k6-execution-labels-w73/src/components/settings/AIModelParametersSettings.tsx
/Users/piotrwisniewski/Developer/codex-wt/d-k6-execution-labels-w73/src/components/settings/AIPrivacySettings.tsx
/Users/piotrwisniewski/Developer/codex-wt/d-k6-execution-labels-w73/src/components/settings/AIPromptLibrarySettings.tsx
/Users/piotrwisniewski/Developer/codex-wt/d-k6-execution-labels-w73/src/components/ui/card.tsx
/Users/piotrwisniewski/Developer/codex-wt/d-k6-execution-labels-w73/src/components/ui/progress.tsx
/Users/piotrwisniewski/Developer/codex-wt/d-k6-execution-labels-w73/src/components/ui/select.tsx
/Users/piotrwisniewski/Developer/codex-wt/d-k6-execution-labels-w73/src/components/ui/skeleton.tsx
/Users/piotrwisniewski/Developer/codex-wt/d-k6-execution-labels-w73/src/components/settings/AIUsageDashboard.tsx
/Users/piotrwisniewski/Developer/codex-wt/d-k6-execution-labels-w73/src/components/settings/APIAccessSettings.tsx
/Users/piotrwisniewski/Developer/codex-wt/d-k6-execution-labels-w73/src/components/settings/AvailabilitySettings.tsx
/Users/piotrwisniewski/Developer/codex-wt/d-k6-execution-labels-w73/src/components/settings/AvatarPhotoSettings.tsx
/Users/piotrwisniewski/Developer/codex-wt/d-k6-execution-labels-w73/src/components/settings/CalendarSyncSettings.tsx
/Users/piotrwisniewski/Developer/codex-wt/d-k6-execution-labels-w73/src/components/settings/ChatHistorySettings.tsx
/Users/piotrwisniewski/Developer/codex-wt/d-k6-execution-labels-w73/src/components/settings/integrations/MappingDriftPanel.tsx
/Users/piotrwisniewski/Developer/codex-wt/d-k6-execution-labels-w73/src/components/settings/ConnectedAppsSettings.tsx
/Users/piotrwisniewski/Developer/codex-wt/d-k6-execution-labels-w73/src/hooks/useDashboardPreferences.ts
/Users/piotrwisniewski/Developer/codex-wt/d-k6-execution-labels-w73/src/components/settings/DashboardPreferencesSettings.tsx
/Users/piotrwisniewski/Developer/codex-wt/d-k6-execution-labels-w73/src/components/settings/DataControlsSettings.tsx
/Users/piotrwisniewski/Developer/codex-wt/d-k6-execution-labels-w73/src/components/settings/DesktopSoundsSettings.tsx
/Users/piotrwisniewski/Developer/codex-wt/d-k6-execution-labels-w73/src/components/ui/badge.tsx
/Users/piotrwisniewski/Developer/codex-wt/d-k6-execution-labels-w73/src/components/ui/separator.tsx
/Users/piotrwisniewski/Developer/codex-wt/d-k6-execution-labels-w73/src/components/ui/tabs.tsx
/Users/piotrwisniewski/Developer/codex-wt/d-k6-execution-labels-w73/src/components/ui/use-toast.tsx
/Users/piotrwisniewski/Developer/codex-wt/d-k6-execution-labels-w73/src/components/settings/DeveloperSettings.tsx
/Users/piotrwisniewski/Developer/codex-wt/d-k6-execution-labels-w73/src/components/settings/EmailDigestSettings.tsx
/Users/piotrwisniewski/Developer/codex-wt/d-k6-execution-labels-w73/src/components/ui/input.tsx
/Users/piotrwisniewski/Developer/codex-wt/d-k6-execution-labels-w73/src/components/ui/label.tsx
/Users/piotrwisniewski/Developer/codex-wt/d-k6-execution-labels-w73/src/components/ui/textarea.tsx
/Users/piotrwisniewski/Developer/codex-wt/d-k6-execution-labels-w73/src/components/settings/EmailSignaturesSettings.tsx
/Users/piotrwisniewski/Developer/codex-wt/d-k6-execution-labels-w73/src/components/settings/KeyboardShortcutsSettings.tsx
/Users/piotrwisniewski/Developer/codex-wt/d-k6-execution-labels-w73/src/components/settings/LanguageSettings.tsx
/Users/piotrwisniewski/Developer/codex-wt/d-k6-execution-labels-w73/src/components/settings/NotificationSettings.tsx
/Users/piotrwisniewski/Developer/codex-wt/d-k6-execution-labels-w73/src/components/settings/PrivacySettings.tsx
/Users/piotrwisniewski/Developer/codex-wt/d-k6-execution-labels-w73/src/components/settings/ProfileSettings.tsx
/Users/piotrwisniewski/Developer/codex-wt/d-k6-execution-labels-w73/src/components/settings/RegionalSettings.tsx
/Users/piotrwisniewski/Developer/codex-wt/d-k6-execution-labels-w73/src/utils/mfaMvpFlag.ts
/Users/piotrwisniewski/Developer/codex-wt/d-k6-execution-labels-w73/src/components/Profile/MFASetup.tsx
/Users/piotrwisniewski/Developer/codex-wt/d-k6-execution-labels-w73/src/components/settings/security/AuthenticationAccessPage.tsx
/Users/piotrwisniewski/Developer/codex-wt/d-k6-execution-labels-w73/src/components/settings/security/SecurityOverviewPage.tsx
/Users/piotrwisniewski/Developer/codex-wt/d-k6-execution-labels-w73/src/components/settings/SettingsSidebar.tsx
/Users/piotrwisniewski/Developer/codex-wt/d-k6-execution-labels-w73/src/components/settings/SettingsTaxonomyPanel.tsx
/Users/piotrwisniewski/Developer/codex-wt/d-k6-execution-labels-w73/src/components/settings/SettingsOwnershipPanels.tsx
/Users/piotrwisniewski/Developer/codex-wt/d-k6-execution-labels-w73/src/components/settings/shared/DomainScreenHeader.tsx
/Users/piotrwisniewski/Developer/codex-wt/d-k6-execution-labels-w73/src/components/settings/ThemeSettings.tsx
/Users/piotrwisniewski/Developer/codex-wt/d-k6-execution-labels-w73/src/components/settings/VoiceSettings.tsx
/Users/piotrwisniewski/Developer/codex-wt/d-k6-execution-labels-w73/src/components/settings/WebhooksSettings.tsx
/Users/piotrwisniewski/Developer/codex-wt/d-k6-execution-labels-w73/src/components/settings/WorkingHoursSettings.tsx
/Users/piotrwisniewski/Developer/codex-wt/d-k6-execution-labels-w73/src/components/settings/WorkPreferencesSettings.tsx
/Users/piotrwisniewski/Developer/codex-wt/d-k6-execution-labels-w73/src/components/ui/scroll-area.tsx
/Users/piotrwisniewski/Developer/codex-wt/d-k6-execution-labels-w73/src/views/SettingsView.tsx
/Users/piotrwisniewski/Developer/codex-wt/d-k6-execution-labels-w73/src/services/organizationGovernedContextApi.ts
/Users/piotrwisniewski/Developer/codex-wt/d-k6-execution-labels-w73/src/components/Organization/GovernedContextWorkspace.tsx
/Users/piotrwisniewski/Developer/codex-wt/d-k6-execution-labels-w73/src/components/Organization/KnowledgeGraphExplorer.tsx
/Users/piotrwisniewski/Developer/codex-wt/d-k6-execution-labels-w73/src/labels/organizationFieldLabels.ts
/Users/piotrwisniewski/Developer/codex-wt/d-k6-execution-labels-w73/src/components/settings/shared/DomainNavigation.tsx
/Users/piotrwisniewski/Developer/codex-wt/d-k6-execution-labels-w73/src/components/Organization/OrganizationSidebar.tsx
/Users/piotrwisniewski/Developer/codex-wt/d-k6-execution-labels-w73/src/components/Organization/OrganizationDecisionQualityPanel.tsx
/Users/piotrwisniewski/Developer/codex-wt/d-k6-execution-labels-w73/src/components/Organization/OrgContextSummaryBanner.tsx
/Users/piotrwisniewski/Developer/codex-wt/d-k6-execution-labels-w73/src/views/ContextBuilder/shared/DynamicList.tsx
/Users/piotrwisniewski/Developer/codex-wt/d-k6-execution-labels-w73/src/store/useContextBuilderStore.ts
/Users/piotrwisniewski/Developer/codex-wt/d-k6-execution-labels-w73/src/views/ContextBuilder/shared/ContextDocUploader.tsx
/Users/piotrwisniewski/Developer/codex-wt/d-k6-execution-labels-w73/src/components/Organization/redesign/OrganizationCardPrimitives.tsx
/Users/piotrwisniewski/Developer/codex-wt/d-k6-execution-labels-w73/src/components/Organization/redesign/OrganizationStatePanel.tsx
/Users/piotrwisniewski/Developer/codex-wt/d-k6-execution-labels-w73/src/hooks/useOrgContextSync.ts
/Users/piotrwisniewski/Developer/codex-wt/d-k6-execution-labels-w73/src/components/Organization/redesign/useOrgContextStoreSection.ts
/Users/piotrwisniewski/Developer/codex-wt/d-k6-execution-labels-w73/src/components/Organization/redesign/OrganizationChallengesEvidenceScreen.tsx
/Users/piotrwisniewski/Developer/codex-wt/d-k6-execution-labels-w73/src/views/ContextBuilder/modules/organizationProfileTaxonomy.tsx
/Users/piotrwisniewski/Developer/codex-wt/d-k6-execution-labels-w73/src/components/Organization/redesign/OrganizationDirectionConstraintsScreen.tsx
/Users/piotrwisniewski/Developer/codex-wt/d-k6-execution-labels-w73/src/components/Organization/redesign/OrganizationGoalsMetricsScreen.tsx
/Users/piotrwisniewski/Developer/codex-wt/d-k6-execution-labels-w73/src/components/Organization/redesign/OrganizationIdentityOperatingScreen.tsx
/Users/piotrwisniewski/Developer/codex-wt/d-k6-execution-labels-w73/src/components/Organization/redesign/OrganizationKnowledgeGraphScreen.tsx
/Users/piotrwisniewski/Developer/codex-wt/d-k6-execution-labels-w73/src/components/Organization/redesign/OrganizationReadinessScreen.tsx
/Users/piotrwisniewski/Developer/codex-wt/d-k6-execution-labels-w73/src/components/Organization/redesign/OrganizationRisksOpportunitiesScreen.tsx
/Users/piotrwisniewski/Developer/codex-wt/d-k6-execution-labels-w73/src/components/Organization/redesign/OrganizationRootCausesBlockersScreen.tsx
/Users/piotrwisniewski/Developer/codex-wt/d-k6-execution-labels-w73/src/data/transformationScenarios.ts
/Users/piotrwisniewski/Developer/codex-wt/d-k6-execution-labels-w73/src/components/Organization/redesign/OrganizationScenariosBriefScreen.tsx
/Users/piotrwisniewski/Developer/codex-wt/d-k6-execution-labels-w73/src/components/Organization/redesign/OrganizationScopeCollaborationScreen.tsx
/Users/piotrwisniewski/Developer/codex-wt/d-k6-execution-labels-w73/src/components/Organization/redesign/OrganizationSourcesClaimsScreen.tsx
/Users/piotrwisniewski/Developer/codex-wt/d-k6-execution-labels-w73/src/components/Organization/redesign/organizationRedesignNav.ts
/Users/piotrwisniewski/Developer/codex-wt/d-k6-execution-labels-w73/src/components/Organization/redesign/OrganizationScreenShell.tsx
/Users/piotrwisniewski/Developer/codex-wt/d-k6-execution-labels-w73/src/utils/orgRedesignFlag.ts
/Users/piotrwisniewski/Developer/codex-wt/d-k6-execution-labels-w73/src/views/ContextBuilder/shared/AITextArea.tsx
/Users/piotrwisniewski/Developer/codex-wt/d-k6-execution-labels-w73/src/views/ContextBuilder/modules/ChallengeMapModule.tsx
/Users/piotrwisniewski/Developer/codex-wt/d-k6-execution-labels-w73/src/views/ContextBuilder/modules/GoalsExpectationsModule.tsx
/Users/piotrwisniewski/Developer/codex-wt/d-k6-execution-labels-w73/src/views/ContextBuilder/modules/OrganizationProfileModule.tsx
/Users/piotrwisniewski/Developer/codex-wt/d-k6-execution-labels-w73/src/views/ContextBuilder/modules/SynthesisSummary.tsx
/Users/piotrwisniewski/Developer/codex-wt/d-k6-execution-labels-w73/src/components/Strategy/DeepDivePanel.tsx
/Users/piotrwisniewski/Developer/codex-wt/d-k6-execution-labels-w73/src/components/Strategy/ScenarioCard.tsx
/Users/piotrwisniewski/Developer/codex-wt/d-k6-execution-labels-w73/src/views/ContextBuilder/modules/TransformationScenarios.tsx
/Users/piotrwisniewski/Developer/codex-wt/d-k6-execution-labels-w73/src/views/ContextBuilder/modules/StrategicSynthesisModule.tsx
/Users/piotrwisniewski/Developer/codex-wt/d-k6-execution-labels-w73/src/views/OrganizationView.tsx
/Users/piotrwisniewski/Developer/codex-wt/d-k6-execution-labels-w73/src/components/shared/DesktopOnlyGuard.tsx
/Users/piotrwisniewski/Developer/codex-wt/d-k6-execution-labels-w73/src/components/Admin/AdminAccessRequestsPanel.tsx
/Users/piotrwisniewski/Developer/codex-wt/d-k6-execution-labels-w73/src/services/adminAccessReviewsApi.ts
/Users/piotrwisniewski/Developer/codex-wt/d-k6-execution-labels-w73/src/components/Admin/AdminAccessReviewsPanel.tsx
/Users/piotrwisniewski/Developer/codex-wt/d-k6-execution-labels-w73/src/components/AISettings/AuditLogViewer.tsx
/Users/piotrwisniewski/Developer/codex-wt/d-k6-execution-labels-w73/src/components/AISettings/ModelSelector.tsx
/Users/piotrwisniewski/Developer/codex-wt/d-k6-execution-labels-w73/src/components/AISettings/ProactivitySelector.tsx
/Users/piotrwisniewski/Developer/codex-wt/d-k6-execution-labels-w73/src/components/AISettings/SettingsCard.tsx
/Users/piotrwisniewski/Developer/codex-wt/d-k6-execution-labels-w73/src/components/AISettings/SettingsSlider.tsx
/Users/piotrwisniewski/Developer/codex-wt/d-k6-execution-labels-w73/src/components/AISettings/SettingsToggle.tsx
/Users/piotrwisniewski/Developer/codex-wt/d-k6-execution-labels-w73/src/components/AISettings/index.ts
/Users/piotrwisniewski/Developer/codex-wt/d-k6-execution-labels-w73/src/components/Admin/AI/AccessLimitsTab.tsx
/Users/piotrwisniewski/Developer/codex-wt/d-k6-execution-labels-w73/src/components/Admin/AI/CustomComplianceTemplateEditor.tsx
/Users/piotrwisniewski/Developer/codex-wt/d-k6-execution-labels-w73/src/components/Admin/AI/AuditComplianceTab.tsx
/Users/piotrwisniewski/Developer/codex-wt/d-k6-execution-labels-w73/src/components/Admin/AI/PersonasPanel.tsx
/Users/piotrwisniewski/Developer/codex-wt/d-k6-execution-labels-w73/src/components/Admin/AI/FeaturesPrivacyTab.tsx
/Users/piotrwisniewski/Developer/codex-wt/d-k6-execution-labels-w73/src/components/Admin/AI/ModelsProvidersTab.tsx
/Users/piotrwisniewski/Developer/codex-wt/d-k6-execution-labels-w73/src/components/Admin/AI/PolicyGovernanceTab.tsx
/Users/piotrwisniewski/Developer/codex-wt/d-k6-execution-labels-w73/src/components/Admin/AI/index.ts
/Users/piotrwisniewski/Developer/codex-wt/d-k6-execution-labels-w73/src/components/Admin/AIMissionControl.tsx
/Users/piotrwisniewski/Developer/codex-wt/d-k6-execution-labels-w73/src/components/SuperAdmin/TabLayout.tsx
/Users/piotrwisniewski/Developer/codex-wt/d-k6-execution-labels-w73/src/components/shared/InfoButton.tsx
/Users/piotrwisniewski/Developer/codex-wt/d-k6-execution-labels-w73/src/views/admin/AdminLLMView.tsx
/Users/piotrwisniewski/Developer/codex-wt/d-k6-execution-labels-w73/src/views/admin/HelpAnalyticsDashboard.tsx
/Users/piotrwisniewski/Developer/codex-wt/d-k6-execution-labels-w73/src/views/admin/AdminLLMMultipliers.tsx
/Users/piotrwisniewski/Developer/codex-wt/d-k6-execution-labels-w73/src/views/admin/AdminMarginConfig.tsx
/Users/piotrwisniewski/Developer/codex-wt/d-k6-execution-labels-w73/src/views/admin/AdminTokenPackages.tsx
/Users/piotrwisniewski/Developer/codex-wt/d-k6-execution-labels-w73/src/views/admin/TokenBillingManagementView.tsx
/Users/piotrwisniewski/Developer/codex-wt/d-k6-execution-labels-w73/src/views/admin/AIModule.tsx
/Users/piotrwisniewski/Developer/codex-wt/d-k6-execution-labels-w73/src/services/api/admin.api.ts
/Users/piotrwisniewski/Developer/codex-wt/d-k6-execution-labels-w73/src/views/admin/OrgAISettingsView.tsx
/Users/piotrwisniewski/Developer/codex-wt/d-k6-execution-labels-w73/src/components/Admin/AdminAIControlCenterPanel.tsx
/Users/piotrwisniewski/Developer/codex-wt/d-k6-execution-labels-w73/src/services/adminAiIncidentsApi.ts
/Users/piotrwisniewski/Developer/codex-wt/d-k6-execution-labels-w73/src/components/Admin/AdminAiIncidentsPanel.tsx
/Users/piotrwisniewski/Developer/codex-wt/d-k6-execution-labels-w73/src/services/adminAiQualityApi.ts
/Users/piotrwisniewski/Developer/codex-wt/d-k6-execution-labels-w73/src/components/Admin/AdminAiQualityPanel.tsx
/Users/piotrwisniewski/Developer/codex-wt/d-k6-execution-labels-w73/src/services/adminAuditExportHistoryApi.ts
/Users/piotrwisniewski/Developer/codex-wt/d-k6-execution-labels-w73/src/components/Admin/AdminAuditExportHistoryPanel.tsx
/Users/piotrwisniewski/Developer/codex-wt/d-k6-execution-labels-w73/src/components/Admin/AdminAuditIntegrityPanel.tsx
/Users/piotrwisniewski/Developer/codex-wt/d-k6-execution-labels-w73/src/utils/organizationExportDisclosure.ts
/Users/piotrwisniewski/Developer/codex-wt/d-k6-execution-labels-w73/src/components/Admin/AdminAuditLogPanel.tsx
/Users/piotrwisniewski/Developer/codex-wt/d-k6-execution-labels-w73/src/components/Admin/AdminBillingFinOpsPanel.tsx
/Users/piotrwisniewski/Developer/codex-wt/d-k6-execution-labels-w73/src/services/adminBreakGlassApi.ts
/Users/piotrwisniewski/Developer/codex-wt/d-k6-execution-labels-w73/src/components/Admin/AdminBreakGlassPanel.tsx
/Users/piotrwisniewski/Developer/codex-wt/d-k6-execution-labels-w73/src/components/Admin/AdminCapabilityState.tsx
/Users/piotrwisniewski/Developer/codex-wt/d-k6-execution-labels-w73/src/services/enterpriseComplianceApi.ts
/Users/piotrwisniewski/Developer/codex-wt/d-k6-execution-labels-w73/src/components/Admin/adminNavigation.ts
/Users/piotrwisniewski/Developer/codex-wt/d-k6-execution-labels-w73/src/components/Admin/AdminSettingsSidebar.tsx
/Users/piotrwisniewski/Developer/codex-wt/d-k6-execution-labels-w73/src/components/Admin/commandCenter/CommandCenterAgentTraceTab.tsx
/Users/piotrwisniewski/Developer/codex-wt/d-k6-execution-labels-w73/src/components/Admin/commandCenter/CommandCenterAiPolicyTab.tsx
/Users/piotrwisniewski/Developer/codex-wt/d-k6-execution-labels-w73/src/components/Admin/commandCenter/CommandCenterAuditTab.tsx
/Users/piotrwisniewski/Developer/codex-wt/d-k6-execution-labels-w73/src/components/Admin/commandCenter/CommandCenterBenchmarkTab.tsx
/Users/piotrwisniewski/Developer/codex-wt/d-k6-execution-labels-w73/src/components/Admin/commandCenter/CommandCenterDlpTab.tsx
/Users/piotrwisniewski/Developer/codex-wt/d-k6-execution-labels-w73/src/components/Admin/commandCenter/CommandCenterResidencyTab.tsx
/Users/piotrwisniewski/Developer/codex-wt/d-k6-execution-labels-w73/src/components/Admin/commandCenter/CommandCenterRetentionTab.tsx
/Users/piotrwisniewski/Developer/codex-wt/d-k6-execution-labels-w73/src/components/Admin/AdminCommandCenterPanel.tsx
/Users/piotrwisniewski/Developer/codex-wt/d-k6-execution-labels-w73/src/components/Admin/AdminComplianceEvidencePanel.tsx
/Users/piotrwisniewski/Developer/codex-wt/d-k6-execution-labels-w73/src/components/Admin/AdminConfigurationVersionsPanel.tsx
/Users/piotrwisniewski/Developer/codex-wt/d-k6-execution-labels-w73/src/services/adminDependenciesApi.ts
/Users/piotrwisniewski/Developer/codex-wt/d-k6-execution-labels-w73/src/components/Admin/AdminDependenciesPanel.tsx
/Users/piotrwisniewski/Developer/codex-wt/d-k6-execution-labels-w73/src/services/adminDomainsApi.ts
/Users/piotrwisniewski/Developer/codex-wt/d-k6-execution-labels-w73/src/components/Admin/AdminDomainsPanel.tsx
/Users/piotrwisniewski/Developer/codex-wt/d-k6-execution-labels-w73/src/services/adminGuestsApi.ts
/Users/piotrwisniewski/Developer/codex-wt/d-k6-execution-labels-w73/src/components/Admin/AdminGuestsPanel.tsx
/Users/piotrwisniewski/Developer/codex-wt/d-k6-execution-labels-w73/src/components/Admin/AdminHealthPanel.tsx
/Users/piotrwisniewski/Developer/codex-wt/d-k6-execution-labels-w73/src/components/Admin/AdminIncidentHistoryPanel.tsx
/Users/piotrwisniewski/Developer/codex-wt/d-k6-execution-labels-w73/src/services/adminJobsApi.ts
/Users/piotrwisniewski/Developer/codex-wt/d-k6-execution-labels-w73/src/components/Admin/AdminJobsPanel.tsx
/Users/piotrwisniewski/Developer/codex-wt/d-k6-execution-labels-w73/src/services/adminLegalHoldApi.ts
/Users/piotrwisniewski/Developer/codex-wt/d-k6-execution-labels-w73/src/components/Admin/AdminLegalHoldPanel.tsx
/Users/piotrwisniewski/Developer/codex-wt/d-k6-execution-labels-w73/src/views/admin/OwnershipManagementView.tsx
/Users/piotrwisniewski/Developer/codex-wt/d-k6-execution-labels-w73/src/components/Admin/AdminMembersRolesPanel.tsx
/Users/piotrwisniewski/Developer/codex-wt/d-k6-execution-labels-w73/src/components/Admin/AdminOrganizationDefaultsPanel.tsx
/Users/piotrwisniewski/Developer/codex-wt/d-k6-execution-labels-w73/src/services/adminBillingHistoryApi.ts
/Users/piotrwisniewski/Developer/codex-wt/d-k6-execution-labels-w73/src/components/Admin/AdminPlanHistoryPanel.tsx
/Users/piotrwisniewski/Developer/codex-wt/d-k6-execution-labels-w73/src/services/adminRolesApi.ts
/Users/piotrwisniewski/Developer/codex-wt/d-k6-execution-labels-w73/src/components/Admin/AdminRolesPermissionsPanel.tsx
/Users/piotrwisniewski/Developer/codex-wt/d-k6-execution-labels-w73/src/services/adminSeatsApi.ts
/Users/piotrwisniewski/Developer/codex-wt/d-k6-execution-labels-w73/src/components/Admin/AdminSeatsLicencesPanel.tsx
/Users/piotrwisniewski/Developer/codex-wt/d-k6-execution-labels-w73/src/services/adminSecurityAlertsApi.ts
/Users/piotrwisniewski/Developer/codex-wt/d-k6-execution-labels-w73/src/components/Admin/AdminSecurityAlertsPanel.tsx
/Users/piotrwisniewski/Developer/codex-wt/d-k6-execution-labels-w73/src/views/admin/ApiKeysManagementView.tsx
/Users/piotrwisniewski/Developer/codex-wt/d-k6-execution-labels-w73/src/components/Admin/AdminCollaborationControlsPanel.tsx
/Users/piotrwisniewski/Developer/codex-wt/d-k6-execution-labels-w73/src/components/Admin/AdminIamPolicyPanel.tsx
/Users/piotrwisniewski/Developer/codex-wt/d-k6-execution-labels-w73/src/components/Admin/AdminRiskSummaryPanel.tsx
/Users/piotrwisniewski/Developer/codex-wt/d-k6-execution-labels-w73/src/components/Admin/AdminScimLifecyclePanel.tsx
/Users/piotrwisniewski/Developer/codex-wt/d-k6-execution-labels-w73/src/utils/scimGroupSyncFlag.ts
/Users/piotrwisniewski/Developer/codex-wt/d-k6-execution-labels-w73/src/utils/ssoSelfServiceFlag.ts
/Users/piotrwisniewski/Developer/codex-wt/d-k6-execution-labels-w73/src/components/Admin/AdminScimGroupSyncCard.tsx
/Users/piotrwisniewski/Developer/codex-wt/d-k6-execution-labels-w73/src/components/Admin/AdminSsoSelfServiceCard.tsx
/Users/piotrwisniewski/Developer/codex-wt/d-k6-execution-labels-w73/src/components/Admin/AdminSecurityPolicyPanel.tsx
/Users/piotrwisniewski/Developer/codex-wt/d-k6-execution-labels-w73/src/components/Admin/AdminSecurityIdentityPanel.tsx
/Users/piotrwisniewski/Developer/codex-wt/d-k6-execution-labels-w73/src/services/adminServiceAccountsApi.ts
/Users/piotrwisniewski/Developer/codex-wt/d-k6-execution-labels-w73/src/components/Admin/AdminServiceAccountsPanel.tsx
/Users/piotrwisniewski/Developer/codex-wt/d-k6-execution-labels-w73/src/services/adminSessionsApi.ts
/Users/piotrwisniewski/Developer/codex-wt/d-k6-execution-labels-w73/src/utils/userAgentLabel.ts
/Users/piotrwisniewski/Developer/codex-wt/d-k6-execution-labels-w73/src/components/Admin/AdminSessionsPanel.tsx
/Users/piotrwisniewski/Developer/codex-wt/d-k6-execution-labels-w73/src/services/adminSlaSloApi.ts
/Users/piotrwisniewski/Developer/codex-wt/d-k6-execution-labels-w73/src/components/Admin/AdminSlaSloPanel.tsx
/Users/piotrwisniewski/Developer/codex-wt/d-k6-execution-labels-w73/src/services/api/teams.api.ts
/Users/piotrwisniewski/Developer/codex-wt/d-k6-execution-labels-w73/src/components/Admin/AdminTeamsPanel.tsx
/Users/piotrwisniewski/Developer/codex-wt/d-k6-execution-labels-w73/src/views/admin/AdminSettingsModule.tsx
/Users/piotrwisniewski/Developer/codex-wt/d-k6-execution-labels-w73/src/views/admin/AdminView.tsx
/Users/piotrwisniewski/Developer/codex-wt/d-k6-execution-labels-w73/src/components/layout/SuperAdminSidebar.tsx
/Users/piotrwisniewski/Developer/codex-wt/d-k6-execution-labels-w73/src/components/SuperAdmin/SignalNode.tsx
/Users/piotrwisniewski/Developer/codex-wt/d-k6-execution-labels-w73/src/components/SuperAdmin/SuperAdminSignalCenter.tsx
/Users/piotrwisniewski/Developer/codex-wt/d-k6-execution-labels-w73/src/components/SuperAdmin/SuperAdminStatusIndicators.tsx
/Users/piotrwisniewski/Developer/codex-wt/d-k6-execution-labels-w73/src/components/SuperAdmin/ModelRegistry/types.ts
/Users/piotrwisniewski/Developer/codex-wt/d-k6-execution-labels-w73/src/components/SuperAdmin/ModelRegistry/ModelAuditLog.tsx
/Users/piotrwisniewski/Developer/codex-wt/d-k6-execution-labels-w73/src/components/SuperAdmin/ModelRegistry/ModelCatalogTable.tsx
/Users/piotrwisniewski/Developer/codex-wt/d-k6-execution-labels-w73/src/components/SuperAdmin/ModelRegistry/PricingPanel.tsx
/Users/piotrwisniewski/Developer/codex-wt/d-k6-execution-labels-w73/src/components/SuperAdmin/ModelRegistry/PurposeAssignmentsEditor.tsx
/Users/piotrwisniewski/Developer/codex-wt/d-k6-execution-labels-w73/src/components/SuperAdmin/ModelRegistry/ModelRegistryHub.tsx
/Users/piotrwisniewski/Developer/codex-wt/d-k6-execution-labels-w73/src/components/SuperAdmin/ModelRegistry/index.ts
/Users/piotrwisniewski/Developer/codex-wt/d-k6-execution-labels-w73/src/views/superadmin/components/AI/AICoreRuntimePanel.tsx
/Users/piotrwisniewski/Developer/codex-wt/d-k6-execution-labels-w73/src/views/superadmin/components/AI/PromptOsRuntimeSummaryPanel.tsx
/Users/piotrwisniewski/Developer/codex-wt/d-k6-execution-labels-w73/src/views/superadmin/components/AICostDashboard.tsx
/Users/piotrwisniewski/Developer/codex-wt/d-k6-execution-labels-w73/src/views/superadmin/AIPlatformModule/Analytics/CostAnalyticsTab.tsx
/Users/piotrwisniewski/Developer/codex-wt/d-k6-execution-labels-w73/src/views/superadmin/analytics/SavedReportsView.tsx
/Users/piotrwisniewski/Developer/codex-wt/d-k6-execution-labels-w73/src/views/superadmin/AIPlatformModule/Analytics/CustomReportsTab.tsx
/Users/piotrwisniewski/Developer/codex-wt/d-k6-execution-labels-w73/src/views/superadmin/AIPlatformModule/Analytics/LLMObservatoryTab.tsx
/Users/piotrwisniewski/Developer/codex-wt/d-k6-execution-labels-w73/src/views/superadmin/AIPlatformModule/Analytics/PerformanceMetricsTab.tsx
/Users/piotrwisniewski/Developer/codex-wt/d-k6-execution-labels-w73/src/views/superadmin/AIPlatformModule/Analytics/PricingRegistryTab.tsx
/Users/piotrwisniewski/Developer/codex-wt/d-k6-execution-labels-w73/src/views/superadmin/components/AI/UsageAnalyticsDashboard.tsx
/Users/piotrwisniewski/Developer/codex-wt/d-k6-execution-labels-w73/src/views/superadmin/AIPlatformModule/Analytics/UsageAnalyticsTab.tsx
/Users/piotrwisniewski/Developer/codex-wt/d-k6-execution-labels-w73/src/views/superadmin/AIPlatformModule/Configuration/AIGovernanceTab.tsx
/Users/piotrwisniewski/Developer/codex-wt/d-k6-execution-labels-w73/src/components/SuperAdmin/SuperAdminAISettings.tsx
/Users/piotrwisniewski/Developer/codex-wt/d-k6-execution-labels-w73/src/views/superadmin/AIPlatformModule/Configuration/GlobalSettingsTab.tsx
/Users/piotrwisniewski/Developer/codex-wt/d-k6-execution-labels-w73/src/views/superadmin/components/shared/AdminTable.tsx
/Users/piotrwisniewski/Developer/codex-wt/d-k6-execution-labels-w73/src/views/superadmin/components/shared/Button.tsx
/Users/piotrwisniewski/Developer/codex-wt/d-k6-execution-labels-w73/src/views/superadmin/components/shared/Card.tsx
/Users/piotrwisniewski/Developer/codex-wt/d-k6-execution-labels-w73/src/views/superadmin/components/shared/MetricCard.tsx
/Users/piotrwisniewski/Developer/codex-wt/d-k6-execution-labels-w73/src/views/superadmin/components/shared/PageHeader.tsx
/Users/piotrwisniewski/Developer/codex-wt/d-k6-execution-labels-w73/src/views/superadmin/LLMManagementView.tsx
/Users/piotrwisniewski/Developer/codex-wt/d-k6-execution-labels-w73/src/views/superadmin/AIPlatformModule/Configuration/LLMProvidersTab.tsx
/Users/piotrwisniewski/Developer/codex-wt/d-k6-execution-labels-w73/src/components/SuperAdmin/ModelTierAssignments.tsx
/Users/piotrwisniewski/Developer/codex-wt/d-k6-execution-labels-w73/src/views/superadmin/AIPlatformModule/Configuration/ModelTiersTab.tsx
/Users/piotrwisniewski/Developer/codex-wt/d-k6-execution-labels-w73/src/views/superadmin/AIPlatformModule/Configuration/OrgAIPolicyTab.tsx
/Users/piotrwisniewski/Developer/codex-wt/d-k6-execution-labels-w73/src/views/superadmin/AIPlatformModule/Configuration/PurposeAssignmentsTab.tsx
/Users/piotrwisniewski/Developer/codex-wt/d-k6-execution-labels-w73/src/views/superadmin/AIPlatformModule/Configuration/RoutingRulesTab.tsx
/Users/piotrwisniewski/Developer/codex-wt/d-k6-execution-labels-w73/src/views/superadmin/components/ABTestingDashboard.tsx
/Users/piotrwisniewski/Developer/codex-wt/d-k6-execution-labels-w73/src/views/superadmin/AIPlatformModule/Development/ExperimentsTab.tsx
/Users/piotrwisniewski/Developer/codex-wt/d-k6-execution-labels-w73/src/services/api/promptAssistant.api.ts
/Users/piotrwisniewski/Developer/codex-wt/d-k6-execution-labels-w73/src/views/superadmin/components/PromptAssistantPanel.tsx
/Users/piotrwisniewski/Developer/codex-wt/d-k6-execution-labels-w73/src/views/superadmin/components/PromptBlockBuilder.tsx
/Users/piotrwisniewski/Developer/codex-wt/d-k6-execution-labels-w73/src/views/superadmin/components/PromptTestBench.tsx
/Users/piotrwisniewski/Developer/codex-wt/d-k6-execution-labels-w73/src/views/superadmin/AIIntelligenceView.tsx
/Users/piotrwisniewski/Developer/codex-wt/d-k6-execution-labels-w73/src/views/superadmin/AIPlatformModule/Development/PromptBuilderTab.tsx
/Users/piotrwisniewski/Developer/codex-wt/d-k6-execution-labels-w73/src/views/superadmin/AIPlatformModule/Development/PromptRegistryTab.tsx
/Users/piotrwisniewski/Developer/codex-wt/d-k6-execution-labels-w73/src/views/superadmin/components/PromptManagementUI.tsx
/Users/piotrwisniewski/Developer/codex-wt/d-k6-execution-labels-w73/src/views/superadmin/AIPlatformModule/Development/PromptsLibraryTab.tsx
/Users/piotrwisniewski/Developer/codex-wt/d-k6-execution-labels-w73/src/views/superadmin/AIPlatformModule/Knowledge/DocumentsRAGTab.tsx
/Users/piotrwisniewski/Developer/codex-wt/d-k6-execution-labels-w73/src/views/superadmin/components/AdminKnowledgeView.tsx
/Users/piotrwisniewski/Developer/codex-wt/d-k6-execution-labels-w73/src/views/superadmin/AIPlatformModule/Knowledge/KnowledgeBaseTab.tsx
/Users/piotrwisniewski/Developer/codex-wt/d-k6-execution-labels-w73/src/views/superadmin/AIPlatformModule/Knowledge/StrategicDirectionsTab.tsx
/Users/piotrwisniewski/Developer/codex-wt/d-k6-execution-labels-w73/src/views/superadmin/components/LLMHealthPanel.tsx
/Users/piotrwisniewski/Developer/codex-wt/d-k6-execution-labels-w73/src/views/superadmin/components/V8AdminDiagnosticsPanel.tsx
/Users/piotrwisniewski/Developer/codex-wt/d-k6-execution-labels-w73/src/views/superadmin/AIPlatformModule/Operations/HealthMonitoringTab.tsx
/Users/piotrwisniewski/Developer/codex-wt/d-k6-execution-labels-w73/src/views/superadmin/AIPlatformModule/Operations/MarketInboxTab.tsx
/Users/piotrwisniewski/Developer/codex-wt/d-k6-execution-labels-w73/src/views/superadmin/AIPlatformModule/Operations/MissionControlTab.tsx
/Users/piotrwisniewski/Developer/codex-wt/d-k6-execution-labels-w73/src/views/superadmin/components/AIPerformanceDashboard.tsx
/Users/piotrwisniewski/Developer/codex-wt/d-k6-execution-labels-w73/src/views/superadmin/AIPlatformModule/Operations/PerformanceDashboardTab.tsx
/Users/piotrwisniewski/Developer/codex-wt/d-k6-execution-labels-w73/src/views/superadmin/components/SLADashboard.tsx
/Users/piotrwisniewski/Developer/codex-wt/d-k6-execution-labels-w73/src/views/superadmin/AIPlatformModule/Operations/SLAManagementTab.tsx
/Users/piotrwisniewski/Developer/codex-wt/d-k6-execution-labels-w73/src/views/superadmin/AIPlatformModule/Policy/PolicyEnforcementTab.tsx
/Users/piotrwisniewski/Developer/codex-wt/d-k6-execution-labels-w73/src/views/superadmin/iam/PermissionsMatrixView.tsx
/Users/piotrwisniewski/Developer/codex-wt/d-k6-execution-labels-w73/src/views/superadmin/AIPlatformModule/Security/AccessControlTab.tsx
/Users/piotrwisniewski/Developer/codex-wt/d-k6-execution-labels-w73/src/views/superadmin/APIManagementView.tsx
/Users/piotrwisniewski/Developer/codex-wt/d-k6-execution-labels-w73/src/views/superadmin/AIPlatformModule/Security/APIKeysTab.tsx
/Users/piotrwisniewski/Developer/codex-wt/d-k6-execution-labels-w73/src/views/superadmin/iam/AdminAuditLogsView.tsx
/Users/piotrwisniewski/Developer/codex-wt/d-k6-execution-labels-w73/src/views/superadmin/AIPlatformModule/Security/AuditLogsTab.tsx
/Users/piotrwisniewski/Developer/codex-wt/d-k6-execution-labels-w73/src/views/superadmin/AIPlatformModule/Security/ComplianceTab.tsx
/Users/piotrwisniewski/Developer/codex-wt/d-k6-execution-labels-w73/src/views/superadmin/AIPlatformModule/AIPlatformModule.tsx
/Users/piotrwisniewski/Developer/codex-wt/d-k6-execution-labels-w73/src/views/superadmin/components/BulkOperationsView.tsx
/Users/piotrwisniewski/Developer/codex-wt/d-k6-execution-labels-w73/src/views/superadmin/customers/ContractManagementView.tsx
/Users/piotrwisniewski/Developer/codex-wt/d-k6-execution-labels-w73/src/views/superadmin/customers/CustomerAnalyticsView.tsx
/Users/piotrwisniewski/Developer/codex-wt/d-k6-execution-labels-w73/src/views/superadmin/customers/CustomerAutomationView.tsx
/Users/piotrwisniewski/Developer/codex-wt/d-k6-execution-labels-w73/src/components/shared/CommunicationSurfaceModelPanel.tsx
/Users/piotrwisniewski/Developer/codex-wt/d-k6-execution-labels-w73/src/views/superadmin/customers/CustomerCommunicationView.tsx
/Users/piotrwisniewski/Developer/codex-wt/d-k6-execution-labels-w73/src/views/superadmin/customers/CustomerComplianceView.tsx
/Users/piotrwisniewski/Developer/codex-wt/d-k6-execution-labels-w73/src/views/superadmin/customers/CustomerLifecycleView.tsx
/Users/piotrwisniewski/Developer/codex-wt/d-k6-execution-labels-w73/src/views/superadmin/customers/CustomerSuccessPlaybooksView.tsx
/Users/piotrwisniewski/Developer/codex-wt/d-k6-execution-labels-w73/src/views/superadmin/customers/index.ts
/Users/piotrwisniewski/Developer/codex-wt/d-k6-execution-labels-w73/src/views/superadmin/ModuleAccessControlView.tsx
/Users/piotrwisniewski/Developer/codex-wt/d-k6-execution-labels-w73/src/views/superadmin/ModuleWaitlistView.tsx
/Users/piotrwisniewski/Developer/codex-wt/d-k6-execution-labels-w73/src/components/SuperAdmin/ResourceLimitInput.tsx
/Users/piotrwisniewski/Developer/codex-wt/d-k6-execution-labels-w73/src/views/superadmin/OrganizationResourceManager.tsx
/Users/piotrwisniewski/Developer/codex-wt/d-k6-execution-labels-w73/src/views/superadmin/SuperAdminOrgDetailsModal.tsx
/Users/piotrwisniewski/Developer/codex-wt/d-k6-execution-labels-w73/src/views/superadmin/OrganizationsView.tsx
/Users/piotrwisniewski/Developer/codex-wt/d-k6-execution-labels-w73/src/components/SuperAdmin/UsageStatsPanel.tsx
/Users/piotrwisniewski/Developer/codex-wt/d-k6-execution-labels-w73/src/components/billing/CreditNotesPanel.tsx
/Users/piotrwisniewski/Developer/codex-wt/d-k6-execution-labels-w73/src/components/billing/InvoiceTemplateEditor.tsx
/Users/piotrwisniewski/Developer/codex-wt/d-k6-execution-labels-w73/src/utils/billingSelfServeFlag.ts
/Users/piotrwisniewski/Developer/codex-wt/d-k6-execution-labels-w73/src/components/billing/SubscriptionAnalytics.tsx
/Users/piotrwisniewski/Developer/codex-wt/d-k6-execution-labels-w73/src/components/billing/TaxSettingsPanel.tsx
/Users/piotrwisniewski/Developer/codex-wt/d-k6-execution-labels-w73/src/components/billing/index.ts
/Users/piotrwisniewski/Developer/codex-wt/d-k6-execution-labels-w73/src/views/superadmin/BillingCenterView.tsx
/Users/piotrwisniewski/Developer/codex-wt/d-k6-execution-labels-w73/src/views/superadmin/InvoiceCenterView.tsx
/Users/piotrwisniewski/Developer/codex-wt/d-k6-execution-labels-w73/src/views/superadmin/partners/PartnerProgramConfig.tsx
/Users/piotrwisniewski/Developer/codex-wt/d-k6-execution-labels-w73/src/views/superadmin/partners/index.ts
/Users/piotrwisniewski/Developer/codex-wt/d-k6-execution-labels-w73/src/views/superadmin/revenue/PartnerSettlementsView.tsx
/Users/piotrwisniewski/Developer/codex-wt/d-k6-execution-labels-w73/src/views/superadmin/revenue/PaymentMethodsView.tsx
/Users/piotrwisniewski/Developer/codex-wt/d-k6-execution-labels-w73/src/views/superadmin/revenue/PricingPlansAdvancedView.tsx
/Users/piotrwisniewski/Developer/codex-wt/d-k6-execution-labels-w73/src/components/billing/BillingFeaturePending.tsx
/Users/piotrwisniewski/Developer/codex-wt/d-k6-execution-labels-w73/src/views/superadmin/revenue/RevenueForecastView.tsx
/Users/piotrwisniewski/Developer/codex-wt/d-k6-execution-labels-w73/src/views/superadmin/revenue/RevenueRecognitionView.tsx
/Users/piotrwisniewski/Developer/codex-wt/d-k6-execution-labels-w73/src/views/superadmin/revenue/SubscriptionChangesView.tsx
/Users/piotrwisniewski/Developer/codex-wt/d-k6-execution-labels-w73/src/views/superadmin/revenue/RevenueModuleView.tsx
/Users/piotrwisniewski/Developer/codex-wt/d-k6-execution-labels-w73/src/views/superadmin/revenue/index.ts
/Users/piotrwisniewski/Developer/codex-wt/d-k6-execution-labels-w73/src/views/superadmin/RevenueModule.tsx
/Users/piotrwisniewski/Developer/codex-wt/d-k6-execution-labels-w73/src/views/superadmin/security/DeviceManagementView.tsx
/Users/piotrwisniewski/Developer/codex-wt/d-k6-execution-labels-w73/src/views/superadmin/security/IPWhitelistView.tsx
/Users/piotrwisniewski/Developer/codex-wt/d-k6-execution-labels-w73/src/views/superadmin/security/MFAView.tsx
/Users/piotrwisniewski/Developer/codex-wt/d-k6-execution-labels-w73/src/views/superadmin/security/PasswordPolicyView.tsx
/Users/piotrwisniewski/Developer/codex-wt/d-k6-execution-labels-w73/src/views/superadmin/security/SecurityEventsView.tsx
/Users/piotrwisniewski/Developer/codex-wt/d-k6-execution-labels-w73/src/views/superadmin/security/SecurityModuleView.tsx
/Users/piotrwisniewski/Developer/codex-wt/d-k6-execution-labels-w73/src/views/superadmin/SuperAdminFeedbackAnalyticsView.tsx
/Users/piotrwisniewski/Developer/codex-wt/d-k6-execution-labels-w73/src/views/superadmin/SuperAdminFeedbackBacklogView.tsx
/Users/piotrwisniewski/Developer/Consultify/node_modules/date-fns/locale/af.d.ts
/Users/piotrwisniewski/Developer/Consultify/node_modules/date-fns/locale/ar.d.ts
/Users/piotrwisniewski/Developer/Consultify/node_modules/date-fns/locale/ar-DZ.d.ts
/Users/piotrwisniewski/Developer/Consultify/node_modules/date-fns/locale/ar-EG.d.ts
/Users/piotrwisniewski/Developer/Consultify/node_modules/date-fns/locale/ar-MA.d.ts
/Users/piotrwisniewski/Developer/Consultify/node_modules/date-fns/locale/ar-SA.d.ts
/Users/piotrwisniewski/Developer/Consultify/node_modules/date-fns/locale/ar-TN.d.ts
/Users/piotrwisniewski/Developer/Consultify/node_modules/date-fns/locale/az.d.ts
/Users/piotrwisniewski/Developer/Consultify/node_modules/date-fns/locale/be.d.ts
/Users/piotrwisniewski/Developer/Consultify/node_modules/date-fns/locale/be-tarask.d.ts
/Users/piotrwisniewski/Developer/Consultify/node_modules/date-fns/locale/bg.d.ts
/Users/piotrwisniewski/Developer/Consultify/node_modules/date-fns/locale/bn.d.ts
/Users/piotrwisniewski/Developer/Consultify/node_modules/date-fns/locale/bs.d.ts
/Users/piotrwisniewski/Developer/Consultify/node_modules/date-fns/locale/ca.d.ts
/Users/piotrwisniewski/Developer/Consultify/node_modules/date-fns/locale/ckb.d.ts
/Users/piotrwisniewski/Developer/Consultify/node_modules/date-fns/locale/cs.d.ts
/Users/piotrwisniewski/Developer/Consultify/node_modules/date-fns/locale/cy.d.ts
/Users/piotrwisniewski/Developer/Consultify/node_modules/date-fns/locale/da.d.ts
/Users/piotrwisniewski/Developer/Consultify/node_modules/date-fns/locale/de.d.ts
/Users/piotrwisniewski/Developer/Consultify/node_modules/date-fns/locale/de-AT.d.ts
/Users/piotrwisniewski/Developer/Consultify/node_modules/date-fns/locale/el.d.ts
/Users/piotrwisniewski/Developer/Consultify/node_modules/date-fns/locale/en-AU.d.ts
/Users/piotrwisniewski/Developer/Consultify/node_modules/date-fns/locale/en-CA.d.ts
/Users/piotrwisniewski/Developer/Consultify/node_modules/date-fns/locale/en-GB.d.ts
/Users/piotrwisniewski/Developer/Consultify/node_modules/date-fns/locale/en-IE.d.ts
/Users/piotrwisniewski/Developer/Consultify/node_modules/date-fns/locale/en-IN.d.ts
/Users/piotrwisniewski/Developer/Consultify/node_modules/date-fns/locale/en-NZ.d.ts
/Users/piotrwisniewski/Developer/Consultify/node_modules/date-fns/locale/en-US.d.ts
/Users/piotrwisniewski/Developer/Consultify/node_modules/date-fns/locale/en-ZA.d.ts
/Users/piotrwisniewski/Developer/Consultify/node_modules/date-fns/locale/eo.d.ts
/Users/piotrwisniewski/Developer/Consultify/node_modules/date-fns/locale/es.d.ts
/Users/piotrwisniewski/Developer/Consultify/node_modules/date-fns/locale/et.d.ts
/Users/piotrwisniewski/Developer/Consultify/node_modules/date-fns/locale/eu.d.ts
/Users/piotrwisniewski/Developer/Consultify/node_modules/date-fns/locale/fa-IR.d.ts
/Users/piotrwisniewski/Developer/Consultify/node_modules/date-fns/locale/fi.d.ts
/Users/piotrwisniewski/Developer/Consultify/node_modules/date-fns/locale/fr.d.ts
/Users/piotrwisniewski/Developer/Consultify/node_modules/date-fns/locale/fr-CA.d.ts
/Users/piotrwisniewski/Developer/Consultify/node_modules/date-fns/locale/fr-CH.d.ts
/Users/piotrwisniewski/Developer/Consultify/node_modules/date-fns/locale/fy.d.ts
/Users/piotrwisniewski/Developer/Consultify/node_modules/date-fns/locale/gd.d.ts
/Users/piotrwisniewski/Developer/Consultify/node_modules/date-fns/locale/gl.d.ts
/Users/piotrwisniewski/Developer/Consultify/node_modules/date-fns/locale/gu.d.ts
/Users/piotrwisniewski/Developer/Consultify/node_modules/date-fns/locale/he.d.ts
/Users/piotrwisniewski/Developer/Consultify/node_modules/date-fns/locale/hi.d.ts
/Users/piotrwisniewski/Developer/Consultify/node_modules/date-fns/locale/hr.d.ts
/Users/piotrwisniewski/Developer/Consultify/node_modules/date-fns/locale/ht.d.ts
/Users/piotrwisniewski/Developer/Consultify/node_modules/date-fns/locale/hu.d.ts
/Users/piotrwisniewski/Developer/Consultify/node_modules/date-fns/locale/hy.d.ts
/Users/piotrwisniewski/Developer/Consultify/node_modules/date-fns/locale/id.d.ts
/Users/piotrwisniewski/Developer/Consultify/node_modules/date-fns/locale/is.d.ts
/Users/piotrwisniewski/Developer/Consultify/node_modules/date-fns/locale/it.d.ts
/Users/piotrwisniewski/Developer/Consultify/node_modules/date-fns/locale/it-CH.d.ts
/Users/piotrwisniewski/Developer/Consultify/node_modules/date-fns/locale/ja.d.ts
/Users/piotrwisniewski/Developer/Consultify/node_modules/date-fns/locale/ja-Hira.d.ts
/Users/piotrwisniewski/Developer/Consultify/node_modules/date-fns/locale/ka.d.ts
/Users/piotrwisniewski/Developer/Consultify/node_modules/date-fns/locale/kk.d.ts
/Users/piotrwisniewski/Developer/Consultify/node_modules/date-fns/locale/km.d.ts
/Users/piotrwisniewski/Developer/Consultify/node_modules/date-fns/locale/kn.d.ts
/Users/piotrwisniewski/Developer/Consultify/node_modules/date-fns/locale/ko.d.ts
/Users/piotrwisniewski/Developer/Consultify/node_modules/date-fns/locale/lb.d.ts
/Users/piotrwisniewski/Developer/Consultify/node_modules/date-fns/locale/lt.d.ts
/Users/piotrwisniewski/Developer/Consultify/node_modules/date-fns/locale/lv.d.ts
/Users/piotrwisniewski/Developer/Consultify/node_modules/date-fns/locale/mk.d.ts
/Users/piotrwisniewski/Developer/Consultify/node_modules/date-fns/locale/mn.d.ts
/Users/piotrwisniewski/Developer/Consultify/node_modules/date-fns/locale/ms.d.ts
/Users/piotrwisniewski/Developer/Consultify/node_modules/date-fns/locale/mt.d.ts
/Users/piotrwisniewski/Developer/Consultify/node_modules/date-fns/locale/nb.d.ts
/Users/piotrwisniewski/Developer/Consultify/node_modules/date-fns/locale/nl.d.ts
/Users/piotrwisniewski/Developer/Consultify/node_modules/date-fns/locale/nl-BE.d.ts
/Users/piotrwisniewski/Developer/Consultify/node_modules/date-fns/locale/nn.d.ts
/Users/piotrwisniewski/Developer/Consultify/node_modules/date-fns/locale/oc.d.ts
/Users/piotrwisniewski/Developer/Consultify/node_modules/date-fns/locale/pl.d.ts
/Users/piotrwisniewski/Developer/Consultify/node_modules/date-fns/locale/pt.d.ts
/Users/piotrwisniewski/Developer/Consultify/node_modules/date-fns/locale/pt-BR.d.ts
/Users/piotrwisniewski/Developer/Consultify/node_modules/date-fns/locale/ro.d.ts
/Users/piotrwisniewski/Developer/Consultify/node_modules/date-fns/locale/ru.d.ts
/Users/piotrwisniewski/Developer/Consultify/node_modules/date-fns/locale/se.d.ts
/Users/piotrwisniewski/Developer/Consultify/node_modules/date-fns/locale/sk.d.ts
/Users/piotrwisniewski/Developer/Consultify/node_modules/date-fns/locale/sl.d.ts
/Users/piotrwisniewski/Developer/Consultify/node_modules/date-fns/locale/sq.d.ts
/Users/piotrwisniewski/Developer/Consultify/node_modules/date-fns/locale/sr.d.ts
/Users/piotrwisniewski/Developer/Consultify/node_modules/date-fns/locale/sr-Latn.d.ts
/Users/piotrwisniewski/Developer/Consultify/node_modules/date-fns/locale/sv.d.ts
/Users/piotrwisniewski/Developer/Consultify/node_modules/date-fns/locale/ta.d.ts
/Users/piotrwisniewski/Developer/Consultify/node_modules/date-fns/locale/te.d.ts
/Users/piotrwisniewski/Developer/Consultify/node_modules/date-fns/locale/th.d.ts
/Users/piotrwisniewski/Developer/Consultify/node_modules/date-fns/locale/tr.d.ts
/Users/piotrwisniewski/Developer/Consultify/node_modules/date-fns/locale/ug.d.ts
/Users/piotrwisniewski/Developer/Consultify/node_modules/date-fns/locale/uk.d.ts
/Users/piotrwisniewski/Developer/Consultify/node_modules/date-fns/locale/uz.d.ts
/Users/piotrwisniewski/Developer/Consultify/node_modules/date-fns/locale/uz-Cyrl.d.ts
/Users/piotrwisniewski/Developer/Consultify/node_modules/date-fns/locale/vi.d.ts
/Users/piotrwisniewski/Developer/Consultify/node_modules/date-fns/locale/zh-CN.d.ts
/Users/piotrwisniewski/Developer/Consultify/node_modules/date-fns/locale/zh-HK.d.ts
/Users/piotrwisniewski/Developer/Consultify/node_modules/date-fns/locale/zh-TW.d.ts
/Users/piotrwisniewski/Developer/Consultify/node_modules/date-fns/locale.d.ts
/Users/piotrwisniewski/Developer/codex-wt/d-k6-execution-labels-w73/src/views/superadmin/SuperAdminFeedbackView.tsx
/Users/piotrwisniewski/Developer/codex-wt/d-k6-execution-labels-w73/src/views/superadmin/components/UserAssignmentsPanel.tsx
/Users/piotrwisniewski/Developer/codex-wt/d-k6-execution-labels-w73/src/components/shared/UserManagementCore.tsx
/Users/piotrwisniewski/Developer/codex-wt/d-k6-execution-labels-w73/src/views/superadmin/SuperAdminUserManagement.tsx
/Users/piotrwisniewski/Developer/codex-wt/d-k6-execution-labels-w73/src/views/superadmin/support/CustomerHealthView.tsx
/Users/piotrwisniewski/Developer/codex-wt/d-k6-execution-labels-w73/src/views/superadmin/support/CustomerSuccessNotesView.tsx
/Users/piotrwisniewski/Developer/codex-wt/d-k6-execution-labels-w73/src/views/superadmin/support/SupportTicketsView.tsx
/Users/piotrwisniewski/Developer/codex-wt/d-k6-execution-labels-w73/src/views/superadmin/support/SupportModuleView.tsx
/Users/piotrwisniewski/Developer/codex-wt/d-k6-execution-labels-w73/src/views/superadmin/TenantCommandCenterView.tsx
/Users/piotrwisniewski/Developer/codex-wt/d-k6-execution-labels-w73/src/views/superadmin/CustomersModule.tsx
/Users/piotrwisniewski/Developer/codex-wt/d-k6-execution-labels-w73/src/components/SuperAdmin/data/DataExportPanel.tsx
/Users/piotrwisniewski/Developer/codex-wt/d-k6-execution-labels-w73/src/views/superadmin/ComplianceCenterView.tsx
/Users/piotrwisniewski/Developer/codex-wt/d-k6-execution-labels-w73/src/views/superadmin/iam/ApprovalWorkflowsView.tsx
/Users/piotrwisniewski/Developer/codex-wt/d-k6-execution-labels-w73/src/views/superadmin/iam/AuditEventsViewer.tsx
/Users/piotrwisniewski/Developer/codex-wt/d-k6-execution-labels-w73/src/views/superadmin/SuperAdminLegalView.tsx
/Users/piotrwisniewski/Developer/codex-wt/d-k6-execution-labels-w73/src/views/superadmin/GovernanceModule.tsx
/Users/piotrwisniewski/Developer/codex-wt/d-k6-execution-labels-w73/src/components/SuperAdmin/LegalPanel.tsx
/Users/piotrwisniewski/Developer/codex-wt/d-k6-execution-labels-w73/src/views/superadmin/SuperAdminStorageDetailModal.tsx
/Users/piotrwisniewski/Developer/codex-wt/d-k6-execution-labels-w73/src/views/superadmin/SystemSettings.tsx
/Users/piotrwisniewski/Developer/codex-wt/d-k6-execution-labels-w73/src/views/superadmin/WhitelabelStudioView.tsx
/Users/piotrwisniewski/Developer/codex-wt/d-k6-execution-labels-w73/src/views/superadmin/ConfigurationModule.tsx
/Users/piotrwisniewski/Developer/codex-wt/d-k6-execution-labels-w73/src/views/superadmin/AIBudgetsView.tsx
/Users/piotrwisniewski/Developer/codex-wt/d-k6-execution-labels-w73/src/views/superadmin/CustomRolesBuilder.tsx
/Users/piotrwisniewski/Developer/codex-wt/d-k6-execution-labels-w73/src/views/superadmin/GlobalSecurityPostureView.tsx
/Users/piotrwisniewski/Developer/codex-wt/d-k6-execution-labels-w73/src/views/superadmin/iam/AdminSessionsView.tsx
/Users/piotrwisniewski/Developer/codex-wt/d-k6-execution-labels-w73/src/views/superadmin/iam/DLPView.tsx
/Users/piotrwisniewski/Developer/codex-wt/d-k6-execution-labels-w73/src/views/superadmin/iam/SecurityIncidentsView.tsx
/Users/piotrwisniewski/Developer/codex-wt/d-k6-execution-labels-w73/src/views/superadmin/iam/ThreatIntelligenceView.tsx
/Users/piotrwisniewski/Developer/codex-wt/d-k6-execution-labels-w73/src/views/superadmin/SCIMProvisioningView.tsx
/Users/piotrwisniewski/Developer/codex-wt/d-k6-execution-labels-w73/src/views/superadmin/SecurityPoliciesView.tsx
/Users/piotrwisniewski/Developer/codex-wt/d-k6-execution-labels-w73/src/views/superadmin/SSOConfigurationView.tsx
/Users/piotrwisniewski/Developer/codex-wt/d-k6-execution-labels-w73/src/views/superadmin/SecurityModule.tsx
/Users/piotrwisniewski/Developer/codex-wt/d-k6-execution-labels-w73/src/components/SuperAdmin/system/EnterpriseAnalyticsPanel.tsx
/Users/piotrwisniewski/Developer/codex-wt/d-k6-execution-labels-w73/src/components/SuperAdmin/system/EnterpriseApiManagement.tsx
/Users/piotrwisniewski/Developer/codex-wt/d-k6-execution-labels-w73/src/components/SuperAdmin/system/EnterpriseAuditLog.tsx
/Users/piotrwisniewski/Developer/codex-wt/d-k6-execution-labels-w73/src/components/SuperAdmin/system/EnterpriseBackupPanel.tsx
/Users/piotrwisniewski/Developer/codex-wt/d-k6-execution-labels-w73/src/components/SuperAdmin/system/EnterpriseConfigurationPanel.tsx
/Users/piotrwisniewski/Developer/codex-wt/d-k6-execution-labels-w73/src/components/SuperAdmin/system/EnterpriseFeatureFlags.tsx
/Users/piotrwisniewski/Developer/codex-wt/d-k6-execution-labels-w73/src/components/SuperAdmin/system/EnterpriseHealthMonitor.tsx
/Users/piotrwisniewski/Developer/codex-wt/d-k6-execution-labels-w73/src/components/SuperAdmin/system/EnterpriseIntegrationsHub.tsx
/Users/piotrwisniewski/Developer/codex-wt/d-k6-execution-labels-w73/src/components/SuperAdmin/system/EnterpriseSecurityPanel.tsx
/Users/piotrwisniewski/Developer/codex-wt/d-k6-execution-labels-w73/src/components/SuperAdmin/system/index.ts
/Users/piotrwisniewski/Developer/codex-wt/d-k6-execution-labels-w73/src/services/presentationGovernanceDeepLinks.ts
/Users/piotrwisniewski/Developer/codex-wt/d-k6-execution-labels-w73/src/services/superadminPlatformOperationsApi.ts
/Users/piotrwisniewski/Developer/codex-wt/d-k6-execution-labels-w73/src/views/superadmin/PlatformOperationsView.tsx
/Users/piotrwisniewski/Developer/codex-wt/d-k6-execution-labels-w73/src/services/presentationBenchmarkTrend.ts
/Users/piotrwisniewski/Developer/codex-wt/d-k6-execution-labels-w73/src/views/superadmin/PresentationBenchmarkTrendView.tsx
/Users/piotrwisniewski/Developer/codex-wt/d-k6-execution-labels-w73/src/services/presentationAlertPlayground.ts
/Users/piotrwisniewski/Developer/codex-wt/d-k6-execution-labels-w73/src/components/SuperAdmin/AlertPlaygroundTester.tsx
/Users/piotrwisniewski/Developer/codex-wt/d-k6-execution-labels-w73/src/services/presentationSubscriberTokens.ts
/Users/piotrwisniewski/Developer/codex-wt/d-k6-execution-labels-w73/src/components/SuperAdmin/SubscriberTokenManagementPanel.tsx
/Users/piotrwisniewski/Developer/codex-wt/d-k6-execution-labels-w73/src/services/presentationGovernanceAlertSubscriptions.ts
/Users/piotrwisniewski/Developer/codex-wt/d-k6-execution-labels-w73/src/views/superadmin/PresentationGovernanceAlertSubscriptionsView.tsx
/Users/piotrwisniewski/Developer/codex-wt/d-k6-execution-labels-w73/src/services/highlightTextMatch.ts
/Users/piotrwisniewski/Developer/codex-wt/d-k6-execution-labels-w73/src/services/presentationGovernanceWatchlist.ts
/Users/piotrwisniewski/Developer/codex-wt/d-k6-execution-labels-w73/src/services/presentationGovernanceWatchlistDiff.ts
/Users/piotrwisniewski/Developer/codex-wt/d-k6-execution-labels-w73/src/services/presentationWatchlistPresets.ts
/Users/piotrwisniewski/Developer/codex-wt/d-k6-execution-labels-w73/src/services/presentationWatchlistPresetTransfer.ts
/Users/piotrwisniewski/Developer/codex-wt/d-k6-execution-labels-w73/src/services/presentationWatchlistSavedSearches.ts
/Users/piotrwisniewski/Developer/codex-wt/d-k6-execution-labels-w73/src/views/superadmin/PresentationGovernanceWatchlistView.tsx
/Users/piotrwisniewski/Developer/codex-wt/d-k6-execution-labels-w73/src/services/presentationOperationsHealth.ts
/Users/piotrwisniewski/Developer/codex-wt/d-k6-execution-labels-w73/src/components/SuperAdmin/IncidentRunbooksCard.tsx
/Users/piotrwisniewski/Developer/codex-wt/d-k6-execution-labels-w73/src/services/presentationOperationsHealthDrilldown.ts
/Users/piotrwisniewski/Developer/codex-wt/d-k6-execution-labels-w73/src/components/SuperAdmin/OperationsHealthDrilldownPanel.tsx
/Users/piotrwisniewski/Developer/codex-wt/d-k6-execution-labels-w73/src/views/superadmin/PresentationOperationsHealthView.tsx
/Users/piotrwisniewski/Developer/codex-wt/d-k6-execution-labels-w73/src/views/superadmin/PresentationTemplateGovernanceView.tsx
/Users/piotrwisniewski/Developer/codex-wt/d-k6-execution-labels-w73/src/views/superadmin/SystemModule.tsx
/Users/piotrwisniewski/Developer/codex-wt/d-k6-execution-labels-w73/src/views/superadmin/VirtualWorkersModule/ConversationBrowser.tsx
/Users/piotrwisniewski/Developer/codex-wt/d-k6-execution-labels-w73/src/views/superadmin/VirtualWorkersModule/EvaluationsPanel.tsx
/Users/piotrwisniewski/Developer/codex-wt/d-k6-execution-labels-w73/src/views/superadmin/VirtualWorkersModule/InsightsPanel.tsx
/Users/piotrwisniewski/Developer/codex-wt/d-k6-execution-labels-w73/src/views/superadmin/VirtualWorkersModule/KnowledgeAssignmentPanel.tsx
/Users/piotrwisniewski/Developer/codex-wt/d-k6-execution-labels-w73/src/views/superadmin/VirtualWorkersModule/ReleasePanel.tsx
/Users/piotrwisniewski/Developer/codex-wt/d-k6-execution-labels-w73/src/views/superadmin/VirtualWorkersModule/WorkerAnalyticsDashboard.tsx
/Users/piotrwisniewski/Developer/codex-wt/d-k6-execution-labels-w73/src/views/superadmin/VirtualWorkersModule/WorkerPreviewPanel.tsx
/Users/piotrwisniewski/Developer/codex-wt/d-k6-execution-labels-w73/src/views/superadmin/VirtualWorkersModule/WorkerProfileEditor.tsx
/Users/piotrwisniewski/Developer/codex-wt/d-k6-execution-labels-w73/src/views/superadmin/VirtualWorkersModule/WorkerDetail.tsx
/Users/piotrwisniewski/Developer/codex-wt/d-k6-execution-labels-w73/src/views/superadmin/VirtualWorkersModule/WorkersList.tsx
/Users/piotrwisniewski/Developer/codex-wt/d-k6-execution-labels-w73/src/views/superadmin/VirtualWorkersModule/index.tsx
/Users/piotrwisniewski/Developer/codex-wt/d-k6-execution-labels-w73/src/views/superadmin/SuperAdminView.tsx
/Users/piotrwisniewski/Developer/codex-wt/d-k6-execution-labels-w73/src/hooks/v10/useV10TeresaRuntime.ts
/Users/piotrwisniewski/Developer/codex-wt/d-k6-execution-labels-w73/src/components/v10/V10TeresaRuntimeWorkspace.tsx
/Users/piotrwisniewski/Developer/codex-wt/d-k6-execution-labels-w73/src/components/AIChat/AIOSWave0GateReport.tsx
/Users/piotrwisniewski/Developer/codex-wt/d-k6-execution-labels-w73/src/components/AIChat/AIOSHub.tsx
/Users/piotrwisniewski/Developer/codex-wt/d-k6-execution-labels-w73/src/components/AIChat/ActionCenter.tsx
/Users/piotrwisniewski/Developer/codex-wt/d-k6-execution-labels-w73/src/components/AIChat/ResearchSessionsDock.tsx
/Users/piotrwisniewski/Developer/codex-wt/d-k6-execution-labels-w73/src/components/AIChat/Wave5ArtifactRuntimePanel.tsx
/Users/piotrwisniewski/Developer/codex-wt/d-k6-execution-labels-w73/src/components/AIChat/Wave6ContextLearningPanel.tsx
/Users/piotrwisniewski/Developer/codex-wt/d-k6-execution-labels-w73/src/components/AIChat/Wave7ConnectorAdminPanel.tsx
/Users/piotrwisniewski/Developer/codex-wt/d-k6-execution-labels-w73/src/components/AIChat/Wave8AgentCatalogPanel.tsx
/Users/piotrwisniewski/Developer/codex-wt/d-k6-execution-labels-w73/src/components/AIChat/Wave9OutcomeAIOpsPanel.tsx
/Users/piotrwisniewski/Developer/codex-wt/d-k6-execution-labels-w73/src/utils/deckLifecycleBadge.ts
/Users/piotrwisniewski/Developer/codex-wt/d-k6-execution-labels-w73/src/utils/melsPrezentacjeFlag.ts
/Users/piotrwisniewski/Developer/codex-wt/d-k6-execution-labels-w73/src/utils/templateLifecycleFlag.ts
/Users/piotrwisniewski/Developer/codex-wt/d-k6-execution-labels-w73/src/types/tabeleArtifact.ts
/Users/piotrwisniewski/Developer/codex-wt/d-k6-execution-labels-w73/src/components/AIChat/KimiWorkspace/tabelePreview/TabeleProvenanceColumn.tsx
/Users/piotrwisniewski/Developer/codex-wt/d-k6-execution-labels-w73/src/components/AIChat/KimiWorkspace/tabelePreview/TabeleRationaleSection.tsx
/Users/piotrwisniewski/Developer/codex-wt/d-k6-execution-labels-w73/src/components/AIChat/KimiWorkspace/tabelePreview/TabeleRelationChip.tsx
/Users/piotrwisniewski/Developer/codex-wt/d-k6-execution-labels-w73/src/components/AIChat/KimiWorkspace/tabelePreview/TabeleSchemaBlock.tsx
/Users/piotrwisniewski/Developer/codex-wt/d-k6-execution-labels-w73/src/components/AIChat/KimiWorkspace/tabelePreview/TabelePreviewLayout.tsx
/Users/piotrwisniewski/Developer/codex-wt/d-k6-execution-labels-w73/src/components/AIChat/KimiWorkspace/WorkbookBoardSummary.tsx
/Users/piotrwisniewski/Developer/codex-wt/d-k6-execution-labels-w73/src/components/AIChat/KimiWorkspace/KimiWorkspaceShell.tsx
/Users/piotrwisniewski/Developer/codex-wt/d-k6-execution-labels-w73/src/components/AIChat/KimiWorkspace/templateLifecycle/TemplateLifecycleBadge.tsx
/Users/piotrwisniewski/Developer/codex-wt/d-k6-execution-labels-w73/src/components/AIChat/KimiWorkspace/templateLifecycle/TemplateGovernanceDrawer.tsx
/Users/piotrwisniewski/Developer/codex-wt/d-k6-execution-labels-w73/src/components/AIChat/KimiWorkspace/templateLifecycle/TemplateLifecycleFilter.tsx
/Users/piotrwisniewski/Developer/codex-wt/d-k6-execution-labels-w73/src/components/AIChat/KimiWorkspace/templateLifecycle/useTpBaseTemplates.ts
/Users/piotrwisniewski/Developer/codex-wt/d-k6-execution-labels-w73/src/components/AIChat/KimiWorkspace/templateLifecycle/TabeleTemplatesGrid.tsx
/Users/piotrwisniewski/Developer/codex-wt/d-k6-execution-labels-w73/src/components/AIChat/KimiWorkspace/useModuleRecentArtifacts.ts
/Users/piotrwisniewski/Developer/codex-wt/d-k6-execution-labels-w73/src/components/AIChat/KimiWorkspace/useModuleTemplates.ts
/Users/piotrwisniewski/Developer/codex-wt/d-k6-execution-labels-w73/src/components/AIChat/KimiWorkspace/ArtifactModuleHome.tsx
/Users/piotrwisniewski/Developer/codex-wt/d-k6-execution-labels-w73/src/components/AIChat/KimiWorkspace/prezentacjeShell/PrezentacjeLeftRail.tsx
/Users/piotrwisniewski/Developer/codex-wt/d-k6-execution-labels-w73/src/components/AIChat/KimiWorkspace/prezentacjeShell/PrezentacjePreviewLayout.tsx
/Users/piotrwisniewski/Developer/codex-wt/d-k6-execution-labels-w73/src/components/AIChat/KimiWorkspace/prezentacjeShell/PrezentacjeRightRail.tsx
/Users/piotrwisniewski/Developer/codex-wt/d-k6-execution-labels-w73/src/components/AIChat/KimiWorkspace/prezentacjeShell/PrezentacjeTopBarChips.tsx
/Users/piotrwisniewski/Developer/codex-wt/d-k6-execution-labels-w73/src/components/AIChat/KimiWorkspace/prezentacjeShell/PrezentacjeMelsView.tsx
/Users/piotrwisniewski/Developer/codex-wt/d-k6-execution-labels-w73/src/components/AIChat/KimiWorkspace/tabele/loadTabelePreview.ts
/Users/piotrwisniewski/Developer/codex-wt/d-k6-execution-labels-w73/src/components/AIChat/KimiWorkspace/useKimiArtifactPipeline.ts
/Users/piotrwisniewski/Developer/codex-wt/d-k6-execution-labels-w73/src/components/AIChat/KimiWorkspace/PrezentacjeView.tsx
/Users/piotrwisniewski/Developer/codex-wt/d-k6-execution-labels-w73/src/utils/melsTabeleFlag.ts
/Users/piotrwisniewski/Developer/codex-wt/d-k6-execution-labels-w73/src/utils/tabeleArtifactOpen.ts
/Users/piotrwisniewski/Developer/codex-wt/d-k6-execution-labels-w73/src/components/AIChat/KimiWorkspace/tabeleShell/TabeleLeftRail.tsx
/Users/piotrwisniewski/Developer/codex-wt/d-k6-execution-labels-w73/src/components/AIChat/KimiWorkspace/tabeleShell/TabeleRightRail.tsx
/Users/piotrwisniewski/Developer/codex-wt/d-k6-execution-labels-w73/src/components/AIChat/KimiWorkspace/tabeleShell/TabeleTopBarChips.tsx
/Users/piotrwisniewski/Developer/codex-wt/d-k6-execution-labels-w73/src/components/AIChat/KimiWorkspace/tabeleShell/TabeleMelsView.tsx
/Users/piotrwisniewski/Developer/codex-wt/d-k6-execution-labels-w73/src/utils/tabeleAiEditorFlag.ts
/Users/piotrwisniewski/Developer/codex-wt/d-k6-execution-labels-w73/src/utils/tabeleConversionsFlag.ts
/Users/piotrwisniewski/Developer/codex-wt/d-k6-execution-labels-w73/src/utils/tabeleQaFlag.ts
/Users/piotrwisniewski/Developer/codex-wt/d-k6-execution-labels-w73/src/utils/tabeleSourcePackFlag.ts
/Users/piotrwisniewski/Developer/codex-wt/d-k6-execution-labels-w73/src/components/AIChat/KimiWorkspace/tabeleShell/aiEditor/levelMeta.ts
/Users/piotrwisniewski/Developer/codex-wt/d-k6-execution-labels-w73/src/components/AIChat/KimiWorkspace/tabeleShell/aiEditor/ProposalDiffCard.tsx
/Users/piotrwisniewski/Developer/codex-wt/d-k6-execution-labels-w73/src/components/AIChat/KimiWorkspace/tabeleShell/aiEditor/TabeleAiEditorPanel.tsx
/Users/piotrwisniewski/Developer/codex-wt/d-k6-execution-labels-w73/src/components/AIChat/KimiWorkspace/tabeleShell/qa/QaAxisCard.tsx
/Users/piotrwisniewski/Developer/codex-wt/d-k6-execution-labels-w73/src/components/AIChat/KimiWorkspace/tabeleShell/qa/QaHealthBar.tsx
/Users/piotrwisniewski/Developer/codex-wt/d-k6-execution-labels-w73/src/components/AIChat/KimiWorkspace/tabeleShell/qa/QaSuggestionList.tsx
/Users/piotrwisniewski/Developer/codex-wt/d-k6-execution-labels-w73/src/components/AIChat/KimiWorkspace/tabeleShell/qa/TabeleQaPanel.tsx
/Users/piotrwisniewski/Developer/codex-wt/d-k6-execution-labels-w73/src/components/AIChat/KimiWorkspace/tabeleShell/share/TabeleSharePanel.tsx
/Users/piotrwisniewski/Developer/codex-wt/d-k6-execution-labels-w73/src/components/AIChat/KimiWorkspace/tabeleShell/sourcePack/SourceCandidateCard.tsx
/Users/piotrwisniewski/Developer/codex-wt/d-k6-execution-labels-w73/src/components/AIChat/KimiWorkspace/tabeleShell/sourcePack/TabeleSourcePackPanel.tsx
/Users/piotrwisniewski/Developer/codex-wt/d-k6-execution-labels-w73/src/components/AIChat/KimiWorkspace/tabeleShell/useTabeleRightRailPanels.tsx
/Users/piotrwisniewski/Developer/codex-wt/d-k6-execution-labels-w73/src/components/AIChat/KimiWorkspace/tabeleSystemPrompt.ts
/Users/piotrwisniewski/Developer/codex-wt/d-k6-execution-labels-w73/src/components/AIChat/KimiWorkspace/TabeleView.tsx
/Users/piotrwisniewski/Developer/codex-wt/d-k6-execution-labels-w73/src/utils/exceleRightRailFlag.ts
/Users/piotrwisniewski/Developer/codex-wt/d-k6-execution-labels-w73/src/utils/spreadsheetArtifactIdentity.ts
/Users/piotrwisniewski/Developer/codex-wt/d-k6-execution-labels-w73/src/components/AIChat/KimiWorkspace/ExceleRightPanel.tsx
/Users/piotrwisniewski/Developer/codex-wt/d-k6-execution-labels-w73/src/components/AIChat/KimiWorkspace/ExceleRightRail.tsx
/Users/piotrwisniewski/Developer/codex-wt/d-k6-execution-labels-w73/src/components/AIChat/KimiWorkspace/spreadsheetToolbarIcons.tsx
/Users/piotrwisniewski/Developer/codex-wt/d-k6-execution-labels-w73/src/components/AIChat/KimiWorkspace/spreadsheetArtifactCommands.ts
/Users/piotrwisniewski/Developer/codex-wt/d-k6-execution-labels-w73/src/components/AIChat/KimiWorkspace/spreadsheetFindReplace.ts
/Users/piotrwisniewski/Developer/codex-wt/d-k6-execution-labels-w73/src/components/AIChat/KimiWorkspace/useWorkbookStudioController.ts
/Users/piotrwisniewski/Developer/codex-wt/d-k6-execution-labels-w73/src/components/AIChat/KimiWorkspace/SpreadsheetArtifactStudio.tsx
/Users/piotrwisniewski/Developer/codex-wt/d-k6-execution-labels-w73/src/components/AIChat/KimiWorkspace/ExceleView.tsx
/Users/piotrwisniewski/Developer/codex-wt/d-k6-execution-labels-w73/src/store/useDiscoveryStore.ts
/Users/piotrwisniewski/Developer/codex-wt/d-k6-execution-labels-w73/src/components/Discovery/nodes/AssessmentNode.tsx
/Users/piotrwisniewski/Developer/codex-wt/d-k6-execution-labels-w73/src/components/Discovery/nodes/InitiativeNode.tsx
/Users/piotrwisniewski/Developer/codex-wt/d-k6-execution-labels-w73/src/components/Discovery/nodes/InsightNode.tsx
/Users/piotrwisniewski/Developer/codex-wt/d-k6-execution-labels-w73/src/components/Discovery/nodes/OpportunityNode.tsx
/Users/piotrwisniewski/Developer/codex-wt/d-k6-execution-labels-w73/src/components/Discovery/nodes/PainPointNode.tsx
/Users/piotrwisniewski/Developer/codex-wt/d-k6-execution-labels-w73/src/components/Discovery/nodes/QuoteNode.tsx
/Users/piotrwisniewski/Developer/codex-wt/d-k6-execution-labels-w73/src/components/Discovery/nodes/RecommendationNode.tsx
/Users/piotrwisniewski/Developer/codex-wt/d-k6-execution-labels-w73/src/components/Discovery/nodes/ToolNode.tsx
/Users/piotrwisniewski/Developer/codex-wt/d-k6-execution-labels-w73/src/components/Discovery/nodes/index.ts
/Users/piotrwisniewski/Developer/codex-wt/d-k6-execution-labels-w73/src/components/Discovery/DiscoveryCanvas.tsx
/Users/piotrwisniewski/Developer/codex-wt/d-k6-execution-labels-w73/src/components/Discovery/DiscoveryFooterActions.tsx
/Users/piotrwisniewski/Developer/codex-wt/d-k6-execution-labels-w73/src/components/Discovery/DiscoveryHeader.tsx
/Users/piotrwisniewski/Developer/codex-wt/d-k6-execution-labels-w73/src/components/Discovery/hooks/useDiscoverySync.ts
/Users/piotrwisniewski/Developer/codex-wt/d-k6-execution-labels-w73/src/components/Discovery/ProjectConversionModal.tsx
/Users/piotrwisniewski/Developer/codex-wt/d-k6-execution-labels-w73/src/config/transformationTools.ts
/Users/piotrwisniewski/Developer/codex-wt/d-k6-execution-labels-w73/src/components/Discovery/RecommendationPanel.tsx
/Users/piotrwisniewski/Developer/codex-wt/d-k6-execution-labels-w73/src/components/Discovery/DiscoveryConsultantView.tsx
/Users/piotrwisniewski/Developer/codex-wt/d-k6-execution-labels-w73/src/components/Landing/MarketingLayout.tsx
/Users/piotrwisniewski/Developer/codex-wt/d-k6-execution-labels-w73/src/config/partnerKnowledge.ts
/Users/piotrwisniewski/Developer/codex-wt/d-k6-execution-labels-w73/src/views/partner/partnerProgramContent.ts
/Users/piotrwisniewski/Developer/codex-wt/d-k6-execution-labels-w73/src/views/partner/partnerProgramLocale.ts
/Users/piotrwisniewski/Developer/codex-wt/d-k6-execution-labels-w73/src/views/partner/ProviderHomeView.tsx
/Users/piotrwisniewski/Developer/codex-wt/d-k6-execution-labels-w73/src/views/BecomePartnerView.tsx
/Users/piotrwisniewski/Developer/codex-wt/d-k6-execution-labels-w73/src/views/PartnerApplicationView.tsx
/Users/piotrwisniewski/Developer/codex-wt/d-k6-execution-labels-w73/src/services/ai/intelligence.ts
/Users/piotrwisniewski/Developer/codex-wt/d-k6-execution-labels-w73/src/components/Intelligence/CategoryIcon.tsx
/Users/piotrwisniewski/Developer/codex-wt/d-k6-execution-labels-w73/src/components/Intelligence/InsightDetectionCard.tsx
/Users/piotrwisniewski/Developer/codex-wt/d-k6-execution-labels-w73/src/components/Intelligence/InterviewProgress.tsx
/Users/piotrwisniewski/Developer/codex-wt/d-k6-execution-labels-w73/src/views/ProjectIntelligenceView.tsx
/Users/piotrwisniewski/Developer/codex-wt/d-k6-execution-labels-w73/src/services/api/stakeholders.api.ts
/Users/piotrwisniewski/Developer/codex-wt/d-k6-execution-labels-w73/src/components/MyWork/CreateProgramModal.tsx
/Users/piotrwisniewski/Developer/codex-wt/d-k6-execution-labels-w73/src/components/MyWork/CreateProjectModal.tsx
/Users/piotrwisniewski/Developer/codex-wt/d-k6-execution-labels-w73/src/components/MyWork/ProjectRoleAssignmentsSummary.tsx
/Users/piotrwisniewski/Developer/codex-wt/d-k6-execution-labels-w73/src/components/MyWork/ProjectRolePermissionCopy.tsx
/Users/piotrwisniewski/Developer/codex-wt/d-k6-execution-labels-w73/src/components/MyWork/projectStageGateModel.ts
/Users/piotrwisniewski/Developer/codex-wt/d-k6-execution-labels-w73/src/components/MyWork/ProjectStageGatesPanel.tsx
/Users/piotrwisniewski/Developer/codex-wt/d-k6-execution-labels-w73/src/components/MyWork/MyProjects.tsx
/Users/piotrwisniewski/Developer/codex-wt/d-k6-execution-labels-w73/src/components/Initiatives/Generator/adapters/interview.ts
/Users/piotrwisniewski/Developer/codex-wt/d-k6-execution-labels-w73/src/components/Interview/interviewBackendRouting.ts
/Users/piotrwisniewski/Developer/codex-wt/d-k6-execution-labels-w73/src/hooks/useInterviewPermissions.ts
/Users/piotrwisniewski/Developer/codex-wt/d-k6-execution-labels-w73/src/labels/interviewCategoryLabels.ts
/Users/piotrwisniewski/Developer/codex-wt/d-k6-execution-labels-w73/src/components/Interview/templateLibraryMeta.ts
/Users/piotrwisniewski/Developer/codex-wt/d-k6-execution-labels-w73/src/components/Interview/AssignInterviewModal.tsx
/Users/piotrwisniewski/Developer/codex-wt/d-k6-execution-labels-w73/src/components/Interview/InsightCreatorModal.tsx
/Users/piotrwisniewski/Developer/codex-wt/d-k6-execution-labels-w73/src/services/initiatives/proposalReconciliation.ts
/Users/piotrwisniewski/Developer/codex-wt/d-k6-execution-labels-w73/src/services/initiatives/proposeCandidates.ts
/Users/piotrwisniewski/Developer/codex-wt/d-k6-execution-labels-w73/src/utils/initiativeDedupActionableFlag.ts
/Users/piotrwisniewski/Developer/codex-wt/d-k6-execution-labels-w73/src/services/api/cardValidators.ts
/Users/piotrwisniewski/Developer/codex-wt/d-k6-execution-labels-w73/src/services/api/initiativeSimilar.ts
/Users/piotrwisniewski/Developer/codex-wt/d-k6-execution-labels-w73/src/components/Initiatives/Wizard/ProposedCardsPanel.tsx
/Users/piotrwisniewski/Developer/codex-wt/d-k6-execution-labels-w73/src/components/Initiatives/Wizard/useProposeCards.ts
/Users/piotrwisniewski/Developer/codex-wt/d-k6-execution-labels-w73/src/components/Initiatives/Wizard/InitiativeCharterWizard.tsx
/Users/piotrwisniewski/Developer/codex-wt/d-k6-execution-labels-w73/src/components/Initiatives/Wizard/InitiativeCoverageWaveView.tsx
/Users/piotrwisniewski/Developer/codex-wt/d-k6-execution-labels-w73/src/components/Initiatives/Wizard/InitiativeProposalBoard.tsx
/Users/piotrwisniewski/Developer/codex-wt/d-k6-execution-labels-w73/src/components/Initiatives/Wizard/InitiativeGeneratorModal.tsx
/Users/piotrwisniewski/Developer/codex-wt/d-k6-execution-labels-w73/src/components/shared/artifact-actions/ArtifactActionPanel.tsx
/Users/piotrwisniewski/Developer/codex-wt/d-k6-execution-labels-w73/src/utils/initiativeLinks.ts
/Users/piotrwisniewski/Developer/codex-wt/d-k6-execution-labels-w73/src/components/Interview/insightQuotes.ts
/Users/piotrwisniewski/Developer/codex-wt/d-k6-execution-labels-w73/src/components/Interview/interviewDemoData.ts
/Users/piotrwisniewski/Developer/codex-wt/d-k6-execution-labels-w73/src/components/Interview/InsightViewer.tsx
/Users/piotrwisniewski/Developer/codex-wt/d-k6-execution-labels-w73/src/components/Interview/interviewActionMatrix.ts
/Users/piotrwisniewski/Developer/codex-wt/d-k6-execution-labels-w73/src/components/Interview/InterviewAssignmentPreview.tsx
/Users/piotrwisniewski/Developer/codex-wt/d-k6-execution-labels-w73/src/components/Interview/interviewErrorCopy.ts
/Users/piotrwisniewski/Developer/codex-wt/d-k6-execution-labels-w73/src/components/Interview/InterviewInitiativePreview.tsx
/Users/piotrwisniewski/Developer/codex-wt/d-k6-execution-labels-w73/src/components/Interview/InterviewInsightPreview.tsx
/Users/piotrwisniewski/Developer/codex-wt/d-k6-execution-labels-w73/src/components/Interview/InterviewSessionPreview.tsx
/Users/piotrwisniewski/Developer/codex-wt/d-k6-execution-labels-w73/src/components/Interview/InterviewTemplatePreview.tsx
/Users/piotrwisniewski/Developer/codex-wt/d-k6-execution-labels-w73/src/components/Interview/CategorySidebar.tsx
/Users/piotrwisniewski/Developer/codex-wt/d-k6-execution-labels-w73/src/components/Interview/CompanyFactsPanel.tsx
/Users/piotrwisniewski/Developer/codex-wt/d-k6-execution-labels-w73/src/components/Interview/ConversationalPanel.tsx
/Users/piotrwisniewski/Developer/codex-wt/d-k6-execution-labels-w73/src/components/Interview/EvidencePanel.tsx
/Users/piotrwisniewski/Developer/codex-wt/d-k6-execution-labels-w73/src/components/Interview/interviewCardContract.ts
/Users/piotrwisniewski/Developer/codex-wt/d-k6-execution-labels-w73/src/utils/stripInternalTextSuffix.ts
/Users/piotrwisniewski/Developer/codex-wt/d-k6-execution-labels-w73/src/components/Interview/QuestionsList.tsx
/Users/piotrwisniewski/Developer/codex-wt/d-k6-execution-labels-w73/src/components/Interview/InterviewSingleQuestionRuntime.tsx
/Users/piotrwisniewski/Developer/codex-wt/d-k6-execution-labels-w73/src/components/Interview/NotesPanel.tsx
/Users/piotrwisniewski/Developer/codex-wt/d-k6-execution-labels-w73/src/components/Interview/RuntimeModeSelector.tsx
/Users/piotrwisniewski/Developer/codex-wt/d-k6-execution-labels-w73/src/components/Interview/InterviewWorkspace.tsx
/Users/piotrwisniewski/Developer/codex-wt/d-k6-execution-labels-w73/src/components/Interview/TemplateBuilder.tsx
/Users/piotrwisniewski/Developer/codex-wt/d-k6-execution-labels-w73/src/components/Interview/InterviewHub.tsx
/Users/piotrwisniewski/Developer/codex-wt/d-k6-execution-labels-w73/src/components/ai/ActionAuditTrail.tsx
/Users/piotrwisniewski/Developer/codex-wt/d-k6-execution-labels-w73/src/components/ai/ActionDecisionDialog.tsx
/Users/piotrwisniewski/Developer/codex-wt/d-k6-execution-labels-w73/src/components/ai/ActionProposalList.tsx
/Users/piotrwisniewski/Developer/codex-wt/d-k6-execution-labels-w73/src/components/ai/ConfidenceBadge.tsx
/Users/piotrwisniewski/Developer/codex-wt/d-k6-execution-labels-w73/src/components/ai/EvidencePanel.tsx
/Users/piotrwisniewski/Developer/codex-wt/d-k6-execution-labels-w73/src/components/ai/ActionProposalDetail.tsx
/Users/piotrwisniewski/Developer/codex-wt/d-k6-execution-labels-w73/src/views/ActionProposalView.tsx
/Users/piotrwisniewski/Developer/codex-wt/d-k6-execution-labels-w73/src/components/Partner/PartnerCanonicalRuntimePanel.tsx
/Users/piotrwisniewski/Developer/codex-wt/d-k6-execution-labels-w73/src/components/Partner/PartnerSidebar.tsx
/Users/piotrwisniewski/Developer/codex-wt/d-k6-execution-labels-w73/src/components/Partner/PartnerLayout.tsx
/Users/piotrwisniewski/Developer/codex-wt/d-k6-execution-labels-w73/src/components/Partner/PartnerRuntimeSummaryStrip.tsx
/Users/piotrwisniewski/Developer/codex-wt/d-k6-execution-labels-w73/src/views/partner/partnerLegacyRoutes.ts
/Users/piotrwisniewski/Developer/codex-wt/d-k6-execution-labels-w73/src/views/partner/PartnerStartRouter.tsx
/Users/piotrwisniewski/Developer/Consultify/node_modules/@types/qrcode/index.d.ts
/Users/piotrwisniewski/Developer/codex-wt/d-k6-execution-labels-w73/src/views/partner/sections/ReferralToolsSection.tsx
/Users/piotrwisniewski/Developer/codex-wt/d-k6-execution-labels-w73/src/views/partner/sections/EarningsSection.tsx
/Users/piotrwisniewski/Developer/codex-wt/d-k6-execution-labels-w73/src/views/partner/ClientAccessView.tsx
/Users/piotrwisniewski/Developer/codex-wt/d-k6-execution-labels-w73/src/views/partner/PartnerPortalView.tsx
/Users/piotrwisniewski/Developer/codex-wt/d-k6-execution-labels-w73/src/views/partner/PartnerPricingView.tsx
/Users/piotrwisniewski/Developer/codex-wt/d-k6-execution-labels-w73/src/views/OrgSetupWizard.tsx
/Users/piotrwisniewski/Developer/Consultify/node_modules/uuid/dist/types.d.ts
/Users/piotrwisniewski/Developer/Consultify/node_modules/uuid/dist/max.d.ts
/Users/piotrwisniewski/Developer/Consultify/node_modules/uuid/dist/nil.d.ts
/Users/piotrwisniewski/Developer/Consultify/node_modules/uuid/dist/parse.d.ts
/Users/piotrwisniewski/Developer/Consultify/node_modules/uuid/dist/stringify.d.ts
/Users/piotrwisniewski/Developer/Consultify/node_modules/uuid/dist/v1.d.ts
/Users/piotrwisniewski/Developer/Consultify/node_modules/uuid/dist/v1ToV6.d.ts
/Users/piotrwisniewski/Developer/Consultify/node_modules/uuid/dist/v35.d.ts
/Users/piotrwisniewski/Developer/Consultify/node_modules/uuid/dist/v3.d.ts
/Users/piotrwisniewski/Developer/Consultify/node_modules/uuid/dist/v4.d.ts
/Users/piotrwisniewski/Developer/Consultify/node_modules/uuid/dist/v5.d.ts
/Users/piotrwisniewski/Developer/Consultify/node_modules/uuid/dist/v6.d.ts
/Users/piotrwisniewski/Developer/Consultify/node_modules/uuid/dist/v6ToV1.d.ts
/Users/piotrwisniewski/Developer/Consultify/node_modules/uuid/dist/v7.d.ts
/Users/piotrwisniewski/Developer/Consultify/node_modules/uuid/dist/validate.d.ts
/Users/piotrwisniewski/Developer/Consultify/node_modules/uuid/dist/version.d.ts
/Users/piotrwisniewski/Developer/Consultify/node_modules/uuid/dist/index.d.ts
/Users/piotrwisniewski/Developer/codex-wt/d-k6-execution-labels-w73/src/views/OnboardingWizard.tsx
/Users/piotrwisniewski/Developer/codex-wt/d-k6-execution-labels-w73/src/components/Onboarding/EnterpriseOnboardingWizard.tsx
/Users/piotrwisniewski/Developer/codex-wt/d-k6-execution-labels-w73/src/views/TrialEntryView.tsx
/Users/piotrwisniewski/Developer/codex-wt/d-k6-execution-labels-w73/src/views/legal/AboutView.tsx
/Users/piotrwisniewski/Developer/codex-wt/d-k6-execution-labels-w73/src/views/legal/ContactView.tsx
/Users/piotrwisniewski/Developer/codex-wt/d-k6-execution-labels-w73/src/views/VectorPage.tsx
/Users/piotrwisniewski/Developer/codex-wt/d-k6-execution-labels-w73/src/views/LegalIndexView.tsx
/Users/piotrwisniewski/Developer/codex-wt/d-k6-execution-labels-w73/src/views/LegalDocumentView.tsx
/Users/piotrwisniewski/Developer/codex-wt/d-k6-execution-labels-w73/src/views/OAuthCallback.tsx
/Users/piotrwisniewski/Developer/codex-wt/d-k6-execution-labels-w73/src/services/modules/AuthService.ts
/Users/piotrwisniewski/Developer/codex-wt/d-k6-execution-labels-w73/src/views/auth/ForgotPasswordView.tsx
/Users/piotrwisniewski/Developer/codex-wt/d-k6-execution-labels-w73/src/views/auth/ResetPasswordView.tsx
/Users/piotrwisniewski/Developer/codex-wt/d-k6-execution-labels-w73/src/views/StatusPageView.tsx
/Users/piotrwisniewski/Developer/codex-wt/d-k6-execution-labels-w73/src/components/shared/DynamicIcon.tsx
/Users/piotrwisniewski/Developer/codex-wt/d-k6-execution-labels-w73/src/config/releaseNotes.ts
/Users/piotrwisniewski/Developer/codex-wt/d-k6-execution-labels-w73/src/views/ChangelogView.tsx
/Users/piotrwisniewski/Developer/codex-wt/d-k6-execution-labels-w73/src/views/KnowledgeBaseEntryView.tsx
/Users/piotrwisniewski/Developer/codex-wt/d-k6-execution-labels-w73/src/views/AppPricingView.tsx
/Users/piotrwisniewski/Developer/codex-wt/d-k6-execution-labels-w73/src/views/ExecutiveView.tsx
/Users/piotrwisniewski/Developer/codex-wt/d-k6-execution-labels-w73/src/views/BusinessCasesPage.tsx
/Users/piotrwisniewski/Developer/codex-wt/d-k6-execution-labels-w73/src/hooks/useDocs.ts
/Users/piotrwisniewski/Developer/codex-wt/d-k6-execution-labels-w73/src/views/knowledge/KnowledgeBaseHomePage.tsx
/Users/piotrwisniewski/Developer/codex-wt/d-k6-execution-labels-w73/src/views/knowledge/KnowledgeBaseCategoryPage.tsx
/Users/piotrwisniewski/Developer/codex-wt/d-k6-execution-labels-w73/src/views/knowledge/KnowledgeBaseArticlePage.tsx
/Users/piotrwisniewski/Developer/codex-wt/d-k6-execution-labels-w73/src/layouts/DocsLayout.tsx
/Users/piotrwisniewski/Developer/codex-wt/d-k6-execution-labels-w73/src/views/docs/DocsHomeView.tsx
/Users/piotrwisniewski/Developer/codex-wt/d-k6-execution-labels-w73/src/views/docs/DocsCategoryView.tsx
/Users/piotrwisniewski/Developer/Consultify/node_modules/@types/react-syntax-highlighter/index.d.ts
/Users/piotrwisniewski/Developer/codex-wt/d-k6-execution-labels-w73/src/views/docs/DocsArticleView.tsx
/Users/piotrwisniewski/Developer/codex-wt/d-k6-execution-labels-w73/src/views/docs/DocsSearchView.tsx
/Users/piotrwisniewski/Developer/codex-wt/d-k6-execution-labels-w73/src/views/docs/DocsApiReferenceView.tsx
/Users/piotrwisniewski/Developer/codex-wt/d-k6-execution-labels-w73/src/views/docs/DocsChangelogView.tsx
/Users/piotrwisniewski/Developer/codex-wt/d-k6-execution-labels-w73/src/views/docs/DocsSecurityView.tsx
/Users/piotrwisniewski/Developer/codex-wt/d-k6-execution-labels-w73/src/components/MyWork/table/forms/PublicFormFieldInput.tsx
/Users/piotrwisniewski/Developer/codex-wt/d-k6-execution-labels-w73/src/components/MyWork/table/forms/PublicFormPage.tsx
/Users/piotrwisniewski/Developer/codex-wt/d-k6-execution-labels-w73/src/components/MyWork/table/forms/PublicJwtFormPage.tsx
/Users/piotrwisniewski/Developer/codex-wt/d-k6-execution-labels-w73/src/components/MyWork/table/PublicViewPage.tsx
/Users/piotrwisniewski/Developer/codex-wt/d-k6-execution-labels-w73/src/components/DocumentStudio/publicReader/ReaderCommentsPanel.tsx
/Users/piotrwisniewski/Developer/codex-wt/d-k6-execution-labels-w73/src/components/DocumentStudio/publicReader/SharedDocumentReaderPage.tsx
/Users/piotrwisniewski/Developer/codex-wt/d-k6-execution-labels-w73/src/views/PublicBookingView.tsx
/Users/piotrwisniewski/Developer/codex-wt/d-k6-execution-labels-w73/src/components/Audit/method/auditsMethodApi.ts
/Users/piotrwisniewski/Developer/codex-wt/d-k6-execution-labels-w73/src/components/Initiatives/Generator/adapters/audit.ts
/Users/piotrwisniewski/Developer/codex-wt/d-k6-execution-labels-w73/src/utils/auditsScaleAndPolishFlag.ts
/Users/piotrwisniewski/Developer/codex-wt/d-k6-execution-labels-w73/src/components/Audit/method/auditStatusTones.ts
/Users/piotrwisniewski/Developer/codex-wt/d-k6-execution-labels-w73/src/components/Audit/method/GeneratorWnioskuAudytuModal.tsx
/Users/piotrwisniewski/Developer/codex-wt/d-k6-execution-labels-w73/src/components/Audit/method/auditRoleLabels.ts
/Users/piotrwisniewski/Developer/codex-wt/d-k6-execution-labels-w73/src/components/Audit/method/tabs/AuditLibraryTab.tsx
/Users/piotrwisniewski/Developer/codex-wt/d-k6-execution-labels-w73/src/components/Audit/method/NewAuditModal.tsx
/Users/piotrwisniewski/Developer/codex-wt/d-k6-execution-labels-w73/src/components/Audit/method/NewAuditOutputModal.tsx
/Users/piotrwisniewski/Developer/codex-wt/d-k6-execution-labels-w73/src/components/Audit/method/NewAuditReportModal.tsx
/Users/piotrwisniewski/Developer/codex-wt/d-k6-execution-labels-w73/src/components/Audit/method/wnioski/projekcjaWnioskowAudytu.ts
/Users/piotrwisniewski/Developer/codex-wt/d-k6-execution-labels-w73/src/components/Audit/method/tabs/AuditConclusionsTab.tsx
/Users/piotrwisniewski/Developer/codex-wt/d-k6-execution-labels-w73/src/components/Audit/method/tabs/AuditInitiativesTab.tsx
/Users/piotrwisniewski/Developer/codex-wt/d-k6-execution-labels-w73/src/components/Audit/method/tabs/AuditCriteriaBrowser.tsx
/Users/piotrwisniewski/Developer/codex-wt/d-k6-execution-labels-w73/src/components/Audit/method/tabs/AuditProcessesTab.tsx
/Users/piotrwisniewski/Developer/codex-wt/d-k6-execution-labels-w73/src/components/Audit/method/tabs/AuditReportsTab.tsx
/Users/piotrwisniewski/Developer/codex-wt/d-k6-execution-labels-w73/src/components/Audit/method/AuditsMethodHub.tsx
/Users/piotrwisniewski/Developer/codex-wt/d-k6-execution-labels-w73/src/utils/criterionWorkspaceV2Flag.ts
/Users/piotrwisniewski/Developer/codex-wt/d-k6-execution-labels-w73/src/components/Audit/method/workspace/CriterionChain.tsx
/Users/piotrwisniewski/Developer/codex-wt/d-k6-execution-labels-w73/src/components/Audit/method/workspace/AuditActionCards.tsx
/Users/piotrwisniewski/Developer/codex-wt/d-k6-execution-labels-w73/src/components/Audit/method/workspace/workspaceApi.ts
/Users/piotrwisniewski/Developer/codex-wt/d-k6-execution-labels-w73/src/components/Audit/method/workspace/EvidencePanel.tsx
/Users/piotrwisniewski/Developer/codex-wt/d-k6-execution-labels-w73/src/components/Audit/method/workspace/TeresaProposalCard.tsx
/Users/piotrwisniewski/Developer/codex-wt/d-k6-execution-labels-w73/src/components/Audit/method/workspace/FindingPanel.tsx
/Users/piotrwisniewski/Developer/codex-wt/d-k6-execution-labels-w73/src/components/Audit/method/workspace/RemediationPanel.tsx
/Users/piotrwisniewski/Developer/codex-wt/d-k6-execution-labels-w73/src/components/Audit/method/workspace/chainLinks.ts
/Users/piotrwisniewski/Developer/codex-wt/d-k6-execution-labels-w73/src/components/Audit/method/workspace/CriterionWorkspace.tsx
/Users/piotrwisniewski/Developer/codex-wt/d-k6-execution-labels-w73/src/components/Audit/method/workspace/v2/CriterionWorkspaceV2.tsx
/Users/piotrwisniewski/Developer/codex-wt/d-k6-execution-labels-w73/src/components/Audit/method/workspace/CriterionWorkspaceGate.tsx
/Users/piotrwisniewski/Developer/codex-wt/d-k6-execution-labels-w73/src/components/Audit/method/AuditReportDocumentView.tsx
/Users/piotrwisniewski/Developer/codex-wt/d-k6-execution-labels-w73/src/method-core/outputs/types.ts
/Users/piotrwisniewski/Developer/codex-wt/d-k6-execution-labels-w73/src/method-core/outputs/contentHash.ts
/Users/piotrwisniewski/Developer/codex-wt/d-k6-execution-labels-w73/src/method-core/outputs/freeze.ts
/Users/piotrwisniewski/Developer/codex-wt/d-k6-execution-labels-w73/src/method-core/outputs/finding.ts
/Users/piotrwisniewski/Developer/codex-wt/d-k6-execution-labels-w73/src/method-core/outputs/assessmentOutput.ts
/Users/piotrwisniewski/Developer/codex-wt/d-k6-execution-labels-w73/src/method-core/outputs/reportSnapshot.ts
/Users/piotrwisniewski/Developer/codex-wt/d-k6-execution-labels-w73/src/method-core/outputs/presentationSourceBlock.ts
/Users/piotrwisniewski/Developer/codex-wt/d-k6-execution-labels-w73/src/method-core/outputs/initiativeDraft.ts
/Users/piotrwisniewski/Developer/codex-wt/d-k6-execution-labels-w73/src/method-core/outputs/supersession.ts
/Users/piotrwisniewski/Developer/codex-wt/d-k6-execution-labels-w73/src/method-core/outputs/index.ts
/Users/piotrwisniewski/Developer/codex-wt/d-k6-execution-labels-w73/src/components/assessment/groupLabels.ts
/Users/piotrwisniewski/Developer/codex-wt/d-k6-execution-labels-w73/src/components/assessment/presentation/buildPresentationDeck.ts
/Users/piotrwisniewski/Developer/codex-wt/d-k6-execution-labels-w73/src/components/assessment/presentation/rawOutputTypes.ts
/Users/piotrwisniewski/Developer/codex-wt/d-k6-execution-labels-w73/src/components/assessment/presentation/outputAdapter.ts
/Users/piotrwisniewski/Developer/codex-wt/d-k6-execution-labels-w73/src/components/assessment/presentation/PresentationSlideShell.tsx
/Users/piotrwisniewski/Developer/codex-wt/d-k6-execution-labels-w73/src/components/assessment/presentation/slides.tsx
/Users/piotrwisniewski/Developer/codex-wt/d-k6-execution-labels-w73/src/components/assessment/presentation/PresentationDeck.tsx
/Users/piotrwisniewski/Developer/codex-wt/d-k6-execution-labels-w73/src/components/assessment/presentation/AssessmentPresentationView.tsx
/Users/piotrwisniewski/Developer/codex-wt/d-k6-execution-labels-w73/src/components/Survey/SurveyShell.tsx
/Users/piotrwisniewski/Developer/codex-wt/d-k6-execution-labels-w73/src/views/PublicMiniAssessmentView.tsx
/Users/piotrwisniewski/Developer/codex-wt/d-k6-execution-labels-w73/src/services/api/publicInterview.ts
/Users/piotrwisniewski/Developer/codex-wt/d-k6-execution-labels-w73/src/views/PublicInterviewRespondentView.tsx
/Users/piotrwisniewski/Developer/codex-wt/d-k6-execution-labels-w73/src/components/Discovery/ToolsV8CanonPanel.tsx
/Users/piotrwisniewski/Developer/codex-wt/d-k6-execution-labels-w73/src/data/toolEducationData.ts
/Users/piotrwisniewski/Developer/codex-wt/d-k6-execution-labels-w73/src/components/Education/ToolVideoModal.tsx
/Users/piotrwisniewski/Developer/codex-wt/d-k6-execution-labels-w73/src/views/ToolsShowcasePage.tsx
/Users/piotrwisniewski/Developer/codex-wt/d-k6-execution-labels-w73/src/data/auditShowcaseData.ts
/Users/piotrwisniewski/Developer/codex-wt/d-k6-execution-labels-w73/src/views/AuditsShowcasePage.tsx
/Users/piotrwisniewski/Developer/codex-wt/d-k6-execution-labels-w73/src/components/Landing/FullVideoModal.tsx
/Users/piotrwisniewski/Developer/codex-wt/d-k6-execution-labels-w73/src/views/ResourcesPage.tsx
/Users/piotrwisniewski/Developer/codex-wt/d-k6-execution-labels-w73/src/views/HowItWorksPage.tsx
/Users/piotrwisniewski/Developer/codex-wt/d-k6-execution-labels-w73/src/views/AppIntroView.tsx
/Users/piotrwisniewski/Developer/codex-wt/d-k6-execution-labels-w73/src/views/DRDMatrixPreview.tsx
/Users/piotrwisniewski/Developer/codex-wt/d-k6-execution-labels-w73/src/views/ForWhomPage.tsx
/Users/piotrwisniewski/Developer/codex-wt/d-k6-execution-labels-w73/src/views/PricingLandingPage.tsx
/Users/piotrwisniewski/Developer/codex-wt/d-k6-execution-labels-w73/src/views/EnterprisePage.tsx
/Users/piotrwisniewski/Developer/codex-wt/d-k6-execution-labels-w73/src/views/OurStoryPage.tsx
/Users/piotrwisniewski/Developer/codex-wt/d-k6-execution-labels-w73/src/routes/AppRoutes.tsx
/Users/piotrwisniewski/Developer/codex-wt/d-k6-execution-labels-w73/src/constants/countries.ts
/Users/piotrwisniewski/Developer/codex-wt/d-k6-execution-labels-w73/src/views/AcceptInvitationView.tsx
/Users/piotrwisniewski/Developer/codex-wt/d-k6-execution-labels-w73/src/views/reports/InitiativeExecutionReport.tsx
/Users/piotrwisniewski/Developer/codex-wt/d-k6-execution-labels-w73/src/views/reports/OrganizationOverviewReport.tsx
/Users/piotrwisniewski/Developer/codex-wt/d-k6-execution-labels-w73/src/views/reports/PublicReportView.tsx
/Users/piotrwisniewski/Developer/codex-wt/d-k6-execution-labels-w73/src/views/reports/PublicReportBuilderView.tsx
/Users/piotrwisniewski/Developer/codex-wt/d-k6-execution-labels-w73/src/views/SharedConversationView.tsx
/Users/piotrwisniewski/Developer/codex-wt/d-k6-execution-labels-w73/src/views/PublicArtifactView.tsx
/Users/piotrwisniewski/Developer/codex-wt/d-k6-execution-labels-w73/src/components/Subscriber/SubscriberDashboardLayout.tsx
/Users/piotrwisniewski/Developer/codex-wt/d-k6-execution-labels-w73/src/services/subscriberDashboardClient.ts
/Users/piotrwisniewski/Developer/codex-wt/d-k6-execution-labels-w73/src/components/Subscriber/SubscriberDispatchTable.tsx
/Users/piotrwisniewski/Developer/codex-wt/d-k6-execution-labels-w73/src/components/Subscriber/SubscriberHealthBadge.tsx
/Users/piotrwisniewski/Developer/codex-wt/d-k6-execution-labels-w73/src/views/subscriber/SubscriberDashboardPage.tsx
/Users/piotrwisniewski/Developer/codex-wt/d-k6-execution-labels-w73/src/pages/dev/styleguide/ComponentsSection.tsx
/Users/piotrwisniewski/Developer/codex-wt/d-k6-execution-labels-w73/src/pages/dev/styleguide/StatesSection.tsx
/Users/piotrwisniewski/Developer/codex-wt/d-k6-execution-labels-w73/src/pages/dev/styleguide/useTokenPairs.ts
/Users/piotrwisniewski/Developer/codex-wt/d-k6-execution-labels-w73/src/pages/dev/styleguide/TokensSection.tsx
/Users/piotrwisniewski/Developer/codex-wt/d-k6-execution-labels-w73/src/pages/dev/StyleGuide.tsx
/Users/piotrwisniewski/Developer/codex-wt/d-k6-execution-labels-w73/src/App.tsx
/Users/piotrwisniewski/Developer/Consultify/node_modules/@types/react-dom/client.d.ts
/Users/piotrwisniewski/Developer/codex-wt/d-k6-execution-labels-w73/src/utils/webVitals.ts
/Users/piotrwisniewski/Developer/codex-wt/d-k6-execution-labels-w73/src/bootstrap/clientWebVitals.ts
/Users/piotrwisniewski/Developer/codex-wt/d-k6-execution-labels-w73/src/bootstrap/installChunkReloadGuard.ts
/Users/piotrwisniewski/Developer/codex-wt/d-k6-execution-labels-w73/src/bootstrap/documentLifecycleWebPerf.ts
/Users/piotrwisniewski/Developer/codex-wt/d-k6-execution-labels-w73/src/components/RuntimeDiagnosticPanel.tsx
/Users/piotrwisniewski/Developer/codex-wt/d-k6-execution-labels-w73/src/services/csrfClient.ts
/Users/piotrwisniewski/Developer/codex-wt/d-k6-execution-labels-w73/src/services/globalAuthFetchGuard.ts
/Users/piotrwisniewski/Developer/codex-wt/d-k6-execution-labels-w73/src/index.tsx
/Users/piotrwisniewski/Developer/Consultify/node_modules/vite/types/hmrPayload.d.ts
/Users/piotrwisniewski/Developer/Consultify/node_modules/vite/types/customEvent.d.ts
/Users/piotrwisniewski/Developer/Consultify/node_modules/vite/types/hot.d.ts
/Users/piotrwisniewski/Developer/Consultify/node_modules/vite/types/importGlob.d.ts
/Users/piotrwisniewski/Developer/Consultify/node_modules/vite/types/importMeta.d.ts
/Users/piotrwisniewski/Developer/Consultify/node_modules/vite/client.d.ts
/Users/piotrwisniewski/Developer/codex-wt/d-k6-execution-labels-w73/src/vite-env.d.ts
/Users/piotrwisniewski/Developer/Consultify/node_modules/@types/aria-query/index.d.ts
/Users/piotrwisniewski/Developer/Consultify/node_modules/@testing-library/dom/types/matches.d.ts
/Users/piotrwisniewski/Developer/Consultify/node_modules/@testing-library/dom/types/wait-for.d.ts
/Users/piotrwisniewski/Developer/Consultify/node_modules/@testing-library/dom/types/query-helpers.d.ts
/Users/piotrwisniewski/Developer/Consultify/node_modules/@testing-library/dom/types/queries.d.ts
/Users/piotrwisniewski/Developer/Consultify/node_modules/@testing-library/dom/types/get-queries-for-element.d.ts
/Users/piotrwisniewski/Developer/Consultify/node_modules/pretty-format/build/types.d.ts
/Users/piotrwisniewski/Developer/Consultify/node_modules/pretty-format/build/index.d.ts
/Users/piotrwisniewski/Developer/Consultify/node_modules/@testing-library/dom/types/screen.d.ts
/Users/piotrwisniewski/Developer/Consultify/node_modules/@testing-library/dom/types/wait-for-element-to-be-removed.d.ts
/Users/piotrwisniewski/Developer/Consultify/node_modules/@testing-library/dom/types/get-node-text.d.ts
/Users/piotrwisniewski/Developer/Consultify/node_modules/@testing-library/dom/types/events.d.ts
/Users/piotrwisniewski/Developer/Consultify/node_modules/@testing-library/dom/types/pretty-dom.d.ts
/Users/piotrwisniewski/Developer/Consultify/node_modules/@testing-library/dom/types/role-helpers.d.ts
/Users/piotrwisniewski/Developer/Consultify/node_modules/@testing-library/dom/types/config.d.ts
/Users/piotrwisniewski/Developer/Consultify/node_modules/@testing-library/dom/types/suggestions.d.ts
/Users/piotrwisniewski/Developer/Consultify/node_modules/@testing-library/dom/types/index.d.ts
/Users/piotrwisniewski/Developer/Consultify/node_modules/@types/react-dom/test-utils/index.d.ts
/Users/piotrwisniewski/Developer/Consultify/node_modules/@testing-library/react/types/index.d.ts
/Users/piotrwisniewski/Developer/Consultify/node_modules/@vitest/pretty-format/dist/index.d.ts
/Users/piotrwisniewski/Developer/Consultify/node_modules/@vitest/utils/dist/display.d.ts
/Users/piotrwisniewski/Developer/Consultify/node_modules/@vitest/utils/dist/types.d.ts
/Users/piotrwisniewski/Developer/Consultify/node_modules/@vitest/utils/dist/helpers.d.ts
/Users/piotrwisniewski/Developer/Consultify/node_modules/@vitest/utils/dist/timers.d.ts
/Users/piotrwisniewski/Developer/Consultify/node_modules/@vitest/utils/dist/index.d.ts
/Users/piotrwisniewski/Developer/Consultify/node_modules/@vitest/utils/dist/types.d-BCElaP-c.d.ts
/Users/piotrwisniewski/Developer/Consultify/node_modules/@vitest/utils/dist/diff.d.ts
/Users/piotrwisniewski/Developer/Consultify/node_modules/@vitest/runner/dist/tasks.d-DEYaIMIu.d.ts
/Users/piotrwisniewski/Developer/Consultify/node_modules/@vitest/runner/dist/index.d.ts
/Users/piotrwisniewski/Developer/Consultify/node_modules/vitest/dist/chunks/traces.d.D2T_R8rx.d.ts
/Users/piotrwisniewski/Developer/Consultify/node_modules/vite/dist/node/moduleRunnerTransport.d-DJ_mE5sf.d.ts
/Users/piotrwisniewski/Developer/Consultify/node_modules/vite/dist/node/module-runner.d.ts
/Users/piotrwisniewski/Developer/Consultify/node_modules/@vitest/snapshot/dist/environment.d-DOJxxZV9.d.ts
/Users/piotrwisniewski/Developer/Consultify/node_modules/@vitest/snapshot/dist/rawSnapshot.d-D_X3-62x.d.ts
/Users/piotrwisniewski/Developer/Consultify/node_modules/@vitest/snapshot/dist/index.d.ts
/Users/piotrwisniewski/Developer/Consultify/node_modules/vitest/dist/chunks/config.d.A1h_Y6Jt.d.ts
/Users/piotrwisniewski/Developer/Consultify/node_modules/vitest/dist/chunks/environment.d.CrsxCzP1.d.ts
/Users/piotrwisniewski/Developer/Consultify/node_modules/vitest/dist/chunks/rpc.d.B_8sPU0w.d.ts
/Users/piotrwisniewski/Developer/Consultify/node_modules/vitest/dist/chunks/worker.d.ZpHpO4yb.d.ts
/Users/piotrwisniewski/Developer/Consultify/node_modules/vitest/dist/chunks/browser.d.BcoexmFG.d.ts
/Users/piotrwisniewski/Developer/Consultify/node_modules/@vitest/spy/optional-types.d.ts
/Users/piotrwisniewski/Developer/Consultify/node_modules/@vitest/spy/dist/index.d.ts
/Users/piotrwisniewski/Developer/Consultify/node_modules/tinyrainbow/dist/index.d.ts
/Users/piotrwisniewski/Developer/Consultify/node_modules/@standard-schema/spec/dist/index.d.ts
/Users/piotrwisniewski/Developer/Consultify/node_modules/@types/deep-eql/index.d.ts
/Users/piotrwisniewski/Developer/Consultify/node_modules/assertion-error/index.d.ts
/Users/piotrwisniewski/Developer/Consultify/node_modules/@types/chai/index.d.ts
/Users/piotrwisniewski/Developer/Consultify/node_modules/@vitest/expect/dist/index.d.ts
/Users/piotrwisniewski/Developer/Consultify/node_modules/@vitest/runner/dist/utils.d.ts
/Users/piotrwisniewski/Developer/Consultify/node_modules/tinybench/dist/index.d.ts
/Users/piotrwisniewski/Developer/Consultify/node_modules/vitest/dist/chunks/benchmark.d.DAaHLpsq.d.ts
/Users/piotrwisniewski/Developer/Consultify/node_modules/vitest/dist/chunks/global.d.DVsSRdQ5.d.ts
/Users/piotrwisniewski/Developer/Consultify/node_modules/vitest/optional-runtime-types.d.ts
/Users/piotrwisniewski/Developer/Consultify/node_modules/@vitest/mocker/dist/types.d-BjI5eAwu.d.ts
/Users/piotrwisniewski/Developer/Consultify/node_modules/@vitest/mocker/dist/index.d-B41z0AuW.d.ts
/Users/piotrwisniewski/Developer/Consultify/node_modules/@vitest/mocker/dist/index.d.ts
/Users/piotrwisniewski/Developer/Consultify/node_modules/vitest/dist/chunks/suite.d.udJtyAgw.d.ts
/Users/piotrwisniewski/Developer/Consultify/node_modules/vitest/dist/chunks/evaluatedModules.d.BxJ5omdx.d.ts
/Users/piotrwisniewski/Developer/Consultify/node_modules/vitest/dist/runners.d.ts
/Users/piotrwisniewski/Developer/Consultify/node_modules/expect-type/dist/utils.d.ts
/Users/piotrwisniewski/Developer/Consultify/node_modules/expect-type/dist/overloads.d.ts
/Users/piotrwisniewski/Developer/Consultify/node_modules/expect-type/dist/branding.d.ts
/Users/piotrwisniewski/Developer/Consultify/node_modules/expect-type/dist/messages.d.ts
/Users/piotrwisniewski/Developer/Consultify/node_modules/expect-type/dist/index.d.ts
/Users/piotrwisniewski/Developer/Consultify/node_modules/vitest/dist/index.d.ts
/Users/piotrwisniewski/Developer/codex-wt/d-k6-execution-labels-w73/src/__tests__/superadmin/SSOConfigurationView.test.tsx
/Users/piotrwisniewski/Developer/codex-wt/d-k6-execution-labels-w73/shared/contracts/federatedActionManifest.types.d.ts
/Users/piotrwisniewski/Developer/codex-wt/d-k6-execution-labels-w73/shared/contracts/federatedActionManifest.ts
/Users/piotrwisniewski/Developer/codex-wt/d-k6-execution-labels-w73/src/actions/federatedActionAdapters.ts
/Users/piotrwisniewski/Developer/codex-wt/d-k6-execution-labels-w73/src/bootstrap/reactRecoverableTelemetry.ts
/Users/piotrwisniewski/Developer/codex-wt/d-k6-execution-labels-w73/src/components/AIAnalyticsDashboard.tsx
/Users/piotrwisniewski/Developer/codex-wt/d-k6-execution-labels-w73/src/components/AIFeedbackButton.tsx
/Users/piotrwisniewski/Developer/codex-wt/d-k6-execution-labels-w73/src/services/ai/agent.ts
/Users/piotrwisniewski/Developer/codex-wt/d-k6-execution-labels-w73/src/components/AIInsightFeed.tsx
/Users/piotrwisniewski/Developer/codex-wt/d-k6-execution-labels-w73/src/components/AIInterviewModal.tsx
/Users/piotrwisniewski/Developer/codex-wt/d-k6-execution-labels-w73/src/components/AIUsageIndicator.tsx
/Users/piotrwisniewski/Developer/codex-wt/d-k6-execution-labels-w73/src/services/analytics.ts
/Users/piotrwisniewski/Developer/codex-wt/d-k6-execution-labels-w73/src/components/AdvancedAnalytics.tsx
/Users/piotrwisniewski/Developer/codex-wt/d-k6-execution-labels-w73/src/components/AiInsightModal.tsx
/Users/piotrwisniewski/Developer/codex-wt/d-k6-execution-labels-w73/src/components/ConversionModal.tsx
/Users/piotrwisniewski/Developer/codex-wt/d-k6-execution-labels-w73/src/components/CookieConsentBanner.tsx
/Users/piotrwisniewski/Developer/codex-wt/d-k6-execution-labels-w73/src/components/FullPilotWorkspace.tsx
/Users/piotrwisniewski/Developer/codex-wt/d-k6-execution-labels-w73/src/components/FullReportDocument.tsx
/Users/piotrwisniewski/Developer/codex-wt/d-k6-execution-labels-w73/src/components/InitiativeCard.tsx
/Users/piotrwisniewski/Developer/codex-wt/d-k6-execution-labels-w73/src/utils/businessCaseAdvisoryFlag.ts
/Users/piotrwisniewski/Developer/codex-wt/d-k6-execution-labels-w73/src/services/api/v8/advisory.ts
/Users/piotrwisniewski/Developer/codex-wt/d-k6-execution-labels-w73/src/components/Economics/InitiativeBusinessCaseCard.tsx
/Users/piotrwisniewski/Developer/codex-wt/d-k6-execution-labels-w73/src/components/Economics/InitiativeFinancialIntegration.tsx
/Users/piotrwisniewski/Developer/codex-wt/d-k6-execution-labels-w73/src/components/InitiativeIntelligenceTab.tsx
/Users/piotrwisniewski/Developer/codex-wt/d-k6-execution-labels-w73/src/components/TaskDetailModal.tsx
/Users/piotrwisniewski/Developer/codex-wt/d-k6-execution-labels-w73/src/components/InitiativeTasksTab.tsx
/Users/piotrwisniewski/Developer/codex-wt/d-k6-execution-labels-w73/src/components/InitiativeDetailModal.tsx
/Users/piotrwisniewski/Developer/codex-wt/d-k6-execution-labels-w73/src/components/TaskCard.tsx
/Users/piotrwisniewski/Developer/codex-wt/d-k6-execution-labels-w73/src/components/InitiativeTaskBoard.tsx
/Users/piotrwisniewski/Developer/codex-wt/d-k6-execution-labels-w73/src/components/InviteUserModal.tsx
/Users/piotrwisniewski/Developer/codex-wt/d-k6-execution-labels-w73/src/components/ModelSelector.tsx
/Users/piotrwisniewski/Developer/codex-wt/d-k6-execution-labels-w73/src/components/OnboardingTour.tsx
/Users/piotrwisniewski/Developer/codex-wt/d-k6-execution-labels-w73/src/components/OrgSwitcher.tsx
/Users/piotrwisniewski/Developer/codex-wt/d-k6-execution-labels-w73/src/components/ROIPaybackChart.tsx
/Users/piotrwisniewski/Developer/codex-wt/d-k6-execution-labels-w73/src/components/RebalanceModal.tsx
/Users/piotrwisniewski/Developer/codex-wt/d-k6-execution-labels-w73/src/components/RoadmapCapacityHeatmap.tsx
/Users/piotrwisniewski/Developer/codex-wt/d-k6-execution-labels-w73/src/types/domain/index.ts
/Users/piotrwisniewski/Developer/codex-wt/d-k6-execution-labels-w73/src/components/PMO/StatusTransitionDropdown.tsx
/Users/piotrwisniewski/Developer/codex-wt/d-k6-execution-labels-w73/src/components/RoadmapGantt.tsx
/Users/piotrwisniewski/Developer/codex-wt/d-k6-execution-labels-w73/src/components/RoadmapKanban.tsx
/Users/piotrwisniewski/Developer/codex-wt/d-k6-execution-labels-w73/src/components/RoadmapSummary.tsx
/Users/piotrwisniewski/Developer/codex-wt/d-k6-execution-labels-w73/src/components/RolloutStrategyTab.tsx
/Users/piotrwisniewski/Developer/codex-wt/d-k6-execution-labels-w73/src/components/RolloutTeamsTab.tsx
/Users/piotrwisniewski/Developer/codex-wt/d-k6-execution-labels-w73/src/components/billing/UsageMeters.tsx
/Users/piotrwisniewski/Developer/codex-wt/d-k6-execution-labels-w73/src/components/SidebarUsage.tsx
/Users/piotrwisniewski/Developer/codex-wt/d-k6-execution-labels-w73/src/components/WorkloadChart.tsx
/Users/piotrwisniewski/Developer/codex-wt/d-k6-execution-labels-w73/src/components/AIChat/AIActionCard.tsx
/Users/piotrwisniewski/Developer/codex-wt/d-k6-execution-labels-w73/src/components/AIChat/AIRoleBadge.tsx
/Users/piotrwisniewski/Developer/codex-wt/d-k6-execution-labels-w73/src/services/api/agentManifests.api.ts
/Users/piotrwisniewski/Developer/codex-wt/d-k6-execution-labels-w73/src/services/api/agentPlan.api.ts
/Users/piotrwisniewski/Developer/codex-wt/d-k6-execution-labels-w73/src/components/AIChat/agentWorkshopCatalog.ts
/Users/piotrwisniewski/Developer/codex-wt/d-k6-execution-labels-w73/src/components/AIChat/AgentWorkshopPalette.tsx
/Users/piotrwisniewski/Developer/codex-wt/d-k6-execution-labels-w73/src/components/AIChat/AgentPlanCanvas.tsx
/Users/piotrwisniewski/Developer/codex-wt/d-k6-execution-labels-w73/src/components/AIChat/AgentWorkshopControls.tsx
/Users/piotrwisniewski/Developer/codex-wt/d-k6-execution-labels-w73/src/components/AIChat/AgentPlanPanel.tsx
/Users/piotrwisniewski/Developer/codex-wt/d-k6-execution-labels-w73/src/components/AIChat/AgentManifestLauncher.tsx
/Users/piotrwisniewski/Developer/codex-wt/d-k6-execution-labels-w73/src/components/AIChat/AgentPlanWorkspace.tsx
/Users/piotrwisniewski/Developer/codex-wt/d-k6-execution-labels-w73/src/components/AIChat/AgentOperationsPanel.tsx
/Users/piotrwisniewski/Developer/codex-wt/d-k6-execution-labels-w73/src/services/api/agentMaterialization.api.ts
/Users/piotrwisniewski/Developer/codex-wt/d-k6-execution-labels-w73/src/components/AIChat/AgentMaterializationPanel.tsx
/Users/piotrwisniewski/Developer/codex-wt/d-k6-execution-labels-w73/src/services/api/v8/transformation-cases.ts
/Users/piotrwisniewski/Developer/codex-wt/d-k6-execution-labels-w73/src/components/AIChat/AgentProcessTemplatesPanel.tsx
/Users/piotrwisniewski/Developer/codex-wt/d-k6-execution-labels-w73/src/components/AIChat/ProjectTeamCard.tsx
/Users/piotrwisniewski/Developer/codex-wt/d-k6-execution-labels-w73/src/components/AIChat/TransformationCasesPanel.tsx
/Users/piotrwisniewski/Developer/codex-wt/d-k6-execution-labels-w73/src/components/AIChat/AgentHubShell.tsx
/Users/piotrwisniewski/Developer/codex-wt/d-k6-execution-labels-w73/src/components/AIChat/CoThinkerModeSelector.tsx
/Users/piotrwisniewski/Developer/codex-wt/d-k6-execution-labels-w73/src/components/AIChat/InputHintStrip.tsx
/Users/piotrwisniewski/Developer/codex-wt/d-k6-execution-labels-w73/src/components/AIChat/ResearchClarification.tsx
/Users/piotrwisniewski/Developer/codex-wt/d-k6-execution-labels-w73/src/components/AIChat/TTSIndicator.tsx
/Users/piotrwisniewski/Developer/codex-wt/d-k6-execution-labels-w73/src/components/AIChat/WorkModeMenu.tsx
/Users/piotrwisniewski/Developer/codex-wt/d-k6-execution-labels-w73/src/components/AIChat/transformationIntentDetector.ts
/Users/piotrwisniewski/Developer/codex-wt/d-k6-execution-labels-w73/src/components/AIChat/unbackedCanvasClaim.ts
/Users/piotrwisniewski/Developer/codex-wt/d-k6-execution-labels-w73/src/components/AIChat/Actions/AIActionCard.tsx
/Users/piotrwisniewski/Developer/codex-wt/d-k6-execution-labels-w73/src/components/AIChat/Actions/InlineActionsList.tsx
/Users/piotrwisniewski/Developer/codex-wt/d-k6-execution-labels-w73/src/components/AIChat/Actions/index.ts
/Users/piotrwisniewski/Developer/codex-wt/d-k6-execution-labels-w73/src/components/AIChat/Artifacts/index.ts
/Users/piotrwisniewski/Developer/codex-wt/d-k6-execution-labels-w73/src/components/AIChat/Artifacts/renderers/index.ts
/Users/piotrwisniewski/Developer/codex-wt/d-k6-execution-labels-w73/src/components/AIChat/Artifacts/renderers/index2.ts
/Users/piotrwisniewski/Developer/codex-wt/d-k6-execution-labels-w73/src/components/AIChat/CanvasEditor/__tests__/CanvasRichEditor.externalSync.test.tsx
/Users/piotrwisniewski/Developer/codex-wt/d-k6-execution-labels-w73/src/components/AIChat/CodeInterpreter/CodeExecutionBlock.tsx
/Users/piotrwisniewski/Developer/codex-wt/d-k6-execution-labels-w73/src/components/AIChat/CodeInterpreter/index.ts
/Users/piotrwisniewski/Developer/codex-wt/d-k6-execution-labels-w73/src/components/AIChat/Input/index.ts
/Users/piotrwisniewski/Developer/codex-wt/d-k6-execution-labels-w73/src/components/AIChat/KimiWorkspace/WorkbookVersionHistoryModal.tsx
/Users/piotrwisniewski/Developer/codex-wt/d-k6-execution-labels-w73/src/components/AIChat/KimiWorkspace/index.ts
/Users/piotrwisniewski/Developer/codex-wt/d-k6-execution-labels-w73/src/components/AIChat/KimiWorkspace/__tests__/ArtifactModuleHome.scope.test.tsx
/Users/piotrwisniewski/Developer/codex-wt/d-k6-execution-labels-w73/src/components/AIChat/KimiWorkspace/__tests__/EditableSpreadsheetGrid.artifactStudio.test.tsx
/Users/piotrwisniewski/Developer/codex-wt/d-k6-execution-labels-w73/src/components/AIChat/KimiWorkspace/__tests__/EditableSpreadsheetGrid.manual.test.tsx
/Users/piotrwisniewski/Developer/codex-wt/d-k6-execution-labels-w73/src/components/AIChat/KimiWorkspace/__tests__/ExceleParametricTemplates.persistence.test.tsx
/Users/piotrwisniewski/Developer/codex-wt/d-k6-execution-labels-w73/src/components/AIChat/KimiWorkspace/__tests__/ExceleParametricTemplates.runtimeContract.test.ts
/Users/piotrwisniewski/Developer/Consultify/node_modules/@testing-library/user-event/dist/types/event/eventMap.d.ts
/Users/piotrwisniewski/Developer/Consultify/node_modules/@testing-library/user-event/dist/types/event/types.d.ts
/Users/piotrwisniewski/Developer/Consultify/node_modules/@testing-library/user-event/dist/types/event/dispatchEvent.d.ts
/Users/piotrwisniewski/Developer/Consultify/node_modules/@testing-library/user-event/dist/types/event/focus.d.ts
/Users/piotrwisniewski/Developer/Consultify/node_modules/@testing-library/user-event/dist/types/event/input.d.ts
/Users/piotrwisniewski/Developer/Consultify/node_modules/@testing-library/user-event/dist/types/utils/click/isClickableInput.d.ts
/Users/piotrwisniewski/Developer/Consultify/node_modules/@testing-library/user-event/dist/types/utils/dataTransfer/Blob.d.ts
/Users/piotrwisniewski/Developer/Consultify/node_modules/@testing-library/user-event/dist/types/utils/dataTransfer/DataTransfer.d.ts
/Users/piotrwisniewski/Developer/Consultify/node_modules/@testing-library/user-event/dist/types/utils/dataTransfer/FileList.d.ts
/Users/piotrwisniewski/Developer/Consultify/node_modules/@testing-library/user-event/dist/types/utils/dataTransfer/Clipboard.d.ts
/Users/piotrwisniewski/Developer/Consultify/node_modules/@testing-library/user-event/dist/types/utils/edit/timeValue.d.ts
/Users/piotrwisniewski/Developer/Consultify/node_modules/@testing-library/user-event/dist/types/utils/edit/isContentEditable.d.ts
/Users/piotrwisniewski/Developer/Consultify/node_modules/@testing-library/user-event/dist/types/utils/edit/isEditable.d.ts
/Users/piotrwisniewski/Developer/Consultify/node_modules/@testing-library/user-event/dist/types/utils/edit/maxLength.d.ts
/Users/piotrwisniewski/Developer/Consultify/node_modules/@testing-library/user-event/dist/types/utils/edit/setFiles.d.ts
/Users/piotrwisniewski/Developer/Consultify/node_modules/@testing-library/user-event/dist/types/utils/focus/cursor.d.ts
/Users/piotrwisniewski/Developer/Consultify/node_modules/@testing-library/user-event/dist/types/utils/focus/getActiveElement.d.ts
/Users/piotrwisniewski/Developer/Consultify/node_modules/@testing-library/user-event/dist/types/utils/focus/getTabDestination.d.ts
/Users/piotrwisniewski/Developer/Consultify/node_modules/@testing-library/user-event/dist/types/utils/focus/isFocusable.d.ts
/Users/piotrwisniewski/Developer/Consultify/node_modules/@testing-library/user-event/dist/types/utils/focus/selection.d.ts
/Users/piotrwisniewski/Developer/Consultify/node_modules/@testing-library/user-event/dist/types/utils/focus/selector.d.ts
/Users/piotrwisniewski/Developer/Consultify/node_modules/@testing-library/user-event/dist/types/utils/keyDef/readNextDescriptor.d.ts
/Users/piotrwisniewski/Developer/Consultify/node_modules/@testing-library/user-event/dist/types/utils/misc/cloneEvent.d.ts
/Users/piotrwisniewski/Developer/Consultify/node_modules/@testing-library/user-event/dist/types/utils/misc/findClosest.d.ts
/Users/piotrwisniewski/Developer/Consultify/node_modules/@testing-library/user-event/dist/types/utils/misc/getDocumentFromNode.d.ts
/Users/piotrwisniewski/Developer/Consultify/node_modules/@testing-library/user-event/dist/types/utils/misc/getTreeDiff.d.ts
/Users/piotrwisniewski/Developer/Consultify/node_modules/@testing-library/user-event/dist/types/utils/misc/getWindow.d.ts
/Users/piotrwisniewski/Developer/Consultify/node_modules/@testing-library/user-event/dist/types/utils/misc/isDescendantOrSelf.d.ts
/Users/piotrwisniewski/Developer/Consultify/node_modules/@testing-library/user-event/dist/types/utils/misc/isElementType.d.ts
/Users/piotrwisniewski/Developer/Consultify/node_modules/@testing-library/user-event/dist/types/utils/misc/isVisible.d.ts
/Users/piotrwisniewski/Developer/Consultify/node_modules/@testing-library/user-event/dist/types/utils/misc/isDisabled.d.ts
/Users/piotrwisniewski/Developer/Consultify/node_modules/@testing-library/user-event/dist/types/utils/misc/level.d.ts
/Users/piotrwisniewski/Developer/Consultify/node_modules/@testing-library/user-event/dist/types/utils/misc/wait.d.ts
/Users/piotrwisniewski/Developer/Consultify/node_modules/@testing-library/user-event/dist/types/utils/pointer/cssPointerEvents.d.ts
/Users/piotrwisniewski/Developer/Consultify/node_modules/@testing-library/user-event/dist/types/utils/index.d.ts
/Users/piotrwisniewski/Developer/Consultify/node_modules/@testing-library/user-event/dist/types/document/UI.d.ts
/Users/piotrwisniewski/Developer/Consultify/node_modules/@testing-library/user-event/dist/types/document/getValueOrTextContent.d.ts
/Users/piotrwisniewski/Developer/Consultify/node_modules/@testing-library/user-event/dist/types/document/copySelection.d.ts
/Users/piotrwisniewski/Developer/Consultify/node_modules/@testing-library/user-event/dist/types/document/trackValue.d.ts
/Users/piotrwisniewski/Developer/Consultify/node_modules/@testing-library/user-event/dist/types/document/index.d.ts
/Users/piotrwisniewski/Developer/Consultify/node_modules/@testing-library/user-event/dist/types/event/selection/getInputRange.d.ts
/Users/piotrwisniewski/Developer/Consultify/node_modules/@testing-library/user-event/dist/types/event/selection/modifySelection.d.ts
/Users/piotrwisniewski/Developer/Consultify/node_modules/@testing-library/user-event/dist/types/event/selection/moveSelection.d.ts
/Users/piotrwisniewski/Developer/Consultify/node_modules/@testing-library/user-event/dist/types/event/selection/setSelectionPerMouse.d.ts
/Users/piotrwisniewski/Developer/Consultify/node_modules/@testing-library/user-event/dist/types/event/selection/modifySelectionPerMouse.d.ts
/Users/piotrwisniewski/Developer/Consultify/node_modules/@testing-library/user-event/dist/types/event/selection/selectAll.d.ts
/Users/piotrwisniewski/Developer/Consultify/node_modules/@testing-library/user-event/dist/types/event/selection/setSelectionRange.d.ts
/Users/piotrwisniewski/Developer/Consultify/node_modules/@testing-library/user-event/dist/types/event/selection/setSelection.d.ts
/Users/piotrwisniewski/Developer/Consultify/node_modules/@testing-library/user-event/dist/types/event/selection/updateSelectionOnFocus.d.ts
/Users/piotrwisniewski/Developer/Consultify/node_modules/@testing-library/user-event/dist/types/event/selection/index.d.ts
/Users/piotrwisniewski/Developer/Consultify/node_modules/@testing-library/user-event/dist/types/event/index.d.ts
/Users/piotrwisniewski/Developer/Consultify/node_modules/@testing-library/user-event/dist/types/system/pointer/buttons.d.ts
/Users/piotrwisniewski/Developer/Consultify/node_modules/@testing-library/user-event/dist/types/system/pointer/shared.d.ts
/Users/piotrwisniewski/Developer/Consultify/node_modules/@testing-library/user-event/dist/types/system/pointer/index.d.ts
/Users/piotrwisniewski/Developer/Consultify/node_modules/@testing-library/user-event/dist/types/system/index.d.ts
/Users/piotrwisniewski/Developer/Consultify/node_modules/@testing-library/user-event/dist/types/system/keyboard.d.ts
/Users/piotrwisniewski/Developer/Consultify/node_modules/@testing-library/user-event/dist/types/options.d.ts
/Users/piotrwisniewski/Developer/Consultify/node_modules/@testing-library/user-event/dist/types/convenience/click.d.ts
/Users/piotrwisniewski/Developer/Consultify/node_modules/@testing-library/user-event/dist/types/convenience/hover.d.ts
/Users/piotrwisniewski/Developer/Consultify/node_modules/@testing-library/user-event/dist/types/convenience/tab.d.ts
/Users/piotrwisniewski/Developer/Consultify/node_modules/@testing-library/user-event/dist/types/convenience/index.d.ts
/Users/piotrwisniewski/Developer/Consultify/node_modules/@testing-library/user-event/dist/types/keyboard/index.d.ts
/Users/piotrwisniewski/Developer/Consultify/node_modules/@testing-library/user-event/dist/types/clipboard/copy.d.ts
/Users/piotrwisniewski/Developer/Consultify/node_modules/@testing-library/user-event/dist/types/clipboard/cut.d.ts
/Users/piotrwisniewski/Developer/Consultify/node_modules/@testing-library/user-event/dist/types/clipboard/paste.d.ts
/Users/piotrwisniewski/Developer/Consultify/node_modules/@testing-library/user-event/dist/types/clipboard/index.d.ts
/Users/piotrwisniewski/Developer/Consultify/node_modules/@testing-library/user-event/dist/types/pointer/index.d.ts
/Users/piotrwisniewski/Developer/Consultify/node_modules/@testing-library/user-event/dist/types/utility/clear.d.ts
/Users/piotrwisniewski/Developer/Consultify/node_modules/@testing-library/user-event/dist/types/utility/selectOptions.d.ts
/Users/piotrwisniewski/Developer/Consultify/node_modules/@testing-library/user-event/dist/types/utility/type.d.ts
/Users/piotrwisniewski/Developer/Consultify/node_modules/@testing-library/user-event/dist/types/utility/upload.d.ts
/Users/piotrwisniewski/Developer/Consultify/node_modules/@testing-library/user-event/dist/types/utility/index.d.ts
/Users/piotrwisniewski/Developer/Consultify/node_modules/@testing-library/user-event/dist/types/setup/api.d.ts
/Users/piotrwisniewski/Developer/Consultify/node_modules/@testing-library/user-event/dist/types/setup/directApi.d.ts
/Users/piotrwisniewski/Developer/Consultify/node_modules/@testing-library/user-event/dist/types/setup/setup.d.ts
/Users/piotrwisniewski/Developer/Consultify/node_modules/@testing-library/user-event/dist/types/setup/index.d.ts
/Users/piotrwisniewski/Developer/Consultify/node_modules/@testing-library/user-event/dist/types/index.d.ts
/Users/piotrwisniewski/Developer/codex-wt/d-k6-execution-labels-w73/src/components/AIChat/KimiWorkspace/__tests__/KimiWorkspaceShell.openInBuilder.test.tsx
/Users/piotrwisniewski/Developer/codex-wt/d-k6-execution-labels-w73/src/components/AIChat/KimiWorkspace/__tests__/SpreadsheetArtifactStudio.test.tsx
/Users/piotrwisniewski/Developer/codex-wt/d-k6-execution-labels-w73/src/components/AIChat/KimiWorkspace/__tests__/TabeleView.melsRouting.test.tsx
/Users/piotrwisniewski/Developer/codex-wt/d-k6-execution-labels-w73/src/components/AIChat/KimiWorkspace/__tests__/day172.reopen-progress.test.tsx
/Users/piotrwisniewski/Developer/codex-wt/d-k6-execution-labels-w73/src/components/AIChat/KimiWorkspace/__tests__/day276-cisza-przy-bledzie.test.tsx
/Users/piotrwisniewski/Developer/codex-wt/d-k6-execution-labels-w73/src/components/AIChat/KimiWorkspace/__tests__/day276-droga-startu.test.tsx
/Users/piotrwisniewski/Developer/codex-wt/d-k6-execution-labels-w73/src/components/AIChat/KimiWorkspace/__tests__/presentationGenerationContent.test.ts
/Users/piotrwisniewski/Developer/codex-wt/d-k6-execution-labels-w73/src/components/AIChat/KimiWorkspace/__tests__/spreadsheetArtifactCommands.test.ts
/Users/piotrwisniewski/Developer/codex-wt/d-k6-execution-labels-w73/src/components/AIChat/KimiWorkspace/__tests__/spreadsheetFindReplace.test.ts
/Users/piotrwisniewski/Developer/codex-wt/d-k6-execution-labels-w73/src/components/AIChat/KimiWorkspace/__tests__/useKimiArtifactPipeline.test.ts
/Users/piotrwisniewski/Developer/codex-wt/d-k6-execution-labels-w73/src/components/AIChat/KimiWorkspace/__tests__/useWorkbookStudioController.test.tsx
/Users/piotrwisniewski/Developer/codex-wt/d-k6-execution-labels-w73/src/components/AIChat/KimiWorkspace/tabelePreview/__tests__/TabeleProvenanceColumn.test.tsx
/Users/piotrwisniewski/Developer/codex-wt/d-k6-execution-labels-w73/src/components/AIChat/KimiWorkspace/tabeleShell/__tests__/TabeleAiEditorPanel.test.tsx
/Users/piotrwisniewski/Developer/codex-wt/d-k6-execution-labels-w73/src/components/AIChat/KimiWorkspace/tabeleShell/__tests__/TabeleLeftRail.test.tsx
/Users/piotrwisniewski/Developer/codex-wt/d-k6-execution-labels-w73/src/components/AIChat/KimiWorkspace/tabeleShell/__tests__/TabeleMelsView.test.tsx
/Users/piotrwisniewski/Developer/codex-wt/d-k6-execution-labels-w73/src/components/AIChat/KimiWorkspace/tabeleShell/__tests__/TabeleQaPanel.test.tsx
/Users/piotrwisniewski/Developer/codex-wt/d-k6-execution-labels-w73/src/components/AIChat/KimiWorkspace/tabeleShell/__tests__/TabeleRightRail.test.tsx
/Users/piotrwisniewski/Developer/codex-wt/d-k6-execution-labels-w73/src/components/AIChat/KimiWorkspace/tabeleShell/__tests__/TabeleSharePanel.test.tsx
/Users/piotrwisniewski/Developer/codex-wt/d-k6-execution-labels-w73/src/components/AIChat/KimiWorkspace/tabeleShell/__tests__/TabeleSourcePackPanel.test.tsx
/Users/piotrwisniewski/Developer/codex-wt/d-k6-execution-labels-w73/src/components/AIChat/KimiWorkspace/tabeleShell/__tests__/TabeleTopBarChips.test.ts
/Users/piotrwisniewski/Developer/codex-wt/d-k6-execution-labels-w73/src/components/AIChat/KimiWorkspace/tabeleShell/__tests__/useTabeleRightRailPanels.test.tsx
/Users/piotrwisniewski/Developer/codex-wt/d-k6-execution-labels-w73/src/components/AIChat/KimiWorkspace/templateLifecycle/TemplateLifecycleActions.tsx
/Users/piotrwisniewski/Developer/codex-wt/d-k6-execution-labels-w73/src/components/AIChat/KimiWorkspace/templateLifecycle/__tests__/TabeleTemplatesGrid.test.tsx
/Users/piotrwisniewski/Developer/codex-wt/d-k6-execution-labels-w73/src/components/AIChat/KimiWorkspace/templateLifecycle/__tests__/TemplateLifecycleBadge.test.tsx
/Users/piotrwisniewski/Developer/codex-wt/d-k6-execution-labels-w73/src/components/AIChat/KimiWorkspace/templateLifecycle/__tests__/TemplateLifecycleFilter.test.tsx
/Users/piotrwisniewski/Developer/codex-wt/d-k6-execution-labels-w73/src/components/AIChat/KimiWorkspace/templateLifecycle/__tests__/useTpBaseTemplates.test.tsx
/Users/piotrwisniewski/Developer/codex-wt/d-k6-execution-labels-w73/src/components/AIChat/__tests__/AgentAccessibility.test.tsx
/Users/piotrwisniewski/Developer/codex-wt/d-k6-execution-labels-w73/src/components/AIChat/__tests__/AgentHubNavigation.test.tsx
/Users/piotrwisniewski/Developer/codex-wt/d-k6-execution-labels-w73/src/components/AIChat/__tests__/CanvasViewModeControl.ownerBehavior.test.tsx
/Users/piotrwisniewski/Developer/codex-wt/d-k6-execution-labels-w73/src/components/AIChat/__tests__/ChatHistorySidebar.visibilityConsent.test.ts
/Users/piotrwisniewski/Developer/codex-wt/d-k6-execution-labels-w73/src/components/AIChat/__tests__/ConversationRouteSync.nowaRozmowa.test.tsx
/Users/piotrwisniewski/Developer/codex-wt/d-k6-execution-labels-w73/src/components/AIChat/__tests__/EnhancedChatInput.idlePulse.ownerFeedback.test.ts
/Users/piotrwisniewski/Developer/codex-wt/d-k6-execution-labels-w73/src/components/AIChat/__tests__/EnhancedChatInput.teresaVoice.test.tsx
/Users/piotrwisniewski/Developer/codex-wt/d-k6-execution-labels-w73/public/locales/pl/translation.json
/Users/piotrwisniewski/Developer/codex-wt/d-k6-execution-labels-w73/src/components/AIChat/__tests__/GovernedChatHandoffCard.day179.i18n.test.tsx
/Users/piotrwisniewski/Developer/codex-wt/d-k6-execution-labels-w73/src/components/AIChat/__tests__/GovernedChatHandoffCard.test.tsx
/Users/piotrwisniewski/Developer/codex-wt/d-k6-execution-labels-w73/src/components/AIChat/__tests__/GovernedInitiativeHandoffCard.test.tsx
/Users/piotrwisniewski/Developer/codex-wt/d-k6-execution-labels-w73/src/components/AIChat/__tests__/InputCharCounter.test.tsx
/Users/piotrwisniewski/Developer/codex-wt/d-k6-execution-labels-w73/src/components/AIChat/__tests__/InputHintStrip.test.tsx
/Users/piotrwisniewski/Developer/codex-wt/d-k6-execution-labels-w73/src/components/AIChat/__tests__/InputSoftLimitToast.test.tsx
/Users/piotrwisniewski/Developer/codex-wt/d-k6-execution-labels-w73/src/components/AIChat/__tests__/MessageRenderer.regenerateVisible.test.ts
/Users/piotrwisniewski/Developer/codex-wt/d-k6-execution-labels-w73/src/components/AIChat/__tests__/MessageRenderer.responseActions.ownerFeedback.test.ts
/Users/piotrwisniewski/Developer/codex-wt/d-k6-execution-labels-w73/src/components/AIChat/__tests__/MoveToProjectModal.visibilityHistory.test.tsx
/Users/piotrwisniewski/Developer/codex-wt/d-k6-execution-labels-w73/src/components/AIChat/__tests__/NextModelChip.test.tsx
/Users/piotrwisniewski/Developer/codex-wt/d-k6-execution-labels-w73/src/components/AIChat/__tests__/PiiHeuristicToast.test.tsx
/Users/piotrwisniewski/Developer/codex-wt/d-k6-execution-labels-w73/src/components/AIChat/__tests__/PrivateModeDetails.test.tsx
/Users/piotrwisniewski/Developer/codex-wt/d-k6-execution-labels-w73/src/components/AIChat/__tests__/ProjectMembersModal.contextGovernance.test.tsx
/Users/piotrwisniewski/Developer/codex-wt/d-k6-execution-labels-w73/src/components/AIChat/__tests__/TeresaTTSPlayer.test.tsx
/Users/piotrwisniewski/Developer/codex-wt/d-k6-execution-labels-w73/src/components/AIChat/__tests__/TransformationCasesPanel.test.tsx
/Users/piotrwisniewski/Developer/codex-wt/d-k6-execution-labels-w73/src/components/AIChat/__tests__/TransformationQualityTrustSection.test.tsx
/Users/piotrwisniewski/Developer/codex-wt/d-k6-execution-labels-w73/src/components/AIChat/__tests__/TrustBadge.test.tsx
/Users/piotrwisniewski/Developer/codex-wt/d-k6-execution-labels-w73/src/components/AIChat/__tests__/UnifiedChatPanel.przewodyChat.test.tsx
/Users/piotrwisniewski/Developer/codex-wt/d-k6-execution-labels-w73/src/components/AIChat/__tests__/VoiceConversationOverlay.transcriptReview.test.tsx
/Users/piotrwisniewski/Developer/codex-wt/d-k6-execution-labels-w73/src/components/AIChat/__tests__/VoiceLegendShortcut.test.tsx
/Users/piotrwisniewski/Developer/codex-wt/d-k6-execution-labels-w73/src/components/AIChat/__tests__/VoiceModeLegend.test.tsx
/Users/piotrwisniewski/Developer/codex-wt/d-k6-execution-labels-w73/src/components/AIChat/__tests__/WorkCanvasDocumentPanel.ownerFeedback.test.ts
/Users/piotrwisniewski/Developer/codex-wt/d-k6-execution-labels-w73/public/locales/en/translation.json
/Users/piotrwisniewski/Developer/codex-wt/d-k6-execution-labels-w73/src/components/AIChat/__tests__/aiProviderErrorCopy.chatOwn016.test.tsx
/Users/piotrwisniewski/Developer/codex-wt/d-k6-execution-labels-w73/src/components/AIChat/__tests__/canvasSplitTeresaRight.iconParity.test.ts
/Users/piotrwisniewski/Developer/codex-wt/d-k6-execution-labels-w73/src/components/AIChat/__tests__/chatAttachmentSupport.test.ts
/Users/piotrwisniewski/Developer/codex-wt/d-k6-execution-labels-w73/src/components/AIChat/__tests__/chatHeaderControls.ownerFeedback.test.ts
/Users/piotrwisniewski/Developer/codex-wt/d-k6-execution-labels-w73/src/components/AIChat/__tests__/chatRecentAttachments.test.ts
/Users/piotrwisniewski/Developer/codex-wt/d-k6-execution-labels-w73/src/components/AIChat/__tests__/chatStartControls.ownerFeedback.test.ts
/Users/piotrwisniewski/Developer/codex-wt/d-k6-execution-labels-w73/src/components/AIChat/__tests__/composerCommands.test.ts
/Users/piotrwisniewski/Developer/codex-wt/d-k6-execution-labels-w73/src/components/AIChat/__tests__/czatWidocznoscDec403.contract.test.ts
/Users/piotrwisniewski/Developer/codex-wt/d-k6-execution-labels-w73/src/components/AIChat/__tests__/day206.toolStepsSlot.test.tsx
/Users/piotrwisniewski/Developer/codex-wt/d-k6-execution-labels-w73/src/components/AIChat/__tests__/day223.chatActionsInventory.test.ts
/Users/piotrwisniewski/Developer/codex-wt/d-k6-execution-labels-w73/src/components/AIChat/__tests__/day371.proposalFamily.remount.test.tsx
/Users/piotrwisniewski/Developer/codex-wt/d-k6-execution-labels-w73/src/components/AIChat/__tests__/day372-canvasAiMenu.i18n.test.tsx
/Users/piotrwisniewski/Developer/codex-wt/d-k6-execution-labels-w73/src/components/AIChat/__tests__/day374-canvasLiterals.i18n.test.tsx
/Users/piotrwisniewski/Developer/codex-wt/d-k6-execution-labels-w73/src/components/AIChat/__tests__/day374-canvasTooLong.i18n.test.tsx
/Users/piotrwisniewski/Developer/codex-wt/d-k6-execution-labels-w73/src/components/AIChat/__tests__/day374-headerHistory.i18n.test.tsx
/Users/piotrwisniewski/Developer/codex-wt/d-k6-execution-labels-w73/src/components/AIChat/__tests__/documentIntentDetector.chatTeaser.test.ts
/Users/piotrwisniewski/Developer/codex-wt/d-k6-execution-labels-w73/src/components/AIChat/__tests__/teresaWelcome.ownerFeedback.test.ts
/Users/piotrwisniewski/Developer/codex-wt/d-k6-execution-labels-w73/src/components/AIChat/__tests__/transformationIntentDetector.test.ts
/Users/piotrwisniewski/Developer/codex-wt/d-k6-execution-labels-w73/src/components/AIChat/signalsFeed/__tests__/useSignalsFeed.malformedResponse.test.tsx
/Users/piotrwisniewski/Developer/codex-wt/d-k6-execution-labels-w73/src/test-utils/realTranslations.ts
/Users/piotrwisniewski/Developer/codex-wt/d-k6-execution-labels-w73/src/components/Admin/__tests__/AdminAccessRequestsPanel.test.tsx
/Users/piotrwisniewski/Developer/codex-wt/d-k6-execution-labels-w73/src/components/Admin/__tests__/AdminAccessReviewsPanel.test.tsx
/Users/piotrwisniewski/Developer/codex-wt/d-k6-execution-labels-w73/src/components/Admin/__tests__/AdminAiIncidentsPanel.test.tsx
/Users/piotrwisniewski/Developer/codex-wt/d-k6-execution-labels-w73/src/components/Admin/__tests__/AdminAiQualityPanel.test.tsx
/Users/piotrwisniewski/Developer/codex-wt/d-k6-execution-labels-w73/src/components/Admin/__tests__/AdminAuditExportHistoryPanel.test.tsx
/Users/piotrwisniewski/Developer/codex-wt/d-k6-execution-labels-w73/src/components/Admin/__tests__/AdminAuditIntegrityPanel.test.tsx
/Users/piotrwisniewski/Developer/codex-wt/d-k6-execution-labels-w73/src/components/Admin/__tests__/AdminBillingFinOpsPanel.alertsHonesty.test.tsx
/Users/piotrwisniewski/Developer/codex-wt/d-k6-execution-labels-w73/src/components/Admin/__tests__/AdminBillingFinOpsPanel.test.tsx
/Users/piotrwisniewski/Developer/codex-wt/d-k6-execution-labels-w73/src/components/Admin/__tests__/AdminBreakGlassPanel.test.tsx
/Users/piotrwisniewski/Developer/codex-wt/d-k6-execution-labels-w73/src/components/Admin/__tests__/AdminCommandCenterAttentionQueue.test.tsx
/Users/piotrwisniewski/Developer/codex-wt/d-k6-execution-labels-w73/src/components/Admin/__tests__/AdminCommandCenterCostCapacity.test.tsx
/Users/piotrwisniewski/Developer/codex-wt/d-k6-execution-labels-w73/src/components/Admin/__tests__/AdminComplianceEvidencePanel.test.tsx
/Users/piotrwisniewski/Developer/codex-wt/d-k6-execution-labels-w73/src/components/Admin/__tests__/AdminConfigurationVersionsPanel.test.tsx
/Users/piotrwisniewski/Developer/Consultify/node_modules/typescript/lib/typescript.d.ts
/Users/piotrwisniewski/Developer/codex-wt/d-k6-execution-labels-w73/src/components/Admin/__tests__/AdminDay2I18n.test.ts
/Users/piotrwisniewski/Developer/codex-wt/d-k6-execution-labels-w73/src/components/Admin/__tests__/AdminDependenciesPanel.test.tsx
/Users/piotrwisniewski/Developer/codex-wt/d-k6-execution-labels-w73/src/components/Admin/__tests__/AdminDomainsPanel.test.tsx
/Users/piotrwisniewski/Developer/codex-wt/d-k6-execution-labels-w73/src/components/Admin/__tests__/AdminGuestsPanel.test.tsx
/Users/piotrwisniewski/Developer/codex-wt/d-k6-execution-labels-w73/src/components/Admin/__tests__/AdminHealthPanel.boundary.test.tsx
/Users/piotrwisniewski/Developer/codex-wt/d-k6-execution-labels-w73/src/components/Admin/__tests__/AdminIncidentHistoryPanel.test.tsx
/Users/piotrwisniewski/Developer/codex-wt/d-k6-execution-labels-w73/src/components/Admin/__tests__/AdminJobsPanel.test.tsx
/Users/piotrwisniewski/Developer/codex-wt/d-k6-execution-labels-w73/src/components/Admin/__tests__/AdminLegalHoldPanel.test.tsx
/Users/piotrwisniewski/Developer/codex-wt/d-k6-execution-labels-w73/src/components/Admin/__tests__/AdminMembersRolesPanel.errorState.test.tsx
/Users/piotrwisniewski/Developer/codex-wt/d-k6-execution-labels-w73/src/components/Admin/__tests__/AdminMembersRolesPanel.test.tsx
/Users/piotrwisniewski/Developer/codex-wt/d-k6-execution-labels-w73/src/components/Admin/__tests__/AdminOrganizationDefaultsPanel.test.tsx
/Users/piotrwisniewski/Developer/codex-wt/d-k6-execution-labels-w73/src/components/Admin/__tests__/AdminPlanHistoryPanel.test.tsx
/Users/piotrwisniewski/Developer/codex-wt/d-k6-execution-labels-w73/src/components/Admin/__tests__/AdminRolesPermissionsPanel.test.tsx
/Users/piotrwisniewski/Developer/codex-wt/d-k6-execution-labels-w73/src/components/Admin/__tests__/AdminSeatsLicencesPanel.test.tsx
/Users/piotrwisniewski/Developer/codex-wt/d-k6-execution-labels-w73/src/components/Admin/__tests__/AdminSecurityAlertsPanel.test.tsx
/Users/piotrwisniewski/Developer/codex-wt/d-k6-execution-labels-w73/src/components/Admin/__tests__/AdminServiceAccountsPanel.test.tsx
/Users/piotrwisniewski/Developer/codex-wt/d-k6-execution-labels-w73/src/components/Admin/__tests__/AdminSessionsPanel.test.tsx
/Users/piotrwisniewski/Developer/codex-wt/d-k6-execution-labels-w73/src/components/Admin/__tests__/AdminSlaSloPanel.test.tsx
/Users/piotrwisniewski/Developer/codex-wt/d-k6-execution-labels-w73/src/components/Admin/__tests__/AdminTeamsPanel.test.tsx
/Users/piotrwisniewski/Developer/codex-wt/d-k6-execution-labels-w73/src/components/Admin/__tests__/ChatV9FlagsIndicator.test.tsx
/Users/piotrwisniewski/Developer/codex-wt/d-k6-execution-labels-w73/src/components/Admin/__tests__/ChatV9FlagsOverlay.test.tsx
/Users/piotrwisniewski/Developer/codex-wt/d-k6-execution-labels-w73/src/components/Admin/__tests__/ChatV9FlagsPanel.test.tsx
/Users/piotrwisniewski/Developer/codex-wt/d-k6-execution-labels-w73/src/components/Admin/__tests__/ChatV9FlagsResetHandler.test.tsx
/Users/piotrwisniewski/Developer/codex-wt/d-k6-execution-labels-w73/src/components/Admin/__tests__/PersonasPanel.test.tsx
/Users/piotrwisniewski/Developer/codex-wt/d-k6-execution-labels-w73/src/components/Admin/__tests__/jezykAdmina.source.test.ts
/Users/piotrwisniewski/Developer/codex-wt/d-k6-execution-labels-w73/src/components/Audit/AuditHistoryView.tsx
/Users/piotrwisniewski/Developer/codex-wt/d-k6-execution-labels-w73/src/components/Audit/auditApi.ts
/Users/piotrwisniewski/Developer/codex-wt/d-k6-execution-labels-w73/src/utils/auditIso27001LegacyPresetGate.ts
/Users/piotrwisniewski/Developer/codex-wt/d-k6-execution-labels-w73/src/components/Audit/auditPresets.ts
/Users/piotrwisniewski/Developer/codex-wt/d-k6-execution-labels-w73/src/components/Audit/AuditOrchestratorWizard.tsx
/Users/piotrwisniewski/Developer/codex-wt/d-k6-execution-labels-w73/src/components/Audit/index.ts
/Users/piotrwisniewski/Developer/codex-wt/d-k6-execution-labels-w73/src/components/Audit/__tests__/AuditOrchestratorWizard.test.tsx
/Users/piotrwisniewski/Developer/codex-wt/d-k6-execution-labels-w73/tests/unit/i18n/polskiBezOgonkowWspolny.ts
/Users/piotrwisniewski/Developer/codex-wt/d-k6-execution-labels-w73/src/components/Audit/__tests__/jezykAudyty.source.test.ts
/Users/piotrwisniewski/Developer/codex-wt/d-k6-execution-labels-w73/src/components/Audit/method/__tests__/AuditConclusionsTab.test.tsx
/Users/piotrwisniewski/Developer/codex-wt/d-k6-execution-labels-w73/src/components/Audit/method/__tests__/AuditInitiativesTab.test.tsx
/Users/piotrwisniewski/Developer/codex-wt/d-k6-execution-labels-w73/src/components/Audit/method/__tests__/AuditLibraryTab.test.tsx
/Users/piotrwisniewski/Developer/codex-wt/d-k6-execution-labels-w73/src/components/Audit/method/__tests__/AuditProcessesTab.criteriaBrowser.test.tsx
/Users/piotrwisniewski/Developer/codex-wt/d-k6-execution-labels-w73/src/components/Audit/method/__tests__/AuditProcessesTab.finalizeOutput.test.tsx
/Users/piotrwisniewski/Developer/codex-wt/d-k6-execution-labels-w73/src/components/Audit/method/__tests__/AuditProcessesTab.overdue.test.tsx
/Users/piotrwisniewski/Developer/codex-wt/d-k6-execution-labels-w73/src/components/Audit/method/__tests__/AuditProcessesTab.test.tsx
/Users/piotrwisniewski/Developer/codex-wt/d-k6-execution-labels-w73/src/components/Audit/method/__tests__/AuditReportDocumentView.export.test.tsx
/Users/piotrwisniewski/Developer/codex-wt/d-k6-execution-labels-w73/src/components/Audit/method/__tests__/AuditReportDocumentView.test.tsx
/Users/piotrwisniewski/Developer/codex-wt/d-k6-execution-labels-w73/src/components/Audit/method/__tests__/AuditReportsTab.export.test.tsx
/Users/piotrwisniewski/Developer/codex-wt/d-k6-execution-labels-w73/src/components/Audit/method/__tests__/AuditReportsTab.test.tsx
/Users/piotrwisniewski/Developer/codex-wt/d-k6-execution-labels-w73/src/components/Audit/method/__tests__/AuditsMethodHub.menu3Generatory.test.tsx
/Users/piotrwisniewski/Developer/codex-wt/d-k6-execution-labels-w73/src/components/Audit/method/__tests__/AuditsMethodHub.newAuditCta.test.tsx
/Users/piotrwisniewski/Developer/codex-wt/d-k6-execution-labels-w73/src/components/Audit/method/__tests__/AuditsMethodHub.processesLabel.test.tsx
/Users/piotrwisniewski/Developer/codex-wt/d-k6-execution-labels-w73/src/components/Audit/method/__tests__/AuditsMethodHub.test.tsx
/Users/piotrwisniewski/Developer/codex-wt/d-k6-execution-labels-w73/src/components/Audit/method/__tests__/auditStatusTones.test.ts
/Users/piotrwisniewski/Developer/codex-wt/d-k6-execution-labels-w73/src/components/Audit/method/__tests__/auditsMethodApi.contract.test.ts
/Users/piotrwisniewski/Developer/codex-wt/d-k6-execution-labels-w73/src/components/Audit/method/__tests__/auditsMethodApi.reportChainSourceGuard.test.ts
/Users/piotrwisniewski/Developer/codex-wt/d-k6-execution-labels-w73/src/components/Audit/method/__tests__/day220-audyty-rejestr.r2.test.tsx
/Users/piotrwisniewski/Developer/codex-wt/d-k6-execution-labels-w73/src/components/Audit/method/__tests__/day220-audyty-rejestr.r3.test.tsx
/Users/piotrwisniewski/Developer/codex-wt/d-k6-execution-labels-w73/src/components/Audit/method/workspace/__tests__/CriterionWorkspace.test.tsx
/Users/piotrwisniewski/Developer/codex-wt/d-k6-execution-labels-w73/src/components/Audit/method/workspace/__tests__/CriterionWorkspaceGate.realFlag.test.tsx
/Users/piotrwisniewski/Developer/codex-wt/d-k6-execution-labels-w73/src/components/Audit/method/workspace/__tests__/CriterionWorkspaceGate.test.tsx
/Users/piotrwisniewski/Developer/codex-wt/d-k6-execution-labels-w73/src/components/Audit/method/workspace/__tests__/EvidencePanel.test.tsx
/Users/piotrwisniewski/Developer/codex-wt/d-k6-execution-labels-w73/src/components/Audit/method/workspace/__tests__/FindingPanel.test.tsx
/Users/piotrwisniewski/Developer/codex-wt/d-k6-execution-labels-w73/src/components/Audit/method/workspace/__tests__/RemediationPanel.test.tsx
/Users/piotrwisniewski/Developer/codex-wt/d-k6-execution-labels-w73/src/components/Audit/method/workspace/__tests__/TeresaProposalCard.test.tsx
/Users/piotrwisniewski/Developer/codex-wt/d-k6-execution-labels-w73/src/components/Audit/method/workspace/v2/__tests__/CriterionWorkspaceV2.polishFixes.test.tsx
/Users/piotrwisniewski/Developer/codex-wt/d-k6-execution-labels-w73/src/components/Audit/method/workspace/v2/__tests__/CriterionWorkspaceV2.test.tsx
/Users/piotrwisniewski/Developer/codex-wt/d-k6-execution-labels-w73/src/components/Benefits/FinancialMappingPanel.tsx
/Users/piotrwisniewski/Developer/codex-wt/d-k6-execution-labels-w73/src/components/Benefits/KPIAttributionPanel.tsx
/Users/piotrwisniewski/Developer/codex-wt/d-k6-execution-labels-w73/src/components/Benefits/LessonsLearnedPanel.tsx
/Users/piotrwisniewski/Developer/codex-wt/d-k6-execution-labels-w73/src/components/Benefits/ROIAnalysisView.tsx
/Users/piotrwisniewski/Developer/codex-wt/d-k6-execution-labels-w73/src/components/Benefits/ROITrackingPanel.tsx
/Users/piotrwisniewski/Developer/codex-wt/d-k6-execution-labels-w73/src/components/Benefits/Sparkline.tsx
/Users/piotrwisniewski/Developer/codex-wt/d-k6-execution-labels-w73/src/components/Benefits/index.ts
/Users/piotrwisniewski/Developer/codex-wt/d-k6-execution-labels-w73/src/components/Benefits/__tests__/ValuationWorkspace.candidateHandoff.test.tsx
/Users/piotrwisniewski/Developer/codex-wt/d-k6-execution-labels-w73/src/components/CV/CandidateProfileView.tsx
/Users/piotrwisniewski/Developer/codex-wt/d-k6-execution-labels-w73/src/components/CaseWorkspace/podglad/daneProbne.ts
/Users/piotrwisniewski/Developer/codex-wt/d-k6-execution-labels-w73/src/components/CaseWorkspace/podglad/main.tsx
/Users/piotrwisniewski/Developer/codex-wt/d-k6-execution-labels-w73/src/components/Charts/ComparisonRadarChart.tsx
/Users/piotrwisniewski/Developer/codex-wt/d-k6-execution-labels-w73/src/components/Charts/RadarChart.tsx
/Users/piotrwisniewski/Developer/codex-wt/d-k6-execution-labels-w73/src/components/Charts/RechartsWrapper.tsx
/Users/piotrwisniewski/Developer/codex-wt/d-k6-execution-labels-w73/src/components/Charts/index.ts
/Users/piotrwisniewski/Developer/codex-wt/d-k6-execution-labels-w73/src/components/Chat/ChatActionButton.tsx
/Users/piotrwisniewski/Developer/codex-wt/d-k6-execution-labels-w73/src/components/Chat/index.ts
/Users/piotrwisniewski/Developer/codex-wt/d-k6-execution-labels-w73/src/components/Conclusions/__tests__/ConclusionsHub.filterChipCanon.test.tsx
/Users/piotrwisniewski/Developer/codex-wt/d-k6-execution-labels-w73/src/components/Decisions/DecisionCard.tsx
/Users/piotrwisniewski/Developer/codex-wt/d-k6-execution-labels-w73/src/components/Decisions/DecisionInbox.tsx
/Users/piotrwisniewski/Developer/codex-wt/d-k6-execution-labels-w73/src/components/Decisions/DecisionsByInitiative.tsx
/Users/piotrwisniewski/Developer/codex-wt/d-k6-execution-labels-w73/src/components/Decisions/DecisionsHub.tsx
/Users/piotrwisniewski/Developer/codex-wt/d-k6-execution-labels-w73/src/components/Decisions/EscalationDashboard.tsx
/Users/piotrwisniewski/Developer/codex-wt/d-k6-execution-labels-w73/src/components/Decisions/index.ts
/Users/piotrwisniewski/Developer/codex-wt/d-k6-execution-labels-w73/src/components/Discovery/InsightDetailView.tsx
/Users/piotrwisniewski/Developer/codex-wt/d-k6-execution-labels-w73/src/components/Discovery/InterviewHub.tsx
/Users/piotrwisniewski/Developer/codex-wt/d-k6-execution-labels-w73/src/components/Discovery/hooks/useAutoLayout.ts
/Users/piotrwisniewski/Developer/codex-wt/d-k6-execution-labels-w73/src/components/Discovery/ai/discoveryPrompts.ts
/Users/piotrwisniewski/Developer/codex-wt/d-k6-execution-labels-w73/src/components/Discovery/index.ts
/Users/piotrwisniewski/Developer/codex-wt/d-k6-execution-labels-w73/src/components/Discovery/__tests__/DiscoveryToolsHub.initiativePreviewDetails.t19.test.tsx
/Users/piotrwisniewski/Developer/codex-wt/d-k6-execution-labels-w73/src/components/Discovery/__tests__/DiscoveryToolsHub.networkBootstrap.test.ts
/Users/piotrwisniewski/Developer/codex-wt/d-k6-execution-labels-w73/src/components/Discovery/__tests__/DiscoveryToolsHub.outputPreviewDetails.t17.test.tsx
/Users/piotrwisniewski/Developer/codex-wt/d-k6-execution-labels-w73/src/components/Discovery/__tests__/DiscoveryToolsHub.outputsInsightsDedupeAndI18n.test.ts
/Users/piotrwisniewski/Developer/codex-wt/d-k6-execution-labels-w73/src/components/Discovery/__tests__/DiscoveryToolsHub.reportPreviewDetails.t18.test.tsx
/Users/piotrwisniewski/Developer/codex-wt/d-k6-execution-labels-w73/src/components/Discovery/__tests__/jezykNarzedzi.source.test.ts
/Users/piotrwisniewski/Developer/codex-wt/d-k6-execution-labels-w73/src/components/Discovery/__tests__/toolStatusCell.test.tsx
/Users/piotrwisniewski/Developer/codex-wt/d-k6-execution-labels-w73/src/components/DiscoveryTools/AmbitionDecomposerLibraryGraphic.tsx
/Users/piotrwisniewski/Developer/codex-wt/d-k6-execution-labels-w73/src/components/DiscoveryTools/CapabilityMapperLibraryGraphic.tsx
/Users/piotrwisniewski/Developer/codex-wt/d-k6-execution-labels-w73/src/components/DiscoveryTools/FocusTradeoffLibraryGraphic.tsx
/Users/piotrwisniewski/Developer/codex-wt/d-k6-execution-labels-w73/src/components/DiscoveryTools/NarrativeEngineLibraryGraphic.tsx
/Users/piotrwisniewski/Developer/codex-wt/d-k6-execution-labels-w73/src/components/shared/ToolWizard/types.ts
/Users/piotrwisniewski/Developer/codex-wt/d-k6-execution-labels-w73/src/components/shared/ToolWizard/createEmptySession.ts
/Users/piotrwisniewski/Developer/codex-wt/d-k6-execution-labels-w73/src/components/shared/ToolWizard/defaultToolConfigs.ts
/Users/piotrwisniewski/Developer/codex-wt/d-k6-execution-labels-w73/src/components/shared/ToolWizard/ToolWizardHeader.tsx
/Users/piotrwisniewski/Developer/codex-wt/d-k6-execution-labels-w73/src/components/shared/ToolWizard/ToolWizardStepNav.tsx
/Users/piotrwisniewski/Developer/codex-wt/d-k6-execution-labels-w73/src/components/shared/ToolWizard/ToolWizardShell.tsx
/Users/piotrwisniewski/Developer/codex-wt/d-k6-execution-labels-w73/src/components/shared/ToolWizard/index.ts
/Users/piotrwisniewski/Developer/codex-wt/d-k6-execution-labels-w73/src/components/DiscoveryTools/ProcessAutomation/ProcessMapWorkSurface.tsx
/Users/piotrwisniewski/Developer/codex-wt/d-k6-execution-labels-w73/src/components/DiscoveryTools/ProcessAutomation/index.ts
/Users/piotrwisniewski/Developer/codex-wt/d-k6-execution-labels-w73/src/components/DiscoveryTools/ToolWizardView.tsx
/Users/piotrwisniewski/Developer/codex-wt/d-k6-execution-labels-w73/src/components/DiscoveryTools/ValueChainLibraryGraphic.tsx
/Users/piotrwisniewski/Developer/codex-wt/d-k6-execution-labels-w73/src/components/DiscoveryTools/__tests__/KnownToolDetailView.exampleGrid.test.ts
/Users/piotrwisniewski/Developer/codex-wt/d-k6-execution-labels-w73/src/hooks/useUndoRedo.ts
/Users/piotrwisniewski/Developer/codex-wt/d-k6-execution-labels-w73/src/toolOutputs/contentHash.ts
/Users/piotrwisniewski/Developer/codex-wt/d-k6-execution-labels-w73/src/toolOutputs/outputLifecycle.ts
/Users/piotrwisniewski/Developer/codex-wt/d-k6-execution-labels-w73/src/toolOutputs/buildSwotOutput.ts
/Users/piotrwisniewski/Developer/codex-wt/d-k6-execution-labels-w73/src/components/DiscoveryTools/live/SwotLiveArtifact.tsx
/Users/piotrwisniewski/Developer/codex-wt/d-k6-execution-labels-w73/src/components/DiscoveryTools/__tests__/SwotLiveArtifact.test.tsx
/Users/piotrwisniewski/Developer/codex-wt/d-k6-execution-labels-w73/src/components/DiscoveryTools/__tests__/ToolProcessDiagram.test.tsx
/Users/piotrwisniewski/Developer/codex-wt/d-k6-execution-labels-w73/src/components/DiscoveryTools/__tests__/ToolSessionPreviewV3.details.test.tsx
/Users/piotrwisniewski/Developer/codex-wt/d-k6-execution-labels-w73/src/components/DiscoveryTools/__tests__/ToolSessionPreviewV3.ownerCompletion.test.ts
/Users/piotrwisniewski/Developer/codex-wt/d-k6-execution-labels-w73/src/components/DiscoveryTools/__tests__/ToolWizardView.cas.test.tsx
/Users/piotrwisniewski/Developer/codex-wt/d-k6-execution-labels-w73/src/components/DiscoveryTools/__tests__/genericDomainStep.smoke.test.tsx
/Users/piotrwisniewski/Developer/codex-wt/d-k6-execution-labels-w73/src/components/DiscoveryTools/__tests__/toolAiContract.test.ts
/Users/piotrwisniewski/Developer/codex-wt/d-k6-execution-labels-w73/src/components/DiscoveryTools/__tests__/toolCanvas.smoke.test.tsx
/Users/piotrwisniewski/Developer/codex-wt/d-k6-execution-labels-w73/src/toolOutputs/renderReport.ts
/Users/piotrwisniewski/Developer/codex-wt/d-k6-execution-labels-w73/src/components/DiscoveryTools/report/__tests__/SlideDeckView.test.tsx
/Users/piotrwisniewski/Developer/codex-wt/d-k6-execution-labels-w73/src/components/DiscoveryTools/shared/__tests__/ToolSynthesisSections.test.tsx
/Users/piotrwisniewski/Developer/codex-wt/d-k6-execution-labels-w73/src/components/DiscoveryTools/steps/__tests__/ContextStep.mission-navigation.test.tsx
/Users/piotrwisniewski/Developer/codex-wt/d-k6-execution-labels-w73/src/components/DiscoveryTools/steps/__tests__/SummaryStep.dynamic-swot-outputs.test.tsx
/Users/piotrwisniewski/Developer/codex-wt/d-k6-execution-labels-w73/src/components/DiscoveryTools/tools/DynamicSWOT/__tests__/SWOTBuildPhase.a11y-states.test.tsx
/Users/piotrwisniewski/Developer/codex-wt/d-k6-execution-labels-w73/src/components/DiscoveryTools/tools/DynamicSWOT/__tests__/SWOTBuildPhase.interaction.test.tsx
/Users/piotrwisniewski/Developer/codex-wt/d-k6-execution-labels-w73/src/components/DiscoveryTools/tools/DynamicSWOT/__tests__/SWOTInputExplorationPhase.ai-fill.test.tsx
/Users/piotrwisniewski/Developer/codex-wt/d-k6-execution-labels-w73/src/components/DiscoveryTools/tools/DynamicSWOT/__tests__/SWOTInputExplorationPhase.deleteConfirm.test.tsx
/Users/piotrwisniewski/Developer/codex-wt/d-k6-execution-labels-w73/src/components/DiscoveryTools/tools/DynamicSWOT/__tests__/SWOTInputExplorationPhase.orderCanon.test.tsx
/Users/piotrwisniewski/Developer/codex-wt/d-k6-execution-labels-w73/src/components/DiscoveryTools/tools/DynamicSWOT/__tests__/SWOTInputExplorationPhase.ownerFeedback.test.ts
/Users/piotrwisniewski/Developer/codex-wt/d-k6-execution-labels-w73/src/components/DiscoveryTools/tools/DynamicSWOT/__tests__/SWOTInsightsPhase.candidateReceipt.test.tsx
/Users/piotrwisniewski/Developer/codex-wt/d-k6-execution-labels-w73/src/components/DiscoveryTools/tools/GrowthPaths/GrowthPathQuadrantStep.tsx
/Users/piotrwisniewski/Developer/codex-wt/d-k6-execution-labels-w73/src/components/DiscoveryTools/tools/GrowthPaths/index.ts
/Users/piotrwisniewski/Developer/codex-wt/d-k6-execution-labels-w73/src/components/DiscoveryTools/tools/PortfolioPriority/PortfolioItemsStep.tsx
/Users/piotrwisniewski/Developer/codex-wt/d-k6-execution-labels-w73/src/components/DiscoveryTools/tools/PortfolioPriority/PortfolioMatrixStep.tsx
/Users/piotrwisniewski/Developer/codex-wt/d-k6-execution-labels-w73/src/components/DiscoveryTools/tools/PortfolioPriority/index.ts
/Users/piotrwisniewski/Developer/codex-wt/d-k6-execution-labels-w73/src/components/DiscoveryTools/tools/RiskUncertainty/AssumptionsStep.tsx
/Users/piotrwisniewski/Developer/codex-wt/d-k6-execution-labels-w73/src/components/DiscoveryTools/tools/RiskUncertainty/RisksStep.tsx
/Users/piotrwisniewski/Developer/codex-wt/d-k6-execution-labels-w73/src/components/DiscoveryTools/tools/RiskUncertainty/ScenariosStep.tsx
/Users/piotrwisniewski/Developer/codex-wt/d-k6-execution-labels-w73/src/components/DiscoveryTools/tools/RiskUncertainty/index.ts
/Users/piotrwisniewski/Developer/codex-wt/d-k6-execution-labels-w73/src/components/DiscoveryTools/tools/ValueChain/index.ts
/Users/piotrwisniewski/Developer/codex-wt/d-k6-execution-labels-w73/src/components/DocumentStudio/__tests__/DocumentSchemaDiffView.test.tsx
/Users/piotrwisniewski/Developer/codex-wt/d-k6-execution-labels-w73/src/components/DocumentStudio/__tests__/DocumentStudioDocumentPanel.test.tsx
/Users/piotrwisniewski/Developer/codex-wt/d-k6-execution-labels-w73/src/components/DocumentStudio/__tests__/DocumentStudioFileMenu.clipping.test.tsx
/Users/piotrwisniewski/Developer/codex-wt/d-k6-execution-labels-w73/src/components/DocumentStudio/__tests__/DocumentStudioReportView.test.tsx
/Users/piotrwisniewski/Developer/codex-wt/d-k6-execution-labels-w73/src/components/DocumentStudio/__tests__/DocumentStudioTemplateArchitectView.formattingSchema.test.tsx
/Users/piotrwisniewski/Developer/codex-wt/d-k6-execution-labels-w73/src/components/DocumentStudio/__tests__/DocumentStudioView.blank.test.tsx
/Users/piotrwisniewski/Developer/codex-wt/d-k6-execution-labels-w73/src/components/DocumentStudio/__tests__/api.planTimeout.test.ts
/Users/piotrwisniewski/Developer/codex-wt/d-k6-execution-labels-w73/src/components/DocumentStudio/__tests__/diffText.test.ts
/Users/piotrwisniewski/Developer/codex-wt/d-k6-execution-labels-w73/src/components/DocumentStudio/__tests__/documentArtifactCommands.test.ts
/Users/piotrwisniewski/Developer/codex-wt/d-k6-execution-labels-w73/src/components/DocumentStudio/__tests__/documentDiffModel.test.ts
/Users/piotrwisniewski/Developer/codex-wt/d-k6-execution-labels-w73/src/components/DocumentStudio/__tests__/intakeGate.test.ts
/Users/piotrwisniewski/Developer/codex-wt/d-k6-execution-labels-w73/src/components/DocumentStudio/__tests__/templateArchitectErrors.test.ts
/Users/piotrwisniewski/Developer/codex-wt/d-k6-execution-labels-w73/src/components/DocumentStudio/__tests__/templateStructureOps.test.ts
/Users/piotrwisniewski/Developer/codex-wt/d-k6-execution-labels-w73/src/components/Economics/types.tsx
/Users/piotrwisniewski/Developer/codex-wt/d-k6-execution-labels-w73/src/components/Economics/AIRecommendationsPanel.tsx
/Users/piotrwisniewski/Developer/codex-wt/d-k6-execution-labels-w73/src/components/Economics/BenefitsTrackingDashboard.tsx
/Users/piotrwisniewski/Developer/codex-wt/d-k6-execution-labels-w73/src/data/digitizationEvaluationData.ts
/Users/piotrwisniewski/Developer/codex-wt/d-k6-execution-labels-w73/src/components/Economics/DigitizationToolTab.tsx
/Users/piotrwisniewski/Developer/codex-wt/d-k6-execution-labels-w73/src/components/Economics/EvidencePanel.tsx
/Users/piotrwisniewski/Developer/codex-wt/d-k6-execution-labels-w73/src/components/Economics/ExcelImportWizard.tsx
/Users/piotrwisniewski/Developer/codex-wt/d-k6-execution-labels-w73/src/components/Economics/FinanceModelDocumentView.tsx
/Users/piotrwisniewski/Developer/codex-wt/d-k6-execution-labels-w73/src/components/Economics/FinancialMetricsPanel.tsx
/Users/piotrwisniewski/Developer/codex-wt/d-k6-execution-labels-w73/src/components/Economics/PDFExportModal.tsx
/Users/piotrwisniewski/Developer/codex-wt/d-k6-execution-labels-w73/src/components/Economics/VersionHistoryPanel.tsx
/Users/piotrwisniewski/Developer/codex-wt/d-k6-execution-labels-w73/src/components/Economics/index.ts
/Users/piotrwisniewski/Developer/codex-wt/d-k6-execution-labels-w73/src/components/Economics/__tests__/FinanceHub.statementsPreview.canon.test.tsx
/Users/piotrwisniewski/Developer/codex-wt/d-k6-execution-labels-w73/dev-render/screens/finance-value-panels.tsx
/Users/piotrwisniewski/Developer/codex-wt/d-k6-execution-labels-w73/src/components/Economics/__tests__/FinanceValuePanelsHarness.test.tsx
/Users/piotrwisniewski/Developer/codex-wt/d-k6-execution-labels-w73/src/components/Economics/__tests__/FinanceValuePanelsSurface.test.tsx
/Users/piotrwisniewski/Developer/codex-wt/d-k6-execution-labels-w73/src/components/Economics/__tests__/day200.FinanceValuePanelsSurface.test.tsx
/Users/piotrwisniewski/Developer/codex-wt/d-k6-execution-labels-w73/src/components/Economics/__tests__/financeCanonicalMerge.test.ts
/Users/piotrwisniewski/Developer/codex-wt/d-k6-execution-labels-w73/src/components/Economics/__tests__/financeDetailBranches.flagOff.test.ts
/Users/piotrwisniewski/Developer/codex-wt/d-k6-execution-labels-w73/src/components/Economics/__tests__/financeDetailBranches.identity.test.ts
/Users/piotrwisniewski/Developer/codex-wt/d-k6-execution-labels-w73/src/components/Economics/__tests__/financeHubBenefitsImports.contract.test.ts
/Users/piotrwisniewski/Developer/codex-wt/d-k6-execution-labels-w73/src/components/Economics/__tests__/financeHubShell.contract.test.ts
/Users/piotrwisniewski/Developer/codex-wt/d-k6-execution-labels-w73/src/components/Economics/__tests__/financeModelLabels.test.ts
/Users/piotrwisniewski/Developer/codex-wt/d-k6-execution-labels-w73/src/components/Economics/__tests__/financeOwnerSampleData.contract.test.tsx
/Users/piotrwisniewski/Developer/codex-wt/d-k6-execution-labels-w73/src/components/Economics/__tests__/financeStatusMapping.test.ts
/Users/piotrwisniewski/Developer/codex-wt/d-k6-execution-labels-w73/src/components/Economics/__tests__/normalizeSensitivityGrid.test.ts
/Users/piotrwisniewski/Developer/codex-wt/d-k6-execution-labels-w73/src/components/Economics/__tests__/resolveFinanceDetailBranches.test.ts
/Users/piotrwisniewski/Developer/codex-wt/d-k6-execution-labels-w73/src/components/Economics/__tests__/uniqueCopyTitle.test.ts
/Users/piotrwisniewski/Developer/codex-wt/d-k6-execution-labels-w73/src/components/Economics/__tests__/useFinanceData.test.tsx
/Users/piotrwisniewski/Developer/codex-wt/d-k6-execution-labels-w73/src/components/Economics/__tests__/useFinanceSelection.statementRatios.test.tsx
/Users/piotrwisniewski/Developer/codex-wt/d-k6-execution-labels-w73/src/components/Economics/panels/__tests__/InvestmentAppraisalPanel.modelBound.test.tsx
/Users/piotrwisniewski/Developer/codex-wt/d-k6-execution-labels-w73/src/components/EmptyStates/EmptyStateWithActions.tsx
/Users/piotrwisniewski/Developer/codex-wt/d-k6-execution-labels-w73/src/components/EmptyStates/AxisEmptyState.tsx
/Users/piotrwisniewski/Developer/codex-wt/d-k6-execution-labels-w73/src/components/EmptyStates/TeamEmptyState.tsx
/Users/piotrwisniewski/Developer/codex-wt/d-k6-execution-labels-w73/src/components/Execution/ExecutionInitiativeStatusControl.tsx
/Users/piotrwisniewski/Developer/codex-wt/d-k6-execution-labels-w73/src/components/Execution/index.ts
/Users/piotrwisniewski/Developer/codex-wt/d-k6-execution-labels-w73/src/components/Execution/Manager/index.ts
/Users/piotrwisniewski/Developer/codex-wt/d-k6-execution-labels-w73/src/components/Execution/Manager/__tests__/ProblemTable.smoke.test.tsx
/Users/piotrwisniewski/Developer/codex-wt/d-k6-execution-labels-w73/src/components/Execution/__tests__/ExecutionBankViews.columnWidths.test.tsx
/Users/piotrwisniewski/Developer/codex-wt/d-k6-execution-labels-w73/src/components/Execution/__tests__/ExecutionBankViews.falaB.behavior.test.tsx
/Users/piotrwisniewski/Developer/codex-wt/d-k6-execution-labels-w73/src/components/Execution/__tests__/ExecutionControlSurface.columnWidths.test.tsx
/Users/piotrwisniewski/Developer/codex-wt/d-k6-execution-labels-w73/src/components/Execution/__tests__/ExecutionControlSurface.daneRealne.test.tsx
/Users/piotrwisniewski/Developer/codex-wt/d-k6-execution-labels-w73/src/components/Execution/__tests__/ExecutionControlSurface.raidSygnaly.test.tsx
/Users/piotrwisniewski/Developer/codex-wt/d-k6-execution-labels-w73/src/components/Execution/__tests__/ExecutionControlSurface.rozstrzyganie.test.tsx
/Users/piotrwisniewski/Developer/codex-wt/d-k6-execution-labels-w73/src/components/Execution/__tests__/ExecutionHub.bankPreviewCanon.test.tsx
/Users/piotrwisniewski/Developer/codex-wt/d-k6-execution-labels-w73/src/components/Execution/__tests__/ExecutionHub.daneRealne.source.test.ts
/Users/piotrwisniewski/Developer/codex-wt/d-k6-execution-labels-w73/src/components/Execution/__tests__/ExecutionHub.demoFallback.test.tsx
/Users/piotrwisniewski/Developer/codex-wt/d-k6-execution-labels-w73/src/components/Execution/__tests__/ExecutionHub.entityLookup.test.tsx
/Users/piotrwisniewski/Developer/codex-wt/d-k6-execution-labels-w73/src/components/Execution/__tests__/ExecutionHub.kanbanZapis.source.test.ts
/Users/piotrwisniewski/Developer/codex-wt/d-k6-execution-labels-w73/src/components/Execution/__tests__/ExecutionHub.kanonPaskow.source.test.ts
/Users/piotrwisniewski/Developer/codex-wt/d-k6-execution-labels-w73/src/components/Execution/__tests__/ExecutionHub.kokpitMenu3.source.test.ts
/Users/piotrwisniewski/Developer/codex-wt/d-k6-execution-labels-w73/src/components/Execution/__tests__/ExecutionHub.kokpitRaidOblozenie.source.test.ts
/Users/piotrwisniewski/Developer/codex-wt/d-k6-execution-labels-w73/src/components/Execution/__tests__/ExecutionHub.realizacjeKebab.source.test.ts
/Users/piotrwisniewski/Developer/codex-wt/d-k6-execution-labels-w73/src/components/Execution/__tests__/ExecutionHub.reportsMenu.source.test.ts
/Users/piotrwisniewski/Developer/codex-wt/d-k6-execution-labels-w73/src/components/Execution/__tests__/ExecutionHub.sourceRelation.render.test.tsx
/Users/piotrwisniewski/Developer/codex-wt/d-k6-execution-labels-w73/src/components/Execution/__tests__/ExecutionHub.workDeepLink.source.test.ts
/Users/piotrwisniewski/Developer/codex-wt/d-k6-execution-labels-w73/src/components/Execution/__tests__/ExecutionInitiativeStatusControl.a11y.test.tsx
/Users/piotrwisniewski/Developer/codex-wt/d-k6-execution-labels-w73/src/components/Execution/__tests__/ExecutionReportE4Surface.canon.test.tsx
/Users/piotrwisniewski/Developer/codex-wt/d-k6-execution-labels-w73/src/components/Execution/__tests__/ExecutionReportsSurface.addReportMenu.test.tsx
/Users/piotrwisniewski/Developer/codex-wt/d-k6-execution-labels-w73/src/components/Execution/__tests__/ExecutionReportsSurface.emptyState.test.tsx
/Users/piotrwisniewski/Developer/codex-wt/d-k6-execution-labels-w73/src/components/Execution/__tests__/ExecutionReportsSurface.emptyTiles.test.tsx
/Users/piotrwisniewski/Developer/codex-wt/d-k6-execution-labels-w73/src/components/Execution/__tests__/ExecutionResources.chipyLiczaOsoby.test.tsx
/Users/piotrwisniewski/Developer/codex-wt/d-k6-execution-labels-w73/src/components/Execution/__tests__/ExecutionResources.podgladZaleglosci.test.tsx
/Users/piotrwisniewski/Developer/codex-wt/d-k6-execution-labels-w73/src/components/Execution/__tests__/ExecutionResources.wiszacaRealizacja.test.tsx
/Users/piotrwisniewski/Developer/codex-wt/d-k6-execution-labels-w73/src/components/Execution/__tests__/ExecutionResources.zaleglosc.test.tsx
/Users/piotrwisniewski/Developer/codex-wt/d-k6-execution-labels-w73/src/components/Execution/__tests__/ExecutionRuntimeSpine.contract.test.ts
/Users/piotrwisniewski/Developer/codex-wt/d-k6-execution-labels-w73/src/components/Execution/__tests__/ExecutionSummaryOneLook.oblozenie.test.tsx
/Users/piotrwisniewski/Developer/codex-wt/d-k6-execution-labels-w73/src/components/Execution/__tests__/ExecutionSummaryOneLook.raidRisks.test.tsx
/Users/piotrwisniewski/Developer/codex-wt/d-k6-execution-labels-w73/src/components/Execution/__tests__/ExecutionSummaryOneLook.viewToggle.test.tsx
/Users/piotrwisniewski/Developer/codex-wt/d-k6-execution-labels-w73/src/components/Execution/__tests__/ExecutionSurfaces.hangingCase.test.tsx
/Users/piotrwisniewski/Developer/codex-wt/d-k6-execution-labels-w73/src/components/Execution/__tests__/ExecutionWorkSurface.columnWidths.test.tsx
/Users/piotrwisniewski/Developer/codex-wt/d-k6-execution-labels-w73/src/components/Execution/__tests__/ExecutionWorkSurface.daneRealne.test.tsx
/Users/piotrwisniewski/Developer/codex-wt/d-k6-execution-labels-w73/src/components/Execution/__tests__/ExecutionWorkSurface.edycjaWierszem.test.tsx
/Users/piotrwisniewski/Developer/codex-wt/d-k6-execution-labels-w73/src/components/Execution/__tests__/ExecutionWorkSurface.otworzZadanie.test.tsx
/Users/piotrwisniewski/Developer/codex-wt/d-k6-execution-labels-w73/src/components/Execution/__tests__/ExecutionWorkSurface.ownerNames.test.tsx
/Users/piotrwisniewski/Developer/codex-wt/d-k6-execution-labels-w73/src/components/Execution/__tests__/ManagerApproval.smoke.test.tsx
/Users/piotrwisniewski/Developer/codex-wt/d-k6-execution-labels-w73/src/components/Execution/__tests__/MitigationPanel.writesDisabled.test.tsx
/Users/piotrwisniewski/Developer/codex-wt/d-k6-execution-labels-w73/src/components/Execution/__tests__/RolloutTab.kpiTrend.test.tsx
/Users/piotrwisniewski/Developer/codex-wt/d-k6-execution-labels-w73/src/components/Execution/__tests__/RolloutTab.smoke.test.tsx
/Users/piotrwisniewski/Developer/codex-wt/d-k6-execution-labels-w73/src/components/Execution/__tests__/delaySignals.test.ts
/Users/piotrwisniewski/Developer/codex-wt/d-k6-execution-labels-w73/src/components/Execution/__tests__/executionBankHandoff.test.ts
/Users/piotrwisniewski/Developer/codex-wt/d-k6-execution-labels-w73/src/components/Execution/__tests__/executionBankModel.test.ts
/Users/piotrwisniewski/Developer/codex-wt/d-k6-execution-labels-w73/src/components/Execution/__tests__/executionCaseFanOut.test.ts
/Users/piotrwisniewski/Developer/codex-wt/d-k6-execution-labels-w73/src/components/Execution/__tests__/executionCaseNPlusOne.test.ts
/Users/piotrwisniewski/Developer/codex-wt/d-k6-execution-labels-w73/src/components/Execution/__tests__/executionModuleTabs.test.ts
/Users/piotrwisniewski/Developer/codex-wt/d-k6-execution-labels-w73/src/components/Execution/__tests__/executionNavigationState.test.ts
/Users/piotrwisniewski/Developer/codex-wt/d-k6-execution-labels-w73/src/components/Execution/__tests__/executionPreviewHead.canon.test.tsx
/Users/piotrwisniewski/Developer/codex-wt/d-k6-execution-labels-w73/src/components/Execution/__tests__/executionRealData.test.ts
/Users/piotrwisniewski/Developer/codex-wt/d-k6-execution-labels-w73/src/components/Execution/__tests__/executionReportModel.test.ts
/Users/piotrwisniewski/Developer/codex-wt/d-k6-execution-labels-w73/src/components/Execution/__tests__/executionRiskSignal.test.ts
/Users/piotrwisniewski/Developer/codex-wt/d-k6-execution-labels-w73/src/components/Execution/__tests__/executionWorkAnalysisFlag.test.ts
/Users/piotrwisniewski/Developer/codex-wt/d-k6-execution-labels-w73/src/components/Execution/__tests__/f2-2-entry-contract.red.test.ts
/Users/piotrwisniewski/Developer/codex-wt/d-k6-execution-labels-w73/src/components/Execution/__tests__/jezykRealizacji.source.test.ts
/Users/piotrwisniewski/Developer/codex-wt/d-k6-execution-labels-w73/src/components/Execution/__tests__/raidGovernance.test.ts
/Users/piotrwisniewski/Developer/codex-wt/d-k6-execution-labels-w73/src/components/Execution/reports-intelligence/__tests__/ControlLoopReport.test.tsx
/Users/piotrwisniewski/Developer/codex-wt/d-k6-execution-labels-w73/src/components/Execution/reports-intelligence/__tests__/ResourcesCapacityReport.test.tsx
/Users/piotrwisniewski/Developer/codex-wt/d-k6-execution-labels-w73/src/components/Execution/reports-intelligence/__tests__/UnifiedExecutionReportGenerator.test.tsx
/Users/piotrwisniewski/Developer/codex-wt/d-k6-execution-labels-w73/src/components/Execution/reports-intelligence/__tests__/WorkIntelligenceReport.canon.test.tsx
/Users/piotrwisniewski/Developer/codex-wt/d-k6-execution-labels-w73/src/components/Execution/reports-intelligence/__tests__/WorkIntelligenceReport.test.tsx
/Users/piotrwisniewski/Developer/codex-wt/d-k6-execution-labels-w73/src/components/Execution/reports-intelligence/__tests__/reportsFlagOff.test.tsx
/Users/piotrwisniewski/Developer/codex-wt/d-k6-execution-labels-w73/src/components/Execution/reports-intelligence/__tests__/workAnalysisModel.test.ts
/Users/piotrwisniewski/Developer/codex-wt/d-k6-execution-labels-w73/src/components/Feedback/FeedbackFloatingButton.tsx
/Users/piotrwisniewski/Developer/codex-wt/d-k6-execution-labels-w73/src/components/Finance/Analysis/__tests__/AnalysisCreatorWizard.a11y.test.tsx
/Users/piotrwisniewski/Developer/codex-wt/d-k6-execution-labels-w73/src/test-utils/featureFlagOverrides.ts
/Users/piotrwisniewski/Developer/codex-wt/d-k6-execution-labels-w73/src/components/Finance/Analysis/__tests__/AnalysisWorkspace.errorBoundary.test.tsx
/Users/piotrwisniewski/Developer/codex-wt/d-k6-execution-labels-w73/src/components/Finance/Analysis/__tests__/AnalysisWorkspace.flag.test.tsx
/Users/piotrwisniewski/Developer/codex-wt/d-k6-execution-labels-w73/src/components/Finance/Analysis/__tests__/AnalysisWorkspace.focusMode.test.tsx
/Users/piotrwisniewski/Developer/codex-wt/d-k6-execution-labels-w73/src/components/Finance/Analysis/__tests__/AnalysisWorkspace.lineage.test.tsx
/Users/piotrwisniewski/Developer/codex-wt/d-k6-execution-labels-w73/src/components/Finance/Analysis/__tests__/AnalysisWorkspace.persistence.test.tsx
/Users/piotrwisniewski/Developer/codex-wt/d-k6-execution-labels-w73/src/components/Finance/Analysis/__tests__/AnalysisWorkspace.smoke.test.tsx
/Users/piotrwisniewski/Developer/codex-wt/d-k6-execution-labels-w73/src/components/Finance/Analysis/__tests__/analysisCreatorWizard.contract.test.ts
/Users/piotrwisniewski/Developer/codex-wt/d-k6-execution-labels-w73/src/components/Finance/Analysis/__tests__/analysisKpiCatalog.test.ts
/Users/piotrwisniewski/Developer/codex-wt/d-k6-execution-labels-w73/src/components/Finance/Analysis/__tests__/analysisKpiCompute.test.ts
/Users/piotrwisniewski/Developer/codex-wt/d-k6-execution-labels-w73/src/components/Finance/Analysis/__tests__/analysisKpiTable.contract.test.ts
/Users/piotrwisniewski/Developer/codex-wt/d-k6-execution-labels-w73/src/components/Finance/Analysis/__tests__/analysisWorkspace.contract.test.ts
/Users/piotrwisniewski/Developer/codex-wt/d-k6-execution-labels-w73/src/components/Finance/Prediction/__tests__/PredictionWorkspace.errorBoundary.test.tsx
/Users/piotrwisniewski/Developer/codex-wt/d-k6-execution-labels-w73/src/components/Finance/Prediction/__tests__/PredictionWorkspace.flag.test.tsx
/Users/piotrwisniewski/Developer/codex-wt/d-k6-execution-labels-w73/src/components/Finance/Prediction/__tests__/PredictionWorkspace.focusMode.test.tsx
/Users/piotrwisniewski/Developer/codex-wt/d-k6-execution-labels-w73/src/components/Finance/Prediction/__tests__/PredictionWorkspace.test.tsx
/Users/piotrwisniewski/Developer/codex-wt/d-k6-execution-labels-w73/src/components/Finance/Prediction/__tests__/independentVerification.doubleCounting.test.ts
/Users/piotrwisniewski/Developer/codex-wt/d-k6-execution-labels-w73/src/components/Finance/Prediction/__tests__/predictionScenarioModel.test.ts
/Users/piotrwisniewski/Developer/codex-wt/d-k6-execution-labels-w73/src/components/Finance/Valuation/__tests__/ValuationWorkspace.flag.test.tsx
/Users/piotrwisniewski/Developer/codex-wt/d-k6-execution-labels-w73/src/components/Finance/Valuation/__tests__/ValuationWorkspace.focusMode.test.tsx
/Users/piotrwisniewski/Developer/codex-wt/d-k6-execution-labels-w73/src/components/Finance/Valuation/__tests__/ValuationWorkspace.test.tsx
/Users/piotrwisniewski/Developer/codex-wt/d-k6-execution-labels-w73/src/components/Finance/Valuation/__tests__/valuationMath.test.ts
/Users/piotrwisniewski/Developer/codex-wt/d-k6-execution-labels-w73/src/components/Finance/__tests__/FinanceWave2Placeholder.translation.test.tsx
/Users/piotrwisniewski/Developer/codex-wt/d-k6-execution-labels-w73/src/components/Finance/__tests__/FinancialStatementPackWorkspace.cardNContract.test.ts
/Users/piotrwisniewski/Developer/codex-wt/d-k6-execution-labels-w73/src/components/Finance/__tests__/financeWave2Gate.test.tsx
/Users/piotrwisniewski/Developer/codex-wt/d-k6-execution-labels-w73/src/components/Finance/__tests__/jezykFinansow.source.test.ts
/Users/piotrwisniewski/Developer/codex-wt/d-k6-execution-labels-w73/src/components/Finance/baseline/__tests__/AssumptionsView.a11y.test.tsx
/Users/piotrwisniewski/Developer/codex-wt/d-k6-execution-labels-w73/src/components/Finance/baseline/__tests__/BaselineWorkspace.a11y.test.tsx
/Users/piotrwisniewski/Developer/codex-wt/d-k6-execution-labels-w73/src/components/Finance/baseline/__tests__/BaselineWorkspace.canon.test.tsx
/Users/piotrwisniewski/Developer/codex-wt/d-k6-execution-labels-w73/src/components/Finance/baseline/__tests__/BaselineWorkspace.context.test.tsx
/Users/piotrwisniewski/Developer/codex-wt/d-k6-execution-labels-w73/src/components/Finance/baseline/__tests__/BaselineWorkspace.errorBoundary.test.tsx
/Users/piotrwisniewski/Developer/codex-wt/d-k6-execution-labels-w73/src/components/Finance/baseline/__tests__/BaselineWorkspace.flag.test.tsx
/Users/piotrwisniewski/Developer/codex-wt/d-k6-execution-labels-w73/src/components/Finance/baseline/__tests__/BaselineWorkspace.focusMode.test.tsx
/Users/piotrwisniewski/Developer/codex-wt/d-k6-execution-labels-w73/src/components/Finance/baseline/__tests__/BaselineWorkspace.persistence.test.tsx
/Users/piotrwisniewski/Developer/codex-wt/d-k6-execution-labels-w73/src/components/Finance/baseline/__tests__/CalculationsView.antiplug.test.tsx
/Users/piotrwisniewski/Developer/codex-wt/d-k6-execution-labels-w73/src/components/Finance/baseline/__tests__/honestErrorMessages.idBridge.test.ts
/Users/piotrwisniewski/Developer/codex-wt/d-k6-execution-labels-w73/src/components/Finance/baseline/__tests__/useBaselineCompute.test.ts
/Users/piotrwisniewski/Developer/codex-wt/d-k6-execution-labels-w73/src/components/Finance/comments/__tests__/FinanceCommentsPanel.a11y.test.tsx
/Users/piotrwisniewski/Developer/codex-wt/d-k6-execution-labels-w73/src/components/Finance/comments/__tests__/FinanceCommentsPanel.test.tsx
/Users/piotrwisniewski/Developer/codex-wt/d-k6-execution-labels-w73/src/components/Finance/compare/__tests__/FinanceComparePanel.a11y.test.tsx
/Users/piotrwisniewski/Developer/codex-wt/d-k6-execution-labels-w73/src/components/Finance/compare/__tests__/FinanceComparePanel.test.tsx
/Users/piotrwisniewski/Developer/codex-wt/d-k6-execution-labels-w73/src/components/Finance/exportImport/__tests__/FinanceExportImportPanel.a11y.test.tsx
/Users/piotrwisniewski/Developer/codex-wt/d-k6-execution-labels-w73/src/components/Finance/exportImport/__tests__/FinanceExportImportPanel.test.tsx
/Users/piotrwisniewski/Developer/codex-wt/d-k6-execution-labels-w73/src/components/Finance/labels/__tests__/financeEnums.test.ts
/Users/piotrwisniewski/Developer/codex-wt/d-k6-execution-labels-w73/src/components/Finance/lineage/__tests__/FinanceLineageNavigator.a11y.test.tsx
/Users/piotrwisniewski/Developer/codex-wt/d-k6-execution-labels-w73/src/components/Finance/lineage/__tests__/FinanceLineageNavigator.test.tsx
/Users/piotrwisniewski/Developer/codex-wt/d-k6-execution-labels-w73/src/components/Finance/savedViews/__tests__/FinanceSavedViewsPanel.a11y.test.tsx
/Users/piotrwisniewski/Developer/codex-wt/d-k6-execution-labels-w73/src/components/Finance/savedViews/__tests__/FinanceSavedViewsPanel.test.tsx
/Users/piotrwisniewski/Developer/codex-wt/d-k6-execution-labels-w73/src/components/Finance/shared/__tests__/FinanceCandidateHandoffModal.test.tsx
/Users/piotrwisniewski/Developer/codex-wt/d-k6-execution-labels-w73/src/components/Finance/shared/__tests__/FinanceErrorBoundary.test.tsx
/Users/piotrwisniewski/Developer/codex-wt/d-k6-execution-labels-w73/src/components/Finance/shared/__tests__/FinanceLegacyBridgeGate.test.tsx
/Users/piotrwisniewski/Developer/codex-wt/d-k6-execution-labels-w73/src/components/Finance/shared/__tests__/FinanceStatusAnnouncer.independent-verification.test.tsx
/Users/piotrwisniewski/Developer/codex-wt/d-k6-execution-labels-w73/src/components/Finance/shared/__tests__/FinanceStatusAnnouncer.mutation.test.tsx
/Users/piotrwisniewski/Developer/codex-wt/d-k6-execution-labels-w73/src/components/Finance/shared/__tests__/FinanceWorkspaceBar.confirmDialog.a11y.test.tsx
/Users/piotrwisniewski/Developer/codex-wt/d-k6-execution-labels-w73/src/components/Finance/shared/__tests__/FinanceWorkspaceBar.contrast.a11y.test.tsx
/Users/piotrwisniewski/Developer/codex-wt/d-k6-execution-labels-w73/src/components/Finance/shared/__tests__/FinanceWorkspaceBar.iconOnlyPrimary.test.tsx
/Users/piotrwisniewski/Developer/codex-wt/d-k6-execution-labels-w73/src/components/Finance/shared/__tests__/FinanceWorkspaceBar.test.tsx
/Users/piotrwisniewski/Developer/codex-wt/d-k6-execution-labels-w73/src/components/Finance/shared/__tests__/FinanceWorkspaceUtilities.mount.test.tsx
/Users/piotrwisniewski/Developer/codex-wt/d-k6-execution-labels-w73/src/components/Finance/shared/__tests__/financeWorkspaceBar.contract.test.ts
/Users/piotrwisniewski/Developer/codex-wt/d-k6-execution-labels-w73/src/components/Finance/shared/__tests__/financeWorkspaceResolver.table.test.ts
/Users/piotrwisniewski/Developer/codex-wt/d-k6-execution-labels-w73/src/components/Finance/shared/__tests__/focusMode.contract.test.ts
/Users/piotrwisniewski/Developer/codex-wt/d-k6-execution-labels-w73/src/components/Finance/statementPackWorkspaceV2/__tests__/CanonicalStatementTableV2.test.tsx
/Users/piotrwisniewski/Developer/codex-wt/d-k6-execution-labels-w73/src/components/Finance/statementPackWorkspaceV2/__tests__/NamedCollapsibleSection.test.tsx
/Users/piotrwisniewski/Developer/codex-wt/d-k6-execution-labels-w73/src/components/Finance/statementPackWorkspaceV2/__tests__/ReconciliationLedgerPanel.test.tsx
/Users/piotrwisniewski/Developer/codex-wt/d-k6-execution-labels-w73/src/components/Finance/statementPackWorkspaceV2/__tests__/RelatedArtifactsSection.test.tsx
/Users/piotrwisniewski/Developer/codex-wt/d-k6-execution-labels-w73/src/components/Finance/statementPackWorkspaceV2/__tests__/SourceEvidencePanel.test.tsx
/Users/piotrwisniewski/Developer/codex-wt/d-k6-execution-labels-w73/src/components/Finance/statementPackWorkspaceV2/__tests__/StatementPackWorkspaceV2.a11y.test.tsx
/Users/piotrwisniewski/Developer/codex-wt/d-k6-execution-labels-w73/src/components/Finance/statementPackWorkspaceV2/__tests__/StatementPackWorkspaceV2.cardNContract.test.ts
/Users/piotrwisniewski/Developer/codex-wt/d-k6-execution-labels-w73/src/components/Finance/statementPackWorkspaceV2/__tests__/StatementPackWorkspaceV2.errorBoundary.test.tsx
/Users/piotrwisniewski/Developer/codex-wt/d-k6-execution-labels-w73/src/components/Finance/statementPackWorkspaceV2/__tests__/StatementPackWorkspaceV2.flag.test.tsx
/Users/piotrwisniewski/Developer/codex-wt/d-k6-execution-labels-w73/src/components/Finance/statementPackWorkspaceV2/__tests__/StatementPackWorkspaceV2.focusMode.test.tsx
/Users/piotrwisniewski/Developer/codex-wt/d-k6-execution-labels-w73/src/components/Finance/statementPackWorkspaceV2/__tests__/StatementPackWorkspaceV2.persistence.test.tsx
/Users/piotrwisniewski/Developer/codex-wt/d-k6-execution-labels-w73/src/components/Finance/statementPackWorkspaceV2/__tests__/StatementPackWorkspaceV2.test.tsx
/Users/piotrwisniewski/Developer/codex-wt/d-k6-execution-labels-w73/src/components/Finance/statementPackWorkspaceV2/__tests__/StatementReportActionsSection.test.tsx
/Users/piotrwisniewski/Developer/codex-wt/d-k6-execution-labels-w73/src/components/Finance/statementPackWorkspaceV2/__tests__/codex3FinanceMinimum.contract.test.ts
/Users/piotrwisniewski/Developer/codex-wt/d-k6-execution-labels-w73/src/components/Finance/statementPackWorkspaceV2/__tests__/deriveStatementTable.test.ts
/Users/piotrwisniewski/Developer/codex-wt/d-k6-execution-labels-w73/src/config/achievements.ts
/Users/piotrwisniewski/Developer/codex-wt/d-k6-execution-labels-w73/src/components/Gamification/AchievementsList.tsx
/Users/piotrwisniewski/Developer/codex-wt/d-k6-execution-labels-w73/src/components/Gamification/UserLevelBadge.tsx
/Users/piotrwisniewski/Developer/codex-wt/d-k6-execution-labels-w73/src/components/Help/HelpFeedbackWidget.tsx
/Users/piotrwisniewski/Developer/codex-wt/d-k6-execution-labels-w73/src/components/Help/DocumentationRenderer.tsx
/Users/piotrwisniewski/Developer/codex-wt/d-k6-execution-labels-w73/src/components/Help/FloatingHelpWidget.tsx
/Users/piotrwisniewski/Developer/codex-wt/d-k6-execution-labels-w73/src/services/helpSearchService.ts
/Users/piotrwisniewski/Developer/codex-wt/d-k6-execution-labels-w73/src/hooks/useGlobalHelpSearch.ts
/Users/piotrwisniewski/Developer/codex-wt/d-k6-execution-labels-w73/src/components/Help/GlobalHelpSearch.tsx
/Users/piotrwisniewski/Developer/codex-wt/d-k6-execution-labels-w73/src/components/Help/MicroVideoHelpModal.tsx
/Users/piotrwisniewski/Developer/codex-wt/d-k6-execution-labels-w73/src/hooks/useModuleVideoHelp.ts
/Users/piotrwisniewski/Developer/codex-wt/d-k6-execution-labels-w73/src/components/Help/MicroVideoHelpTrigger.tsx
/Users/piotrwisniewski/Developer/codex-wt/d-k6-execution-labels-w73/src/components/Help/OnboardingPlaybooksPanel.tsx
/Users/piotrwisniewski/Developer/codex-wt/d-k6-execution-labels-w73/src/components/Help/VideoPlayer.tsx
/Users/piotrwisniewski/Developer/codex-wt/d-k6-execution-labels-w73/src/components/Help/WhatsNewModal.tsx
/Users/piotrwisniewski/Developer/codex-wt/d-k6-execution-labels-w73/src/components/Import/UnifiedImportWizard.tsx
/Users/piotrwisniewski/Developer/codex-wt/d-k6-execution-labels-w73/src/components/Import/index.ts
/Users/piotrwisniewski/Developer/codex-wt/d-k6-execution-labels-w73/src/components/Initiatives/InitiativeDraftJourney.tsx
/Users/piotrwisniewski/Developer/codex-wt/d-k6-execution-labels-w73/src/components/Initiatives/InitiativeDrawer.tsx
/Users/piotrwisniewski/Developer/codex-wt/d-k6-execution-labels-w73/src/components/Initiatives/templates/types.ts
/Users/piotrwisniewski/Developer/codex-wt/d-k6-execution-labels-w73/src/components/Initiatives/templates/initiativeLevelTemplates.ts
/Users/piotrwisniewski/Developer/codex-wt/d-k6-execution-labels-w73/src/components/Initiatives/templates/InitiativeLevelPill.tsx
/Users/piotrwisniewski/Developer/codex-wt/d-k6-execution-labels-w73/src/components/Initiatives/templates/InitiativeLevelSelector.tsx
/Users/piotrwisniewski/Developer/codex-wt/d-k6-execution-labels-w73/src/components/Initiatives/templates/index.ts
/Users/piotrwisniewski/Developer/codex-wt/d-k6-execution-labels-w73/src/components/Initiatives/index.ts
/Users/piotrwisniewski/Developer/codex-wt/d-k6-execution-labels-w73/src/components/Initiatives/initiativePreviewDetails.ts
/Users/piotrwisniewski/Developer/codex-wt/d-k6-execution-labels-w73/src/components/Initiatives/Generator/__tests__/GeneratorPlanuModal.uzasadnienie.test.tsx
/Users/piotrwisniewski/Developer/codex-wt/d-k6-execution-labels-w73/src/components/Initiatives/Generator/__tests__/adaptery-endpointy.test.ts
/Users/piotrwisniewski/Developer/codex-wt/d-k6-execution-labels-w73/src/components/Initiatives/Wizard/__tests__/InitiativeWizardModal.a11y.test.tsx
/Users/piotrwisniewski/Developer/codex-wt/d-k6-execution-labels-w73/src/components/Initiatives/Wizard/__tests__/InitiativeWizardModal.projectSelection.test.tsx
/Users/piotrwisniewski/Developer/codex-wt/d-k6-execution-labels-w73/src/components/Initiatives/__tests__/DefinitionApprovalContent.identity.test.tsx
/Users/piotrwisniewski/Developer/codex-wt/d-k6-execution-labels-w73/src/components/Initiatives/__tests__/DefinitionJourney.behavior.test.tsx
/Users/piotrwisniewski/Developer/codex-wt/d-k6-execution-labels-w73/src/components/Initiatives/__tests__/InitiativeConsultingAnalysisView.behavior.test.tsx
/Users/piotrwisniewski/Developer/codex-wt/d-k6-execution-labels-w73/src/components/Initiatives/__tests__/InitiativeConsultingAnalysisView.proposedDisposition.test.tsx
/Users/piotrwisniewski/Developer/codex-wt/d-k6-execution-labels-w73/src/components/Initiatives/__tests__/InitiativeDocumentView.titlePrecedence.source.test.ts
/Users/piotrwisniewski/Developer/codex-wt/d-k6-execution-labels-w73/src/components/Initiatives/__tests__/InitiativeGantt.planHorizon.test.tsx
/Users/piotrwisniewski/Developer/codex-wt/d-k6-execution-labels-w73/src/components/Initiatives/__tests__/InitiativeParkingView.test.tsx
/Users/piotrwisniewski/Developer/codex-wt/d-k6-execution-labels-w73/src/components/Initiatives/__tests__/InitiativePortfolioScheduleView.test.tsx
/Users/piotrwisniewski/Developer/codex-wt/d-k6-execution-labels-w73/src/components/Initiatives/__tests__/InitiativeSourceLink.getSourceDisplayLabel.test.ts
/Users/piotrwisniewski/Developer/codex-wt/d-k6-execution-labels-w73/src/components/Initiatives/__tests__/InitiativeWorkReportView.approver.test.ts
/Users/piotrwisniewski/Developer/codex-wt/d-k6-execution-labels-w73/src/components/Initiatives/__tests__/InitiativeWorkReportView.kanon.test.tsx
/Users/piotrwisniewski/Developer/codex-wt/d-k6-execution-labels-w73/src/components/Initiatives/__tests__/InitiativeWorkloadSurface.test.tsx
/Users/piotrwisniewski/Developer/codex-wt/d-k6-execution-labels-w73/src/components/Initiatives/__tests__/InitiativesHorizonControl.test.tsx
/Users/piotrwisniewski/Developer/codex-wt/d-k6-execution-labels-w73/src/components/Initiatives/__tests__/InitiativesHub.deepLinkRuntimeV1.source.test.ts
/Users/piotrwisniewski/Developer/codex-wt/d-k6-execution-labels-w73/src/components/Initiatives/__tests__/InitiativesHub.fourButtonsE1.test.tsx
/Users/piotrwisniewski/Developer/codex-wt/d-k6-execution-labels-w73/src/components/Initiatives/__tests__/InitiativesHub.journeyNavigation.test.tsx
/Users/piotrwisniewski/Developer/codex-wt/d-k6-execution-labels-w73/src/components/Initiatives/__tests__/InitiativesHub.kanonPaskow.source.test.ts
/Users/piotrwisniewski/Developer/codex-wt/d-k6-execution-labels-w73/src/components/Initiatives/__tests__/InitiativesHub.licznikiSpojne.test.tsx
/Users/piotrwisniewski/Developer/codex-wt/d-k6-execution-labels-w73/src/components/Initiatives/__tests__/InitiativesHub.menu3Chips.test.tsx
/Users/piotrwisniewski/Developer/codex-wt/d-k6-execution-labels-w73/src/components/Initiatives/__tests__/InitiativesHub.newModalA11y.test.tsx
/Users/piotrwisniewski/Developer/codex-wt/d-k6-execution-labels-w73/src/components/Initiatives/__tests__/InitiativesHub.previewDetails.t25.test.tsx
/Users/piotrwisniewski/Developer/codex-wt/d-k6-execution-labels-w73/src/components/Initiatives/__tests__/InitiativesHub.pustaLista.test.tsx
/Users/piotrwisniewski/Developer/codex-wt/d-k6-execution-labels-w73/src/components/Initiatives/__tests__/InitiativesHub.smoke.test.tsx
/Users/piotrwisniewski/Developer/codex-wt/d-k6-execution-labels-w73/src/components/Initiatives/__tests__/InitiativesHub.workReportFlag.test.tsx
/Users/piotrwisniewski/Developer/codex-wt/d-k6-execution-labels-w73/src/components/Initiatives/__tests__/PlanCard.zatwierdz.test.ts
/Users/piotrwisniewski/Developer/codex-wt/d-k6-execution-labels-w73/src/components/Initiatives/__tests__/PlanDependencyAnalysisPanel.test.tsx
/Users/piotrwisniewski/Developer/codex-wt/d-k6-execution-labels-w73/src/components/Initiatives/__tests__/PlanScenarioSurface.aiReviewFlow.test.tsx
/Users/piotrwisniewski/Developer/codex-wt/d-k6-execution-labels-w73/src/components/Initiatives/__tests__/PlanScenarioSurface.listaPlanow.test.tsx
/Users/piotrwisniewski/Developer/codex-wt/d-k6-execution-labels-w73/src/components/Initiatives/__tests__/PlanScenarioSurface.regulaBledu.test.tsx
/Users/piotrwisniewski/Developer/codex-wt/d-k6-execution-labels-w73/src/components/Initiatives/__tests__/PortfolioHealthView.test.tsx
/Users/piotrwisniewski/Developer/codex-wt/d-k6-execution-labels-w73/src/components/Initiatives/__tests__/TransitionInboxSurface.behavior.test.tsx
/Users/piotrwisniewski/Developer/codex-wt/d-k6-execution-labels-w73/src/components/Initiatives/__tests__/a19-jedna-tabela-render.test.tsx
/Users/piotrwisniewski/Developer/codex-wt/d-k6-execution-labels-w73/src/components/Initiatives/__tests__/a20-przycisk-ai-gornego-paska.test.ts
/Users/piotrwisniewski/Developer/codex-wt/d-k6-execution-labels-w73/server/src/domain/initiatives-execution/planSolverReason.ts
/Users/piotrwisniewski/Developer/codex-wt/d-k6-execution-labels-w73/src/components/Initiatives/__tests__/capacityAnalysis.brakPresji.test.tsx
/Users/piotrwisniewski/Developer/codex-wt/d-k6-execution-labels-w73/src/components/Initiatives/__tests__/day274-jedna-kolumnistyka.test.tsx
/Users/piotrwisniewski/Developer/codex-wt/d-k6-execution-labels-w73/src/components/Initiatives/__tests__/day277-wypelnij-cala-karte.test.tsx
/Users/piotrwisniewski/Developer/codex-wt/d-k6-execution-labels-w73/src/components/Initiatives/__tests__/financialNarrativeBlocks.test.ts
/Users/piotrwisniewski/Developer/codex-wt/d-k6-execution-labels-w73/src/components/Initiatives/__tests__/initiativeDocumentSource.saveRuntimeOnlyMetadata.test.ts
/Users/piotrwisniewski/Developer/codex-wt/d-k6-execution-labels-w73/src/components/Initiatives/__tests__/initiativeKartaRealnyRekord.test.ts
/Users/piotrwisniewski/Developer/codex-wt/d-k6-execution-labels-w73/src/components/Initiatives/__tests__/initiativeOriginSubresources.test.ts
/Users/piotrwisniewski/Developer/Consultify/node_modules/pg-types/index.d.ts
/Users/piotrwisniewski/Developer/Consultify/node_modules/pg-protocol/dist/messages.d.ts
/Users/piotrwisniewski/Developer/Consultify/node_modules/pg-protocol/dist/serializer.d.ts
/Users/piotrwisniewski/Developer/Consultify/node_modules/pg-protocol/dist/parser.d.ts
/Users/piotrwisniewski/Developer/Consultify/node_modules/pg-protocol/dist/index.d.ts
/Users/piotrwisniewski/Developer/Consultify/node_modules/@types/pg/lib/type-overrides.d.ts
/Users/piotrwisniewski/Developer/Consultify/node_modules/@types/pg/index.d.ts
/Users/piotrwisniewski/Developer/Consultify/node_modules/@types/pg/index.d.mts
/Users/piotrwisniewski/Developer/codex-wt/d-k6-execution-labels-w73/server/src/domain/initiatives-execution/registerModuleInitiativeForPlanning.ts
/Users/piotrwisniewski/Developer/codex-wt/d-k6-execution-labels-w73/server/src/domain/initiatives-execution/materialCommand.ts
/Users/piotrwisniewski/Developer/codex-wt/d-k6-execution-labels-w73/server/src/domain/initiatives-execution/portfolioScenario.ts
/Users/piotrwisniewski/Developer/codex-wt/d-k6-execution-labels-w73/server/src/domain/initiatives-execution/planSolver.ts
/Users/piotrwisniewski/Developer/codex-wt/d-k6-execution-labels-w73/server/src/domain/initiatives-execution/planScenario.ts
/Users/piotrwisniewski/Developer/codex-wt/d-k6-execution-labels-w73/server/src/domain/initiatives-execution/capacityScenario.ts
/Users/piotrwisniewski/Developer/codex-wt/d-k6-execution-labels-w73/server/src/domain/initiatives-execution/postgresGovernancePolicyResolver.ts
/Users/piotrwisniewski/Developer/codex-wt/d-k6-execution-labels-w73/server/src/domain/initiatives-execution/organizationGovernance.ts
/Users/piotrwisniewski/Developer/codex-wt/d-k6-execution-labels-w73/server/src/domain/initiatives-execution/gateSignoff.ts
/Users/piotrwisniewski/Developer/codex-wt/d-k6-execution-labels-w73/server/src/domain/initiatives-execution/portfolioConsultingAnalysis.ts
/Users/piotrwisniewski/Developer/codex-wt/d-k6-execution-labels-w73/server/src/domain/initiatives-execution/publishInitiativeCard.ts
/Users/piotrwisniewski/Developer/codex-wt/d-k6-execution-labels-w73/server/src/domain/initiatives-execution/portfolioDecision.ts
/Users/piotrwisniewski/Developer/codex-wt/d-k6-execution-labels-w73/server/src/domain/initiatives-execution/registerInitiative.ts
/Users/piotrwisniewski/Developer/Consultify/node_modules/@types/pdfkit/index.d.ts
/Users/piotrwisniewski/Developer/codex-wt/d-k6-execution-labels-w73/server/src/utils/pdfFonts.ts
/Users/piotrwisniewski/Developer/codex-wt/d-k6-execution-labels-w73/server/src/services/initiativeWorkReportService.ts
/Users/piotrwisniewski/Developer/codex-wt/d-k6-execution-labels-w73/server/src/constants/initiativeStatuses.ts
/Users/piotrwisniewski/Developer/Consultify/node_modules/dotenv/lib/main.d.ts
/Users/piotrwisniewski/Developer/Consultify/node_modules/@types/triple-beam/index.d.ts
/Users/piotrwisniewski/Developer/Consultify/node_modules/logform/index.d.ts
/Users/piotrwisniewski/Developer/Consultify/node_modules/winston-transport/index.d.ts
/Users/piotrwisniewski/Developer/Consultify/node_modules/winston/lib/winston/config/index.d.ts
/Users/piotrwisniewski/Developer/Consultify/node_modules/winston/lib/winston/transports/index.d.ts
/Users/piotrwisniewski/Developer/Consultify/node_modules/winston/index.d.ts
/Users/piotrwisniewski/Developer/Consultify/node_modules/winston-daily-rotate-file/index.d.ts
/Users/piotrwisniewski/Developer/codex-wt/d-k6-execution-labels-w73/server/src/utils/Logger.ts
/Users/piotrwisniewski/Developer/codex-wt/d-k6-execution-labels-w73/server/src/config/loadEnv.ts
/Users/piotrwisniewski/Developer/codex-wt/d-k6-execution-labels-w73/server/src/config/databaseTargetResolver.ts
/Users/piotrwisniewski/Developer/codex-wt/d-k6-execution-labels-w73/server/src/config/DatabaseConfig.ts
/Users/piotrwisniewski/Developer/codex-wt/d-k6-execution-labels-w73/server/src/database/IDatabase.ts
/Users/piotrwisniewski/Developer/codex-wt/d-k6-execution-labels-w73/server/src/config/dbTargetLabel.ts
/Users/piotrwisniewski/Developer/codex-wt/d-k6-execution-labels-w73/server/src/config/databaseIdentity.ts
/Users/piotrwisniewski/Developer/Consultify/node_modules/@types/send/index.d.ts
/Users/piotrwisniewski/Developer/Consultify/node_modules/@types/qs/index.d.ts
/Users/piotrwisniewski/Developer/Consultify/node_modules/@types/range-parser/index.d.ts
/Users/piotrwisniewski/Developer/Consultify/node_modules/@types/express-serve-static-core/index.d.ts
/Users/piotrwisniewski/Developer/Consultify/node_modules/@types/http-errors/index.d.ts
/Users/piotrwisniewski/Developer/Consultify/node_modules/@types/serve-static/index.d.ts
/Users/piotrwisniewski/Developer/Consultify/node_modules/@types/connect/index.d.ts
/Users/piotrwisniewski/Developer/Consultify/node_modules/@types/body-parser/index.d.ts
/Users/piotrwisniewski/Developer/Consultify/node_modules/@types/express/index.d.ts
/Users/piotrwisniewski/Developer/codex-wt/d-k6-execution-labels-w73/server/src/utils/RequestStore.ts
/Users/piotrwisniewski/Developer/codex-wt/d-k6-execution-labels-w73/server/src/utils/queryHelpers.ts
/Users/piotrwisniewski/Developer/codex-wt/d-k6-execution-labels-w73/server/src/database/conflictTargets.ts
/Users/piotrwisniewski/Developer/codex-wt/d-k6-execution-labels-w73/server/src/database/PostgresDatabase.ts
/Users/piotrwisniewski/Developer/codex-wt/d-k6-execution-labels-w73/server/src/services/tablePlatform/migrationHistoricalChecksums.ts
/Users/piotrwisniewski/Developer/codex-wt/d-k6-execution-labels-w73/server/src/services/tablePlatform/migrationIdentity.ts
/Users/piotrwisniewski/Developer/codex-wt/d-k6-execution-labels-w73/server/src/services/tablePlatform/migrationRunner.ts
/Users/piotrwisniewski/Developer/codex-wt/d-k6-execution-labels-w73/server/src/utils/dbSchema.ts
/Users/piotrwisniewski/Developer/codex-wt/d-k6-execution-labels-w73/server/src/services/tablePlatform/seeds/tabele_consulting_templates.ts
/Users/piotrwisniewski/Developer/codex-wt/d-k6-execution-labels-w73/server/src/services/tablePlatform/seeds/tabeleConsultingTemplatesSeeder.ts
/Users/piotrwisniewski/Developer/Consultify/node_modules/bcryptjs/types.d.ts
/Users/piotrwisniewski/Developer/Consultify/node_modules/bcryptjs/index.d.ts
/Users/piotrwisniewski/Developer/codex-wt/d-k6-execution-labels-w73/server/src/services/tablePlatform/AuditService.ts
/Users/piotrwisniewski/Developer/codex-wt/d-k6-execution-labels-w73/server/src/services/tablePlatform/ErrorHandling.ts
/Users/piotrwisniewski/Developer/codex-wt/d-k6-execution-labels-w73/server/src/services/tablePlatform/OrgMemberSyncService.ts
/Users/piotrwisniewski/Developer/codex-wt/d-k6-execution-labels-w73/server/src/services/tablePlatform/ProjectionService.ts
/Users/piotrwisniewski/Developer/codex-wt/d-k6-execution-labels-w73/server/src/utils/secretEncryption.ts
/Users/piotrwisniewski/Developer/codex-wt/d-k6-execution-labels-w73/server/src/services/tablePlatform/WebhookDispatcherService.ts
/Users/piotrwisniewski/Developer/codex-wt/d-k6-execution-labels-w73/server/src/services/tablePlatform/MetadataService.ts
/Users/piotrwisniewski/Developer/codex-wt/d-k6-execution-labels-w73/server/src/services/tablePlatform/TemplateService.ts
/Users/piotrwisniewski/Developer/codex-wt/d-k6-execution-labels-w73/server/src/database/DatabaseInitializer.ts
/Users/piotrwisniewski/Developer/codex-wt/d-k6-execution-labels-w73/server/src/database/Database.ts
/Users/piotrwisniewski/Developer/codex-wt/d-k6-execution-labels-w73/server/src/utils/DbPromise.ts
/Users/piotrwisniewski/Developer/codex-wt/d-k6-execution-labels-w73/server/src/services/capacityPolicy.ts
/Users/piotrwisniewski/Developer/codex-wt/d-k6-execution-labels-w73/server/src/services/workloadCapacityService.ts
/Users/piotrwisniewski/Developer/codex-wt/d-k6-execution-labels-w73/server/src/domain/initiatives-execution/postgresInitiativeReader.ts
/Users/piotrwisniewski/Developer/codex-wt/d-k6-execution-labels-w73/server/src/domain/initiatives-execution/definitionReadiness.ts
/Users/piotrwisniewski/Developer/codex-wt/d-k6-execution-labels-w73/server/src/domain/initiatives-execution/configureInitiativeCards.ts
/Users/piotrwisniewski/Developer/codex-wt/d-k6-execution-labels-w73/src/components/Initiatives/__tests__/initiativeProfileContract.test.ts
/Users/piotrwisniewski/Developer/codex-wt/d-k6-execution-labels-w73/src/components/Initiatives/__tests__/initiativeRegisterProjection.archived.dec495.test.ts
/Users/piotrwisniewski/Developer/codex-wt/d-k6-execution-labels-w73/src/components/Initiatives/__tests__/initiativeRegisterProjection.legacyMerge.test.ts
/Users/piotrwisniewski/Developer/codex-wt/d-k6-execution-labels-w73/src/components/Initiatives/__tests__/initiativeRegisterProjection.ownerName.test.ts
/Users/piotrwisniewski/Developer/codex-wt/d-k6-execution-labels-w73/src/components/Initiatives/__tests__/initiativeRegisterProjection.scope.test.ts
/Users/piotrwisniewski/Developer/codex-wt/d-k6-execution-labels-w73/src/components/Initiatives/__tests__/initiativeRegisterProjection.statusReconciliation.test.ts
/Users/piotrwisniewski/Developer/codex-wt/d-k6-execution-labels-w73/src/components/Initiatives/__tests__/initiativeSections.day136.test.ts
/Users/piotrwisniewski/Developer/codex-wt/d-k6-execution-labels-w73/src/components/Initiatives/__tests__/initiativeUsers.test.ts
/Users/piotrwisniewski/Developer/codex-wt/d-k6-execution-labels-w73/src/components/Initiatives/__tests__/jezykInicjatywy.source.test.ts
/Users/piotrwisniewski/Developer/codex-wt/d-k6-execution-labels-w73/src/components/Initiatives/__tests__/nativeForecastCardReachability.behavior.test.tsx
/Users/piotrwisniewski/Developer/codex-wt/d-k6-execution-labels-w73/src/components/Initiatives/__tests__/nazwyBezKodow.test.ts
/Users/piotrwisniewski/Developer/codex-wt/d-k6-execution-labels-w73/src/components/Initiatives/__tests__/planDependencyReview.test.ts
/Users/piotrwisniewski/Developer/codex-wt/d-k6-execution-labels-w73/src/components/Initiatives/__tests__/registerPreviewKanon.k5.test.ts
/Users/piotrwisniewski/Developer/codex-wt/d-k6-execution-labels-w73/src/components/Initiatives/__tests__/workReportLabels.test.ts
/Users/piotrwisniewski/Developer/codex-wt/d-k6-execution-labels-w73/src/components/Initiatives/lifecycle/__tests__/initiativeLifecycleMessages.closureWorkIncomplete.test.ts
/Users/piotrwisniewski/Developer/codex-wt/d-k6-execution-labels-w73/src/components/Initiatives/lifecycle/__tests__/initiativeReadinessPoPolsku.test.ts
/Users/piotrwisniewski/Developer/codex-wt/d-k6-execution-labels-w73/src/components/Initiatives/sections/ClosureSection.tsx
/Users/piotrwisniewski/Developer/codex-wt/d-k6-execution-labels-w73/src/components/Initiatives/sections/__tests__/InitiativeTeamSection.aiProposalNames.test.tsx
/Users/piotrwisniewski/Developer/codex-wt/d-k6-execution-labels-w73/src/components/Initiatives/sections/__tests__/LinkedItemsSection.searchPartialFailure.test.tsx
/Users/piotrwisniewski/Developer/codex-wt/d-k6-execution-labels-w73/src/components/Initiatives/sections/__tests__/OperationalForecastEditor.adversarial.test.tsx
/Users/piotrwisniewski/Developer/codex-wt/d-k6-execution-labels-w73/src/components/Initiatives/sections/__tests__/OperationalForecastEditor.test.tsx
/Users/piotrwisniewski/Developer/codex-wt/d-k6-execution-labels-w73/src/components/Initiatives/sections/__tests__/TasksMilestonesSection.a11y.test.tsx
/Users/piotrwisniewski/Developer/codex-wt/d-k6-execution-labels-w73/src/components/Initiatives/sections/shared/CardContainer.tsx
/Users/piotrwisniewski/Developer/codex-wt/d-k6-execution-labels-w73/src/components/Intelligence/index.ts
/Users/piotrwisniewski/Developer/codex-wt/d-k6-execution-labels-w73/src/hooks/useInterviewContext.ts
/Users/piotrwisniewski/Developer/codex-wt/d-k6-execution-labels-w73/src/components/Interview/InterviewContextBanner.tsx
/Users/piotrwisniewski/Developer/codex-wt/d-k6-execution-labels-w73/src/components/Interview/InterviewSummary.tsx
/Users/piotrwisniewski/Developer/codex-wt/d-k6-execution-labels-w73/src/components/Interview/NewSessionModal.tsx
/Users/piotrwisniewski/Developer/codex-wt/d-k6-execution-labels-w73/src/components/Interview/SufficiencyIndicator.tsx
/Users/piotrwisniewski/Developer/codex-wt/d-k6-execution-labels-w73/src/components/Interview/SummaryView.tsx
/Users/piotrwisniewski/Developer/codex-wt/d-k6-execution-labels-w73/src/components/Interview/index.ts
/Users/piotrwisniewski/Developer/codex-wt/d-k6-execution-labels-w73/src/components/Interview/__tests__/AssignInterviewModal.behavior.test.tsx
/Users/piotrwisniewski/Developer/codex-wt/d-k6-execution-labels-w73/src/components/Interview/__tests__/AssignInterviewModal.ownerContract.test.ts
/Users/piotrwisniewski/Developer/codex-wt/d-k6-execution-labels-w73/src/components/Interview/__tests__/ConversationalPanel.applyDraftMappings.contract.test.tsx
/Users/piotrwisniewski/Developer/codex-wt/d-k6-execution-labels-w73/src/components/Interview/__tests__/InsightCreatorModal.a11y.test.tsx
/Users/piotrwisniewski/Developer/codex-wt/d-k6-execution-labels-w73/src/components/Interview/__tests__/InterviewApprovalLifecycle.ownerContract.test.ts
/Users/piotrwisniewski/Developer/codex-wt/d-k6-execution-labels-w73/src/components/Interview/__tests__/InterviewHub.assignmentReview.behavior.test.tsx
/Users/piotrwisniewski/Developer/codex-wt/d-k6-execution-labels-w73/src/components/Interview/__tests__/InterviewHub.jedenPanel.test.tsx
/Users/piotrwisniewski/Developer/codex-wt/d-k6-execution-labels-w73/src/components/Interview/__tests__/InterviewHub.smoke.test.tsx
/Users/piotrwisniewski/Developer/codex-wt/d-k6-execution-labels-w73/src/components/Interview/__tests__/InterviewInitiativePreviewBody.canon.test.tsx
/Users/piotrwisniewski/Developer/codex-wt/d-k6-execution-labels-w73/src/components/Interview/__tests__/InterviewPreviewFooter.ownerContract.test.ts
/Users/piotrwisniewski/Developer/codex-wt/d-k6-execution-labels-w73/src/components/Interview/__tests__/InterviewQuestionWorkspace.ownerContract.test.ts
/Users/piotrwisniewski/Developer/codex-wt/d-k6-execution-labels-w73/src/components/Interview/__tests__/InterviewSingleQuestionRuntime.ownerBehavior.test.tsx
/Users/piotrwisniewski/Developer/codex-wt/d-k6-execution-labels-w73/src/components/Interview/__tests__/InterviewSingleQuestionRuntime.usuwanieZalacznika.test.tsx
/Users/piotrwisniewski/Developer/codex-wt/d-k6-execution-labels-w73/src/components/Interview/__tests__/InterviewWorkspace.managerReview.behavior.test.tsx
/Users/piotrwisniewski/Developer/codex-wt/d-k6-execution-labels-w73/src/components/Interview/__tests__/InterviewWorkspace.progress.test.ts
/Users/piotrwisniewski/Developer/codex-wt/d-k6-execution-labels-w73/src/components/Interview/__tests__/PreviewActionBar.ownerBehavior.test.tsx
/Users/piotrwisniewski/Developer/codex-wt/d-k6-execution-labels-w73/src/components/Interview/__tests__/QuestionsList.aiAudit.test.tsx
/Users/piotrwisniewski/Developer/codex-wt/d-k6-execution-labels-w73/src/components/Interview/__tests__/TemplateBuilder.smoke.test.tsx
/Users/piotrwisniewski/Developer/codex-wt/d-k6-execution-labels-w73/src/components/Interview/__tests__/insightCardContract.r1.test.ts
/Users/piotrwisniewski/Developer/codex-wt/d-k6-execution-labels-w73/src/components/Interview/__tests__/interviewActionMatrix.contract.test.tsx
/Users/piotrwisniewski/Developer/codex-wt/d-k6-execution-labels-w73/src/components/Interview/__tests__/interviewBackendRouting.test.ts
/Users/piotrwisniewski/Developer/codex-wt/d-k6-execution-labels-w73/src/components/Interview/__tests__/interviewDefaultSessionNames.pinOnSource.test.ts
/Users/piotrwisniewski/Developer/codex-wt/d-k6-execution-labels-w73/src/components/Interview/__tests__/jezykInterview.source.test.ts
/Users/piotrwisniewski/Developer/codex-wt/d-k6-execution-labels-w73/src/hooks/useJourneyProgress.ts
/Users/piotrwisniewski/Developer/codex-wt/d-k6-execution-labels-w73/src/components/Journey/JourneyProgressBar.tsx
/Users/piotrwisniewski/Developer/codex-wt/d-k6-execution-labels-w73/src/components/Journey/MilestoneBadge.tsx
/Users/piotrwisniewski/Developer/codex-wt/d-k6-execution-labels-w73/src/components/Knowledge/MediaUploader.tsx
/Users/piotrwisniewski/Developer/codex-wt/d-k6-execution-labels-w73/src/components/Landing/DemoButton.tsx
/Users/piotrwisniewski/Developer/codex-wt/d-k6-execution-labels-w73/src/components/Landing/HeroSection.tsx
/Users/piotrwisniewski/Developer/codex-wt/d-k6-execution-labels-w73/src/components/Meeting/__tests__/MeetingHub.deriveMeetingLifecycle.test.ts
/Users/piotrwisniewski/Developer/codex-wt/d-k6-execution-labels-w73/src/components/Meeting/__tests__/MeetingHub.smoke.test.tsx
/Users/piotrwisniewski/Developer/codex-wt/d-k6-execution-labels-w73/src/components/Meeting/__tests__/MeetingObjectPage.approvedDecision.contract.test.tsx
/Users/piotrwisniewski/Developer/codex-wt/d-k6-execution-labels-w73/src/components/Meeting/__tests__/MeetingObjectPage.operatorBrief.test.tsx
/Users/piotrwisniewski/Developer/codex-wt/d-k6-execution-labels-w73/src/components/Meeting/__tests__/MeetingObjectPage.test.tsx
/Users/piotrwisniewski/Developer/codex-wt/d-k6-execution-labels-w73/src/components/Meeting/__tests__/MeetingsWave2Placeholder.test.tsx
/Users/piotrwisniewski/Developer/codex-wt/d-k6-execution-labels-w73/src/components/Meeting/__tests__/jezykMeeting.source.test.ts
/Users/piotrwisniewski/Developer/codex-wt/d-k6-execution-labels-w73/src/components/Meeting/__tests__/meetingActionItem.przycisk.test.tsx
/Users/piotrwisniewski/Developer/codex-wt/d-k6-execution-labels-w73/src/components/Megatrend/__tests__/megatrendIndustry.test.ts
/Users/piotrwisniewski/Developer/codex-wt/d-k6-execution-labels-w73/src/components/MyWork/AIAnalysisProposalReviewQueue.tsx
/Users/piotrwisniewski/Developer/codex-wt/d-k6-execution-labels-w73/src/components/MyWork/AnalysisDecisionQueue.tsx
/Users/piotrwisniewski/Developer/codex-wt/d-k6-execution-labels-w73/src/components/MyWork/ClosureDecisionQueue.tsx
/Users/piotrwisniewski/Developer/codex-wt/d-k6-execution-labels-w73/src/components/MyWork/ConvertToMenu.tsx
/Users/piotrwisniewski/Developer/codex-wt/d-k6-execution-labels-w73/src/components/MyWork/DecisionBottleneckPanel.tsx
/Users/piotrwisniewski/Developer/codex-wt/d-k6-execution-labels-w73/src/components/MyWork/WorkSidebar.tsx
/Users/piotrwisniewski/Developer/codex-wt/d-k6-execution-labels-w73/src/components/MyWork/DecisionsList.tsx
/Users/piotrwisniewski/Developer/codex-wt/d-k6-execution-labels-w73/src/components/MyWork/RelatedObjectPreview.tsx
/Users/piotrwisniewski/Developer/codex-wt/d-k6-execution-labels-w73/src/components/MyWork/DecisionDetailModal.tsx
/Users/piotrwisniewski/Developer/codex-wt/d-k6-execution-labels-w73/src/components/MyWork/DecisionReviewNext.tsx
/Users/piotrwisniewski/Developer/codex-wt/d-k6-execution-labels-w73/src/components/shared/CardViewSwitcher.tsx
/Users/piotrwisniewski/Developer/codex-wt/d-k6-execution-labels-w73/src/components/shared/ViewLayouts/StatusBadge.tsx
/Users/piotrwisniewski/Developer/codex-wt/d-k6-execution-labels-w73/src/components/shared/ViewLayouts/types.ts
/Users/piotrwisniewski/Developer/codex-wt/d-k6-execution-labels-w73/src/components/shared/ViewLayouts/ClickUpListView.tsx
/Users/piotrwisniewski/Developer/codex-wt/d-k6-execution-labels-w73/src/components/shared/ViewLayouts/NotionListView.tsx
/Users/piotrwisniewski/Developer/codex-wt/d-k6-execution-labels-w73/src/components/shared/ViewLayouts/index.ts
/Users/piotrwisniewski/Developer/codex-wt/d-k6-execution-labels-w73/src/components/MyWork/DecisionsPanel.tsx
/Users/piotrwisniewski/Developer/codex-wt/d-k6-execution-labels-w73/src/components/MyWork/DefinitionDecisionQueue.tsx
/Users/piotrwisniewski/Developer/codex-wt/d-k6-execution-labels-w73/src/components/MyWork/DeliveryResultsAcceptanceQueue.tsx
/Users/piotrwisniewski/Developer/codex-wt/d-k6-execution-labels-w73/src/components/MyWork/EffectivenessClosureQueue.tsx
/Users/piotrwisniewski/Developer/codex-wt/d-k6-execution-labels-w73/src/components/MyWork/ExecutionCanonicalWorkQueue.tsx
/Users/piotrwisniewski/Developer/codex-wt/d-k6-execution-labels-w73/src/components/MyWork/FocusCockpit.tsx
/Users/piotrwisniewski/Developer/codex-wt/d-k6-execution-labels-w73/src/components/MyWork/GateSignoffQueue.tsx
/Users/piotrwisniewski/Developer/codex-wt/d-k6-execution-labels-w73/src/components/MyWork/LocationFilter.tsx
/Users/piotrwisniewski/Developer/codex-wt/d-k6-execution-labels-w73/src/components/MyWork/MaterialChangeQueue.tsx
/Users/piotrwisniewski/Developer/codex-wt/d-k6-execution-labels-w73/src/components/MyWork/TaskRow.tsx
/Users/piotrwisniewski/Developer/codex-wt/d-k6-execution-labels-w73/src/components/MyWork/MyTasksList.tsx
/Users/piotrwisniewski/Developer/codex-wt/d-k6-execution-labels-w73/src/components/MyWork/MyWorkNav.tsx
/Users/piotrwisniewski/Developer/codex-wt/d-k6-execution-labels-w73/src/components/MyWork/NotificationSettings.tsx
/Users/piotrwisniewski/Developer/codex-wt/d-k6-execution-labels-w73/src/components/MyWork/NotificationsContent.tsx
/Users/piotrwisniewski/Developer/codex-wt/d-k6-execution-labels-w73/src/components/MyWork/NotificationsHub.tsx
/Users/piotrwisniewski/Developer/codex-wt/d-k6-execution-labels-w73/src/components/MyWork/NotificationsKanbanBoard.tsx
/Users/piotrwisniewski/Developer/codex-wt/d-k6-execution-labels-w73/src/components/MyWork/PersonalExecutionBar.tsx
/Users/piotrwisniewski/Developer/codex-wt/d-k6-execution-labels-w73/src/components/MyWork/PillNavigation.tsx
/Users/piotrwisniewski/Developer/codex-wt/d-k6-execution-labels-w73/src/components/MyWork/PortfolioDecisionQueue.tsx
/Users/piotrwisniewski/Developer/codex-wt/d-k6-execution-labels-w73/src/components/MyWork/ProgressView.tsx
/Users/piotrwisniewski/Developer/codex-wt/d-k6-execution-labels-w73/src/components/MyWork/QuickFilterBar.tsx
/Users/piotrwisniewski/Developer/codex-wt/d-k6-execution-labels-w73/src/components/MyWork/ScheduleDecisionQueue.tsx
/Users/piotrwisniewski/Developer/codex-wt/d-k6-execution-labels-w73/src/components/MyWork/TaskDetailModal.tsx
/Users/piotrwisniewski/Developer/Consultify/node_modules/react-virtuoso/dist/index.d.ts
/Users/piotrwisniewski/Developer/codex-wt/d-k6-execution-labels-w73/src/components/MyWork/TaskInbox.tsx
/Users/piotrwisniewski/Developer/codex-wt/d-k6-execution-labels-w73/src/components/PMO/PMOStatusBanner.tsx
/Users/piotrwisniewski/Developer/codex-wt/d-k6-execution-labels-w73/src/components/MyWork/TodayDashboard.tsx
/Users/piotrwisniewski/Developer/codex-wt/d-k6-execution-labels-w73/src/components/MyWork/WorkCenter.tsx
/Users/piotrwisniewski/Developer/codex-wt/d-k6-execution-labels-w73/src/components/MyWork/WorkloadView.tsx
/Users/piotrwisniewski/Developer/codex-wt/d-k6-execution-labels-w73/src/components/MyWork/table/SmartSuggestionsBar.tsx
/Users/piotrwisniewski/Developer/codex-wt/d-k6-execution-labels-w73/src/components/MyWork/table/TableSummaryDashboard.tsx
/Users/piotrwisniewski/Developer/codex-wt/d-k6-execution-labels-w73/src/components/MyWork/table/useIdeaGraphStore.ts
/Users/piotrwisniewski/Developer/codex-wt/d-k6-execution-labels-w73/src/components/MyWork/Focus/FocusBoard.tsx
/Users/piotrwisniewski/Developer/codex-wt/d-k6-execution-labels-w73/src/components/MyWork/Inbox/InboxTriage.tsx
/Users/piotrwisniewski/Developer/codex-wt/d-k6-execution-labels-w73/src/components/MyWork/Tasks/TaskFiltersBar.tsx
/Users/piotrwisniewski/Developer/codex-wt/d-k6-execution-labels-w73/src/components/MyWork/index.ts
/Users/piotrwisniewski/Developer/codex-wt/d-k6-execution-labels-w73/src/components/MyWork/Calendar/index.ts
/Users/piotrwisniewski/Developer/codex-wt/d-k6-execution-labels-w73/src/components/MyWork/Calendar/__tests__/CalendarCreateEventModal.attendees.test.tsx
/Users/piotrwisniewski/Developer/codex-wt/d-k6-execution-labels-w73/src/components/MyWork/Calendar/__tests__/CalendarCreateEventModal.confirmDialogStacking.test.tsx
/Users/piotrwisniewski/Developer/codex-wt/d-k6-execution-labels-w73/src/components/MyWork/Calendar/__tests__/CalendarCreateEventModal.v2.test.tsx
/Users/piotrwisniewski/Developer/codex-wt/d-k6-execution-labels-w73/src/components/MyWork/Calendar/__tests__/CalendarGrid.listView.canonToggle.test.tsx
/Users/piotrwisniewski/Developer/codex-wt/d-k6-execution-labels-w73/src/components/MyWork/Calendar/__tests__/CalendarSidebar.disconnectedCallout.test.tsx
/Users/piotrwisniewski/Developer/codex-wt/d-k6-execution-labels-w73/src/components/MyWork/CalendarV2/__tests__/duplicateCalendarEvent.test.ts
/Users/piotrwisniewski/Developer/codex-wt/d-k6-execution-labels-w73/src/components/MyWork/Charts/GaugeChart.tsx
/Users/piotrwisniewski/Developer/codex-wt/d-k6-execution-labels-w73/src/components/MyWork/Charts/RiskRadar.tsx
/Users/piotrwisniewski/Developer/codex-wt/d-k6-execution-labels-w73/src/components/MyWork/Charts/TrendAreaChart.tsx
/Users/piotrwisniewski/Developer/codex-wt/d-k6-execution-labels-w73/src/components/MyWork/Charts/index.ts
/Users/piotrwisniewski/Developer/codex-wt/d-k6-execution-labels-w73/src/hooks/useExecutionScore.ts
/Users/piotrwisniewski/Developer/codex-wt/d-k6-execution-labels-w73/src/components/MyWork/Dashboard/BottleneckAlerts.tsx
/Users/piotrwisniewski/Developer/codex-wt/d-k6-execution-labels-w73/src/components/MyWork/Dashboard/ExecutionScoreCard.tsx
/Users/piotrwisniewski/Developer/codex-wt/d-k6-execution-labels-w73/src/components/MyWork/Dashboard/VelocityChart.tsx
/Users/piotrwisniewski/Developer/codex-wt/d-k6-execution-labels-w73/src/components/MyWork/Dashboard/WorkloadHeatmap.tsx
/Users/piotrwisniewski/Developer/codex-wt/d-k6-execution-labels-w73/src/components/MyWork/Decision/types.ts
/Users/piotrwisniewski/Developer/codex-wt/d-k6-execution-labels-w73/src/components/MyWork/Decision/decisionWorkspaceApi.ts
/Users/piotrwisniewski/Developer/codex-wt/d-k6-execution-labels-w73/src/components/MyWork/Decision/DecisionAlternativesSection.tsx
/Users/piotrwisniewski/Developer/codex-wt/d-k6-execution-labels-w73/src/components/MyWork/Decision/workspaceHelpers.ts
/Users/piotrwisniewski/Developer/codex-wt/d-k6-execution-labels-w73/src/components/MyWork/Decision/DecisionAuditTrail.tsx
/Users/piotrwisniewski/Developer/codex-wt/d-k6-execution-labels-w73/src/components/MyWork/Decision/DecisionCommentsSection.tsx
/Users/piotrwisniewski/Developer/codex-wt/d-k6-execution-labels-w73/src/components/MyWork/Decision/DecisionDecideBar.tsx
/Users/piotrwisniewski/Developer/codex-wt/d-k6-execution-labels-w73/src/components/MyWork/Decision/DecisionRisksSection.tsx
/Users/piotrwisniewski/Developer/codex-wt/d-k6-execution-labels-w73/src/components/MyWork/Decision/DecisionWorkspace.tsx
/Users/piotrwisniewski/Developer/codex-wt/d-k6-execution-labels-w73/src/components/MyWork/Decision/index.ts
/Users/piotrwisniewski/Developer/codex-wt/d-k6-execution-labels-w73/src/components/MyWork/Executive/index.ts
/Users/piotrwisniewski/Developer/codex-wt/d-k6-execution-labels-w73/src/components/MyWork/Focus/AICoachPanel.tsx
/Users/piotrwisniewski/Developer/codex-wt/d-k6-execution-labels-w73/src/components/MyWork/Focus/NudgeStrip.tsx
/Users/piotrwisniewski/Developer/codex-wt/d-k6-execution-labels-w73/src/components/MyWork/Home/AICompanionBrief.tsx
/Users/piotrwisniewski/Developer/codex-wt/d-k6-execution-labels-w73/src/components/MyWork/Home/HomeBlockShell.tsx
/Users/piotrwisniewski/Developer/codex-wt/d-k6-execution-labels-w73/src/components/MyWork/Home/AIPulseCore.tsx
/Users/piotrwisniewski/Developer/codex-wt/d-k6-execution-labels-w73/src/components/MyWork/Home/CommandDock.tsx
/Users/piotrwisniewski/Developer/codex-wt/d-k6-execution-labels-w73/src/components/MyWork/Home/DecisionTemperatureBlock.tsx
/Users/piotrwisniewski/Developer/codex-wt/d-k6-execution-labels-w73/src/components/MyWork/Home/ExecutionCurrentBlock.tsx
/Users/piotrwisniewski/Developer/codex-wt/d-k6-execution-labels-w73/src/components/MyWork/Home/GentleNudge.tsx
/Users/piotrwisniewski/Developer/codex-wt/d-k6-execution-labels-w73/src/components/MyWork/Home/IndustryLensBlock.tsx
/Users/piotrwisniewski/Developer/codex-wt/d-k6-execution-labels-w73/src/components/MyWork/Home/MomentumBlock.tsx
/Users/piotrwisniewski/Developer/codex-wt/d-k6-execution-labels-w73/src/components/MyWork/Home/RadarTriageCard.tsx
/Users/piotrwisniewski/Developer/codex-wt/d-k6-execution-labels-w73/src/components/MyWork/Home/SparkField.tsx
/Users/piotrwisniewski/Developer/codex-wt/d-k6-execution-labels-w73/src/components/MyWork/Home/SparkZone.tsx
/Users/piotrwisniewski/Developer/codex-wt/d-k6-execution-labels-w73/src/components/MyWork/Home/TeamSignalBlock.tsx
/Users/piotrwisniewski/Developer/codex-wt/d-k6-execution-labels-w73/src/components/MyWork/Home/WorldPulse.tsx
/Users/piotrwisniewski/Developer/codex-wt/d-k6-execution-labels-w73/src/components/MyWork/Home/index.ts
/Users/piotrwisniewski/Developer/codex-wt/d-k6-execution-labels-w73/src/hooks/useNotificationNavigation.ts
/Users/piotrwisniewski/Developer/codex-wt/d-k6-execution-labels-w73/src/components/MyWork/Notifications/NotificationQuickActions.tsx
/Users/piotrwisniewski/Developer/codex-wt/d-k6-execution-labels-w73/src/components/MyWork/Notifications/NotificationDetailPanel.tsx
/Users/piotrwisniewski/Developer/codex-wt/d-k6-execution-labels-w73/src/components/MyWork/Notifications/NotificationCenter.tsx
/Users/piotrwisniewski/Developer/codex-wt/d-k6-execution-labels-w73/src/hooks/useNotificationPreferences.ts
/Users/piotrwisniewski/Developer/codex-wt/d-k6-execution-labels-w73/src/components/MyWork/Notifications/NotificationPreferences.tsx
/Users/piotrwisniewski/Developer/codex-wt/d-k6-execution-labels-w73/src/components/MyWork/Team/BottleneckMap.tsx
/Users/piotrwisniewski/Developer/codex-wt/d-k6-execution-labels-w73/src/components/MyWork/Team/CapacityForecast.tsx
/Users/piotrwisniewski/Developer/codex-wt/d-k6-execution-labels-w73/src/components/MyWork/Team/VelocityTrend.tsx
/Users/piotrwisniewski/Developer/codex-wt/d-k6-execution-labels-w73/src/components/MyWork/Team/TeamPerformancePanel.tsx
/Users/piotrwisniewski/Developer/codex-wt/d-k6-execution-labels-w73/src/components/MyWork/Team/index.ts
/Users/piotrwisniewski/Developer/codex-wt/d-k6-execution-labels-w73/src/components/MyWork/__tests__/CommentPersistence.day140.test.ts
/Users/piotrwisniewski/Developer/codex-wt/d-k6-execution-labels-w73/src/components/MyWork/__tests__/CommentPersistence.day222.aiComment.test.ts
/Users/piotrwisniewski/Developer/codex-wt/d-k6-execution-labels-w73/src/components/MyWork/__tests__/ConvertToDialog.s114bError.test.tsx
/Users/piotrwisniewski/Developer/codex-wt/d-k6-execution-labels-w73/src/components/MyWork/__tests__/CreateProjectModal.submitBehavior.test.tsx
/Users/piotrwisniewski/Developer/codex-wt/d-k6-execution-labels-w73/src/components/MyWork/__tests__/DecisionDetailView.k3AlternativesProposal.test.tsx
/Users/piotrwisniewski/Developer/codex-wt/d-k6-execution-labels-w73/src/components/MyWork/__tests__/DecisionDetailView.publishPayload.test.ts
/Users/piotrwisniewski/Developer/codex-wt/d-k6-execution-labels-w73/src/components/MyWork/__tests__/DecisionDetailView.raciDownload.day222.test.tsx
/Users/piotrwisniewski/Developer/codex-wt/d-k6-execution-labels-w73/src/components/MyWork/__tests__/DecisionsPanelContent.ownerStates.test.tsx
/Users/piotrwisniewski/Developer/codex-wt/d-k6-execution-labels-w73/src/components/MyWork/__tests__/IdeaAINudgeStrip.behavior.test.tsx
/Users/piotrwisniewski/Developer/codex-wt/d-k6-execution-labels-w73/src/components/MyWork/__tests__/IdeaAINudgeStrip.mindmapMount.ownerFeedback.test.ts
/Users/piotrwisniewski/Developer/codex-wt/d-k6-execution-labels-w73/src/components/MyWork/__tests__/IdeaAINudgeStrip.ownerContract.test.ts
/Users/piotrwisniewski/Developer/codex-wt/d-k6-execution-labels-w73/src/components/MyWork/__tests__/IdeaAINudgeStrip.remainingTools.contract.test.ts
/Users/piotrwisniewski/Developer/codex-wt/d-k6-execution-labels-w73/src/components/MyWork/__tests__/IdeaBusinessCaseSection.roundtrip.test.tsx
/Users/piotrwisniewski/Developer/codex-wt/d-k6-execution-labels-w73/src/components/MyWork/__tests__/IdeaCanvasContextMenu.cb05.test.tsx
/Users/piotrwisniewski/Developer/codex-wt/d-k6-execution-labels-w73/src/components/MyWork/__tests__/IdeaDocumentTabRename.behavior.test.tsx
/Users/piotrwisniewski/Developer/codex-wt/d-k6-execution-labels-w73/src/components/MyWork/__tests__/IdeaMapWorkspace.candidateGate.ownerFeedback.test.ts
/Users/piotrwisniewski/Developer/codex-wt/d-k6-execution-labels-w73/src/components/MyWork/__tests__/IdeaMapWorkspace.menu1RightPanel.ownerFeedback.test.ts
/Users/piotrwisniewski/Developer/codex-wt/d-k6-execution-labels-w73/src/components/MyWork/__tests__/IdeaMapWorkspace.menu3TeresaPillRemoved.test.ts
/Users/piotrwisniewski/Developer/codex-wt/d-k6-execution-labels-w73/src/components/MyWork/__tests__/IdeaMapWorkspace.rogWarsztatu1-1-n2.test.ts
/Users/piotrwisniewski/Developer/codex-wt/d-k6-execution-labels-w73/src/components/MyWork/__tests__/IdeaPreview.aiChipsEntity.20260905.test.tsx
/Users/piotrwisniewski/Developer/codex-wt/d-k6-execution-labels-w73/src/components/MyWork/__tests__/IdeaStageSelectCell.oneClick.test.tsx
/Users/piotrwisniewski/Developer/codex-wt/d-k6-execution-labels-w73/src/components/MyWork/__tests__/IdeaStartupTemplates.ownerFeedback.test.tsx
/Users/piotrwisniewski/Developer/codex-wt/d-k6-execution-labels-w73/src/components/MyWork/__tests__/IdeaTableTool.autosaveOnly.contract.test.ts
/Users/piotrwisniewski/Developer/codex-wt/d-k6-execution-labels-w73/src/components/MyWork/__tests__/IdeaTableTool.formBuilderWiring.contract.test.ts
/Users/piotrwisniewski/Developer/codex-wt/d-k6-execution-labels-w73/src/components/MyWork/__tests__/IdeaTemplateGallery.l06.test.tsx
/Users/piotrwisniewski/Developer/codex-wt/d-k6-execution-labels-w73/src/components/MyWork/__tests__/IdeaWhiteboardTool.clearDrawingsUndo.test.tsx
/Users/piotrwisniewski/Developer/codex-wt/d-k6-execution-labels-w73/src/components/MyWork/__tests__/InboxContent.emptyStateHonesty.ownerFeedback.test.ts
/Users/piotrwisniewski/Developer/codex-wt/d-k6-execution-labels-w73/src/components/MyWork/__tests__/InboxContent.jedenPanel.test.tsx
/Users/piotrwisniewski/Developer/codex-wt/d-k6-execution-labels-w73/src/components/MyWork/__tests__/InboxContent.photo002.contract.test.ts
/Users/piotrwisniewski/Developer/codex-wt/d-k6-execution-labels-w73/src/components/MyWork/__tests__/MyProjects.pmoE2.contract.test.ts
/Users/piotrwisniewski/Developer/codex-wt/d-k6-execution-labels-w73/src/components/MyWork/__tests__/MyWorkHub.decisionsOwnerFeedback.test.ts
/Users/piotrwisniewski/Developer/codex-wt/d-k6-execution-labels-w73/src/components/MyWork/__tests__/MyWorkHub.ideaTabs.ownerContract.test.ts
/Users/piotrwisniewski/Developer/codex-wt/d-k6-execution-labels-w73/src/components/MyWork/__tests__/MyWorkHub.menu3PanelControls.test.ts
/Users/piotrwisniewski/Developer/codex-wt/d-k6-execution-labels-w73/src/components/MyWork/__tests__/MyWorkHub.notebookLoadingCounts.test.ts
/Users/piotrwisniewski/Developer/codex-wt/d-k6-execution-labels-w73/src/components/MyWork/__tests__/MyWorkHub.photo003.contract.test.ts
/Users/piotrwisniewski/Developer/codex-wt/d-k6-execution-labels-w73/src/components/MyWork/__tests__/MyWorkHub.photo005.contract.test.ts
/Users/piotrwisniewski/Developer/codex-wt/d-k6-execution-labels-w73/src/components/MyWork/__tests__/MyWorkHub.ptT14.synchronizacjaNazwyIZakladek.test.ts
/Users/piotrwisniewski/Developer/codex-wt/d-k6-execution-labels-w73/src/components/MyWork/__tests__/MyWorkHub.storageScope.test.ts
/Users/piotrwisniewski/Developer/codex-wt/d-k6-execution-labels-w73/src/components/MyWork/__tests__/NotebookHeaderActions.a11y.test.tsx
/Users/piotrwisniewski/Developer/codex-wt/d-k6-execution-labels-w73/src/components/MyWork/__tests__/NotebookLibraryContent.smoke.test.tsx
/Users/piotrwisniewski/Developer/codex-wt/d-k6-execution-labels-w73/src/components/MyWork/__tests__/NotificationDetailView.dec411RightPanel.test.ts
/Users/piotrwisniewski/Developer/codex-wt/d-k6-execution-labels-w73/src/components/MyWork/__tests__/NotificationDetailView.noAutoSave.test.ts
/Users/piotrwisniewski/Developer/codex-wt/d-k6-execution-labels-w73/src/components/MyWork/__tests__/ProcessFlowCandidatePreviewCard.test.tsx
/Users/piotrwisniewski/Developer/codex-wt/d-k6-execution-labels-w73/src/components/MyWork/__tests__/ProjectRoleAssignmentsSummary.behavior.test.tsx
/Users/piotrwisniewski/Developer/codex-wt/d-k6-execution-labels-w73/src/components/MyWork/__tests__/ProjectRolePermissionCopy.i18n.test.tsx
/Users/piotrwisniewski/Developer/codex-wt/d-k6-execution-labels-w73/src/components/MyWork/__tests__/ProjectStageGatesPanel.columnWidth.test.tsx
/Users/piotrwisniewski/Developer/codex-wt/d-k6-execution-labels-w73/src/components/MyWork/__tests__/ProjectStageGatesPanel.i18n.test.tsx
/Users/piotrwisniewski/Developer/codex-wt/d-k6-execution-labels-w73/src/components/MyWork/__tests__/QuickFilterBar.ownerFeedback.test.tsx
/Users/piotrwisniewski/Developer/codex-wt/d-k6-execution-labels-w73/src/components/MyWork/__tests__/TaskAnalyzeRisk.ownerBehavior.test.tsx
/Users/piotrwisniewski/Developer/codex-wt/d-k6-execution-labels-w73/src/components/MyWork/__tests__/TaskCardV2.contract.test.ts
/Users/piotrwisniewski/Developer/codex-wt/d-k6-execution-labels-w73/src/components/MyWork/__tests__/TaskDetailView.assigneeOwnerPayload.test.tsx
/Users/piotrwisniewski/Developer/codex-wt/d-k6-execution-labels-w73/src/components/MyWork/__tests__/TaskDetailView.k3AiProposal.test.tsx
/Users/piotrwisniewski/Developer/codex-wt/d-k6-execution-labels-w73/src/components/MyWork/__tests__/TaskDetailView.ownerScoped.test.tsx
/Users/piotrwisniewski/Developer/codex-wt/d-k6-execution-labels-w73/src/components/MyWork/__tests__/TaskDetailView.riskAlternativesSave.ownerBehavior.test.tsx
/Users/piotrwisniewski/Developer/codex-wt/d-k6-execution-labels-w73/src/components/MyWork/__tests__/TaskGeneratedSectionHandoff.ownerBehavior.test.tsx
/Users/piotrwisniewski/Developer/codex-wt/d-k6-execution-labels-w73/src/components/MyWork/__tests__/TaskOwnerFeedback.contract.test.ts
/Users/piotrwisniewski/Developer/codex-wt/d-k6-execution-labels-w73/src/components/MyWork/__tests__/TasksKanbanBoard.canonCard.test.tsx
/Users/piotrwisniewski/Developer/codex-wt/d-k6-execution-labels-w73/src/components/MyWork/__tests__/VSMTimelineBar.leadTimeNaN.test.tsx
/Users/piotrwisniewski/Developer/codex-wt/d-k6-execution-labels-w73/src/components/MyWork/__tests__/day148.objectAttachments.test.ts
/Users/piotrwisniewski/Developer/codex-wt/d-k6-execution-labels-w73/src/components/MyWork/__tests__/day155.attachmentPersistence.test.ts
/Users/piotrwisniewski/Developer/codex-wt/d-k6-execution-labels-w73/src/components/MyWork/__tests__/day173.decisionEnhancementsOwnerIsolation.test.tsx
/Users/piotrwisniewski/Developer/codex-wt/d-k6-execution-labels-w73/src/components/MyWork/__tests__/decisionCardContract.w1a.test.ts
/Users/piotrwisniewski/Developer/codex-wt/d-k6-execution-labels-w73/src/components/MyWork/__tests__/ideaConversionOutcome.s114bW11.test.ts
/Users/piotrwisniewski/Developer/codex-wt/d-k6-execution-labels-w73/src/components/MyWork/__tests__/ideaInspectorRailPanelGuard.contract.test.ts
/Users/piotrwisniewski/Developer/codex-wt/d-k6-execution-labels-w73/src/components/MyWork/__tests__/ideaInspectorRowDetailParity.contract.test.ts
/Users/piotrwisniewski/Developer/codex-wt/d-k6-execution-labels-w73/src/components/MyWork/__tests__/ideaTemplatesCatalog.20260905.test.tsx
/Users/piotrwisniewski/Developer/Consultify/node_modules/playwright-core/types/protocol.d.ts
/Users/piotrwisniewski/Developer/Consultify/node_modules/playwright-core/types/structs.d.ts
/Users/piotrwisniewski/Developer/Consultify/node_modules/playwright-core/types/types.d.ts
/Users/piotrwisniewski/Developer/Consultify/node_modules/playwright-core/index.d.ts
/Users/piotrwisniewski/Developer/Consultify/node_modules/playwright/index.d.ts
/Users/piotrwisniewski/Developer/codex-wt/d-k6-execution-labels-w73/src/components/MyWork/__tests__/ideaTools.controlEnumeration.test.tsx
/Users/piotrwisniewski/Developer/codex-wt/d-k6-execution-labels-w73/src/components/MyWork/__tests__/ideaWorkspaceJedenPanel.contract.test.ts
/Users/piotrwisniewski/Developer/codex-wt/d-k6-execution-labels-w73/src/components/MyWork/__tests__/ideaWorkspacePanelIPrzyciski.f4.test.tsx
/Users/piotrwisniewski/Developer/codex-wt/d-k6-execution-labels-w73/src/components/MyWork/__tests__/ideaWorkspaceToolResolution.test.ts
/Users/piotrwisniewski/Developer/codex-wt/d-k6-execution-labels-w73/src/components/MyWork/__tests__/jezykMojejPracy.source.test.ts
/Users/piotrwisniewski/Developer/codex-wt/d-k6-execution-labels-w73/src/components/MyWork/__tests__/notebookSearchMatch.s114bW10.test.ts
/Users/piotrwisniewski/Developer/codex-wt/d-k6-execution-labels-w73/src/components/MyWork/__tests__/p13a.dec434-teresa-menu1-only.test.ts
/Users/piotrwisniewski/Developer/codex-wt/d-k6-execution-labels-w73/src/components/MyWork/__tests__/projectStageGateModel.test.ts
/Users/piotrwisniewski/Developer/codex-wt/d-k6-execution-labels-w73/src/components/MyWork/__tests__/taskGeneratedSectionPersistence.test.ts
/Users/piotrwisniewski/Developer/codex-wt/d-k6-execution-labels-w73/src/components/MyWork/__tests__/taskSectionVisibility.dec411.test.ts
/Users/piotrwisniewski/Developer/codex-wt/d-k6-execution-labels-w73/src/components/MyWork/canvas/useAccessibleMenu.ts
/Users/piotrwisniewski/Developer/codex-wt/d-k6-execution-labels-w73/src/components/MyWork/canvas/__tests__/CanvasToolbarPrimitives.test.tsx
/Users/piotrwisniewski/Developer/codex-wt/d-k6-execution-labels-w73/src/components/MyWork/canvas/__tests__/canvasEdgeKindVocabulary.test.ts
/Users/piotrwisniewski/Developer/codex-wt/d-k6-execution-labels-w73/src/components/MyWork/canvas/__tests__/canvasFocusRing.test.ts
/Users/piotrwisniewski/Developer/codex-wt/d-k6-execution-labels-w73/src/components/MyWork/canvas/__tests__/canvasNodeTypeVocabulary.test.ts
/Users/piotrwisniewski/Developer/codex-wt/d-k6-execution-labels-w73/src/components/MyWork/canvas/__tests__/mindmapKeyboardScope.test.ts
/Users/piotrwisniewski/Developer/codex-wt/d-k6-execution-labels-w73/src/components/MyWork/canvas/__tests__/resolveKeyboardContextMenuTarget.test.ts
/Users/piotrwisniewski/Developer/codex-wt/d-k6-execution-labels-w73/src/components/MyWork/canvas/__tests__/useIdeaMapSync.rv006.test.tsx
/Users/piotrwisniewski/Developer/codex-wt/d-k6-execution-labels-w73/src/components/MyWork/canvas/__tests__/useIdeaMapSync.staleQueuedD3.test.tsx
/Users/piotrwisniewski/Developer/codex-wt/d-k6-execution-labels-w73/src/components/MyWork/canvas/__tests__/useIdeasToolKeyboard.test.tsx
/Users/piotrwisniewski/Developer/codex-wt/d-k6-execution-labels-w73/src/components/MyWork/canvas/__tests__/whiteboardContextMenu.keyboard.integration.test.tsx
/Users/piotrwisniewski/Developer/codex-wt/d-k6-execution-labels-w73/src/components/MyWork/hooks/useDragAndDrop.ts
/Users/piotrwisniewski/Developer/codex-wt/d-k6-execution-labels-w73/src/components/MyWork/hooks/useUndoRedo.ts
/Users/piotrwisniewski/Developer/codex-wt/d-k6-execution-labels-w73/src/components/MyWork/hooks/index.ts
/Users/piotrwisniewski/Developer/codex-wt/d-k6-execution-labels-w73/src/components/MyWork/mindmap/SmartGuidesOverlay.tsx
/Users/piotrwisniewski/Developer/codex-wt/d-k6-execution-labels-w73/src/components/MyWork/mindmap/__tests__/AIProposalDiffModal.a11y.test.tsx
/Users/piotrwisniewski/Developer/codex-wt/d-k6-execution-labels-w73/src/components/MyWork/mindmap/__tests__/MindmapCommandPalette.a11y.test.tsx
/Users/piotrwisniewski/Developer/codex-wt/d-k6-execution-labels-w73/src/components/MyWork/mindmap/__tests__/UnifiedNodeDetailDrawer.bodyPortal.test.tsx
/Users/piotrwisniewski/Developer/codex-wt/d-k6-execution-labels-w73/src/components/MyWork/mindmap/__tests__/UnifiedNodeDetailDrawer.evidenceSection.test.tsx
/Users/piotrwisniewski/Developer/codex-wt/d-k6-execution-labels-w73/src/components/MyWork/mindmap/__tests__/dialogA11y.batch1.test.tsx
/Users/piotrwisniewski/Developer/codex-wt/d-k6-execution-labels-w73/src/components/MyWork/mindmap/__tests__/dialogA11y.batch2.test.tsx
/Users/piotrwisniewski/Developer/codex-wt/d-k6-execution-labels-w73/src/components/MyWork/mindmap/__tests__/dialogA11y.batch3.test.tsx
/Users/piotrwisniewski/Developer/codex-wt/d-k6-execution-labels-w73/src/components/MyWork/mindmap/__tests__/dialogA11y.batch4.test.tsx
/Users/piotrwisniewski/Developer/codex-wt/d-k6-execution-labels-w73/src/components/MyWork/mindmap/__tests__/useMindMapNodes.addSiblingReentrancy.test.tsx
/Users/piotrwisniewski/Developer/codex-wt/d-k6-execution-labels-w73/src/components/MyWork/mindmap/__tests__/useMindMapQuickActions.aiExpandTarget.test.tsx
/Users/piotrwisniewski/Developer/codex-wt/d-k6-execution-labels-w73/src/components/MyWork/mindmap/floating-toolbar/index.ts
/Users/piotrwisniewski/Developer/codex-wt/d-k6-execution-labels-w73/src/components/MyWork/mindmap/toolbar-popovers/index.ts
/Users/piotrwisniewski/Developer/codex-wt/d-k6-execution-labels-w73/src/components/MyWork/notebook/AITopicsPanel.tsx
/Users/piotrwisniewski/Developer/codex-wt/d-k6-execution-labels-w73/src/components/MyWork/notebook/NotebookCanonicalPathStrip.tsx
/Users/piotrwisniewski/Developer/codex-wt/d-k6-execution-labels-w73/src/components/MyWork/notebook/NotebookTodayView.tsx
/Users/piotrwisniewski/Developer/codex-wt/d-k6-execution-labels-w73/src/components/MyWork/notebook/__tests__/NotebookCentreLightweight.ownerFeedback.test.ts
/Users/piotrwisniewski/Developer/codex-wt/d-k6-execution-labels-w73/src/components/MyWork/notebook/__tests__/NotebookContent.blockGutter.contract.test.ts
/Users/piotrwisniewski/Developer/codex-wt/d-k6-execution-labels-w73/src/components/MyWork/notebook/__tests__/NotebookContent.blockMenuContract.test.ts
/Users/piotrwisniewski/Developer/codex-wt/d-k6-execution-labels-w73/src/components/MyWork/notebook/__tests__/NotebookContent.titleInPlaceEdit.contract.test.ts
/Users/piotrwisniewski/Developer/codex-wt/d-k6-execution-labels-w73/src/components/MyWork/notebook/__tests__/NotebookContextPanel.statusHumanize.test.tsx
/Users/piotrwisniewski/Developer/codex-wt/d-k6-execution-labels-w73/src/components/MyWork/notebook/__tests__/NotebookInlineAIMenu.behavior.test.tsx
/Users/piotrwisniewski/Developer/codex-wt/d-k6-execution-labels-w73/src/components/MyWork/notebook/__tests__/NotebookInlineAIMenu.governanceContract.test.ts
/Users/piotrwisniewski/Developer/codex-wt/d-k6-execution-labels-w73/src/components/MyWork/notebook/__tests__/NotebookJedenPanel.test.tsx
/Users/piotrwisniewski/Developer/codex-wt/d-k6-execution-labels-w73/src/components/MyWork/notebook/__tests__/NotebookPageListRow.test.tsx
/Users/piotrwisniewski/Developer/codex-wt/d-k6-execution-labels-w73/src/components/MyWork/notebook/__tests__/NotebookRightRail.behavior.test.tsx
/Users/piotrwisniewski/Developer/codex-wt/d-k6-execution-labels-w73/src/components/MyWork/notebook/__tests__/NotebookRightRail.ownerContract.test.ts
/Users/piotrwisniewski/Developer/codex-wt/d-k6-execution-labels-w73/src/components/MyWork/notebook/__tests__/NotebookSearchDialog.behavior.test.tsx
/Users/piotrwisniewski/Developer/codex-wt/d-k6-execution-labels-w73/src/components/MyWork/notebook/__tests__/NotebookToolbarSimplification.ownerFeedback.test.ts
/Users/piotrwisniewski/Developer/codex-wt/d-k6-execution-labels-w73/src/components/MyWork/notebook/__tests__/NotebookViewFilterSelect.test.tsx
/Users/piotrwisniewski/Developer/codex-wt/d-k6-execution-labels-w73/src/components/MyWork/notebook/__tests__/SlashMenu.behavior.test.tsx
/Users/piotrwisniewski/Developer/codex-wt/d-k6-execution-labels-w73/src/components/MyWork/notebook/__tests__/SlashMenu.blockConfiguration.test.tsx
/Users/piotrwisniewski/Developer/codex-wt/d-k6-execution-labels-w73/src/components/MyWork/notebook/__tests__/SlashMenu.blockLifecycle.test.ts
/Users/piotrwisniewski/Developer/codex-wt/d-k6-execution-labels-w73/src/components/MyWork/notebook/__tests__/notebookActionRegistry.test.ts
/Users/piotrwisniewski/Developer/codex-wt/d-k6-execution-labels-w73/src/components/MyWork/notebook/__tests__/notebookCrossSurfaceActionAudit.test.ts
/Users/piotrwisniewski/Developer/codex-wt/d-k6-execution-labels-w73/src/components/MyWork/notebook/__tests__/notebookSpecAShellFlag.test.ts
/Users/piotrwisniewski/Developer/codex-wt/d-k6-execution-labels-w73/src/components/MyWork/notebook/__tests__/notebookViewLensPredicates.test.ts
/Users/piotrwisniewski/Developer/codex-wt/d-k6-execution-labels-w73/src/components/MyWork/panel/__tests__/IdeaElementInspector.behavior.test.tsx
/Users/piotrwisniewski/Developer/codex-wt/d-k6-execution-labels-w73/src/components/MyWork/panel/__tests__/IdeaElementInspector.historyAi.test.tsx
/Users/piotrwisniewski/Developer/codex-wt/d-k6-execution-labels-w73/src/components/MyWork/panel/__tests__/IdeaElementInspector.jedenPanel.test.tsx
/Users/piotrwisniewski/Developer/codex-wt/d-k6-execution-labels-w73/src/components/MyWork/panel/__tests__/IdeaElementInspector.noSelectionIdeaPanel.test.tsx
/Users/piotrwisniewski/Developer/codex-wt/d-k6-execution-labels-w73/src/components/MyWork/panel/__tests__/IdeaElementInspector.ownerAndPriority.test.tsx
/Users/piotrwisniewski/Developer/codex-wt/d-k6-execution-labels-w73/src/components/MyWork/panel/__tests__/IdeaElementInspector.toolStates.test.tsx
/Users/piotrwisniewski/Developer/codex-wt/d-k6-execution-labels-w73/src/components/MyWork/processflow/__tests__/ExportDialog.a11y.test.tsx
/Users/piotrwisniewski/Developer/codex-wt/d-k6-execution-labels-w73/src/components/MyWork/processflow/__tests__/ProcessFlowToolbar.cb05.test.tsx
/Users/piotrwisniewski/Developer/codex-wt/d-k6-execution-labels-w73/src/components/MyWork/processflow/__tests__/dialogA11y.batch1.test.tsx
/Users/piotrwisniewski/Developer/codex-wt/d-k6-execution-labels-w73/src/components/MyWork/prototypes/__tests__/IdeaNotebookRightPanelPrototype.test.tsx
/Users/piotrwisniewski/Developer/codex-wt/d-k6-execution-labels-w73/src/components/MyWork/shared/KeyboardShortcutsModal.tsx
/Users/piotrwisniewski/Developer/codex-wt/d-k6-execution-labels-w73/src/components/MyWork/shared/ReadEditToggle.tsx
/Users/piotrwisniewski/Developer/codex-wt/d-k6-execution-labels-w73/src/components/MyWork/shared/__tests__/ConfirmDialog.confirmDisabled.test.tsx
/Users/piotrwisniewski/Developer/codex-wt/d-k6-execution-labels-w73/src/components/MyWork/shared/__tests__/LinkedItemsSection.addLinkButton.test.tsx
/Users/piotrwisniewski/Developer/codex-wt/d-k6-execution-labels-w73/src/components/MyWork/shared/__tests__/MutationResult.redContract.test.tsx
/Users/piotrwisniewski/Developer/codex-wt/d-k6-execution-labels-w73/src/components/MyWork/shared/__tests__/ScrollEdgeFade.test.tsx
/Users/piotrwisniewski/Developer/codex-wt/d-k6-execution-labels-w73/src/components/MyWork/table/PublicFormView.tsx
/Users/piotrwisniewski/Developer/codex-wt/d-k6-execution-labels-w73/src/components/MyWork/table/useAttachments.ts
/Users/piotrwisniewski/Developer/codex-wt/d-k6-execution-labels-w73/src/components/MyWork/table/useAuditTrail.ts
/Users/piotrwisniewski/Developer/codex-wt/d-k6-execution-labels-w73/src/components/MyWork/table/__tests__/AICopilotMode.registryBoundary.test.tsx
/Users/piotrwisniewski/Developer/codex-wt/d-k6-execution-labels-w73/src/components/MyWork/table/__tests__/AddColumnDialog.a11y.test.tsx
/Users/piotrwisniewski/Developer/codex-wt/d-k6-execution-labels-w73/src/components/MyWork/table/__tests__/PlatformCellRenderer.specialized.test.tsx
/Users/piotrwisniewski/Developer/codex-wt/d-k6-execution-labels-w73/src/components/MyWork/table/__tests__/RecordExpandModal.a11y.test.tsx
/Users/piotrwisniewski/Developer/codex-wt/d-k6-execution-labels-w73/src/components/MyWork/table/__tests__/RowDetailPanel.a11y.test.tsx
/Users/piotrwisniewski/Developer/codex-wt/d-k6-execution-labels-w73/src/components/MyWork/table/__tests__/RowDetailPanel.comments.test.tsx
/Users/piotrwisniewski/Developer/codex-wt/d-k6-execution-labels-w73/src/components/MyWork/table/__tests__/dialogA11y.batch1.test.tsx
/Users/piotrwisniewski/Developer/codex-wt/d-k6-execution-labels-w73/src/components/MyWork/table/__tests__/dialogA11y.batch2.test.tsx
/Users/piotrwisniewski/Developer/codex-wt/d-k6-execution-labels-w73/src/components/MyWork/table/__tests__/dialogA11y.batch3.test.tsx
/Users/piotrwisniewski/Developer/codex-wt/d-k6-execution-labels-w73/src/components/MyWork/table/__tests__/dialogA11y.batch4.test.tsx
/Users/piotrwisniewski/Developer/codex-wt/d-k6-execution-labels-w73/src/components/MyWork/table/__tests__/dialogA11y.batch5.test.tsx
/Users/piotrwisniewski/Developer/codex-wt/d-k6-execution-labels-w73/src/components/MyWork/table/__tests__/dialogA11y.batch6.test.tsx
/Users/piotrwisniewski/Developer/codex-wt/d-k6-execution-labels-w73/src/components/MyWork/table/__tests__/filterEval.test.ts
/Users/piotrwisniewski/Developer/codex-wt/d-k6-execution-labels-w73/src/components/MyWork/table/__tests__/recordTemplatesEntry.20260905.test.tsx
/Users/piotrwisniewski/Developer/codex-wt/d-k6-execution-labels-w73/src/components/MyWork/table/__tests__/tableEmptyState.20260905.test.ts
/Users/piotrwisniewski/Developer/codex-wt/d-k6-execution-labels-w73/src/components/MyWork/table/__tests__/useTablePlatformRealtimeSync.test.tsx
/Users/piotrwisniewski/Developer/codex-wt/d-k6-execution-labels-w73/src/components/MyWork/table/cells/__tests__/AiClassificationCell.test.tsx
/Users/piotrwisniewski/Developer/codex-wt/d-k6-execution-labels-w73/src/components/MyWork/table/cells/__tests__/AiSummaryCell.test.tsx
/Users/piotrwisniewski/Developer/codex-wt/d-k6-execution-labels-w73/src/components/MyWork/table/cells/__tests__/PriorityCell.test.tsx
/Users/piotrwisniewski/Developer/codex-wt/d-k6-execution-labels-w73/src/components/MyWork/table/cells/__tests__/RiskScoreCell.test.tsx
/Users/piotrwisniewski/Developer/codex-wt/d-k6-execution-labels-w73/src/components/MyWork/table/cells/__tests__/SourceReferenceCell.test.tsx
/Users/piotrwisniewski/Developer/codex-wt/d-k6-execution-labels-w73/src/components/MyWork/table/connectors/ProvenanceBadge.tsx
/Users/piotrwisniewski/Developer/codex-wt/d-k6-execution-labels-w73/src/components/MyWork/table/extensions/ExtensionHost.tsx
/Users/piotrwisniewski/Developer/codex-wt/d-k6-execution-labels-w73/src/components/MyWork/table/extensions/ExtensionMarketplace.tsx
/Users/piotrwisniewski/Developer/codex-wt/d-k6-execution-labels-w73/src/components/MyWork/table/extensions/extensionSDK.ts
/Users/piotrwisniewski/Developer/codex-wt/d-k6-execution-labels-w73/src/components/MyWork/table/financial/__tests__/FinancialCaseDialog.a11y.test.tsx
/Users/piotrwisniewski/Developer/codex-wt/d-k6-execution-labels-w73/src/components/MyWork/table/forms/__tests__/IntakeJwtPanel.test.tsx
/Users/piotrwisniewski/Developer/codex-wt/d-k6-execution-labels-w73/src/components/MyWork/table/forms/__tests__/PublicJwtFormPage.test.tsx
/Users/piotrwisniewski/Developer/codex-wt/d-k6-execution-labels-w73/src/components/MyWork/table/offline/OfflineQueue.ts
/Users/piotrwisniewski/Developer/codex-wt/d-k6-execution-labels-w73/src/components/MyWork/table/offline/OfflineIndicator.tsx
/Users/piotrwisniewski/Developer/codex-wt/d-k6-execution-labels-w73/src/components/MyWork/table/offline/useOfflineAware.ts
/Users/piotrwisniewski/Developer/codex-wt/d-k6-execution-labels-w73/src/components/MyWork/table/provenance/__tests__/AddSourceDialog.test.tsx
/Users/piotrwisniewski/Developer/codex-wt/d-k6-execution-labels-w73/src/components/MyWork/table/provenance/__tests__/ConfidenceBar.test.tsx
/Users/piotrwisniewski/Developer/codex-wt/d-k6-execution-labels-w73/src/components/MyWork/table/provenance/__tests__/RowGutterIndicator.test.tsx
/Users/piotrwisniewski/Developer/codex-wt/d-k6-execution-labels-w73/src/components/MyWork/table/provenance/__tests__/SourcePopover.test.tsx
/Users/piotrwisniewski/Developer/codex-wt/d-k6-execution-labels-w73/src/components/MyWork/table/provenance/__tests__/ValidationBadge.test.tsx
/Users/piotrwisniewski/Developer/codex-wt/d-k6-execution-labels-w73/src/components/MyWork/table/views/index.ts
/Users/piotrwisniewski/Developer/codex-wt/d-k6-execution-labels-w73/src/components/MyWork/whiteboard/__tests__/WhiteboardSelectionBar.width.test.tsx
/Users/piotrwisniewski/Developer/codex-wt/d-k6-execution-labels-w73/src/components/MyWork/whiteboard/__tests__/WhiteboardToolbar.cb05.test.tsx
/Users/piotrwisniewski/Developer/codex-wt/d-k6-execution-labels-w73/src/components/MyWork/whiteboard/__tests__/dialogA11y.batch1.test.tsx
/Users/piotrwisniewski/Developer/codex-wt/d-k6-execution-labels-w73/src/components/MyWork/whiteboard/__tests__/whiteboardPlacement.test.ts
/Users/piotrwisniewski/Developer/codex-wt/d-k6-execution-labels-w73/src/components/Onboarding/FeatureSpotlight.tsx
/Users/piotrwisniewski/Developer/codex-wt/d-k6-execution-labels-w73/src/config/tours/firstValueTour.ts
/Users/piotrwisniewski/Developer/codex-wt/d-k6-execution-labels-w73/src/config/tours/teamTour.ts
/Users/piotrwisniewski/Developer/codex-wt/d-k6-execution-labels-w73/src/components/Onboarding/GoalSelector.tsx
/Users/piotrwisniewski/Developer/codex-wt/d-k6-execution-labels-w73/src/components/Onboarding/__tests__/FirstRunOnboarding.test.tsx
/Users/piotrwisniewski/Developer/codex-wt/d-k6-execution-labels-w73/src/components/Organization/CompetencyCatalog.tsx
/Users/piotrwisniewski/Developer/codex-wt/d-k6-execution-labels-w73/src/components/Organization/OrganizationAdminPanel.tsx
/Users/piotrwisniewski/Developer/codex-wt/d-k6-execution-labels-w73/src/components/Organization/__tests__/KnowledgeGraphExplorer.entityTypeLabel.test.ts
/Users/piotrwisniewski/Developer/codex-wt/d-k6-execution-labels-w73/src/components/Organization/__tests__/OrgContextSummaryBanner.teresa.test.tsx
/Users/piotrwisniewski/Developer/codex-wt/d-k6-execution-labels-w73/src/components/Organization/__tests__/OrganizationSidebar.ownerFeedback.test.tsx
/Users/piotrwisniewski/Developer/codex-wt/d-k6-execution-labels-w73/src/components/Organization/__tests__/jezykOrganizacja.source.test.ts
/Users/piotrwisniewski/Developer/codex-wt/d-k6-execution-labels-w73/src/components/Organization/redesign/__tests__/OrganizationCardPrimitives.test.tsx
/Users/piotrwisniewski/Developer/codex-wt/d-k6-execution-labels-w73/src/components/Organization/redesign/__tests__/OrganizationChallengesEvidenceScreen.test.tsx
/Users/piotrwisniewski/Developer/codex-wt/d-k6-execution-labels-w73/src/components/Organization/redesign/__tests__/OrganizationDirectionConstraintsScreen.test.tsx
/Users/piotrwisniewski/Developer/codex-wt/d-k6-execution-labels-w73/src/components/Organization/redesign/__tests__/OrganizationGoalsMetricsScreen.test.tsx
/Users/piotrwisniewski/Developer/codex-wt/d-k6-execution-labels-w73/src/components/Organization/redesign/__tests__/OrganizationIdentityOperatingScreen.test.tsx
/Users/piotrwisniewski/Developer/codex-wt/d-k6-execution-labels-w73/src/components/Organization/redesign/__tests__/OrganizationKnowledgeGraphScreen.test.tsx
/Users/piotrwisniewski/Developer/codex-wt/d-k6-execution-labels-w73/src/components/Organization/redesign/__tests__/OrganizationReadinessScreen.test.tsx
/Users/piotrwisniewski/Developer/codex-wt/d-k6-execution-labels-w73/src/components/Organization/redesign/__tests__/OrganizationRisksOpportunitiesScreen.test.tsx
/Users/piotrwisniewski/Developer/codex-wt/d-k6-execution-labels-w73/src/components/Organization/redesign/__tests__/OrganizationRootCausesBlockersScreen.test.tsx
/Users/piotrwisniewski/Developer/codex-wt/d-k6-execution-labels-w73/src/components/Organization/redesign/__tests__/OrganizationScenariosBriefScreen.i18n.test.tsx
/Users/piotrwisniewski/Developer/codex-wt/d-k6-execution-labels-w73/src/components/Organization/redesign/__tests__/OrganizationScenariosBriefScreen.test.tsx
/Users/piotrwisniewski/Developer/codex-wt/d-k6-execution-labels-w73/src/components/Organization/redesign/__tests__/OrganizationScopeCollaborationScreen.test.tsx
/Users/piotrwisniewski/Developer/codex-wt/d-k6-execution-labels-w73/src/components/Organization/redesign/__tests__/OrganizationScreenShell.test.tsx
/Users/piotrwisniewski/Developer/codex-wt/d-k6-execution-labels-w73/src/components/Organization/redesign/__tests__/OrganizationSidebar.redesign.test.tsx
/Users/piotrwisniewski/Developer/codex-wt/d-k6-execution-labels-w73/src/components/Organization/redesign/__tests__/OrganizationSourcesClaimsScreen.test.tsx
/Users/piotrwisniewski/Developer/codex-wt/d-k6-execution-labels-w73/src/components/Organization/redesign/__tests__/organizationRedesignNav.test.ts
/Users/piotrwisniewski/Developer/codex-wt/d-k6-execution-labels-w73/src/components/PMO/AuditTrailViewer.tsx
/Users/piotrwisniewski/Developer/codex-wt/d-k6-execution-labels-w73/src/components/PMO/InitiativeCompletenessChecker.tsx
/Users/piotrwisniewski/Developer/codex-wt/d-k6-execution-labels-w73/src/components/PMO/CharterBuilder.tsx
/Users/piotrwisniewski/Developer/codex-wt/d-k6-execution-labels-w73/src/components/PMO/GateStatus.tsx
/Users/piotrwisniewski/Developer/codex-wt/d-k6-execution-labels-w73/src/components/PMO/PMODashboard.tsx
/Users/piotrwisniewski/Developer/codex-wt/d-k6-execution-labels-w73/src/components/PMO/PMOHealthSection.tsx
/Users/piotrwisniewski/Developer/codex-wt/d-k6-execution-labels-w73/src/hooks/usePMOContext.ts
/Users/piotrwisniewski/Developer/codex-wt/d-k6-execution-labels-w73/src/components/PMO/PMOStatusBar.tsx
/Users/piotrwisniewski/Developer/codex-wt/d-k6-execution-labels-w73/src/components/PMO/PMOSystemMessages.tsx
/Users/piotrwisniewski/Developer/codex-wt/d-k6-execution-labels-w73/src/components/PMO/PhaseIndicator.tsx
/Users/piotrwisniewski/Developer/codex-wt/d-k6-execution-labels-w73/src/components/PMO/ProjectTeamPanel.tsx
/Users/piotrwisniewski/Developer/codex-wt/d-k6-execution-labels-w73/src/components/PMO/RACIMatrix.tsx
/Users/piotrwisniewski/Developer/codex-wt/d-k6-execution-labels-w73/src/components/PMO/WorkstreamBoard.tsx
/Users/piotrwisniewski/Developer/codex-wt/d-k6-execution-labels-w73/src/components/PMO/index.ts
/Users/piotrwisniewski/Developer/codex-wt/d-k6-execution-labels-w73/src/views/partner/types.ts
/Users/piotrwisniewski/Developer/codex-wt/d-k6-execution-labels-w73/src/components/Partner/AcademyProgress.tsx
/Users/piotrwisniewski/Developer/codex-wt/d-k6-execution-labels-w73/src/components/Partner/EcosystemAnalytics.tsx
/Users/piotrwisniewski/Developer/codex-wt/d-k6-execution-labels-w73/src/components/Partner/CommissionIntelligence.tsx
/Users/piotrwisniewski/Developer/codex-wt/d-k6-execution-labels-w73/src/components/Partner/PartnerLifecycleCanonPanel.tsx
/Users/piotrwisniewski/Developer/codex-wt/d-k6-execution-labels-w73/src/components/Partner/TrustProgressionIndicator.tsx
/Users/piotrwisniewski/Developer/codex-wt/d-k6-execution-labels-w73/src/components/Partner/index.ts
/Users/piotrwisniewski/Developer/codex-wt/d-k6-execution-labels-w73/src/components/Partner/partnerTrustRuntime.ts
/Users/piotrwisniewski/Developer/codex-wt/d-k6-execution-labels-w73/src/components/Partner/__tests__/jezykPartnerow.source.test.ts
/Users/piotrwisniewski/Developer/codex-wt/d-k6-execution-labels-w73/src/components/PlaybookEditor/PlaybookNode.tsx
/Users/piotrwisniewski/Developer/codex-wt/d-k6-execution-labels-w73/src/components/PlaybookEditor/PlaybookCanvas.tsx
/Users/piotrwisniewski/Developer/codex-wt/d-k6-execution-labels-w73/src/components/PlaybookEditor/PlaybookPropertiesPanel.tsx
/Users/piotrwisniewski/Developer/codex-wt/d-k6-execution-labels-w73/src/components/PlaybookEditor/PlaybookToolbar.tsx
/Users/piotrwisniewski/Developer/codex-wt/d-k6-execution-labels-w73/src/components/PlaybookEditor/index.tsx
/Users/piotrwisniewski/Developer/codex-wt/d-k6-execution-labels-w73/src/components/Portfolio/InitiativeGridCard.tsx
/Users/piotrwisniewski/Developer/codex-wt/d-k6-execution-labels-w73/src/components/Portfolio/InitiativeSidePanel.tsx
/Users/piotrwisniewski/Developer/codex-wt/d-k6-execution-labels-w73/src/components/Portfolio/PortfolioAiPanel.tsx
/Users/piotrwisniewski/Developer/codex-wt/d-k6-execution-labels-w73/src/components/Portfolio/PortfolioListView.tsx
/Users/piotrwisniewski/Developer/codex-wt/d-k6-execution-labels-w73/src/components/Portfolio/PortfolioMatrixView.tsx
/Users/piotrwisniewski/Developer/codex-wt/d-k6-execution-labels-w73/src/components/Portfolio/PortfolioTimelineView.tsx
/Users/piotrwisniewski/Developer/codex-wt/d-k6-execution-labels-w73/src/components/Portfolio/index.ts
/Users/piotrwisniewski/Developer/codex-wt/d-k6-execution-labels-w73/src/components/Portfolio/__tests__/PortfolioGridView.canonCard.test.tsx
/Users/piotrwisniewski/Developer/codex-wt/d-k6-execution-labels-w73/src/components/Portfolio/__tests__/PortfolioGridView.k5PriorytetKropka.test.tsx
/Users/piotrwisniewski/Developer/codex-wt/d-k6-execution-labels-w73/src/components/Portfolio/__tests__/PortfolioKanbanView.executingVisible.test.tsx
/Users/piotrwisniewski/Developer/codex-wt/d-k6-execution-labels-w73/src/components/Portfolio/__tests__/PortfolioKanbanView.lifecycle.test.ts
/Users/piotrwisniewski/Developer/codex-wt/d-k6-execution-labels-w73/src/components/PresentationStudio/PresentationStudioLayoutAuditBanner.tsx
/Users/piotrwisniewski/Developer/codex-wt/d-k6-execution-labels-w73/src/services/api/presentationStudioLayoutCapacityAdmin.api.ts
/Users/piotrwisniewski/Developer/codex-wt/d-k6-execution-labels-w73/src/components/PresentationStudio/PresentationStudioLayoutCapacityAdminPanel.tsx
/Users/piotrwisniewski/Developer/codex-wt/d-k6-execution-labels-w73/src/components/PresentationStudio/PresentationStudioSetupForm.tsx
/Users/piotrwisniewski/Developer/codex-wt/d-k6-execution-labels-w73/src/components/PresentationStudio/PresentationStudioSourceArtifactPicker.tsx
/Users/piotrwisniewski/Developer/codex-wt/d-k6-execution-labels-w73/src/components/PresentationStudio/PresentationStudioPage.tsx
/Users/piotrwisniewski/Developer/codex-wt/d-k6-execution-labels-w73/src/components/PresentationStudio/__tests__/PresentationStudioLayoutAuditBanner.test.tsx
/Users/piotrwisniewski/Developer/codex-wt/d-k6-execution-labels-w73/src/components/PresentationStudio/__tests__/PresentationStudioLayoutCapacityAdminPanel.test.tsx
/Users/piotrwisniewski/Developer/codex-wt/d-k6-execution-labels-w73/src/components/PresentationStudio/__tests__/PresentationStudioPage.test.tsx
/Users/piotrwisniewski/Developer/codex-wt/d-k6-execution-labels-w73/src/components/Presentations/BrandKitSettings.tsx
/Users/piotrwisniewski/Developer/codex-wt/d-k6-execution-labels-w73/src/components/Presentations/wizard/ColorSetGallery.tsx
/Users/piotrwisniewski/Developer/codex-wt/d-k6-execution-labels-w73/src/components/Presentations/wizard/GeneratingStep.tsx
/Users/piotrwisniewski/Developer/codex-wt/d-k6-execution-labels-w73/src/components/Presentations/wizard/ImageStyleSelector.tsx
/Users/piotrwisniewski/Developer/codex-wt/d-k6-execution-labels-w73/src/components/Presentations/wizard/OutlineStep.tsx
/Users/piotrwisniewski/Developer/codex-wt/d-k6-execution-labels-w73/src/components/Presentations/wizard/PresentationModeSelector.tsx
/Users/piotrwisniewski/Developer/codex-wt/d-k6-execution-labels-w73/src/components/Presentations/wizard/ResultStep.tsx
/Users/piotrwisniewski/Developer/codex-wt/d-k6-execution-labels-w73/src/components/Presentations/wizard/SetupStep.tsx
/Users/piotrwisniewski/Developer/codex-wt/d-k6-execution-labels-w73/src/components/Presentations/wizard/SourceStep.tsx
/Users/piotrwisniewski/Developer/codex-wt/d-k6-execution-labels-w73/src/components/Presentations/wizard/WizardShell.tsx
/Users/piotrwisniewski/Developer/codex-wt/d-k6-execution-labels-w73/src/components/Presentations/wizard/index.ts
/Users/piotrwisniewski/Developer/codex-wt/d-k6-execution-labels-w73/src/components/Presentations/PresentationWizard.tsx
/Users/piotrwisniewski/Developer/codex-wt/d-k6-execution-labels-w73/src/components/Presentations/DeckBuilder/AgentPanel.tsx
/Users/piotrwisniewski/Developer/codex-wt/d-k6-execution-labels-w73/src/components/Presentations/DeckBuilder/EditCardPopup.tsx
/Users/piotrwisniewski/Developer/codex-wt/d-k6-execution-labels-w73/src/components/Presentations/DeckBuilder/PresenceIndicators.tsx
/Users/piotrwisniewski/Developer/codex-wt/d-k6-execution-labels-w73/src/components/Presentations/DeckBuilder/index.ts
/Users/piotrwisniewski/Developer/codex-wt/d-k6-execution-labels-w73/src/components/Presentations/DeckBuilder/__tests__/CardCanvas.notes.test.tsx
/Users/piotrwisniewski/Developer/codex-wt/d-k6-execution-labels-w73/src/components/Presentations/DeckBuilder/__tests__/CardRenderer.freeformHandles.test.tsx
/Users/piotrwisniewski/Developer/codex-wt/d-k6-execution-labels-w73/src/components/Presentations/DeckBuilder/__tests__/DeckBuilder.restoreNoWrite.test.tsx
/Users/piotrwisniewski/Developer/codex-wt/d-k6-execution-labels-w73/src/components/Presentations/DeckBuilder/__tests__/DeckBuilderArtifactLabels.behavior.test.tsx
/Users/piotrwisniewski/Developer/codex-wt/d-k6-execution-labels-w73/src/components/Presentations/DeckBuilder/__tests__/DeckBuilderMelsChips.test.ts
/Users/piotrwisniewski/Developer/codex-wt/d-k6-execution-labels-w73/src/components/Presentations/DeckBuilder/__tests__/DeckBuilderMelsRightRail.test.ts
/Users/piotrwisniewski/Developer/codex-wt/d-k6-execution-labels-w73/src/components/Presentations/DeckBuilder/__tests__/DeckBuilderMelsView.artifactStudio.test.tsx
/Users/piotrwisniewski/Developer/codex-wt/d-k6-execution-labels-w73/src/components/Presentations/DeckBuilder/__tests__/PresentMode.contrastAccessibility.behavior.test.tsx
/Users/piotrwisniewski/Developer/codex-wt/d-k6-execution-labels-w73/src/components/Presentations/DeckBuilder/__tests__/PresentMode.test.tsx
/Users/piotrwisniewski/Developer/codex-wt/d-k6-execution-labels-w73/src/components/Presentations/DeckBuilder/__tests__/PresentationReviewPanel.test.tsx
/Users/piotrwisniewski/Developer/codex-wt/d-k6-execution-labels-w73/src/components/Presentations/DeckBuilder/__tests__/SlideSorter.visualContract.test.tsx
/Users/piotrwisniewski/Developer/codex-wt/d-k6-execution-labels-w73/src/components/Presentations/DeckBuilder/__tests__/VersionHistoryPanel.test.tsx
/Users/piotrwisniewski/Developer/codex-wt/d-k6-execution-labels-w73/src/components/Presentations/DeckBuilder/__tests__/blockOps.test.ts
/Users/piotrwisniewski/Developer/codex-wt/d-k6-execution-labels-w73/src/components/Presentations/DeckBuilder/__tests__/deckBuilderResponsive.test.ts
/Users/piotrwisniewski/Developer/codex-wt/d-k6-execution-labels-w73/src/components/Presentations/DeckBuilder/__tests__/deckCommentsApi.test.ts
/Users/piotrwisniewski/Developer/codex-wt/d-k6-execution-labels-w73/src/components/Presentations/DeckBuilder/__tests__/deckTextSanitizer.test.ts
/Users/piotrwisniewski/Developer/codex-wt/d-k6-execution-labels-w73/src/components/Presentations/DeckBuilder/__tests__/geometryOps.test.ts
/Users/piotrwisniewski/Developer/codex-wt/d-k6-execution-labels-w73/src/components/Presentations/DeckBuilder/__tests__/manualEditing.test.ts
/Users/piotrwisniewski/Developer/codex-wt/d-k6-execution-labels-w73/src/components/Presentations/DeckBuilder/__tests__/manualMultiselect.test.tsx
/Users/piotrwisniewski/Developer/codex-wt/d-k6-execution-labels-w73/src/components/Presentations/DeckBuilder/__tests__/metricStripEditor.test.ts
/Users/piotrwisniewski/Developer/codex-wt/d-k6-execution-labels-w73/src/components/Presentations/DeckBuilder/__tests__/presentationArtifactCommands.test.ts
/Users/piotrwisniewski/Developer/codex-wt/d-k6-execution-labels-w73/src/components/Presentations/DeckBuilder/__tests__/useDeckAutosave.test.ts
/Users/piotrwisniewski/Developer/codex-wt/d-k6-execution-labels-w73/src/components/Presentations/DeckBuilder/__tests__/useVersionHistory.test.ts
/Users/piotrwisniewski/Developer/codex-wt/d-k6-execution-labels-w73/src/components/Presentations/__tests__/presentationTemplateLifecycle.test.ts
/Users/piotrwisniewski/Developer/codex-wt/d-k6-execution-labels-w73/src/components/Projects/PMORoleSelector.tsx
/Users/piotrwisniewski/Developer/codex-wt/d-k6-execution-labels-w73/src/components/Projects/ProjectTeamBoard.tsx
/Users/piotrwisniewski/Developer/codex-wt/d-k6-execution-labels-w73/src/components/ReportBuilder/blocks/CalloutBlock.tsx
/Users/piotrwisniewski/Developer/codex-wt/d-k6-execution-labels-w73/src/components/ReportBuilder/blocks/TableBlock.tsx
/Users/piotrwisniewski/Developer/codex-wt/d-k6-execution-labels-w73/src/components/ReportBuilder/blocks/TextBlock.tsx
/Users/piotrwisniewski/Developer/codex-wt/d-k6-execution-labels-w73/src/components/ReportBuilder/BlockRenderer.tsx
/Users/piotrwisniewski/Developer/codex-wt/d-k6-execution-labels-w73/src/components/ReportBuilder/ScheduleReportModal.tsx
/Users/piotrwisniewski/Developer/codex-wt/d-k6-execution-labels-w73/src/components/ReportBuilder/steps/ConfigureStructureStep.tsx
/Users/piotrwisniewski/Developer/codex-wt/d-k6-execution-labels-w73/src/components/ReportBuilder/steps/GenerateStep.tsx
/Users/piotrwisniewski/Developer/codex-wt/d-k6-execution-labels-w73/src/components/ReportBuilder/visuals/AssessmentMatrix.tsx
/Users/piotrwisniewski/Developer/codex-wt/d-k6-execution-labels-w73/src/components/ReportBuilder/steps/ReviewEditStep.tsx
/Users/piotrwisniewski/Developer/codex-wt/d-k6-execution-labels-w73/src/components/ReportBuilder/index.ts
/Users/piotrwisniewski/Developer/codex-wt/d-k6-execution-labels-w73/src/components/ReportBuilder/ReportEditor/BlockAIActions.tsx
/Users/piotrwisniewski/Developer/codex-wt/d-k6-execution-labels-w73/src/components/ReportBuilder/ReportEditor/BrandVoicePanel.tsx
/Users/piotrwisniewski/Developer/codex-wt/d-k6-execution-labels-w73/src/components/ReportBuilder/ReportEditor/CreateInitiativeModal.tsx
/Users/piotrwisniewski/Developer/codex-wt/d-k6-execution-labels-w73/src/components/ReportBuilder/ReportEditor/EntityLinksPanel.tsx
/Users/piotrwisniewski/Developer/codex-wt/d-k6-execution-labels-w73/src/components/ReportBuilder/ReportEditor/SourceTraceabilityPanel.tsx
/Users/piotrwisniewski/Developer/codex-wt/d-k6-execution-labels-w73/src/components/ReportBuilder/ReportEditor/__tests__/ReportEditor.cardNContract.test.ts
/Users/piotrwisniewski/Developer/codex-wt/d-k6-execution-labels-w73/src/components/ReportBuilder/__tests__/TemplatePickerModal.i18nColors.test.tsx
/Users/piotrwisniewski/Developer/codex-wt/d-k6-execution-labels-w73/src/components/ReportBuilder/steps/IntentStep.tsx
/Users/piotrwisniewski/Developer/codex-wt/d-k6-execution-labels-w73/src/components/ReportBuilder/steps/OutlineProposalStep.tsx
/Users/piotrwisniewski/Developer/codex-wt/d-k6-execution-labels-w73/src/components/ReportBuilder/steps/UploadChaosStep.tsx
/Users/piotrwisniewski/Developer/codex-wt/d-k6-execution-labels-w73/src/components/Reports/EmbeddedMatrix.tsx
/Users/piotrwisniewski/Developer/codex-wt/d-k6-execution-labels-w73/src/components/Reports/ExecutiveReport.tsx
/Users/piotrwisniewski/Developer/codex-wt/d-k6-execution-labels-w73/src/components/Reports/FinancialImpact.tsx
/Users/piotrwisniewski/Developer/codex-wt/d-k6-execution-labels-w73/src/components/Reports/GanttChart.tsx
/Users/piotrwisniewski/Developer/codex-wt/d-k6-execution-labels-w73/src/components/Reports/HeatmapMatrix.tsx
/Users/piotrwisniewski/Developer/codex-wt/d-k6-execution-labels-w73/src/components/Reports/ImportReportModal.tsx
/Users/piotrwisniewski/Developer/codex-wt/d-k6-execution-labels-w73/src/components/Reports/IndustryBenchmark.tsx
/Users/piotrwisniewski/Developer/codex-wt/d-k6-execution-labels-w73/src/components/Reports/InitiativesReportSection.tsx
/Users/piotrwisniewski/Developer/codex-wt/d-k6-execution-labels-w73/src/components/Reports/KeyTakeaways.tsx
/Users/piotrwisniewski/Developer/codex-wt/d-k6-execution-labels-w73/src/components/Reports/ProgressRing.tsx
/Users/piotrwisniewski/Developer/codex-wt/d-k6-execution-labels-w73/src/components/Reports/RadarChart.tsx
/Users/piotrwisniewski/Developer/codex-wt/d-k6-execution-labels-w73/src/components/Reports/ReadingModeToggle.tsx
/Users/piotrwisniewski/Developer/codex-wt/d-k6-execution-labels-w73/src/components/Reports/RichTextEditor.tsx
/Users/piotrwisniewski/Developer/codex-wt/d-k6-execution-labels-w73/src/components/Reports/ReportSection.tsx
/Users/piotrwisniewski/Developer/codex-wt/d-k6-execution-labels-w73/src/components/Reports/ReportBuilder.tsx
/Users/piotrwisniewski/Developer/codex-wt/d-k6-execution-labels-w73/src/components/Reports/ReportCommentPanel.tsx
/Users/piotrwisniewski/Developer/codex-wt/d-k6-execution-labels-w73/src/components/Reports/ReportHeader.tsx
/Users/piotrwisniewski/Developer/codex-wt/d-k6-execution-labels-w73/src/components/Reports/ReportsEntryRouter.tsx
/Users/piotrwisniewski/Developer/codex-wt/d-k6-execution-labels-w73/src/components/Reports/RiskMatrix.tsx
/Users/piotrwisniewski/Developer/codex-wt/d-k6-execution-labels-w73/src/components/Reports/ShareModal.tsx
/Users/piotrwisniewski/Developer/codex-wt/d-k6-execution-labels-w73/src/components/Reports/SponsorReportView.tsx
/Users/piotrwisniewski/Developer/codex-wt/d-k6-execution-labels-w73/src/components/Reports/StickyNavigation.tsx
/Users/piotrwisniewski/Developer/codex-wt/d-k6-execution-labels-w73/src/components/Reports/TableOfContents.tsx
/Users/piotrwisniewski/Developer/codex-wt/d-k6-execution-labels-w73/src/services/roleDefinitions.ts
/Users/piotrwisniewski/Developer/codex-wt/d-k6-execution-labels-w73/src/components/Reports/Management/ApprovalWorkflow.tsx
/Users/piotrwisniewski/Developer/codex-wt/d-k6-execution-labels-w73/src/components/Reports/Management/VersionHistory.tsx
/Users/piotrwisniewski/Developer/codex-wt/d-k6-execution-labels-w73/src/components/Reports/Management/shared/DecisionsRequiredSection.tsx
/Users/piotrwisniewski/Developer/codex-wt/d-k6-execution-labels-w73/src/components/Reports/Management/index.ts
/Users/piotrwisniewski/Developer/codex-wt/d-k6-execution-labels-w73/src/components/Reports/index.ts
/Users/piotrwisniewski/Developer/codex-wt/d-k6-execution-labels-w73/src/components/Reports/Management/ExportControls.tsx
/Users/piotrwisniewski/Developer/codex-wt/d-k6-execution-labels-w73/src/components/Reports/Management/ReportComments.tsx
/Users/piotrwisniewski/Developer/codex-wt/d-k6-execution-labels-w73/src/components/Reports/Management/__tests__/ManagementReportsView.projects.test.ts
/Users/piotrwisniewski/Developer/codex-wt/d-k6-execution-labels-w73/src/components/Reports/Management/__tests__/ReportGeneratorDrawer.projects.test.tsx
/Users/piotrwisniewski/Developer/codex-wt/d-k6-execution-labels-w73/src/components/Reports/Management/shared/TrendIndicator.tsx
/Users/piotrwisniewski/Developer/codex-wt/d-k6-execution-labels-w73/src/components/Reports/Premium/Editor/Extensions/Callout.tsx
/Users/piotrwisniewski/Developer/codex-wt/d-k6-execution-labels-w73/src/components/Reports/Premium/Editor/Extensions/ExecutiveSummary.tsx
/Users/piotrwisniewski/Developer/codex-wt/d-k6-execution-labels-w73/src/components/Reports/Premium/Editor/Extensions/GapHeatmap.tsx
/Users/piotrwisniewski/Developer/Consultify/node_modules/react-chartjs-2/dist/types.d.ts
/Users/piotrwisniewski/Developer/Consultify/node_modules/react-chartjs-2/dist/chart.d.ts
/Users/piotrwisniewski/Developer/Consultify/node_modules/react-chartjs-2/dist/typedCharts.d.ts
/Users/piotrwisniewski/Developer/Consultify/node_modules/react-chartjs-2/dist/utils.d.ts
/Users/piotrwisniewski/Developer/Consultify/node_modules/react-chartjs-2/dist/index.d.ts
/Users/piotrwisniewski/Developer/codex-wt/d-k6-execution-labels-w73/src/components/Reports/Premium/Editor/Extensions/MaturityRadar.tsx
/Users/piotrwisniewski/Developer/codex-wt/d-k6-execution-labels-w73/src/components/Reports/Premium/Editor/Extensions/MetricCard.tsx
/Users/piotrwisniewski/Developer/codex-wt/d-k6-execution-labels-w73/src/components/Reports/Premium/Editor/Extensions/RecommendationCard.tsx
/Users/piotrwisniewski/Developer/codex-wt/d-k6-execution-labels-w73/src/components/Reports/Premium/Editor/Toolbar/AIAssistantPanel.tsx
/Users/piotrwisniewski/Developer/codex-wt/d-k6-execution-labels-w73/src/components/Reports/Premium/Editor/Toolbar/BlockInsertMenu.tsx
/Users/piotrwisniewski/Developer/codex-wt/d-k6-execution-labels-w73/src/components/Reports/Premium/Editor/Toolbar/EditorToolbar.tsx
/Users/piotrwisniewski/Developer/codex-wt/d-k6-execution-labels-w73/src/components/Reports/Premium/Editor/PremiumReportEditor.tsx
/Users/piotrwisniewski/Developer/codex-wt/d-k6-execution-labels-w73/src/components/Reports/Premium/Editor/Extensions/index.tsx
/Users/piotrwisniewski/Developer/codex-wt/d-k6-execution-labels-w73/src/components/Reports/Premium/index.ts
/Users/piotrwisniewski/Developer/codex-wt/d-k6-execution-labels-w73/src/components/ReportsAndPresentations/createOutputFromCanvas.ts
/Users/piotrwisniewski/Developer/codex-wt/d-k6-execution-labels-w73/src/components/ReportsAndPresentations/useDeliverableTemplates.ts
/Users/piotrwisniewski/Developer/codex-wt/d-k6-execution-labels-w73/src/components/ReportsAndPresentations/useRecentWorkCanvasDrafts.ts
/Users/piotrwisniewski/Developer/codex-wt/d-k6-execution-labels-w73/src/components/ReportsAndPresentations/useTemplateSuggestion.ts
/Users/piotrwisniewski/Developer/codex-wt/d-k6-execution-labels-w73/src/components/ReportsAndPresentations/OutputsLauncherModal.tsx
/Users/piotrwisniewski/Developer/codex-wt/d-k6-execution-labels-w73/src/components/ReportsAndPresentations/deliverableKickoff.ts
/Users/piotrwisniewski/Developer/codex-wt/d-k6-execution-labels-w73/src/components/ReportsAndPresentations/mockData.ts
/Users/piotrwisniewski/Developer/codex-wt/d-k6-execution-labels-w73/src/components/ReportsAndPresentations/previewLabels.ts
/Users/piotrwisniewski/Developer/codex-wt/d-k6-execution-labels-w73/src/components/ReportsAndPresentations/__tests__/TemplateProvenanceApprovalDialog.test.tsx
/Users/piotrwisniewski/Developer/codex-wt/d-k6-execution-labels-w73/src/components/ReportsAndPresentations/__tests__/jezykMaterialow.source.test.ts
/Users/piotrwisniewski/Developer/codex-wt/d-k6-execution-labels-w73/src/components/ReportsAndPresentations/__tests__/mapRegistryAssessmentReport.pawel.test.ts
/Users/piotrwisniewski/Developer/codex-wt/d-k6-execution-labels-w73/src/components/ReportsAndPresentations/__tests__/materialsMenu2Filters.contract.test.ts
/Users/piotrwisniewski/Developer/codex-wt/d-k6-execution-labels-w73/src/components/ReportsAndPresentations/__tests__/materialsMenuStandard.contract.test.tsx
/Users/piotrwisniewski/Developer/codex-wt/d-k6-execution-labels-w73/src/components/ReportsAndPresentations/__tests__/statusCounts.test.ts
/Users/piotrwisniewski/Developer/codex-wt/d-k6-execution-labels-w73/src/components/ReportsAndPresentations/__tests__/templateLibraryContract.test.ts
/Users/piotrwisniewski/Developer/codex-wt/d-k6-execution-labels-w73/src/components/Results/__tests__/ResultsOwnerReviewEntry.test.tsx
/Users/piotrwisniewski/Developer/codex-wt/d-k6-execution-labels-w73/src/components/Results/__tests__/jezykWyniki.source.test.ts
/Users/piotrwisniewski/Developer/codex-wt/d-k6-execution-labels-w73/src/components/Results/__tests__/resultsOwnerReviewMode.test.ts
/Users/piotrwisniewski/Developer/codex-wt/d-k6-execution-labels-w73/src/components/ResultsVNext/ResultsActionCards.tsx
/Users/piotrwisniewski/Developer/codex-wt/d-k6-execution-labels-w73/src/components/ResultsVNext/ResultsVNextRegistryRouteBase.tsx
/Users/piotrwisniewski/Developer/codex-wt/d-k6-execution-labels-w73/src/components/ResultsVNext/okr/OkrSetDraftFormModal.tsx
/Users/piotrwisniewski/Developer/codex-wt/d-k6-execution-labels-w73/src/components/ResultsVNext/okr/ResultsOkrHub.tsx
/Users/piotrwisniewski/Developer/codex-wt/d-k6-execution-labels-w73/src/components/ResultsVNext/index.ts
/Users/piotrwisniewski/Developer/codex-wt/d-k6-execution-labels-w73/src/components/ResultsVNext/__tests__/resultsKpiScorecardsEntry.test.tsx
/Users/piotrwisniewski/Developer/codex-wt/d-k6-execution-labels-w73/src/components/ResultsVNext/__tests__/resultsManagementReportsTab.test.tsx
/Users/piotrwisniewski/Developer/codex-wt/d-k6-execution-labels-w73/src/components/ResultsVNext/__tests__/resultsVNextFeatureFlags.envStaticRead.test.ts
/Users/piotrwisniewski/Developer/codex-wt/d-k6-execution-labels-w73/src/components/ResultsVNext/__tests__/resultsVNextFeatureFlags.test.ts
/Users/piotrwisniewski/Developer/codex-wt/d-k6-execution-labels-w73/src/components/ResultsVNext/__tests__/resultsVNextLegacyArchiveWiring.test.tsx
/Users/piotrwisniewski/Developer/codex-wt/d-k6-execution-labels-w73/src/components/ResultsVNext/__tests__/resultsVNextRegistryShell.noOrphanEntryButtons.test.tsx
/Users/piotrwisniewski/Developer/codex-wt/d-k6-execution-labels-w73/src/components/ResultsVNext/kpiScorecards/__tests__/KpiScorecardItemDialogs.addItem.test.tsx
/Users/piotrwisniewski/Developer/Consultify/node_modules/@types/react-dom/static.d.ts
/Users/piotrwisniewski/Developer/Consultify/node_modules/@types/react-dom/server.d.ts
/Users/piotrwisniewski/Developer/codex-wt/d-k6-execution-labels-w73/src/components/ResultsVNext/kpiScorecards/__tests__/kpiScorecardPresenters.technicalValues.test.tsx
/Users/piotrwisniewski/Developer/codex-wt/d-k6-execution-labels-w73/src/components/ResultsVNext/kpiTool/kpiTeresaRcaDraft.ts
/Users/piotrwisniewski/Developer/codex-wt/d-k6-execution-labels-w73/src/components/ResultsVNext/kpiTool/__tests__/kpiDeviationChildren.api.test.ts
/Users/piotrwisniewski/Developer/codex-wt/d-k6-execution-labels-w73/src/components/ResultsVNext/okr/__tests__/okrObjectiveCardPage.checkinStatusLabel.test.ts
/Users/piotrwisniewski/Developer/codex-wt/d-k6-execution-labels-w73/src/components/ResultsVNext/okr/__tests__/okrObjectiveMappers.technicalValues.test.ts
/Users/piotrwisniewski/Developer/codex-wt/d-k6-execution-labels-w73/src/components/ResultsVNext/roi/card/__tests__/roiCard.test.tsx
/Users/piotrwisniewski/Developer/codex-wt/d-k6-execution-labels-w73/src/components/ResultsVNext/roi/card/__tests__/roiCardPage.kartaN.test.tsx
/Users/piotrwisniewski/Developer/codex-wt/d-k6-execution-labels-w73/src/components/Studio/nodes/index.ts
/Users/piotrwisniewski/Developer/codex-wt/d-k6-execution-labels-w73/src/components/Studio/index.ts
/Users/piotrwisniewski/Developer/codex-wt/d-k6-execution-labels-w73/src/components/Studio/hooks/index.ts
/Users/piotrwisniewski/Developer/codex-wt/d-k6-execution-labels-w73/src/components/SuperAdmin/AnalyticsPanel.tsx
/Users/piotrwisniewski/Developer/codex-wt/d-k6-execution-labels-w73/src/components/SuperAdmin/ApiManagementPanel.tsx
/Users/piotrwisniewski/Developer/codex-wt/d-k6-execution-labels-w73/src/components/SuperAdmin/BackupPanel.tsx
/Users/piotrwisniewski/Developer/codex-wt/d-k6-execution-labels-w73/src/components/SuperAdmin/BulkActions.tsx
/Users/piotrwisniewski/Developer/codex-wt/d-k6-execution-labels-w73/src/components/SuperAdmin/ConfigurationPanel.tsx
/Users/piotrwisniewski/Developer/codex-wt/d-k6-execution-labels-w73/src/components/SuperAdmin/ContentAnalyticsDashboard.tsx
/Users/piotrwisniewski/Developer/codex-wt/d-k6-execution-labels-w73/src/components/SuperAdmin/ContentCategoriesManager.tsx
/Users/piotrwisniewski/Developer/codex-wt/d-k6-execution-labels-w73/src/components/SuperAdmin/ContentFilters.tsx
/Users/piotrwisniewski/Developer/codex-wt/d-k6-execution-labels-w73/src/components/SuperAdmin/ContentSearch.tsx
/Users/piotrwisniewski/Developer/codex-wt/d-k6-execution-labels-w73/src/components/SuperAdmin/ContentTagsManager.tsx
/Users/piotrwisniewski/Developer/codex-wt/d-k6-execution-labels-w73/src/components/SuperAdmin/EmailConfigurationPanel.tsx
/Users/piotrwisniewski/Developer/codex-wt/d-k6-execution-labels-w73/src/components/SuperAdmin/EmailTemplateEditor.tsx
/Users/piotrwisniewski/Developer/codex-wt/d-k6-execution-labels-w73/src/views/superadmin/EmailTemplatesView.tsx
/Users/piotrwisniewski/Developer/codex-wt/d-k6-execution-labels-w73/src/components/SuperAdmin/EmailTemplatesPanel.tsx
/Users/piotrwisniewski/Developer/codex-wt/d-k6-execution-labels-w73/src/components/SuperAdmin/FeatureFlagsPanel.tsx
/Users/piotrwisniewski/Developer/codex-wt/d-k6-execution-labels-w73/src/components/SuperAdmin/IntegrationsPanel.tsx
/Users/piotrwisniewski/Developer/codex-wt/d-k6-execution-labels-w73/src/components/SuperAdmin/PartnerOutreachPanel.tsx
/Users/piotrwisniewski/Developer/codex-wt/d-k6-execution-labels-w73/src/components/SuperAdmin/PlaybookTemplateAnalytics.tsx
/Users/piotrwisniewski/Developer/codex-wt/d-k6-execution-labels-w73/src/components/SuperAdmin/PlaybookTemplateComments.tsx
/Users/piotrwisniewski/Developer/codex-wt/d-k6-execution-labels-w73/src/components/SuperAdmin/PlaybookTemplateReviews.tsx
/Users/piotrwisniewski/Developer/codex-wt/d-k6-execution-labels-w73/src/components/SuperAdmin/PlaybookTemplateVersionHistory.tsx
/Users/piotrwisniewski/Developer/codex-wt/d-k6-execution-labels-w73/src/components/SuperAdmin/SecurityPanel.tsx
/Users/piotrwisniewski/Developer/codex-wt/d-k6-execution-labels-w73/src/components/SuperAdmin/SuperadminRootClosurePanel.tsx
/Users/piotrwisniewski/Developer/codex-wt/d-k6-execution-labels-w73/src/components/SuperAdmin/security/IPAccessRulesPanel.tsx
/Users/piotrwisniewski/Developer/codex-wt/d-k6-execution-labels-w73/src/components/SuperAdmin/security/LoginAttemptsPanel.tsx
/Users/piotrwisniewski/Developer/codex-wt/d-k6-execution-labels-w73/src/components/SuperAdmin/security/SecurityPoliciesPanel.tsx
/Users/piotrwisniewski/Developer/codex-wt/d-k6-execution-labels-w73/src/components/SuperAdmin/security/SessionManagementPanel.tsx
/Users/piotrwisniewski/Developer/codex-wt/d-k6-execution-labels-w73/src/components/SuperAdmin/security/index.ts
/Users/piotrwisniewski/Developer/codex-wt/d-k6-execution-labels-w73/src/components/SuperAdmin/billing/BillingOverviewPanel.tsx
/Users/piotrwisniewski/Developer/codex-wt/d-k6-execution-labels-w73/src/components/SuperAdmin/billing/CreditNotesPanel.tsx
/Users/piotrwisniewski/Developer/codex-wt/d-k6-execution-labels-w73/src/components/SuperAdmin/billing/InvoicesPanel.tsx
/Users/piotrwisniewski/Developer/codex-wt/d-k6-execution-labels-w73/src/components/SuperAdmin/billing/SubscriptionsPanel.tsx
/Users/piotrwisniewski/Developer/codex-wt/d-k6-execution-labels-w73/src/components/SuperAdmin/billing/index.ts
/Users/piotrwisniewski/Developer/codex-wt/d-k6-execution-labels-w73/src/components/SuperAdmin/integrations/WebhookDeliveriesModal.tsx
/Users/piotrwisniewski/Developer/codex-wt/d-k6-execution-labels-w73/src/components/SuperAdmin/integrations/WebhooksPanel.tsx
/Users/piotrwisniewski/Developer/codex-wt/d-k6-execution-labels-w73/src/components/SuperAdmin/integrations/index.ts
/Users/piotrwisniewski/Developer/codex-wt/d-k6-execution-labels-w73/src/components/SuperAdmin/data/BackupConfigPanel.tsx
/Users/piotrwisniewski/Developer/codex-wt/d-k6-execution-labels-w73/src/components/SuperAdmin/data/index.ts
/Users/piotrwisniewski/Developer/codex-wt/d-k6-execution-labels-w73/src/components/SuperAdmin/index.ts
/Users/piotrwisniewski/Developer/codex-wt/d-k6-execution-labels-w73/src/components/Team/MultiPerspectiveView.tsx
/Users/piotrwisniewski/Developer/codex-wt/d-k6-execution-labels-w73/src/components/Trial/TrialBanner.tsx
/Users/piotrwisniewski/Developer/codex-wt/d-k6-execution-labels-w73/src/components/Trial/TrialTransitionConfirmation.tsx
/Users/piotrwisniewski/Developer/codex-wt/d-k6-execution-labels-w73/src/components/__tests__/InitiativeDetailModal.slownik7.source.test.ts
/Users/piotrwisniewski/Developer/codex-wt/d-k6-execution-labels-w73/src/components/__tests__/RouterSync.pilotMeetings.test.tsx
/Users/piotrwisniewski/Developer/codex-wt/d-k6-execution-labels-w73/src/components/__tests__/RouterSync.pilotSettingsSilentRedirect.test.tsx
/Users/piotrwisniewski/Developer/codex-wt/d-k6-execution-labels-w73/src/components/access/__tests__/AccessBlockedModal.s114bW3.test.tsx
/Users/piotrwisniewski/Developer/codex-wt/d-k6-execution-labels-w73/src/components/ai/DiffView.tsx
/Users/piotrwisniewski/Developer/codex-wt/d-k6-execution-labels-w73/src/hooks/useDraftApproval.ts
/Users/piotrwisniewski/Developer/codex-wt/d-k6-execution-labels-w73/src/components/ai/DraftReviewPanel.tsx
/Users/piotrwisniewski/Developer/codex-wt/d-k6-execution-labels-w73/src/components/ai/FeedbackButtons.tsx
/Users/piotrwisniewski/Developer/codex-wt/d-k6-execution-labels-w73/src/components/ai/MAXModeToggle.tsx
/Users/piotrwisniewski/Developer/codex-wt/d-k6-execution-labels-w73/src/components/ai/PlaybookStepEvidence.tsx
/Users/piotrwisniewski/Developer/codex-wt/d-k6-execution-labels-w73/src/components/ai/ProactiveNudgeDisplay.tsx
/Users/piotrwisniewski/Developer/codex-wt/d-k6-execution-labels-w73/src/components/analytics/TokenUsageAnalytics.tsx
/Users/piotrwisniewski/Developer/codex-wt/d-k6-execution-labels-w73/src/services/drdMaturityLevels.ts
/Users/piotrwisniewski/Developer/codex-wt/d-k6-execution-labels-w73/src/components/assessment/reports/assessmentChartTokens.ts
/Users/piotrwisniewski/Developer/codex-wt/d-k6-execution-labels-w73/src/components/assessment/reports/AssessmentReportVisualizations.tsx
/Users/piotrwisniewski/Developer/codex-wt/d-k6-execution-labels-w73/src/services/drdVizAdapter.ts
/Users/piotrwisniewski/Developer/codex-wt/d-k6-execution-labels-w73/src/services/report/assessmentReportDataAdapter.ts
/Users/piotrwisniewski/Developer/codex-wt/d-k6-execution-labels-w73/src/services/admaTransformations.ts
/Users/piotrwisniewski/Developer/codex-wt/d-k6-execution-labels-w73/src/services/report/admaConclusion.ts
/Users/piotrwisniewski/Developer/codex-wt/d-k6-execution-labels-w73/src/services/report/siriConclusion.ts
/Users/piotrwisniewski/Developer/codex-wt/d-k6-execution-labels-w73/src/services/report/conclusionPush.ts
/Users/piotrwisniewski/Developer/codex-wt/d-k6-execution-labels-w73/src/components/assessment/reports/ConclusionSummary.tsx
/Users/piotrwisniewski/Developer/codex-wt/d-k6-execution-labels-w73/src/components/assessment/reports/MaturityPathwaySection.tsx
/Users/piotrwisniewski/Developer/codex-wt/d-k6-execution-labels-w73/src/components/assessment/reports/templates/ADMAReportTemplate.tsx
/Users/piotrwisniewski/Developer/codex-wt/d-k6-execution-labels-w73/src/components/assessment/reports/templates/DRDReportTemplate.tsx
/Users/piotrwisniewski/Developer/codex-wt/d-k6-execution-labels-w73/src/components/assessment/reports/templates/SIRIReportTemplate.tsx
/Users/piotrwisniewski/Developer/codex-wt/d-k6-execution-labels-w73/src/components/assessment/ReportEditor.tsx
/Users/piotrwisniewski/Developer/codex-wt/d-k6-execution-labels-w73/src/components/assessment/__tests__/AssessmentHub.deleteProcesses.test.tsx
/Users/piotrwisniewski/Developer/codex-wt/d-k6-execution-labels-w73/src/components/assessment/__tests__/AssessmentHub.exportsFetchGuard.test.tsx
/Users/piotrwisniewski/Developer/codex-wt/d-k6-execution-labels-w73/src/components/assessment/__tests__/AssessmentHub.ownerScoped.test.tsx
/Users/piotrwisniewski/Developer/codex-wt/d-k6-execution-labels-w73/src/components/assessment/__tests__/AssessmentLibraryTab.day178.empty-state.test.ts
/Users/piotrwisniewski/Developer/codex-wt/d-k6-execution-labels-w73/src/components/assessment/__tests__/AssessmentOutputsTab.test.tsx
/Users/piotrwisniewski/Developer/codex-wt/d-k6-execution-labels-w73/src/components/assessment/__tests__/fixtures/lista-ocen-zastanych.json
/Users/piotrwisniewski/Developer/codex-wt/d-k6-execution-labels-w73/src/components/assessment/__tests__/fixtures/ocena-zastana-drd.json
/Users/piotrwisniewski/Developer/codex-wt/d-k6-execution-labels-w73/src/components/assessment/__tests__/fixtures/raport-zastany-drd.json
/Users/piotrwisniewski/Developer/codex-wt/d-k6-execution-labels-w73/src/components/assessment/__tests__/assessmentOutputProjection.test.ts
/Users/piotrwisniewski/Developer/codex-wt/d-k6-execution-labels-w73/src/components/assessment/__tests__/day275-macierz-w-panelu.test.tsx
/Users/piotrwisniewski/Developer/codex-wt/d-k6-execution-labels-w73/src/components/assessment/__tests__/jezykAssessment.source.test.ts
/Users/piotrwisniewski/Developer/codex-wt/d-k6-execution-labels-w73/src/components/assessment/adma/index.ts
/Users/piotrwisniewski/Developer/codex-wt/d-k6-execution-labels-w73/src/components/assessment/artifacts/__tests__/ArtifactLineagePanel.test.tsx
/Users/piotrwisniewski/Developer/codex-wt/d-k6-execution-labels-w73/src/components/assessment/drd/__tests__/DrdHttpMethodWorkspaceScreen.frozenShell.test.tsx
/Users/piotrwisniewski/Developer/codex-wt/d-k6-execution-labels-w73/src/components/assessment/drd/__tests__/DrdHttpMethodWorkspaceScreen.naglowekIStanOdpowiedzi.test.tsx
/Users/piotrwisniewski/Developer/codex-wt/d-k6-execution-labels-w73/src/components/assessment/drd/__tests__/DrdHttpMethodWorkspaceScreen.offlineRecovery.test.tsx
/Users/piotrwisniewski/Developer/codex-wt/d-k6-execution-labels-w73/src/components/assessment/drd/__tests__/DrdHttpMethodWorkspaceScreen.p-p21-next-po-pelnej-jednostce.test.tsx
/Users/piotrwisniewski/Developer/codex-wt/d-k6-execution-labels-w73/src/components/assessment/drd/__tests__/DrdHttpMethodWorkspaceScreen.pilotazPawel.test.tsx
/Users/piotrwisniewski/Developer/codex-wt/d-k6-execution-labels-w73/src/components/assessment/drd/__tests__/DrdHttpMethodWorkspaceScreen.reportMatrixCoexist.test.tsx
/Users/piotrwisniewski/Developer/codex-wt/d-k6-execution-labels-w73/src/components/assessment/drd/__tests__/DrdHttpMethodWorkspaceScreen.skipCode.test.tsx
/Users/piotrwisniewski/Developer/codex-wt/d-k6-execution-labels-w73/src/components/assessment/drd/__tests__/DrdHttpMethodWorkspaceScreen.test.tsx
/Users/piotrwisniewski/Developer/codex-wt/d-k6-execution-labels-w73/src/components/assessment/drd/__tests__/DrdHttpMethodWorkspaceScreen.zapytajTerese.test.tsx
/Users/piotrwisniewski/Developer/codex-wt/d-k6-execution-labels-w73/src/components/assessment/drd/__tests__/drdMethodWorkspaceGating.test.tsx
/Users/piotrwisniewski/Developer/codex-wt/d-k6-execution-labels-w73/src/components/assessment/drd/__tests__/drdWorkspaceViewModel.test.ts
/Users/piotrwisniewski/Developer/codex-wt/d-k6-execution-labels-w73/src/components/assessment/drd/__tests__/macierz-sedno-20260905.test.tsx
/Users/piotrwisniewski/Developer/codex-wt/d-k6-execution-labels-w73/src/components/assessment/library/__tests__/AssessmentLibraryTab.canon.test.tsx
/Users/piotrwisniewski/Developer/codex-wt/d-k6-execution-labels-w73/src/components/assessment/manage/index.ts
/Users/piotrwisniewski/Developer/codex-wt/d-k6-execution-labels-w73/src/components/assessment/maps/ADMAAssessmentMap.tsx
/Users/piotrwisniewski/Developer/codex-wt/d-k6-execution-labels-w73/src/components/assessment/maps/CMPracticeMap.tsx
/Users/piotrwisniewski/Developer/codex-wt/d-k6-execution-labels-w73/src/components/assessment/maps/DBR77LeanMap.tsx
/Users/piotrwisniewski/Developer/codex-wt/d-k6-execution-labels-w73/src/components/assessment/maps/SIRIAssessmentMap.tsx
/Users/piotrwisniewski/Developer/codex-wt/d-k6-execution-labels-w73/src/components/assessment/maps/index.ts
/Users/piotrwisniewski/Developer/codex-wt/d-k6-execution-labels-w73/src/components/assessment/modals/InitiativeDetailsModal.tsx
/Users/piotrwisniewski/Developer/codex-wt/d-k6-execution-labels-w73/src/components/assessment/modals/TransferToRoadmapModal.tsx
/Users/piotrwisniewski/Developer/codex-wt/d-k6-execution-labels-w73/src/components/assessment/modals/__tests__/ReportTemplatePickerModal.i18nColors.test.tsx
/Users/piotrwisniewski/Developer/codex-wt/d-k6-execution-labels-w73/src/components/assessment/panels/VersionHistoryPanel.tsx
/Users/piotrwisniewski/Developer/codex-wt/d-k6-execution-labels-w73/src/components/assessment/panels/__tests__/odbior--o8c--GlossaryPanel.test.tsx
/Users/piotrwisniewski/Developer/codex-wt/d-k6-execution-labels-w73/src/components/assessment/presentation/index.ts
/Users/piotrwisniewski/Developer/codex-wt/d-k6-execution-labels-w73/src/components/assessment/presentation/__tests__/AssessmentPresentationView.test.tsx
/Users/piotrwisniewski/Developer/codex-wt/d-k6-execution-labels-w73/src/method-core/outputs/__tests__/testFixtures.ts
/Users/piotrwisniewski/Developer/codex-wt/d-k6-execution-labels-w73/src/components/assessment/presentation/__tests__/PresentationDeck.test.tsx
/Users/piotrwisniewski/Developer/codex-wt/d-k6-execution-labels-w73/src/components/assessment/presentation/__tests__/buildPresentationDeck.test.ts
/Users/piotrwisniewski/Developer/codex-wt/d-k6-execution-labels-w73/src/components/assessment/presentation/__tests__/day275-slajd-macierzy.test.tsx
/Users/piotrwisniewski/Developer/codex-wt/d-k6-execution-labels-w73/src/components/assessment/presentation/__tests__/outputAdapter.test.ts
/Users/piotrwisniewski/Developer/codex-wt/d-k6-execution-labels-w73/src/components/assessment/presentation/__tests__/prezentacjaOcenyZastanej.test.tsx
/Users/piotrwisniewski/Developer/codex-wt/d-k6-execution-labels-w73/src/components/assessment/report/index.ts
/Users/piotrwisniewski/Developer/codex-wt/d-k6-execution-labels-w73/src/components/assessment/report/__tests__/AssessmentReportContractView.test.tsx
/Users/piotrwisniewski/Developer/codex-wt/d-k6-execution-labels-w73/src/components/assessment/report/__tests__/AssessmentReportDocument.test.tsx
/Users/piotrwisniewski/Developer/codex-wt/d-k6-execution-labels-w73/src/components/assessment/report/__tests__/AssessmentReportDocxDownload.day50.test.tsx
/Users/piotrwisniewski/Developer/codex-wt/d-k6-execution-labels-w73/src/components/assessment/report/__tests__/AssessmentReportView.test.tsx
/Users/piotrwisniewski/Developer/codex-wt/d-k6-execution-labels-w73/src/components/assessment/report/__tests__/day275-struktura-raportu.test.tsx
/Users/piotrwisniewski/Developer/codex-wt/d-k6-execution-labels-w73/src/components/assessment/report/__tests__/raportOcenyZastanej.test.tsx
/Users/piotrwisniewski/Developer/codex-wt/d-k6-execution-labels-w73/src/components/assessment/report/__tests__/reportCoverageGate.pawel.test.ts
/Users/piotrwisniewski/Developer/codex-wt/d-k6-execution-labels-w73/src/components/assessment/report/__tests__/reportDocumentIdentity.pawel.test.ts
/Users/piotrwisniewski/Developer/codex-wt/d-k6-execution-labels-w73/src/components/assessment/reports/templates/CMMIReportTemplate.tsx
/Users/piotrwisniewski/Developer/codex-wt/d-k6-execution-labels-w73/src/components/assessment/reports/templates/DBR77ReportTemplate.tsx
/Users/piotrwisniewski/Developer/codex-wt/d-k6-execution-labels-w73/src/components/assessment/reports/templates/index.ts
/Users/piotrwisniewski/Developer/codex-wt/d-k6-execution-labels-w73/src/components/assessment/tools/ADMAForm.tsx
/Users/piotrwisniewski/Developer/codex-wt/d-k6-execution-labels-w73/src/components/assessment/tools/SIRIForm.tsx
/Users/piotrwisniewski/Developer/codex-wt/d-k6-execution-labels-w73/src/components/assessment/tools/index.ts
/Users/piotrwisniewski/Developer/codex-wt/d-k6-execution-labels-w73/src/components/assessment/wnioski/__tests__/projekcjaWnioskow.test.ts
/Users/piotrwisniewski/Developer/codex-wt/d-k6-execution-labels-w73/src/components/auth/EmailVerificationBanner.tsx
/Users/piotrwisniewski/Developer/codex-wt/d-k6-execution-labels-w73/src/components/auth/MFAChallenge.tsx
/Users/piotrwisniewski/Developer/codex-wt/d-k6-execution-labels-w73/src/components/auth/MFASetup.tsx
/Users/piotrwisniewski/Developer/codex-wt/d-k6-execution-labels-w73/src/hooks/useTokenBalance.ts
/Users/piotrwisniewski/Developer/codex-wt/d-k6-execution-labels-w73/src/components/modals/LowBalanceModal.tsx
/Users/piotrwisniewski/Developer/codex-wt/d-k6-execution-labels-w73/src/components/banners/LowBalanceBanner.tsx
/Users/piotrwisniewski/Developer/codex-wt/d-k6-execution-labels-w73/src/components/banners/UpgradePromptBanner.tsx
/Users/piotrwisniewski/Developer/codex-wt/d-k6-execution-labels-w73/src/components/billing/AddCardModal.tsx
/Users/piotrwisniewski/Developer/codex-wt/d-k6-execution-labels-w73/src/components/billing/PaymentMethodsPanel.tsx
/Users/piotrwisniewski/Developer/codex-wt/d-k6-execution-labels-w73/src/components/billing/PlanCard.tsx
/Users/piotrwisniewski/Developer/codex-wt/d-k6-execution-labels-w73/src/components/billing/QuotaWarningBanner.tsx
/Users/piotrwisniewski/Developer/codex-wt/d-k6-execution-labels-w73/src/components/billing/SubscriptionManager.tsx
/Users/piotrwisniewski/Developer/codex-wt/d-k6-execution-labels-w73/src/components/billing/TaxSettingsForm.tsx
/Users/piotrwisniewski/Developer/codex-wt/d-k6-execution-labels-w73/src/components/billing/UsageAlertsConfig.tsx
/Users/piotrwisniewski/Developer/codex-wt/d-k6-execution-labels-w73/src/components/billing/__tests__/AddCardModal.honest.test.tsx
/Users/piotrwisniewski/Developer/codex-wt/d-k6-execution-labels-w73/src/components/billing/__tests__/UsageMeters.translation.smoke.test.tsx
/Users/piotrwisniewski/Developer/codex-wt/d-k6-execution-labels-w73/src/components/billing/__tests__/day176.UsageMeters.test.tsx
/Users/piotrwisniewski/Developer/codex-wt/d-k6-execution-labels-w73/src/components/billing/__tests__/jezykJdogB.source.test.ts
/Users/piotrwisniewski/Developer/codex-wt/d-k6-execution-labels-w73/src/components/dashboard/DashboardExecutionSnapshot.tsx
/Users/piotrwisniewski/Developer/codex-wt/d-k6-execution-labels-w73/src/components/dashboard/DashboardOverview.tsx
/Users/piotrwisniewski/Developer/codex-wt/d-k6-execution-labels-w73/src/components/dashboard/LiveDashboard.tsx
/Users/piotrwisniewski/Developer/codex-wt/d-k6-execution-labels-w73/src/components/dashboard/OnboardingDashboard.tsx
/Users/piotrwisniewski/Developer/codex-wt/d-k6-execution-labels-w73/src/components/dashboard/UserTaskList.tsx
/Users/piotrwisniewski/Developer/codex-wt/d-k6-execution-labels-w73/src/components/demo/DemoUpgradePrompt.tsx
/Users/piotrwisniewski/Developer/codex-wt/d-k6-execution-labels-w73/src/components/demo/DemoWelcomeTour.tsx
/Users/piotrwisniewski/Developer/codex-wt/d-k6-execution-labels-w73/src/components/demo/ExitIntentModal.tsx
/Users/piotrwisniewski/Developer/codex-wt/d-k6-execution-labels-w73/src/components/demo/SmartDemoBanner.tsx
/Users/piotrwisniewski/Developer/codex-wt/d-k6-execution-labels-w73/src/components/demo/useExitIntent.ts
/Users/piotrwisniewski/Developer/codex-wt/d-k6-execution-labels-w73/src/components/demo/index.ts
/Users/piotrwisniewski/Developer/codex-wt/d-k6-execution-labels-w73/src/components/documents/ContextAssetSelector.tsx
/Users/piotrwisniewski/Developer/codex-wt/d-k6-execution-labels-w73/src/components/documents/__tests__/DocumentSidePanel.uploadBlad.test.tsx
/Users/piotrwisniewski/Developer/codex-wt/d-k6-execution-labels-w73/src/components/layout/DemoBanner.tsx
/Users/piotrwisniewski/Developer/codex-wt/d-k6-execution-labels-w73/src/components/layout/SettingsSidebar.tsx
/Users/piotrwisniewski/Developer/codex-wt/d-k6-execution-labels-w73/src/components/legal/LegalAcceptanceModal.tsx
/Users/piotrwisniewski/Developer/codex-wt/d-k6-execution-labels-w73/src/components/legal/LegalPageLayout.tsx
/Users/piotrwisniewski/Developer/codex-wt/d-k6-execution-labels-w73/src/components/method-workspace/SaveStateIndicator.tsx
/Users/piotrwisniewski/Developer/codex-wt/d-k6-execution-labels-w73/src/components/method-workspace/index.ts
/Users/piotrwisniewski/Developer/codex-wt/d-k6-execution-labels-w73/src/components/method-workspace/__tests__/fixtures.ts
/Users/piotrwisniewski/Developer/codex-wt/d-k6-execution-labels-w73/src/components/method-workspace/__tests__/AnswerStateControl.test.tsx
/Users/piotrwisniewski/Developer/codex-wt/d-k6-execution-labels-w73/src/components/method-workspace/__tests__/InterviewFocusPanel.stanIDyktowanie.test.tsx
/Users/piotrwisniewski/Developer/codex-wt/d-k6-execution-labels-w73/src/components/method-workspace/__tests__/InterviewFocusPanel.test.tsx
/Users/piotrwisniewski/Developer/codex-wt/d-k6-execution-labels-w73/src/components/method-workspace/__tests__/LiveMatrix.test.tsx
/Users/piotrwisniewski/Developer/codex-wt/d-k6-execution-labels-w73/src/components/method-workspace/__tests__/MethodNavigator.ownerBehavior.test.tsx
/Users/piotrwisniewski/Developer/codex-wt/d-k6-execution-labels-w73/src/components/method-workspace/__tests__/MethodWorkspaceShell.readOnlyBanner.test.tsx
/Users/piotrwisniewski/Developer/codex-wt/d-k6-execution-labels-w73/src/components/method-workspace/__tests__/MethodWorkspaceShell.test.tsx
/Users/piotrwisniewski/Developer/codex-wt/d-k6-execution-labels-w73/src/components/method-workspace/__tests__/QuestionHelpDisclosure.test.tsx
/Users/piotrwisniewski/Developer/codex-wt/d-k6-execution-labels-w73/src/components/method-workspace/__tests__/SaveStateIndicator.test.tsx
/Users/piotrwisniewski/Developer/codex-wt/d-k6-execution-labels-w73/src/components/method-workspace/__tests__/TeresaPreviewPanel.test.tsx
/Users/piotrwisniewski/Developer/codex-wt/d-k6-execution-labels-w73/src/components/method-workspace/__tests__/VoiceAnswerChannel.test.tsx
/Users/piotrwisniewski/Developer/codex-wt/d-k6-execution-labels-w73/src/components/method-workspace/__tests__/VoiceAnswerChannel.transcript.test.tsx
/Users/piotrwisniewski/Developer/codex-wt/d-k6-execution-labels-w73/src/components/method-workspace/__tests__/answerStateColors.test.ts
/Users/piotrwisniewski/Developer/codex-wt/d-k6-execution-labels-w73/src/components/method-workspace/__tests__/useMethodWorkspaceSave.test.ts
/Users/piotrwisniewski/Developer/codex-wt/d-k6-execution-labels-w73/src/components/navigation/BackToChatButton.tsx
/Users/piotrwisniewski/Developer/codex-wt/d-k6-execution-labels-w73/src/components/navigation/BackToChatShortcut.tsx
/Users/piotrwisniewski/Developer/codex-wt/d-k6-execution-labels-w73/src/utils/buildRecentConversationsList.ts
/Users/piotrwisniewski/Developer/codex-wt/d-k6-execution-labels-w73/src/components/navigation/RecentConversationsDropdown.tsx
/Users/piotrwisniewski/Developer/codex-wt/d-k6-execution-labels-w73/src/utils/buildWorkspaceBreadcrumb.ts
/Users/piotrwisniewski/Developer/codex-wt/d-k6-execution-labels-w73/src/components/navigation/WorkspaceBreadcrumb.tsx
/Users/piotrwisniewski/Developer/codex-wt/d-k6-execution-labels-w73/src/components/navigation/index.ts
/Users/piotrwisniewski/Developer/codex-wt/d-k6-execution-labels-w73/src/components/navigation/Sidebar/__tests__/Sidebar.pilotMeetingLock.test.tsx
/Users/piotrwisniewski/Developer/codex-wt/d-k6-execution-labels-w73/src/components/navigation/Sidebar/__tests__/menuConfig.interview.test.ts
/Users/piotrwisniewski/Developer/codex-wt/d-k6-execution-labels-w73/src/components/navigation/Sidebar/__tests__/menuConfig.meetingsWave2.test.ts
/Users/piotrwisniewski/Developer/codex-wt/d-k6-execution-labels-w73/src/components/navigation/__tests__/BackToChatButton.test.tsx
/Users/piotrwisniewski/Developer/codex-wt/d-k6-execution-labels-w73/src/components/navigation/__tests__/BackToChatShortcut.test.tsx
/Users/piotrwisniewski/Developer/codex-wt/d-k6-execution-labels-w73/src/components/navigation/__tests__/RecentConversationsDropdown.test.tsx
/Users/piotrwisniewski/Developer/codex-wt/d-k6-execution-labels-w73/src/components/navigation/__tests__/WorkspaceBreadcrumb.test.tsx
/Users/piotrwisniewski/Developer/codex-wt/d-k6-execution-labels-w73/src/components/settings/AIAutomationSettings.tsx
/Users/piotrwisniewski/Developer/codex-wt/d-k6-execution-labels-w73/src/components/settings/AIInstructionsSettings.tsx
/Users/piotrwisniewski/Developer/codex-wt/d-k6-execution-labels-w73/src/components/settings/AIModelSelectionSettings.tsx
/Users/piotrwisniewski/Developer/codex-wt/d-k6-execution-labels-w73/src/components/settings/AIParametersSettings.tsx
/Users/piotrwisniewski/Developer/codex-wt/d-k6-execution-labels-w73/src/components/settings/AIPersonalitySettings.tsx
/Users/piotrwisniewski/Developer/codex-wt/d-k6-execution-labels-w73/src/components/settings/AISecuritySettings.tsx
/Users/piotrwisniewski/Developer/codex-wt/d-k6-execution-labels-w73/src/hooks/useRealtimeCosts.ts
/Users/piotrwisniewski/Developer/codex-wt/d-k6-execution-labels-w73/src/components/settings/AISettings.tsx
/Users/piotrwisniewski/Developer/codex-wt/d-k6-execution-labels-w73/src/components/settings/AccountManagementSettings.tsx
/Users/piotrwisniewski/Developer/codex-wt/d-k6-execution-labels-w73/src/components/settings/AccountRecoverySettings.tsx
/Users/piotrwisniewski/Developer/codex-wt/d-k6-execution-labels-w73/src/components/settings/ActiveSessionsSettings.tsx
/Users/piotrwisniewski/Developer/codex-wt/d-k6-execution-labels-w73/src/components/settings/ActivityLog.tsx
/Users/piotrwisniewski/Developer/codex-wt/d-k6-execution-labels-w73/src/components/settings/AdvancedSettings.tsx
/Users/piotrwisniewski/Developer/codex-wt/d-k6-execution-labels-w73/src/components/settings/AppearanceSettings.tsx
/Users/piotrwisniewski/Developer/codex-wt/d-k6-execution-labels-w73/src/components/settings/ApprovalPatternManager.tsx
/Users/piotrwisniewski/Developer/codex-wt/d-k6-execution-labels-w73/src/components/settings/AvailabilityStatusSection.tsx
/Users/piotrwisniewski/Developer/codex-wt/d-k6-execution-labels-w73/src/components/settings/AvatarUploader.tsx
/Users/piotrwisniewski/Developer/codex-wt/d-k6-execution-labels-w73/src/components/shared/BillingCore.tsx
/Users/piotrwisniewski/Developer/codex-wt/d-k6-execution-labels-w73/src/components/settings/BillingSettings.tsx
/Users/piotrwisniewski/Developer/codex-wt/d-k6-execution-labels-w73/src/components/settings/BioAboutSection.tsx
/Users/piotrwisniewski/Developer/codex-wt/d-k6-execution-labels-w73/src/components/settings/BrandKitGovernanceSettings.tsx
/Users/piotrwisniewski/Developer/codex-wt/d-k6-execution-labels-w73/src/components/settings/CloudDataSettings.tsx
/Users/piotrwisniewski/Developer/codex-wt/d-k6-execution-labels-w73/src/components/settings/ConnectedAccounts.tsx
/Users/piotrwisniewski/Developer/codex-wt/d-k6-execution-labels-w73/src/components/settings/ContactInformationSection.tsx
/Users/piotrwisniewski/Developer/codex-wt/d-k6-execution-labels-w73/src/components/settings/DNDModeSettings.tsx
/Users/piotrwisniewski/Developer/codex-wt/d-k6-execution-labels-w73/src/components/settings/DataPrivacySettings.tsx
/Users/piotrwisniewski/Developer/codex-wt/d-k6-execution-labels-w73/src/components/settings/EmailCommunicationSettings.tsx
/Users/piotrwisniewski/Developer/codex-wt/d-k6-execution-labels-w73/src/components/settings/EmailNotificationsSettings.tsx
/Users/piotrwisniewski/Developer/codex-wt/d-k6-execution-labels-w73/src/components/settings/EmailSignatureSettings.tsx
/Users/piotrwisniewski/Developer/codex-wt/d-k6-execution-labels-w73/src/components/ui/checkbox.tsx
/Users/piotrwisniewski/Developer/codex-wt/d-k6-execution-labels-w73/src/components/settings/ExportDataSettings.tsx
/Users/piotrwisniewski/Developer/codex-wt/d-k6-execution-labels-w73/src/components/settings/FeatureFlagsDevToolsToggleButton.tsx
/Users/piotrwisniewski/Developer/codex-wt/d-k6-execution-labels-w73/src/components/settings/IntegrationAnalyticsSettings.tsx
/Users/piotrwisniewski/Developer/codex-wt/d-k6-execution-labels-w73/src/components/settings/IntegrationHealthSettings.tsx
/Users/piotrwisniewski/Developer/codex-wt/d-k6-execution-labels-w73/src/components/shared/EasySyncSetupShellPanel.tsx
/Users/piotrwisniewski/Developer/codex-wt/d-k6-execution-labels-w73/src/components/settings/IntegrationSettings.tsx
/Users/piotrwisniewski/Developer/codex-wt/d-k6-execution-labels-w73/src/components/settings/LegalSettings.tsx
/Users/piotrwisniewski/Developer/codex-wt/d-k6-execution-labels-w73/src/components/settings/LoginHistorySettings.tsx
/Users/piotrwisniewski/Developer/codex-wt/d-k6-execution-labels-w73/src/components/settings/NotificationDigestSettings.tsx
/Users/piotrwisniewski/Developer/codex-wt/d-k6-execution-labels-w73/src/components/settings/NotificationRulesBuilder.tsx
/Users/piotrwisniewski/Developer/codex-wt/d-k6-execution-labels-w73/src/components/settings/NotificationScheduleSettings.tsx
/Users/piotrwisniewski/Developer/codex-wt/d-k6-execution-labels-w73/src/components/settings/OrganizationContextOverview.tsx
/Users/piotrwisniewski/Developer/codex-wt/d-k6-execution-labels-w73/src/components/settings/OrganizationProfileForm.tsx
/Users/piotrwisniewski/Developer/codex-wt/d-k6-execution-labels-w73/src/components/settings/OrganizationSettings.tsx
/Users/piotrwisniewski/Developer/codex-wt/d-k6-execution-labels-w73/src/components/settings/PerformanceSettings.tsx
/Users/piotrwisniewski/Developer/codex-wt/d-k6-execution-labels-w73/src/components/settings/PermissionRequestSection.tsx
/Users/piotrwisniewski/Developer/codex-wt/d-k6-execution-labels-w73/src/components/settings/PrivacyDataSettings.tsx
/Users/piotrwisniewski/Developer/codex-wt/d-k6-execution-labels-w73/src/components/settings/ProfessionalProfileSection.tsx
/Users/piotrwisniewski/Developer/codex-wt/d-k6-execution-labels-w73/src/components/settings/ProfileBioSettings.tsx
/Users/piotrwisniewski/Developer/codex-wt/d-k6-execution-labels-w73/src/components/settings/ProfileCompleteness.tsx
/Users/piotrwisniewski/Developer/codex-wt/d-k6-execution-labels-w73/src/components/settings/ProfileCompletenessIndicator.tsx
/Users/piotrwisniewski/Developer/codex-wt/d-k6-execution-labels-w73/src/components/settings/ProfileSocialSettings.tsx
/Users/piotrwisniewski/Developer/codex-wt/d-k6-execution-labels-w73/src/components/settings/ProfileStatusSettings.tsx
/Users/piotrwisniewski/Developer/codex-wt/d-k6-execution-labels-w73/src/components/settings/ProfileSurveyNudge.tsx
/Users/piotrwisniewski/Developer/codex-wt/d-k6-execution-labels-w73/src/components/settings/ProfileVisibilitySettings.tsx
/Users/piotrwisniewski/Developer/codex-wt/d-k6-execution-labels-w73/src/components/settings/ProfileWorkHoursSettings.tsx
/Users/piotrwisniewski/Developer/codex-wt/d-k6-execution-labels-w73/src/components/settings/PushNotificationsSettings.tsx
/Users/piotrwisniewski/Developer/codex-wt/d-k6-execution-labels-w73/src/components/ui/avatar.tsx
/Users/piotrwisniewski/Developer/codex-wt/d-k6-execution-labels-w73/src/components/ui/dropdown-menu.tsx
/Users/piotrwisniewski/Developer/codex-wt/d-k6-execution-labels-w73/src/components/settings/QuickProfileCard.tsx
/Users/piotrwisniewski/Developer/codex-wt/d-k6-execution-labels-w73/src/components/settings/QuietHoursSettings.tsx
/Users/piotrwisniewski/Developer/codex-wt/d-k6-execution-labels-w73/src/components/settings/RecoveryOptionsSettings.tsx
/Users/piotrwisniewski/Developer/codex-wt/d-k6-execution-labels-w73/src/components/settings/ResponseStyleSettings.tsx
/Users/piotrwisniewski/Developer/codex-wt/d-k6-execution-labels-w73/src/components/settings/SecurityDashboard.tsx
/Users/piotrwisniewski/Developer/codex-wt/d-k6-execution-labels-w73/src/components/settings/SecurityEventsSettings.tsx
/Users/piotrwisniewski/Developer/codex-wt/d-k6-execution-labels-w73/src/components/settings/SessionsActivitySettings.tsx
/Users/piotrwisniewski/Developer/codex-wt/d-k6-execution-labels-w73/src/components/settings/SocialLinksSection.tsx
/Users/piotrwisniewski/Developer/codex-wt/d-k6-execution-labels-w73/src/components/settings/SoundNotificationsSettings.tsx
/Users/piotrwisniewski/Developer/codex-wt/d-k6-execution-labels-w73/src/components/settings/TrustedDevicesSettings.tsx
/Users/piotrwisniewski/Developer/codex-wt/d-k6-execution-labels-w73/src/components/settings/VoiceSettingsPanel.tsx
/Users/piotrwisniewski/Developer/codex-wt/d-k6-execution-labels-w73/src/components/settings/security/AdvancedSecuritySettings.tsx
/Users/piotrwisniewski/Developer/codex-wt/d-k6-execution-labels-w73/src/components/settings/security/DataControlsExtended.tsx
/Users/piotrwisniewski/Developer/codex-wt/d-k6-execution-labels-w73/src/components/settings/security/PrivacyVisibilitySettings.tsx
/Users/piotrwisniewski/Developer/codex-wt/d-k6-execution-labels-w73/src/components/settings/security/index.ts
/Users/piotrwisniewski/Developer/codex-wt/d-k6-execution-labels-w73/src/components/settings/ai/AIBehaviorSettings.tsx
/Users/piotrwisniewski/Developer/codex-wt/d-k6-execution-labels-w73/src/components/settings/ai/AIContextSettings.tsx
/Users/piotrwisniewski/Developer/codex-wt/d-k6-execution-labels-w73/src/components/settings/ai/AIModelSelectionSettings.tsx
/Users/piotrwisniewski/Developer/codex-wt/d-k6-execution-labels-w73/src/components/settings/ai/index.ts
/Users/piotrwisniewski/Developer/codex-wt/d-k6-execution-labels-w73/src/components/settings/notifications/NotificationChannelsSettings.tsx
/Users/piotrwisniewski/Developer/codex-wt/d-k6-execution-labels-w73/src/components/settings/notifications/NotificationRulesBuilder.tsx
/Users/piotrwisniewski/Developer/codex-wt/d-k6-execution-labels-w73/src/components/settings/notifications/index.ts
/Users/piotrwisniewski/Developer/codex-wt/d-k6-execution-labels-w73/src/components/settings/appearance/KeyboardShortcutsSettings.tsx
/Users/piotrwisniewski/Developer/codex-wt/d-k6-execution-labels-w73/src/components/settings/appearance/LayoutPreferencesSettings.tsx
/Users/piotrwisniewski/Developer/codex-wt/d-k6-execution-labels-w73/src/components/settings/appearance/VisualCustomizationSettings.tsx
/Users/piotrwisniewski/Developer/codex-wt/d-k6-execution-labels-w73/src/components/settings/appearance/index.ts
/Users/piotrwisniewski/Developer/codex-wt/d-k6-execution-labels-w73/src/components/settings/integrations/IntegrationHealthDashboard.tsx
/Users/piotrwisniewski/Developer/codex-wt/d-k6-execution-labels-w73/src/components/settings/integrations/IntegrationsMarketplace.tsx
/Users/piotrwisniewski/Developer/codex-wt/d-k6-execution-labels-w73/src/components/settings/integrations/index.ts
/Users/piotrwisniewski/Developer/codex-wt/d-k6-execution-labels-w73/src/components/settings/modules/BillingSubscriptionModule.tsx
/Users/piotrwisniewski/Developer/codex-wt/d-k6-execution-labels-w73/src/components/settings/modules/GeneralPreferencesSettings.tsx
/Users/piotrwisniewski/Developer/codex-wt/d-k6-execution-labels-w73/src/components/settings/modules/PersonalAnalyticsModule.tsx
/Users/piotrwisniewski/Developer/codex-wt/d-k6-execution-labels-w73/src/components/settings/modules/PersonalAutomationSettings.tsx
/Users/piotrwisniewski/Developer/codex-wt/d-k6-execution-labels-w73/src/components/settings/modules/QuickActionsSettings.tsx
/Users/piotrwisniewski/Developer/codex-wt/d-k6-execution-labels-w73/src/components/settings/modules/index.ts
/Users/piotrwisniewski/Developer/codex-wt/d-k6-execution-labels-w73/src/components/settings/advanced/KeyboardShortcutsEditor.tsx
/Users/piotrwisniewski/Developer/codex-wt/d-k6-execution-labels-w73/src/components/settings/advanced/SettingsSearch.tsx
/Users/piotrwisniewski/Developer/codex-wt/d-k6-execution-labels-w73/src/components/settings/advanced/index.ts
/Users/piotrwisniewski/Developer/codex-wt/d-k6-execution-labels-w73/src/components/settings/index.ts
/Users/piotrwisniewski/Developer/codex-wt/d-k6-execution-labels-w73/src/components/settings/UserIntegrations/IntegrationCard.tsx
/Users/piotrwisniewski/Developer/codex-wt/d-k6-execution-labels-w73/src/components/settings/UserIntegrations/index.tsx
/Users/piotrwisniewski/Developer/codex-wt/d-k6-execution-labels-w73/src/components/settings/__tests__/APIAccessSettings.smoke.test.tsx
/Users/piotrwisniewski/Developer/codex-wt/d-k6-execution-labels-w73/src/components/settings/__tests__/DashboardPreferencesSettings.suwakiWidocznosc.test.tsx
/Users/piotrwisniewski/Developer/codex-wt/d-k6-execution-labels-w73/src/components/settings/__tests__/DataControlsSettings.smoke.test.tsx
/Users/piotrwisniewski/Developer/codex-wt/d-k6-execution-labels-w73/src/components/settings/__tests__/NotificationSettings.integrationsCall.test.tsx
/Users/piotrwisniewski/Developer/codex-wt/d-k6-execution-labels-w73/src/components/settings/__tests__/ProfileSettings.smoke.test.tsx
/Users/piotrwisniewski/Developer/codex-wt/d-k6-execution-labels-w73/src/components/settings/__tests__/RecoveryOptionsSettings.smoke.test.tsx
/Users/piotrwisniewski/Developer/codex-wt/d-k6-execution-labels-w73/src/components/settings/__tests__/SettingsHelpShortcut.ownerFeedback.test.ts
/Users/piotrwisniewski/Developer/codex-wt/d-k6-execution-labels-w73/src/components/settings/__tests__/SettingsSidebar.pilotSectionFilter.test.tsx
/Users/piotrwisniewski/Developer/codex-wt/d-k6-execution-labels-w73/src/components/settings/__tests__/jezykUstawien.source.test.ts
/Users/piotrwisniewski/Developer/codex-wt/d-k6-execution-labels-w73/src/components/settings/ai/AIInboxAutomationSettings.tsx
/Users/piotrwisniewski/Developer/codex-wt/d-k6-execution-labels-w73/src/components/settings/security/WebAuthnSettings.tsx
/Users/piotrwisniewski/Developer/codex-wt/d-k6-execution-labels-w73/src/components/settings/shared/__tests__/DomainScreenHeader.test.tsx
/Users/piotrwisniewski/Developer/codex-wt/d-k6-execution-labels-w73/src/components/shared/AICardDraftModal.tsx
/Users/piotrwisniewski/Developer/codex-wt/d-k6-execution-labels-w73/src/components/shared/AIConfigCore.tsx
/Users/piotrwisniewski/Developer/codex-wt/d-k6-execution-labels-w73/src/components/shared/AppIcon.tsx
/Users/piotrwisniewski/Developer/codex-wt/d-k6-execution-labels-w73/src/components/shared/MicroVideoPrompt.tsx
/Users/piotrwisniewski/Developer/codex-wt/d-k6-execution-labels-w73/src/components/shared/MobileV8ScopePanel.tsx
/Users/piotrwisniewski/Developer/codex-wt/d-k6-execution-labels-w73/src/components/shared/StatusChangeToast.tsx
/Users/piotrwisniewski/Developer/codex-wt/d-k6-execution-labels-w73/src/components/shared/StatusPill.tsx
/Users/piotrwisniewski/Developer/codex-wt/d-k6-execution-labels-w73/src/components/shared/TablePresentationToggle.tsx
/Users/piotrwisniewski/Developer/codex-wt/d-k6-execution-labels-w73/src/components/shared/iconMap.ts
/Users/piotrwisniewski/Developer/codex-wt/d-k6-execution-labels-w73/src/components/shared/ArtifactStudio/__tests__/ArtifactCommandRegistry.test.ts
/Users/piotrwisniewski/Developer/codex-wt/d-k6-execution-labels-w73/src/components/shared/ArtifactStudio/__tests__/ArtifactContextCommandSurface.test.tsx
/Users/piotrwisniewski/Developer/codex-wt/d-k6-execution-labels-w73/src/components/shared/ArtifactStudio/__tests__/ArtifactMenu3.test.tsx
/Users/piotrwisniewski/Developer/codex-wt/d-k6-execution-labels-w73/src/components/shared/Banner/__tests__/Banner.test.tsx
/Users/piotrwisniewski/Developer/codex-wt/d-k6-execution-labels-w73/src/components/shared/DynamicTabBar/DynamicTabBarOverflow.tsx
/Users/piotrwisniewski/Developer/codex-wt/d-k6-execution-labels-w73/src/components/shared/DynamicTabBar/DynamicTabBar.tsx
/Users/piotrwisniewski/Developer/codex-wt/d-k6-execution-labels-w73/src/components/shared/DynamicTabBar/index.ts
/Users/piotrwisniewski/Developer/codex-wt/d-k6-execution-labels-w73/src/components/shared/ExecutiveModuleShell/__tests__/ExecutiveModuleShell.elementRail.test.tsx
/Users/piotrwisniewski/Developer/codex-wt/d-k6-execution-labels-w73/src/components/shared/ExecutiveModuleShell/__tests__/ExecutiveModuleShell.test.tsx
/Users/piotrwisniewski/Developer/codex-wt/d-k6-execution-labels-w73/src/components/shared/ExecutiveModuleShell/__tests__/RailResizeHandle.test.tsx
/Users/piotrwisniewski/Developer/codex-wt/d-k6-execution-labels-w73/src/components/shared/ExecutiveModuleShell/__tests__/RightRail.test.tsx
/Users/piotrwisniewski/Developer/codex-wt/d-k6-execution-labels-w73/src/components/shared/ExecutiveModuleShell/__tests__/ShortcutHelpModal.test.tsx
/Users/piotrwisniewski/Developer/codex-wt/d-k6-execution-labels-w73/src/components/shared/ExecutiveModuleShell/__tests__/shortcuts.test.ts
/Users/piotrwisniewski/Developer/codex-wt/d-k6-execution-labels-w73/src/components/shared/ExecutiveModuleShell/__tests__/useRailState.test.ts
/Users/piotrwisniewski/Developer/codex-wt/d-k6-execution-labels-w73/src/components/shared/Menu3/index.ts
/Users/piotrwisniewski/Developer/codex-wt/d-k6-execution-labels-w73/src/components/shared/ModuleHub/__tests__/DynamicTabs.a11y.test.tsx
/Users/piotrwisniewski/Developer/codex-wt/d-k6-execution-labels-w73/src/components/shared/ModuleHub/__tests__/FilterableTable.cellWordBreak.test.tsx
/Users/piotrwisniewski/Developer/codex-wt/d-k6-execution-labels-w73/src/components/shared/ModuleHub/__tests__/FilterableTable.columnWidth.test.tsx
/Users/piotrwisniewski/Developer/codex-wt/d-k6-execution-labels-w73/src/components/shared/ModuleHub/__tests__/FilterableTable.filterA11y.test.tsx
/Users/piotrwisniewski/Developer/codex-wt/d-k6-execution-labels-w73/src/components/shared/ModuleHub/__tests__/FilterableTable.overflowTooltipGuard.test.tsx
/Users/piotrwisniewski/Developer/codex-wt/d-k6-execution-labels-w73/src/components/shared/ModuleHub/__tests__/FilterableTable.pinnedAndGroups.test.tsx
/Users/piotrwisniewski/Developer/codex-wt/d-k6-execution-labels-w73/src/components/shared/ModuleHub/__tests__/FilterableTable.scrollToColumn.test.ts
/Users/piotrwisniewski/Developer/codex-wt/d-k6-execution-labels-w73/src/components/shared/ModuleHub/__tests__/Menu3Row.test.tsx
/Users/piotrwisniewski/Developer/codex-wt/d-k6-execution-labels-w73/src/components/shared/ModuleHub/__tests__/TableSettingsPopover.test.tsx
/Users/piotrwisniewski/Developer/codex-wt/d-k6-execution-labels-w73/src/components/shared/ModuleHub/__tests__/columnWidthCanon.test.ts
/Users/piotrwisniewski/Developer/codex-wt/d-k6-execution-labels-w73/src/components/shared/ModuleHub/__tests__/focusRingCanon.test.tsx
/Users/piotrwisniewski/Developer/codex-wt/d-k6-execution-labels-w73/src/components/shared/NModeBlocks/ArtifactLinkIndicator.tsx
/Users/piotrwisniewski/Developer/codex-wt/d-k6-execution-labels-w73/src/components/shared/NModeBlocks/ArtifactPreviewCard.tsx
/Users/piotrwisniewski/Developer/codex-wt/d-k6-execution-labels-w73/src/components/shared/NModeBlocks/__tests__/EmptyStateInline.test.tsx
/Users/piotrwisniewski/Developer/codex-wt/d-k6-execution-labels-w73/src/components/shared/NModeCompleteness/types.ts
/Users/piotrwisniewski/Developer/codex-wt/d-k6-execution-labels-w73/src/components/shared/NModeCompleteness/AIFillDialog.tsx
/Users/piotrwisniewski/Developer/codex-wt/d-k6-execution-labels-w73/src/components/ui/popover.tsx
/Users/piotrwisniewski/Developer/codex-wt/d-k6-execution-labels-w73/src/components/shared/NModeCompleteness/MissingItemsList.tsx
/Users/piotrwisniewski/Developer/codex-wt/d-k6-execution-labels-w73/src/components/shared/NModeCompleteness/CompletenessPill.tsx
/Users/piotrwisniewski/Developer/codex-wt/d-k6-execution-labels-w73/src/components/shared/NModeCompleteness/completenessConfigs.ts
/Users/piotrwisniewski/Developer/codex-wt/d-k6-execution-labels-w73/src/components/shared/NModeCompleteness/useCompleteness.ts
/Users/piotrwisniewski/Developer/codex-wt/d-k6-execution-labels-w73/src/components/shared/NModeCompleteness/index.ts
/Users/piotrwisniewski/Developer/codex-wt/d-k6-execution-labels-w73/src/components/shared/NModeLayout/__tests__/NModeHeader.a11y.test.tsx
/Users/piotrwisniewski/Developer/codex-wt/d-k6-execution-labels-w73/src/components/shared/NModeLayout/__tests__/NModeHeader.hideSaveState.test.tsx
/Users/piotrwisniewski/Developer/codex-wt/d-k6-execution-labels-w73/src/components/shared/NModeLayout/__tests__/NModeHeader.ownerActions.test.tsx
/Users/piotrwisniewski/Developer/codex-wt/d-k6-execution-labels-w73/src/components/shared/NModeSections/__tests__/ActivityLogCanvas.compactList.test.tsx
/Users/piotrwisniewski/Developer/codex-wt/d-k6-execution-labels-w73/src/components/shared/NModeSections/__tests__/RaidCanvas.deleteConfirm.test.tsx
/Users/piotrwisniewski/Developer/codex-wt/d-k6-execution-labels-w73/src/components/shared/Onboarding/OnboardingBanner.tsx
/Users/piotrwisniewski/Developer/codex-wt/d-k6-execution-labels-w73/src/components/shared/Onboarding/index.ts
/Users/piotrwisniewski/Developer/codex-wt/d-k6-execution-labels-w73/src/components/shared/PreviewPane/previewContract.ts
/Users/piotrwisniewski/Developer/codex-wt/d-k6-execution-labels-w73/src/components/shared/PreviewPane/__tests__/PreviewDetailsSection.lamanieLinii.test.tsx
/Users/piotrwisniewski/Developer/codex-wt/d-k6-execution-labels-w73/src/components/shared/PreviewPane/__tests__/PreviewRelations.businessLabels.test.tsx
/Users/piotrwisniewski/Developer/codex-wt/d-k6-execution-labels-w73/src/components/shared/PreviewPane/__tests__/businessDisplayLabel.test.ts
/Users/piotrwisniewski/Developer/codex-wt/d-k6-execution-labels-w73/src/components/shared/PreviewPane/__tests__/jedenPanel.contract.test.tsx
/Users/piotrwisniewski/Developer/codex-wt/d-k6-execution-labels-w73/src/components/shared/PreviewPane/__tests__/jedenPanel.i18n.test.ts
/Users/piotrwisniewski/Developer/codex-wt/d-k6-execution-labels-w73/src/components/shared/PreviewPane/__tests__/previewPustkaKanon.test.tsx
/Users/piotrwisniewski/Developer/codex-wt/d-k6-execution-labels-w73/src/components/shared/PreviewPane/__tests__/useJedenPanel.test.tsx
/Users/piotrwisniewski/Developer/codex-wt/d-k6-execution-labels-w73/src/components/shared/PreviewPane/editors/DatePillEditor.tsx
/Users/piotrwisniewski/Developer/codex-wt/d-k6-execution-labels-w73/src/components/shared/PreviewPane/editors/OwnerPillEditor.tsx
/Users/piotrwisniewski/Developer/codex-wt/d-k6-execution-labels-w73/src/components/shared/PreviewPane/editors/PriorityPillEditor.tsx
/Users/piotrwisniewski/Developer/codex-wt/d-k6-execution-labels-w73/src/components/shared/PreviewPane/editors/StatusPillEditor.tsx
/Users/piotrwisniewski/Developer/codex-wt/d-k6-execution-labels-w73/src/components/shared/PreviewPane/editors/index.ts
/Users/piotrwisniewski/Developer/codex-wt/d-k6-execution-labels-w73/src/components/shared/WizardModal/__tests__/WizardModal.creatorGeometry.test.tsx
/Users/piotrwisniewski/Developer/codex-wt/d-k6-execution-labels-w73/src/components/shared/__tests__/CanvasContextMenu.keyboard.test.tsx
/Users/piotrwisniewski/Developer/codex-wt/d-k6-execution-labels-w73/src/components/shared/__tests__/ModuleMenu3.selectionSemantics.test.tsx
/Users/piotrwisniewski/Developer/codex-wt/d-k6-execution-labels-w73/src/components/shared/__tests__/RequiredProjectPicker.archivedFilter.test.tsx
/Users/piotrwisniewski/Developer/codex-wt/d-k6-execution-labels-w73/src/components/shared/__tests__/RequiredProjectPicker.autoSelectFirst.test.tsx
/Users/piotrwisniewski/Developer/codex-wt/d-k6-execution-labels-w73/src/components/shared/__tests__/UnifiedCreateLauncher.d01Wiring.test.ts
/Users/piotrwisniewski/Developer/codex-wt/d-k6-execution-labels-w73/src/components/shared/__tests__/bulkSelectionCluster.r02b.test.tsx
/Users/piotrwisniewski/Developer/codex-wt/d-k6-execution-labels-w73/src/components/shared/__tests__/filterableTable.r04-2a.test.tsx
/Users/piotrwisniewski/Developer/codex-wt/d-k6-execution-labels-w73/src/components/shared/__tests__/previewFooterCeiling.20260905.test.tsx
/Users/piotrwisniewski/Developer/codex-wt/d-k6-execution-labels-w73/src/components/shared/__tests__/resizableTableDeprecation.r04-3a.test.ts
/Users/piotrwisniewski/Developer/codex-wt/d-k6-execution-labels-w73/src/components/shared/__tests__/rowActionsMenu.r01.test.tsx
/Users/piotrwisniewski/Developer/codex-wt/d-k6-execution-labels-w73/src/contracts/tableSurface/fixtures.ts
/Users/piotrwisniewski/Developer/codex-wt/d-k6-execution-labels-w73/src/components/shared/__tests__/standardPreview.r03.test.tsx
/Users/piotrwisniewski/Developer/codex-wt/d-k6-execution-labels-w73/src/components/shared/__tests__/standardTable.r04-2b.test.tsx
/Users/piotrwisniewski/Developer/codex-wt/d-k6-execution-labels-w73/src/components/shared/__tests__/tableMechanics.r04-1.test.tsx
/Users/piotrwisniewski/Developer/codex-wt/d-k6-execution-labels-w73/src/components/shared/__tests__/tablePreviewGeometry.r03-2.test.tsx
/Users/piotrwisniewski/Developer/codex-wt/d-k6-execution-labels-w73/src/components/shared/states/__tests__/ErrorState.test.tsx
/Users/piotrwisniewski/Developer/codex-wt/d-k6-execution-labels-w73/src/components/shared/workspace/types.ts
/Users/piotrwisniewski/Developer/codex-wt/d-k6-execution-labels-w73/src/components/shared/workspace/useWorkspaceAiProposals.ts
/Users/piotrwisniewski/Developer/codex-wt/d-k6-execution-labels-w73/src/components/shared/workspace/useWorkspacePanels.ts
/Users/piotrwisniewski/Developer/codex-wt/d-k6-execution-labels-w73/src/components/shared/workspace/useWorkspaceSelection.ts
/Users/piotrwisniewski/Developer/codex-wt/d-k6-execution-labels-w73/src/components/shared/workspace/index.ts
/Users/piotrwisniewski/Developer/codex-wt/d-k6-execution-labels-w73/src/components/standard/__tests__/ArtifactRightPanel.teresaEntry.test.tsx
/Users/piotrwisniewski/Developer/codex-wt/d-k6-execution-labels-w73/src/components/standard/__tests__/DocumentCardMenu5.locale.test.tsx
/Users/piotrwisniewski/Developer/codex-wt/d-k6-execution-labels-w73/src/components/standard/__tests__/DocumentCardNFrame.contract.test.tsx
/Users/piotrwisniewski/Developer/codex-wt/d-k6-execution-labels-w73/src/components/standard/__tests__/IdeaRightPanel.menu1Sections.test.tsx
/Users/piotrwisniewski/Developer/codex-wt/d-k6-execution-labels-w73/src/components/standard/__tests__/PracujZAI.test.tsx
/Users/piotrwisniewski/Developer/codex-wt/d-k6-execution-labels-w73/src/components/standard/__tests__/actionCard.pola.test.tsx
/Users/piotrwisniewski/Developer/codex-wt/d-k6-execution-labels-w73/src/components/standard/__tests__/actionCard.reopen.test.tsx
/Users/piotrwisniewski/Developer/codex-wt/d-k6-execution-labels-w73/src/components/standard/__tests__/keyboardAccessCanon.test.tsx
/Users/piotrwisniewski/Developer/codex-wt/d-k6-execution-labels-w73/src/components/standard/__tests__/p13a.contract-and-ai-mutations.test.tsx
/Users/piotrwisniewski/Developer/codex-wt/d-k6-execution-labels-w73/src/components/standard/__tests__/registry.kompletnosc.test.ts
/Users/piotrwisniewski/Developer/codex-wt/d-k6-execution-labels-w73/src/components/standard/__tests__/registry.p14b.test.ts
/Users/piotrwisniewski/Developer/codex-wt/d-k6-execution-labels-w73/src/components/ui/LoadingSkeleton.tsx
/Users/piotrwisniewski/Developer/codex-wt/d-k6-execution-labels-w73/src/components/ui/radio-group.tsx
/Users/piotrwisniewski/Developer/codex-wt/d-k6-execution-labels-w73/src/components/ui/slider.tsx
/Users/piotrwisniewski/Developer/codex-wt/d-k6-execution-labels-w73/src/components/ui/toast.tsx
/Users/piotrwisniewski/Developer/codex-wt/d-k6-execution-labels-w73/src/components/ui/toaster.tsx
/Users/piotrwisniewski/Developer/codex-wt/d-k6-execution-labels-w73/src/components/ui/ResizableTable/__tests__/PreviewPaneShell.embedded.test.tsx
/Users/piotrwisniewski/Developer/codex-wt/d-k6-execution-labels-w73/src/components/ui/__tests__/dialog.a11y.test.tsx
/Users/piotrwisniewski/Developer/codex-wt/d-k6-execution-labels-w73/src/components/ui/composed/DataTable.tsx
/Users/piotrwisniewski/Developer/codex-wt/d-k6-execution-labels-w73/src/components/ui/primitives/__tests__/Select.primitive.test.tsx
/Users/piotrwisniewski/Developer/codex-wt/d-k6-execution-labels-w73/src/components/ui/primitives/__tests__/Switch.primitive.test.tsx
/Users/piotrwisniewski/Developer/codex-wt/d-k6-execution-labels-w73/src/components/ui/primitives/__tests__/useDialogA11y.test.tsx
/Users/piotrwisniewski/Developer/codex-wt/d-k6-execution-labels-w73/src/components/ui/primitives/chips/__tests__/chips.test.tsx
/Users/piotrwisniewski/Developer/codex-wt/d-k6-execution-labels-w73/src/components/workspaces/AIInsightFeed.tsx
/Users/piotrwisniewski/Developer/codex-wt/d-k6-execution-labels-w73/src/components/workspaces/ROIPaybackChart.tsx
/Users/piotrwisniewski/Developer/codex-wt/d-k6-execution-labels-w73/src/components/workspaces/FullROIWorkspace.tsx
/Users/piotrwisniewski/Developer/codex-wt/d-k6-execution-labels-w73/src/components/workspaces/FullStep1Workspace.tsx
/Users/piotrwisniewski/Developer/codex-wt/d-k6-execution-labels-w73/src/components/workspaces/FullStep2Workspace.tsx
/Users/piotrwisniewski/Developer/codex-wt/d-k6-execution-labels-w73/src/components/workspaces/PilotDecisionWorkspace.tsx
/Users/piotrwisniewski/Developer/codex-wt/d-k6-execution-labels-w73/src/components/workspaces/FullStep3Workspace.tsx
/Users/piotrwisniewski/Developer/codex-wt/d-k6-execution-labels-w73/src/components/workspaces/FullStep4Workspace.tsx
/Users/piotrwisniewski/Developer/codex-wt/d-k6-execution-labels-w73/src/components/workspaces/FullStep5Workspace.tsx
/Users/piotrwisniewski/Developer/codex-wt/d-k6-execution-labels-w73/src/components/workspaces/FullStep6Workspace.tsx
/Users/piotrwisniewski/Developer/codex-wt/d-k6-execution-labels-w73/src/components/workspaces/Step1Workspace.tsx
/Users/piotrwisniewski/Developer/codex-wt/d-k6-execution-labels-w73/src/components/workspaces/Step2Workspace.tsx
/Users/piotrwisniewski/Developer/codex-wt/d-k6-execution-labels-w73/src/components/workspaces/Step3Workspace.tsx
/Users/piotrwisniewski/Developer/codex-wt/d-k6-execution-labels-w73/src/config/activationMilestones.ts
/Users/piotrwisniewski/Developer/codex-wt/d-k6-execution-labels-w73/src/config/sentry.ts
/Users/piotrwisniewski/Developer/codex-wt/d-k6-execution-labels-w73/src/config/__tests__/odbior--o8c--consultingGlossary.test.ts
/Users/piotrwisniewski/Developer/codex-wt/d-k6-execution-labels-w73/src/config/__tests__/odbior--o8c--productHelpDigest.test.ts
/Users/piotrwisniewski/Developer/codex-wt/d-k6-execution-labels-w73/src/config/agentManifests/classicFivePhaseSchema.ts
/Users/piotrwisniewski/Developer/codex-wt/d-k6-execution-labels-w73/src/config/agentManifests/types.ts
/Users/piotrwisniewski/Developer/codex-wt/d-k6-execution-labels-w73/src/config/agentManifests/discoveryToolManifestMapper.ts
/Users/piotrwisniewski/Developer/codex-wt/d-k6-execution-labels-w73/src/config/agentManifests/discoveryToolsRegistry.ts
/Users/piotrwisniewski/Developer/codex-wt/d-k6-execution-labels-w73/src/config/ambitiondecomposer/index.ts
/Users/piotrwisniewski/Developer/codex-wt/d-k6-execution-labels-w73/src/config/capabilitymapper/capabilityInsightStaircase.ts
/Users/piotrwisniewski/Developer/codex-wt/d-k6-execution-labels-w73/src/config/capabilitymapper/capabilityMatrixEngine.ts
/Users/piotrwisniewski/Developer/codex-wt/d-k6-execution-labels-w73/src/config/capabilitymapper/index.ts
/Users/piotrwisniewski/Developer/codex-wt/d-k6-execution-labels-w73/src/config/portfolio/portfolioOrgImport.ts
/Users/piotrwisniewski/Developer/codex-wt/d-k6-execution-labels-w73/src/config/portfolio/index.ts
/Users/piotrwisniewski/Developer/codex-wt/d-k6-execution-labels-w73/src/config/swot/conclusionPrompts.ts
/Users/piotrwisniewski/Developer/codex-wt/d-k6-execution-labels-w73/src/contexts/__tests__/TeresaVoiceContext.auth.test.tsx
/Users/piotrwisniewski/Developer/codex-wt/d-k6-execution-labels-w73/src/contexts/__tests__/TeresaVoiceContext.telemetry.test.tsx
/Users/piotrwisniewski/Developer/codex-wt/d-k6-execution-labels-w73/src/contracts/initiatives-execution/gateReadiness.ts
/Users/piotrwisniewski/Developer/codex-wt/d-k6-execution-labels-w73/src/contracts/initiatives-execution/legacyCompatibility.ts
/Users/piotrwisniewski/Developer/codex-wt/d-k6-execution-labels-w73/src/contracts/initiatives-execution/runtimeCardAdapter.ts
/Users/piotrwisniewski/Developer/codex-wt/d-k6-execution-labels-w73/src/contracts/tableSurface/legacyBaseline.ts
/Users/piotrwisniewski/Developer/codex-wt/d-k6-execution-labels-w73/src/contracts/tableSurface/index.ts
/Users/piotrwisniewski/Developer/codex-wt/d-k6-execution-labels-w73/src/contracts/tableSurface/__tests__/fixtures.test.ts
/Users/piotrwisniewski/Developer/codex-wt/d-k6-execution-labels-w73/src/contracts/tableSurface/__tests__/legacyBaseline.test.ts
/Users/piotrwisniewski/Developer/codex-wt/d-k6-execution-labels-w73/src/contracts/tableSurface/__tests__/menuContract.test.ts
/Users/piotrwisniewski/Developer/codex-wt/d-k6-execution-labels-w73/src/contracts/tableSurface/__tests__/previewSchema.contract.test.ts
/Users/piotrwisniewski/Developer/codex-wt/d-k6-execution-labels-w73/src/contracts/tableSurface/__tests__/rowActionModel.contract.test.ts
/Users/piotrwisniewski/Developer/codex-wt/d-k6-execution-labels-w73/src/contracts/tableSurface/__tests__/surfaceRegister.test.ts
/Users/piotrwisniewski/Developer/codex-wt/d-k6-execution-labels-w73/src/contracts/tableSurface/__tests__/tableGeometry.r04-0.test.ts
/Users/piotrwisniewski/Developer/codex-wt/d-k6-execution-labels-w73/src/data/adkarQuestionnaire.ts
/Users/piotrwisniewski/Developer/codex-wt/d-k6-execution-labels-w73/src/data/rapidLeanObservationTemplates.ts
/Users/piotrwisniewski/Developer/codex-wt/d-k6-execution-labels-w73/src/data/rapidLeanQuestionnaire.ts
/Users/piotrwisniewski/Developer/codex-wt/d-k6-execution-labels-w73/src/domain/__tests__/toolStatus.test.ts
/Users/piotrwisniewski/Developer/codex-wt/d-k6-execution-labels-w73/src/hooks/useAISettings.ts
/Users/piotrwisniewski/Developer/codex-wt/d-k6-execution-labels-w73/src/hooks/useAssessmentAI.ts
/Users/piotrwisniewski/Developer/codex-wt/d-k6-execution-labels-w73/src/hooks/useAssessmentCollaboration.tsx
/Users/piotrwisniewski/Developer/codex-wt/d-k6-execution-labels-w73/src/hooks/useAssessmentWorkflow.ts
/Users/piotrwisniewski/Developer/codex-wt/d-k6-execution-labels-w73/src/hooks/useChatActionCapabilities.ts
/Users/piotrwisniewski/Developer/codex-wt/d-k6-execution-labels-w73/src/hooks/useConvertTo.ts
/Users/piotrwisniewski/Developer/codex-wt/d-k6-execution-labels-w73/src/hooks/useDashboardShortcuts.ts
/Users/piotrwisniewski/Developer/codex-wt/d-k6-execution-labels-w73/src/hooks/useDeviceFingerprint.ts
/Users/piotrwisniewski/Developer/codex-wt/d-k6-execution-labels-w73/src/hooks/useDynamicTabs.ts
/Users/piotrwisniewski/Developer/codex-wt/d-k6-execution-labels-w73/src/hooks/useFocus.ts
/Users/piotrwisniewski/Developer/codex-wt/d-k6-execution-labels-w73/src/hooks/useIndependentAI.ts
/Users/piotrwisniewski/Developer/codex-wt/d-k6-execution-labels-w73/src/hooks/useInitiativeGenerator.ts
/Users/piotrwisniewski/Developer/codex-wt/d-k6-execution-labels-w73/src/hooks/useInitiativeTemplate.ts
/Users/piotrwisniewski/Developer/codex-wt/d-k6-execution-labels-w73/src/hooks/useInsightDetection.ts
/Users/piotrwisniewski/Developer/codex-wt/d-k6-execution-labels-w73/src/hooks/useJourneyTracking.ts
/Users/piotrwisniewski/Developer/codex-wt/d-k6-execution-labels-w73/src/hooks/useKeyboardShortcuts.ts
/Users/piotrwisniewski/Developer/codex-wt/d-k6-execution-labels-w73/src/hooks/useModal.tsx
/Users/piotrwisniewski/Developer/codex-wt/d-k6-execution-labels-w73/src/hooks/useOrgMemory.ts
/Users/piotrwisniewski/Developer/codex-wt/d-k6-execution-labels-w73/src/hooks/usePartnerEcosystem.ts
/Users/piotrwisniewski/Developer/codex-wt/d-k6-execution-labels-w73/src/hooks/usePreviewAIPrefetch.ts
/Users/piotrwisniewski/Developer/codex-wt/d-k6-execution-labels-w73/src/hooks/useProactiveNudges.tsx
/Users/piotrwisniewski/Developer/codex-wt/d-k6-execution-labels-w73/src/hooks/useReportSections.ts
/Users/piotrwisniewski/Developer/codex-wt/d-k6-execution-labels-w73/src/hooks/useScreenContext.ts
/Users/piotrwisniewski/Developer/codex-wt/d-k6-execution-labels-w73/src/hooks/useSettingsForm.ts
/Users/piotrwisniewski/Developer/codex-wt/d-k6-execution-labels-w73/src/hooks/useSpeechToText.ts
/Users/piotrwisniewski/Developer/codex-wt/d-k6-execution-labels-w73/src/hooks/useSwipeGestures.ts
/Users/piotrwisniewski/Developer/codex-wt/d-k6-execution-labels-w73/src/hooks/useTTS.ts
/Users/piotrwisniewski/Developer/codex-wt/d-k6-execution-labels-w73/src/hooks/useTablePlatformApi.ts
/Users/piotrwisniewski/Developer/codex-wt/d-k6-execution-labels-w73/src/hooks/useTextToSpeech.ts
/Users/piotrwisniewski/Developer/codex-wt/d-k6-execution-labels-w73/src/hooks/useTouchGestures.ts
/Users/piotrwisniewski/Developer/codex-wt/d-k6-execution-labels-w73/src/hooks/useTraceability.ts
/Users/piotrwisniewski/Developer/codex-wt/d-k6-execution-labels-w73/src/hooks/useV8MyWorkRoof.ts
/Users/piotrwisniewski/Developer/codex-wt/d-k6-execution-labels-w73/src/hooks/useVoiceChat.ts
/Users/piotrwisniewski/Developer/codex-wt/d-k6-execution-labels-w73/src/hooks/useVoiceConversation.ts
/Users/piotrwisniewski/Developer/codex-wt/d-k6-execution-labels-w73/src/hooks/__tests__/useAssessmentSaveIndicator.test.ts
/Users/piotrwisniewski/Developer/codex-wt/d-k6-execution-labels-w73/src/hooks/__tests__/useDeferredLoading.test.ts
/Users/piotrwisniewski/Developer/codex-wt/d-k6-execution-labels-w73/src/hooks/__tests__/useFinanceBaselineWorkspaceFlag.test.ts
/Users/piotrwisniewski/Developer/codex-wt/d-k6-execution-labels-w73/src/hooks/__tests__/useFinanceCommentsFlag.test.ts
/Users/piotrwisniewski/Developer/codex-wt/d-k6-execution-labels-w73/src/hooks/__tests__/useFinanceCompareFlag.test.ts
/Users/piotrwisniewski/Developer/codex-wt/d-k6-execution-labels-w73/src/hooks/__tests__/useFinanceExportImportFlag.test.ts
/Users/piotrwisniewski/Developer/codex-wt/d-k6-execution-labels-w73/src/hooks/__tests__/useFinanceLineageNavigatorFlag.test.ts
/Users/piotrwisniewski/Developer/codex-wt/d-k6-execution-labels-w73/src/hooks/__tests__/useFinanceSavedViewsFlag.test.ts
/Users/piotrwisniewski/Developer/codex-wt/d-k6-execution-labels-w73/src/hooks/__tests__/useInitiativeNames.test.ts
/Users/piotrwisniewski/Developer/codex-wt/d-k6-execution-labels-w73/src/hooks/__tests__/useInterviewReviewAccess.test.tsx
/Users/piotrwisniewski/Developer/codex-wt/d-k6-execution-labels-w73/src/hooks/__tests__/useOpenChatWithContext.zapytajTerese.test.tsx
/Users/piotrwisniewski/Developer/codex-wt/d-k6-execution-labels-w73/src/hooks/__tests__/useOrganizationMemberNames.access.test.tsx
/Users/piotrwisniewski/Developer/codex-wt/d-k6-execution-labels-w73/src/hooks/__tests__/useOrganizationMemberNames.test.ts
/Users/piotrwisniewski/Developer/codex-wt/d-k6-execution-labels-w73/src/hooks/__tests__/useResultsEntityNames.test.ts
/Users/piotrwisniewski/Developer/codex-wt/d-k6-execution-labels-w73/src/hooks/__tests__/useTeresaVoice.capability-and-bargein.test.tsx
/Users/piotrwisniewski/Developer/codex-wt/d-k6-execution-labels-w73/src/hooks/__tests__/useTeresaVoice.pending-start.test.tsx
/Users/piotrwisniewski/Developer/codex-wt/d-k6-execution-labels-w73/src/hooks/__tests__/useTeresaVoice.test.tsx
/Users/piotrwisniewski/Developer/codex-wt/d-k6-execution-labels-w73/src/hooks/__tests__/useToolSessionSync.test.ts
/Users/piotrwisniewski/Developer/codex-wt/d-k6-execution-labels-w73/src/hooks/__tests__/useUniversalVoice.recognitionLang.test.ts
/Users/piotrwisniewski/Developer/codex-wt/d-k6-execution-labels-w73/src/hooks/discovery/index.ts
/Users/piotrwisniewski/Developer/codex-wt/d-k6-execution-labels-w73/src/labels/__tests__/capacityUnitLabels.test.ts
/Users/piotrwisniewski/Developer/codex-wt/d-k6-execution-labels-w73/src/labels/__tests__/executionTypeLabels.test.ts
/Users/piotrwisniewski/Developer/codex-wt/d-k6-execution-labels-w73/src/labels/__tests__/fileFormatLabels.test.ts
/Users/piotrwisniewski/Developer/codex-wt/d-k6-execution-labels-w73/src/labels/__tests__/financeArtifactTitle.test.ts
/Users/piotrwisniewski/Developer/codex-wt/d-k6-execution-labels-w73/src/labels/__tests__/financeKpiCommentLabels.test.ts
/Users/piotrwisniewski/Developer/codex-wt/d-k6-execution-labels-w73/src/labels/__tests__/financeKpiLabels.test.ts
/Users/piotrwisniewski/Developer/codex-wt/d-k6-execution-labels-w73/server/scripts/data/cdprojekt-2025.json
/Users/piotrwisniewski/Developer/codex-wt/d-k6-execution-labels-w73/src/labels/__tests__/financeLineLabels.test.ts
/Users/piotrwisniewski/Developer/codex-wt/d-k6-execution-labels-w73/src/labels/__tests__/ideaSourceLabels.test.ts
/Users/piotrwisniewski/Developer/codex-wt/d-k6-execution-labels-w73/src/labels/__tests__/interviewCategoryLabels.test.ts
/Users/piotrwisniewski/Developer/codex-wt/d-k6-execution-labels-w73/src/labels/__tests__/organizationFieldLabels.test.ts
/Users/piotrwisniewski/Developer/codex-wt/d-k6-execution-labels-w73/src/labels/__tests__/stateToneMap.test.ts
/Users/piotrwisniewski/Developer/codex-wt/d-k6-execution-labels-w73/src/layouts/__tests__/MainLayout.teresaMenu1.contract.test.tsx
/Users/piotrwisniewski/Developer/codex-wt/d-k6-execution-labels-w73/src/layouts/__tests__/MainLayout.teresaSinglePanel.test.tsx
/Users/piotrwisniewski/Developer/codex-wt/d-k6-execution-labels-w73/src/layouts/__tests__/MainLayoutTeresaClose.contract.test.ts
/Users/piotrwisniewski/Developer/codex-wt/d-k6-execution-labels-w73/src/layouts/__tests__/mainLayoutDokLista.contract.test.ts
/Users/piotrwisniewski/Developer/codex-wt/d-k6-execution-labels-w73/src/lib/recharts-dynamic.ts
/Users/piotrwisniewski/Developer/codex-wt/d-k6-execution-labels-w73/src/lib/recharts-init-guard.ts
/Users/piotrwisniewski/Developer/codex-wt/d-k6-execution-labels-w73/src/lib/recharts-lazy.tsx
/Users/piotrwisniewski/Developer/codex-wt/d-k6-execution-labels-w73/src/lib/recharts-proxy.ts
/Users/piotrwisniewski/Developer/codex-wt/d-k6-execution-labels-w73/src/method-core/__tests__/compilerShapeContract.test.ts
/Users/piotrwisniewski/Developer/codex-wt/d-k6-execution-labels-w73/src/method-core/__tests__/zz-opus-drd-agg-probe.test.ts
/Users/piotrwisniewski/Developer/codex-wt/d-k6-execution-labels-w73/src/method-core/methods/drd/drdSessionRuntime.ts
/Users/piotrwisniewski/Developer/codex-wt/d-k6-execution-labels-w73/src/method-core/methods/drd/__tests__/compileDrdPack.language.test.ts
/Users/piotrwisniewski/Developer/codex-wt/d-k6-execution-labels-w73/src/method-core/methods/drd/__tests__/compileDrdPack.test.ts
/Users/piotrwisniewski/Developer/codex-wt/d-k6-execution-labels-w73/src/method-core/methods/drd/__tests__/drdAdapter.aggregate.test.ts
/Users/piotrwisniewski/Developer/codex-wt/d-k6-execution-labels-w73/src/method-core/methods/drd/__tests__/drdAdapter.progression.test.ts
/Users/piotrwisniewski/Developer/codex-wt/d-k6-execution-labels-w73/src/method-core/methods/drd/__tests__/drdAdapter.scoring.test.ts
/Users/piotrwisniewski/Developer/codex-wt/d-k6-execution-labels-w73/src/method-core/methods/drd/__tests__/drdHttpSessionRuntime.test.ts
/Users/piotrwisniewski/Developer/codex-wt/d-k6-execution-labels-w73/src/method-core/methods/drd/__tests__/drdSessionRuntime.test.ts
/Users/piotrwisniewski/Developer/codex-wt/d-k6-execution-labels-w73/src/method-core/methods/drd/__tests__/zz-opus-aggregate-norm.test.ts
/Users/piotrwisniewski/Developer/codex-wt/d-k6-execution-labels-w73/src/method-core/methods/drd/__tests__/zz-opus-probe.test.ts
/Users/piotrwisniewski/Developer/codex-wt/d-k6-execution-labels-w73/src/services/siriPrioritisation.ts
/Users/piotrwisniewski/Developer/codex-wt/d-k6-execution-labels-w73/src/utils/siriPmV2Flag.ts
/Users/piotrwisniewski/Developer/codex-wt/d-k6-execution-labels-w73/src/method-core/methods/siri/siriAdapter.ts
/Users/piotrwisniewski/Developer/codex-wt/d-k6-execution-labels-w73/src/method-core/methods/siri/siriHttpSessionRuntime.ts
/Users/piotrwisniewski/Developer/codex-wt/d-k6-execution-labels-w73/src/method-core/methods/siri/siriTierView.ts
/Users/piotrwisniewski/Developer/codex-wt/d-k6-execution-labels-w73/src/method-core/methods/siri/siriWorkspaceView.ts
/Users/piotrwisniewski/Developer/codex-wt/d-k6-execution-labels-w73/src/method-core/methods/siri/__tests__/siriAdapterCapability.test.ts
/Users/piotrwisniewski/Developer/codex-wt/d-k6-execution-labels-w73/src/method-core/methods/siri/__tests__/siriHttpSessionRuntime.test.ts
/Users/piotrwisniewski/Developer/codex-wt/d-k6-execution-labels-w73/src/method-core/methods/siri/__tests__/siriMethodPack.test.ts
/Users/piotrwisniewski/Developer/codex-wt/d-k6-execution-labels-w73/src/method-core/methods/siri/__tests__/siriScoringFixtures.test.ts
/Users/piotrwisniewski/Developer/codex-wt/d-k6-execution-labels-w73/src/method-core/methods/siri/__tests__/siriTierView.test.ts
/Users/piotrwisniewski/Developer/codex-wt/d-k6-execution-labels-w73/src/method-core/methods/siri/__tests__/siriWorkspaceView.test.ts
/Users/piotrwisniewski/Developer/codex-wt/d-k6-execution-labels-w73/src/method-core/methods/siri/__tests__/zz-opus-probe.test.ts
/Users/piotrwisniewski/Developer/codex-wt/d-k6-execution-labels-w73/src/method-core/methods/siri/__tests__/zz-opus-v2-probe.test.ts
/Users/piotrwisniewski/Developer/codex-wt/d-k6-execution-labels-w73/src/method-core/outputs/__tests__/assessmentOutput.test.ts
/Users/piotrwisniewski/Developer/codex-wt/d-k6-execution-labels-w73/src/method-core/outputs/__tests__/initiativeDraft.test.ts
/Users/piotrwisniewski/Developer/codex-wt/d-k6-execution-labels-w73/src/method-core/outputs/__tests__/presentation.test.ts
/Users/piotrwisniewski/Developer/codex-wt/d-k6-execution-labels-w73/src/method-core/outputs/__tests__/reportSnapshot.test.ts
/Users/piotrwisniewski/Developer/codex-wt/d-k6-execution-labels-w73/src/method-core/outputs/__tests__/supersession.test.ts
/Users/piotrwisniewski/Developer/codex-wt/d-k6-execution-labels-w73/src/method-core-adapters/audits/auditsKernelAdapter.ts
/Users/piotrwisniewski/Developer/codex-wt/d-k6-execution-labels-w73/src/providers/RouterSyncProvider.tsx
/Users/piotrwisniewski/Developer/codex-wt/d-k6-execution-labels-w73/src/routes/__tests__/DeferredRouteLoadingFallback.test.tsx
/Users/piotrwisniewski/Developer/codex-wt/d-k6-execution-labels-w73/src/routes/__tests__/adminRedirectTargetsResolve.test.ts
/Users/piotrwisniewski/Developer/codex-wt/d-k6-execution-labels-w73/src/routes/__tests__/adminSuperadminRoleGuard.test.ts
/Users/piotrwisniewski/Developer/codex-wt/d-k6-execution-labels-w73/src/routes/__tests__/assessmentOutputArtifactsRoute.test.tsx
/Users/piotrwisniewski/Developer/codex-wt/d-k6-execution-labels-w73/src/routes/__tests__/documentModuleRouteIdentity.test.ts
/Users/piotrwisniewski/Developer/codex-wt/d-k6-execution-labels-w73/src/routes/__tests__/executionCanonicalRoute.test.ts
/Users/piotrwisniewski/Developer/codex-wt/d-k6-execution-labels-w73/src/routes/__tests__/financeCanonicalRoute.test.ts
/Users/piotrwisniewski/Developer/codex-wt/d-k6-execution-labels-w73/src/routes/__tests__/ideaWorkspaceNavigation.test.ts
/Users/piotrwisniewski/Developer/codex-wt/d-k6-execution-labels-w73/src/routes/__tests__/initiativesCanonicalRoute.test.ts
/Users/piotrwisniewski/Developer/codex-wt/d-k6-execution-labels-w73/src/routes/__tests__/interviewAliasRedirect.test.ts
/Users/piotrwisniewski/Developer/codex-wt/d-k6-execution-labels-w73/src/routes/__tests__/materialsRedirect.s114b.test.ts
/Users/piotrwisniewski/Developer/codex-wt/d-k6-execution-labels-w73/src/routes/__tests__/materialsStudioBreadcrumb.test.ts
/Users/piotrwisniewski/Developer/codex-wt/d-k6-execution-labels-w73/src/routes/__tests__/meetingsCanonicalRoute.test.ts
/Users/piotrwisniewski/Developer/codex-wt/d-k6-execution-labels-w73/src/routes/__tests__/organizationAdminRedirect.test.ts
/Users/piotrwisniewski/Developer/codex-wt/d-k6-execution-labels-w73/src/routes/__tests__/pmoProjectsFeatureRoute.test.ts
/Users/piotrwisniewski/Developer/codex-wt/d-k6-execution-labels-w73/src/routes/__tests__/presentationWizardRedirect.test.ts
/Users/piotrwisniewski/Developer/codex-wt/d-k6-execution-labels-w73/src/routes/__tests__/resultsCanonicalRoute.test.ts
/Users/piotrwisniewski/Developer/codex-wt/d-k6-execution-labels-w73/src/routes/__tests__/settingsAdminRedirect.test.ts
/Users/piotrwisniewski/Developer/codex-wt/d-k6-execution-labels-w73/src/routes/__tests__/superadminRedirectHandoff.test.ts
/Users/piotrwisniewski/Developer/codex-wt/d-k6-execution-labels-w73/src/routes/__tests__/templateArchitectIdentityRoutes.test.ts
/Users/piotrwisniewski/Developer/codex-wt/d-k6-execution-labels-w73/src/routes/__tests__/welcomeEmailHelpRoute.test.ts
/Users/piotrwisniewski/Developer/codex-wt/d-k6-execution-labels-w73/src/schemas/accessControl.schema.ts
/Users/piotrwisniewski/Developer/codex-wt/d-k6-execution-labels-w73/src/schemas/ai.schema.ts
/Users/piotrwisniewski/Developer/codex-wt/d-k6-execution-labels-w73/src/schemas/project.schema.ts
/Users/piotrwisniewski/Developer/codex-wt/d-k6-execution-labels-w73/src/schemas/user.schema.ts
/Users/piotrwisniewski/Developer/codex-wt/d-k6-execution-labels-w73/src/services/apiTyped.ts
/Users/piotrwisniewski/Developer/codex-wt/d-k6-execution-labels-w73/src/services/assessmentCoach.ts
/Users/piotrwisniewski/Developer/codex-wt/d-k6-execution-labels-w73/src/services/assessmentEvidence.ts
/Users/piotrwisniewski/Developer/codex-wt/d-k6-execution-labels-w73/src/services/consultingTemplatesRegistry.ts
/Users/piotrwisniewski/Developer/codex-wt/d-k6-execution-labels-w73/src/services/errorLogger.ts
/Users/piotrwisniewski/Developer/codex-wt/d-k6-execution-labels-w73/src/services/outputsScaffolding.ts
/Users/piotrwisniewski/Developer/codex-wt/d-k6-execution-labels-w73/src/services/presentationAgentHistory.ts
/Users/piotrwisniewski/Developer/codex-wt/d-k6-execution-labels-w73/src/services/presentationTelemetry.ts
/Users/piotrwisniewski/Developer/codex-wt/d-k6-execution-labels-w73/src/services/profileExtendedApi.ts
/Users/piotrwisniewski/Developer/codex-wt/d-k6-execution-labels-w73/src/services/realtimeClient.ts
/Users/piotrwisniewski/Developer/codex-wt/d-k6-execution-labels-w73/src/services/toolAssetsRegistry.ts
/Users/piotrwisniewski/Developer/codex-wt/d-k6-execution-labels-w73/src/services/toolScopedRAG.ts
/Users/piotrwisniewski/Developer/codex-wt/d-k6-execution-labels-w73/src/services/transformationEngine.ts
/Users/piotrwisniewski/Developer/codex-wt/d-k6-execution-labels-w73/src/services/__tests__/api.getInitiatives.e1bEvidence.test.ts
/Users/piotrwisniewski/Developer/codex-wt/d-k6-execution-labels-w73/src/services/__tests__/api.getSystemHealth.guarded.test.ts
/Users/piotrwisniewski/Developer/codex-wt/d-k6-execution-labels-w73/src/services/__tests__/authRedirectReason.test.ts
/Users/piotrwisniewski/Developer/codex-wt/d-k6-execution-labels-w73/src/services/__tests__/billingSummaryReadPath.test.ts
/Users/piotrwisniewski/Developer/codex-wt/d-k6-execution-labels-w73/src/services/__tests__/csrfClient.test.ts
/Users/piotrwisniewski/Developer/codex-wt/d-k6-execution-labels-w73/src/services/__tests__/deliverablesGeneration.bladPoPolsku.test.ts
/Users/piotrwisniewski/Developer/codex-wt/d-k6-execution-labels-w73/src/utils/drdScoringV2Flag.ts
/Users/piotrwisniewski/Developer/codex-wt/d-k6-execution-labels-w73/src/services/report/drdConclusionContract.ts
/Users/piotrwisniewski/Developer/codex-wt/d-k6-execution-labels-w73/src/services/report/drdIndustryBenchmark.ts
/Users/piotrwisniewski/Developer/codex-wt/d-k6-execution-labels-w73/src/services/report/drdReportModel.ts
/Users/piotrwisniewski/Developer/codex-wt/d-k6-execution-labels-w73/src/services/__tests__/drdReportModel.calculationVersion.test.ts
/Users/piotrwisniewski/Developer/codex-wt/d-k6-execution-labels-w73/src/services/__tests__/drdScoringV2.test.ts
/Users/piotrwisniewski/Developer/codex-wt/d-k6-execution-labels-w73/src/services/__tests__/globalAuthFetchGuard.test.ts
/Users/piotrwisniewski/Developer/codex-wt/d-k6-execution-labels-w73/src/services/__tests__/highlightTextMatch.test.ts
/Users/piotrwisniewski/Developer/codex-wt/d-k6-execution-labels-w73/src/services/__tests__/initiativeWriteTruth.odmowaPoPolsku.test.ts
/Users/piotrwisniewski/Developer/codex-wt/d-k6-execution-labels-w73/src/services/__tests__/languagePreference.ordering.test.ts
/Users/piotrwisniewski/Developer/codex-wt/d-k6-execution-labels-w73/src/services/__tests__/notebookVersionSnapshot.s114b.test.ts
/Users/piotrwisniewski/Developer/codex-wt/d-k6-execution-labels-w73/src/services/__tests__/presentationAuditLogSavedViews.test.ts
/Users/piotrwisniewski/Developer/codex-wt/d-k6-execution-labels-w73/src/services/__tests__/presentationGovernanceDeepLinks.test.ts
/Users/piotrwisniewski/Developer/codex-wt/d-k6-execution-labels-w73/src/services/__tests__/presentationGovernanceWatchlistDiff.test.ts
/Users/piotrwisniewski/Developer/codex-wt/d-k6-execution-labels-w73/src/services/__tests__/presentationTemplateArchitectApprove.test.ts
/Users/piotrwisniewski/Developer/codex-wt/d-k6-execution-labels-w73/src/services/__tests__/presentationTemplateArchitectDeprecate.test.ts
/Users/piotrwisniewski/Developer/codex-wt/d-k6-execution-labels-w73/src/services/__tests__/presentationWatchlistPresetTransfer.test.ts
/Users/piotrwisniewski/Developer/codex-wt/d-k6-execution-labels-w73/src/services/__tests__/siriPrioritisation.v2.test.ts
/Users/piotrwisniewski/Developer/codex-wt/d-k6-execution-labels-w73/src/services/__tests__/subscriberDashboardClient.test.ts
/Users/piotrwisniewski/Developer/codex-wt/d-k6-execution-labels-w73/src/services/__tests__/toolSessionApi.test.ts
/Users/piotrwisniewski/Developer/codex-wt/d-k6-execution-labels-w73/src/services/__tests__/toolSessionRecoveryDraft.test.ts
/Users/piotrwisniewski/Developer/codex-wt/d-k6-execution-labels-w73/src/services/__tests__/zz-opus-v2-probe.test.ts
/Users/piotrwisniewski/Developer/codex-wt/d-k6-execution-labels-w73/src/services/ai/errorMessages.ts
/Users/piotrwisniewski/Developer/codex-wt/d-k6-execution-labels-w73/src/services/ai/__tests__/generujTrescPola.language.test.ts
/Users/piotrwisniewski/Developer/codex-wt/d-k6-execution-labels-w73/src/services/modules/AIService.ts
/Users/piotrwisniewski/Developer/codex-wt/d-k6-execution-labels-w73/src/services/api/ai.api.ts
/Users/piotrwisniewski/Developer/codex-wt/d-k6-execution-labels-w73/src/services/api/auth.api.ts
/Users/piotrwisniewski/Developer/codex-wt/d-k6-execution-labels-w73/src/services/api/types.ts
/Users/piotrwisniewski/Developer/codex-wt/d-k6-execution-labels-w73/src/services/api/billing.api.ts
/Users/piotrwisniewski/Developer/codex-wt/d-k6-execution-labels-w73/src/services/api/metrics.api.ts
/Users/piotrwisniewski/Developer/codex-wt/d-k6-execution-labels-w73/src/services/api/notifications.api.ts
/Users/piotrwisniewski/Developer/codex-wt/d-k6-execution-labels-w73/src/services/api/pmo.api.ts
/Users/piotrwisniewski/Developer/codex-wt/d-k6-execution-labels-w73/src/services/modules/ProjectService.ts
/Users/piotrwisniewski/Developer/codex-wt/d-k6-execution-labels-w73/src/services/api/projects.api.ts
/Users/piotrwisniewski/Developer/codex-wt/d-k6-execution-labels-w73/src/services/api/tasks.api.ts
/Users/piotrwisniewski/Developer/codex-wt/d-k6-execution-labels-w73/src/services/api/users.api.ts
/Users/piotrwisniewski/Developer/codex-wt/d-k6-execution-labels-w73/src/services/api/index.ts
/Users/piotrwisniewski/Developer/codex-wt/d-k6-execution-labels-w73/src/services/api/okrStrategic.ts
/Users/piotrwisniewski/Developer/codex-wt/d-k6-execution-labels-w73/src/services/api/__tests__/errorMessageMapper.test.ts
/Users/piotrwisniewski/Developer/codex-wt/d-k6-execution-labels-w73/src/services/api/__tests__/financeV2.analysis.api.test.ts
/Users/piotrwisniewski/Developer/codex-wt/d-k6-execution-labels-w73/src/services/api/__tests__/financeV2.api.test.ts
/Users/piotrwisniewski/Developer/codex-wt/d-k6-execution-labels-w73/src/services/api/__tests__/financeV2.baseline.api.test.ts
/Users/piotrwisniewski/Developer/codex-wt/d-k6-execution-labels-w73/src/services/api/__tests__/financeV2.comments.api.test.ts
/Users/piotrwisniewski/Developer/codex-wt/d-k6-execution-labels-w73/src/services/api/__tests__/financeV2.compare.api.test.ts
/Users/piotrwisniewski/Developer/codex-wt/d-k6-execution-labels-w73/src/services/api/__tests__/financeV2.exportImport.api.test.ts
/Users/piotrwisniewski/Developer/codex-wt/d-k6-execution-labels-w73/src/services/api/__tests__/financeV2.lineageNavigator.api.test.ts
/Users/piotrwisniewski/Developer/codex-wt/d-k6-execution-labels-w73/src/services/api/__tests__/financeV2.savedViews.api.test.ts
/Users/piotrwisniewski/Developer/codex-wt/d-k6-execution-labels-w73/src/services/api/__tests__/financeV2.types.test.ts
/Users/piotrwisniewski/Developer/codex-wt/d-k6-execution-labels-w73/src/services/api/__tests__/inFlightDedupe.test.ts
/Users/piotrwisniewski/Developer/codex-wt/d-k6-execution-labels-w73/src/services/api/__tests__/myWorkContext.test.ts
/Users/piotrwisniewski/Developer/codex-wt/d-k6-execution-labels-w73/src/services/api/__tests__/presentationStudioLayoutCapacityAdmin.api.test.ts
/Users/piotrwisniewski/Developer/codex-wt/d-k6-execution-labels-w73/src/services/api/__tests__/resultsRecoveryCanonical.api.test.ts
/Users/piotrwisniewski/Developer/codex-wt/d-k6-execution-labels-w73/src/services/api/__tests__/settings.appearanceFontScale.test.ts
/Users/piotrwisniewski/Developer/codex-wt/d-k6-execution-labels-w73/src/services/api/v8/executionBvp.ts
/Users/piotrwisniewski/Developer/codex-wt/d-k6-execution-labels-w73/src/services/api/v8/__tests__/client.test.ts
/Users/piotrwisniewski/Developer/codex-wt/d-k6-execution-labels-w73/src/services/api/v8/__tests__/execution-control.fallback.test.ts
/Users/piotrwisniewski/Developer/codex-wt/d-k6-execution-labels-w73/src/services/api/v8/__tests__/execution-control.forecast.test.ts
/Users/piotrwisniewski/Developer/codex-wt/d-k6-execution-labels-w73/src/services/assessmentKnowledge/__tests__/odbior--o8c--whyThisMatters.test.ts
/Users/piotrwisniewski/Developer/codex-wt/d-k6-execution-labels-w73/src/services/errors/__tests__/appErrorCopy.test.ts
/Users/piotrwisniewski/Developer/codex-wt/d-k6-execution-labels-w73/src/services/executionModuleStandard/useExecutionModuleManifest.ts
/Users/piotrwisniewski/Developer/codex-wt/d-k6-execution-labels-w73/src/services/executionModuleStandard/__tests__/useExecutionModuleManifest.test.tsx
/Users/piotrwisniewski/Developer/codex-wt/d-k6-execution-labels-w73/src/services/ideaFinance/__tests__/engine.test.ts
/Users/piotrwisniewski/Developer/codex-wt/d-k6-execution-labels-w73/src/services/initiatives/__tests__/lifecycleApi.capabilityDenialCodes.test.ts
/Users/piotrwisniewski/Developer/codex-wt/d-k6-execution-labels-w73/src/services/initiatives-execution/__tests__/raidWrites.seedFromReadModel.test.ts
/Users/piotrwisniewski/Developer/codex-wt/d-k6-execution-labels-w73/src/services/modules/AccessControlService.ts
/Users/piotrwisniewski/Developer/codex-wt/d-k6-execution-labels-w73/src/services/report/drdLlmNarrator.ts
/Users/piotrwisniewski/Developer/codex-wt/d-k6-execution-labels-w73/src/services/report/drdReportSvg.ts
/Users/piotrwisniewski/Developer/codex-wt/d-k6-execution-labels-w73/src/services/report/drdReportHtml.ts
/Users/piotrwisniewski/Developer/codex-wt/d-k6-execution-labels-w73/src/services/report/drdReportGenerator.ts
/Users/piotrwisniewski/Developer/codex-wt/d-k6-execution-labels-w73/src/services/report/drdReportClient.ts
/Users/piotrwisniewski/Developer/codex-wt/d-k6-execution-labels-w73/src/services/report/drdReportSampleData.ts
/Users/piotrwisniewski/Developer/Consultify/node_modules/immer/dist/immer.d.ts
/Users/piotrwisniewski/Developer/Consultify/node_modules/zustand/esm/middleware/immer.d.mts
/Users/piotrwisniewski/Developer/codex-wt/d-k6-execution-labels-w73/src/store/useMultiFrameworkStore.ts
/Users/piotrwisniewski/Developer/codex-wt/d-k6-execution-labels-w73/src/store/__tests__/authSlice.logoutDemoReset.test.ts
/Users/piotrwisniewski/Developer/codex-wt/d-k6-execution-labels-w73/src/store/__tests__/debouncedLocalStorage.flushOnHide.test.ts
/Users/piotrwisniewski/Developer/codex-wt/d-k6-execution-labels-w73/src/store/__tests__/digitalToolSteps.smoke.test.ts
/Users/piotrwisniewski/Developer/codex-wt/d-k6-execution-labels-w73/src/store/__tests__/megatrendStore.fallback.test.ts
/Users/piotrwisniewski/Developer/codex-wt/d-k6-execution-labels-w73/src/store/__tests__/swotStepLocale.test.ts
/Users/piotrwisniewski/Developer/codex-wt/d-k6-execution-labels-w73/src/store/__tests__/useConversationStore.adresEkranu.test.ts
/Users/piotrwisniewski/Developer/codex-wt/d-k6-execution-labels-w73/src/store/__tests__/usePMOContextAutoFetch.test.tsx
/Users/piotrwisniewski/Developer/codex-wt/d-k6-execution-labels-w73/src/toolOutputs/__tests__/buildSwotOutput.test.ts
/Users/piotrwisniewski/Developer/codex-wt/d-k6-execution-labels-w73/src/toolOutputs/__tests__/outputs.test.ts
/Users/piotrwisniewski/Developer/codex-wt/d-k6-execution-labels-w73/src/toolOutputs/__tests__/slides.test.ts
/Users/piotrwisniewski/Developer/codex-wt/d-k6-execution-labels-w73/src/toolPacks/readiness/types.ts
/Users/piotrwisniewski/Developer/codex-wt/d-k6-execution-labels-w73/src/toolPacks/readiness/manifests.ts
/Users/piotrwisniewski/Developer/codex-wt/d-k6-execution-labels-w73/src/toolPacks/packs/marketForces.pack.ts
/Users/piotrwisniewski/Developer/codex-wt/d-k6-execution-labels-w73/src/toolPacks/packs/growthPaths.pack.ts
/Users/piotrwisniewski/Developer/codex-wt/d-k6-execution-labels-w73/src/toolPacks/packs/valueChain.pack.ts
/Users/piotrwisniewski/Developer/codex-wt/d-k6-execution-labels-w73/src/toolPacks/packs/portfolioPriority.pack.ts
/Users/piotrwisniewski/Developer/codex-wt/d-k6-execution-labels-w73/src/toolPacks/packs/riskUncertainty.pack.ts
/Users/piotrwisniewski/Developer/codex-wt/d-k6-execution-labels-w73/src/toolPacks/packs/capabilityMapper.pack.ts
/Users/piotrwisniewski/Developer/codex-wt/d-k6-execution-labels-w73/src/toolPacks/packs/ambitionDecomposer.pack.ts
/Users/piotrwisniewski/Developer/codex-wt/d-k6-execution-labels-w73/src/toolPacks/packs/focusTradeoff.pack.ts
/Users/piotrwisniewski/Developer/codex-wt/d-k6-execution-labels-w73/src/toolPacks/packs/narrativeEngine.pack.ts
/Users/piotrwisniewski/Developer/codex-wt/d-k6-execution-labels-w73/src/toolPacks/packs/a3ProblemSolving.pack.ts
/Users/piotrwisniewski/Developer/codex-wt/d-k6-execution-labels-w73/src/toolPacks/packs/sopBuilder.pack.ts
/Users/piotrwisniewski/Developer/codex-wt/d-k6-execution-labels-w73/src/toolPacks/packs/smedPlanner.pack.ts
/Users/piotrwisniewski/Developer/codex-wt/d-k6-execution-labels-w73/src/toolPacks/packs/dmsBuilder.pack.ts
/Users/piotrwisniewski/Developer/codex-wt/d-k6-execution-labels-w73/src/toolPacks/packs/inventoryAutopilot.pack.ts
/Users/piotrwisniewski/Developer/codex-wt/d-k6-execution-labels-w73/src/toolPacks/packs/rpaScanner.pack.ts
/Users/piotrwisniewski/Developer/codex-wt/d-k6-execution-labels-w73/src/toolPacks/packs/aiDiscovery.pack.ts
/Users/piotrwisniewski/Developer/codex-wt/d-k6-execution-labels-w73/src/toolPacks/packs/painExplorer.pack.ts
/Users/piotrwisniewski/Developer/codex-wt/d-k6-execution-labels-w73/src/toolPacks/packs/processAutomation.pack.ts
/Users/piotrwisniewski/Developer/codex-wt/d-k6-execution-labels-w73/src/toolPacks/registry.ts
/Users/piotrwisniewski/Developer/codex-wt/d-k6-execution-labels-w73/src/toolPacks/validator.ts
/Users/piotrwisniewski/Developer/codex-wt/d-k6-execution-labels-w73/src/toolPacks/__tests__/dynamicSwotSevenStagesFlag.test.ts
/Users/piotrwisniewski/Developer/codex-wt/d-k6-execution-labels-w73/src/toolPacks/__tests__/engineBindingCoverage.test.ts
/Users/piotrwisniewski/Developer/codex-wt/d-k6-execution-labels-w73/src/toolPacks/__tests__/questionBankCoverage.test.ts
/Users/piotrwisniewski/Developer/codex-wt/d-k6-execution-labels-w73/src/toolPacks/__tests__/readinessManifests.test.ts
/Users/piotrwisniewski/Developer/codex-wt/d-k6-execution-labels-w73/src/toolPacks/__tests__/registry.test.ts
/Users/piotrwisniewski/Developer/codex-wt/d-k6-execution-labels-w73/src/toolPacks/__tests__/validator.test.ts
/Users/piotrwisniewski/Developer/codex-wt/d-k6-execution-labels-w73/src/types/api/index.ts
/Users/piotrwisniewski/Developer/codex-wt/d-k6-execution-labels-w73/src/types/vendor/reactflow.d.ts
/Users/piotrwisniewski/Developer/codex-wt/d-k6-execution-labels-w73/src/types/vendor/turndown-plugin-gfm.d.ts
/Users/piotrwisniewski/Developer/codex-wt/d-k6-execution-labels-w73/src/utils/animations.tsx
/Users/piotrwisniewski/Developer/codex-wt/d-k6-execution-labels-w73/src/utils/assessmentColors.ts
/Users/piotrwisniewski/Developer/codex-wt/d-k6-execution-labels-w73/src/utils/auditProgramEditStubFlag.ts
/Users/piotrwisniewski/Developer/codex-wt/d-k6-execution-labels-w73/src/utils/detectMessageLanguage.ts
/Users/piotrwisniewski/Developer/codex-wt/d-k6-execution-labels-w73/src/utils/frontendMetrics.ts
/Users/piotrwisniewski/Developer/codex-wt/d-k6-execution-labels-w73/src/utils/i18nHelpers.ts
/Users/piotrwisniewski/Developer/codex-wt/d-k6-execution-labels-w73/src/utils/imageUtils.ts
/Users/piotrwisniewski/Developer/codex-wt/d-k6-execution-labels-w73/src/utils/m05DecisionWorkspaceFlag.ts
/Users/piotrwisniewski/Developer/codex-wt/d-k6-execution-labels-w73/src/utils/myWorkTwoLevelNavFlag.ts
/Users/piotrwisniewski/Developer/codex-wt/d-k6-execution-labels-w73/src/utils/organizationContextQuotaCopy.ts
/Users/piotrwisniewski/Developer/codex-wt/d-k6-execution-labels-w73/src/utils/storageUtils.ts
/Users/piotrwisniewski/Developer/codex-wt/d-k6-execution-labels-w73/src/utils/translateApiError.ts
/Users/piotrwisniewski/Developer/codex-wt/d-k6-execution-labels-w73/src/utils/vf1CanvasSpecAFlag.ts
/Users/piotrwisniewski/Developer/codex-wt/d-k6-execution-labels-w73/src/utils/__tests__/accessBlockedSentence.s114b.test.ts
/Users/piotrwisniewski/Developer/codex-wt/d-k6-execution-labels-w73/src/utils/__tests__/apiErrorFallbacks.initiativeCanonicalWriteRequired.test.ts
/Users/piotrwisniewski/Developer/codex-wt/d-k6-execution-labels-w73/src/utils/__tests__/apiErrorFallbacks.projectOrganizationMembershipRequired.test.ts
/Users/piotrwisniewski/Developer/codex-wt/d-k6-execution-labels-w73/src/utils/__tests__/artifactStudioFlags.test.ts
/Users/piotrwisniewski/Developer/codex-wt/d-k6-execution-labels-w73/src/utils/__tests__/artifactStudioTelemetry.test.ts
/Users/piotrwisniewski/Developer/codex-wt/d-k6-execution-labels-w73/src/utils/__tests__/assessmentDocxFlag.envStaticRead.test.ts
/Users/piotrwisniewski/Developer/codex-wt/d-k6-execution-labels-w73/src/utils/__tests__/assessmentOutputArtifactsFlag.envStaticRead.test.ts
/Users/piotrwisniewski/Developer/codex-wt/d-k6-execution-labels-w73/src/utils/__tests__/assessmentReportViewFlag.test.ts
/Users/piotrwisniewski/Developer/codex-wt/d-k6-execution-labels-w73/src/utils/__tests__/auditIso27001LegacyPresetGate.test.ts
/Users/piotrwisniewski/Developer/codex-wt/d-k6-execution-labels-w73/src/utils/__tests__/auditsFindingsAndReportViewFlag.test.ts
/Users/piotrwisniewski/Developer/codex-wt/d-k6-execution-labels-w73/src/utils/__tests__/auditsScaleAndPolishFlag.test.ts
/Users/piotrwisniewski/Developer/codex-wt/d-k6-execution-labels-w73/src/utils/__tests__/bargeInToast.test.ts
/Users/piotrwisniewski/Developer/codex-wt/d-k6-execution-labels-w73/src/utils/__tests__/billingSelfServeFlag.test.ts
/Users/piotrwisniewski/Developer/codex-wt/d-k6-execution-labels-w73/src/utils/__tests__/buildChatV9FlagDocSummary.test.ts
/Users/piotrwisniewski/Developer/codex-wt/d-k6-execution-labels-w73/src/utils/__tests__/buildChatV9FlagOverrideUrl.test.ts
/Users/piotrwisniewski/Developer/codex-wt/d-k6-execution-labels-w73/src/utils/__tests__/buildRecentConversationsList.test.ts
/Users/piotrwisniewski/Developer/codex-wt/d-k6-execution-labels-w73/src/utils/__tests__/buildTrustBadgeCitationsText.test.ts
/Users/piotrwisniewski/Developer/codex-wt/d-k6-execution-labels-w73/src/utils/__tests__/buildTrustBadgeReasoning.test.ts
/Users/piotrwisniewski/Developer/codex-wt/d-k6-execution-labels-w73/src/utils/__tests__/buildTrustBadgeReasoningText.test.ts
/Users/piotrwisniewski/Developer/codex-wt/d-k6-execution-labels-w73/src/utils/__tests__/buildVoiceLegendCopyText.test.ts
/Users/piotrwisniewski/Developer/codex-wt/d-k6-execution-labels-w73/src/utils/__tests__/buildWorkspaceBreadcrumb.test.ts
/Users/piotrwisniewski/Developer/codex-wt/d-k6-execution-labels-w73/src/utils/__tests__/chatSignalsFeedFlag.test.ts
/Users/piotrwisniewski/Developer/codex-wt/d-k6-execution-labels-w73/src/utils/__tests__/chatV9FeatureFlags.test.ts
/Users/piotrwisniewski/Developer/codex-wt/d-k6-execution-labels-w73/src/utils/__tests__/chatV9FlagResolverContract.test.ts
/Users/piotrwisniewski/Developer/codex-wt/d-k6-execution-labels-w73/src/utils/__tests__/chatV9FlagsSnapshotText.test.ts
/Users/piotrwisniewski/Developer/codex-wt/d-k6-execution-labels-w73/src/utils/__tests__/criterionWorkspaceV2Flag.test.ts
/Users/piotrwisniewski/Developer/codex-wt/d-k6-execution-labels-w73/src/utils/__tests__/demoAcceptanceFlags.test.ts
/Users/piotrwisniewski/Developer/codex-wt/d-k6-execution-labels-w73/src/utils/__tests__/envFlagReadsViteEnv.20260905.test.ts
/Users/piotrwisniewski/Developer/codex-wt/d-k6-execution-labels-w73/src/utils/__tests__/extractCitationDomain.test.ts
/Users/piotrwisniewski/Developer/codex-wt/d-k6-execution-labels-w73/src/utils/__tests__/financeValuePanelsFlag.envStaticRead.test.ts
/Users/piotrwisniewski/Developer/codex-wt/d-k6-execution-labels-w73/src/utils/__tests__/formatTrustBadgeModelLabel.test.ts
/Users/piotrwisniewski/Developer/codex-wt/d-k6-execution-labels-w73/src/utils/__tests__/groupChatV9Flags.test.ts
/Users/piotrwisniewski/Developer/codex-wt/d-k6-execution-labels-w73/src/utils/__tests__/ideaInspectorRightRailFlag.test.ts
/Users/piotrwisniewski/Developer/codex-wt/d-k6-execution-labels-w73/src/utils/__tests__/initiativeBridgeFlag.envStaticRead.test.ts
/Users/piotrwisniewski/Developer/codex-wt/d-k6-execution-labels-w73/src/utils/__tests__/initiativeWorkflowStatus.test.ts
/Users/piotrwisniewski/Developer/codex-wt/d-k6-execution-labels-w73/src/utils/__tests__/initiativesFourButtonsFlag.test.ts
/Users/piotrwisniewski/Developer/codex-wt/d-k6-execution-labels-w73/src/utils/__tests__/initiativesPlanFlag.test.ts
/Users/piotrwisniewski/Developer/codex-wt/d-k6-execution-labels-w73/src/utils/__tests__/initiativesWorkloadFlag.test.ts
/Users/piotrwisniewski/Developer/codex-wt/d-k6-execution-labels-w73/src/utils/__tests__/interviewCreatorShellFlag.test.ts
/Users/piotrwisniewski/Developer/codex-wt/d-k6-execution-labels-w73/src/utils/__tests__/isSafeCitationLink.test.ts
/Users/piotrwisniewski/Developer/codex-wt/d-k6-execution-labels-w73/src/utils/__tests__/jednostka.test.ts
/Users/piotrwisniewski/Developer/codex-wt/d-k6-execution-labels-w73/src/utils/__tests__/matchChatV9Flag.test.ts
/Users/piotrwisniewski/Developer/codex-wt/d-k6-execution-labels-w73/src/utils/__tests__/melsTabeleFlag.test.ts
/Users/piotrwisniewski/Developer/codex-wt/d-k6-execution-labels-w73/src/utils/__tests__/myWorkCalendarV2Flag.test.ts
/Users/piotrwisniewski/Developer/codex-wt/d-k6-execution-labels-w73/src/utils/__tests__/orgRedesignFlag.test.ts
/Users/piotrwisniewski/Developer/codex-wt/d-k6-execution-labels-w73/src/utils/__tests__/piiHeuristic.test.ts
/Users/piotrwisniewski/Developer/codex-wt/d-k6-execution-labels-w73/src/utils/__tests__/publicProduction.test.ts
/Users/piotrwisniewski/Developer/codex-wt/d-k6-execution-labels-w73/src/utils/__tests__/roleGuards.roles.test.ts
/Users/piotrwisniewski/Developer/codex-wt/d-k6-execution-labels-w73/src/utils/__tests__/shouldOfferChatV9FlagExpand.test.ts
/Users/piotrwisniewski/Developer/codex-wt/d-k6-execution-labels-w73/src/utils/__tests__/voiceFunnelTelemetry.test.ts
/Users/piotrwisniewski/Developer/codex-wt/d-k6-execution-labels-w73/src/utils/__tests__/workbookFormulaEngine.test.ts
/Users/piotrwisniewski/Developer/codex-wt/d-k6-execution-labels-w73/src/utils/__tests__/workbookGridPreview.test.ts
/Users/piotrwisniewski/Developer/codex-wt/d-k6-execution-labels-w73/src/utils/__tests__/zaiTeresaFlag.envStaticRead.test.ts
/Users/piotrwisniewski/Developer/codex-wt/d-k6-execution-labels-w73/src/utils/realtime/toolSessionLockErrorMessage.ts
/Users/piotrwisniewski/Developer/codex-wt/d-k6-execution-labels-w73/src/utils/realtime/toolSessionPresenceErrorMessage.ts
/Users/piotrwisniewski/Developer/codex-wt/d-k6-execution-labels-w73/src/utils/sync/syncWorkflowPolicyErrorMessage.ts
/Users/piotrwisniewski/Developer/codex-wt/d-k6-execution-labels-w73/src/views/AIChatView.tsx
/Users/piotrwisniewski/Developer/codex-wt/d-k6-execution-labels-w73/src/views/AgentPlanView.tsx
/Users/piotrwisniewski/Developer/codex-wt/d-k6-execution-labels-w73/src/views/DRDAuditReportView.tsx
/Users/piotrwisniewski/Developer/codex-wt/d-k6-execution-labels-w73/src/views/ExecutiveSummaryView.tsx
/Users/piotrwisniewski/Developer/codex-wt/d-k6-execution-labels-w73/src/views/FreeAssessmentView.tsx
/Users/piotrwisniewski/Developer/codex-wt/d-k6-execution-labels-w73/src/views/FullExecutionView.tsx
/Users/piotrwisniewski/Developer/codex-wt/d-k6-execution-labels-w73/src/views/FullPilotView.tsx
/Users/piotrwisniewski/Developer/codex-wt/d-k6-execution-labels-w73/src/views/FullRoadmapView.tsx
/Users/piotrwisniewski/Developer/codex-wt/d-k6-execution-labels-w73/src/views/InitiativeManagementView.tsx
/Users/piotrwisniewski/Developer/codex-wt/d-k6-execution-labels-w73/src/views/InterviewView.tsx
/Users/piotrwisniewski/Developer/codex-wt/d-k6-execution-labels-w73/src/views/KnowledgeBaseView.tsx
/Users/piotrwisniewski/Developer/codex-wt/d-k6-execution-labels-w73/src/views/KpiOkrView.tsx
/Users/piotrwisniewski/Developer/codex-wt/d-k6-execution-labels-w73/src/views/LeadershipDashboardView.tsx
/Users/piotrwisniewski/Developer/codex-wt/d-k6-execution-labels-w73/src/views/Module1ContextView.tsx
/Users/piotrwisniewski/Developer/codex-wt/d-k6-execution-labels-w73/src/views/MyApprovalsView.tsx
/Users/piotrwisniewski/Developer/codex-wt/d-k6-execution-labels-w73/src/views/PortfolioView.tsx
/Users/piotrwisniewski/Developer/codex-wt/d-k6-execution-labels-w73/src/views/PricingView.tsx
/Users/piotrwisniewski/Developer/codex-wt/d-k6-execution-labels-w73/src/views/PublicLandingPage.tsx
/Users/piotrwisniewski/Developer/codex-wt/d-k6-execution-labels-w73/src/views/SystemHealthDashboard.tsx
/Users/piotrwisniewski/Developer/codex-wt/d-k6-execution-labels-w73/src/views/UserDashboardView.tsx
/Users/piotrwisniewski/Developer/codex-wt/d-k6-execution-labels-w73/src/views/V10RuntimeWorkspaceView.tsx
/Users/piotrwisniewski/Developer/codex-wt/d-k6-execution-labels-w73/src/views/V4ComingSoonView.tsx
/Users/piotrwisniewski/Developer/codex-wt/d-k6-execution-labels-w73/src/views/WelcomeView.tsx
/Users/piotrwisniewski/Developer/codex-wt/d-k6-execution-labels-w73/src/views/ContextBuilder/modules/__tests__/OrganizationProfileModule.ownerFeedback.test.tsx
/Users/piotrwisniewski/Developer/codex-wt/d-k6-execution-labels-w73/src/views/__tests__/FullROIView.smoke.test.tsx
/Users/piotrwisniewski/Developer/codex-wt/d-k6-execution-labels-w73/src/views/__tests__/OrgSetupWizard.s114bCompleteExisting.test.tsx
/Users/piotrwisniewski/Developer/codex-wt/d-k6-execution-labels-w73/src/views/__tests__/PublicInterviewRespondentView.delivery.test.tsx
/Users/piotrwisniewski/Developer/codex-wt/d-k6-execution-labels-w73/src/views/__tests__/day176.settings-member-redirect.test.tsx
/Users/piotrwisniewski/Developer/codex-wt/d-k6-execution-labels-w73/src/views/admin/__tests__/AdminSettingsModule.healthSectionI18n.test.ts
/Users/piotrwisniewski/Developer/codex-wt/d-k6-execution-labels-w73/src/views/admin/__tests__/AdminSettingsModule.test.tsx
/Users/piotrwisniewski/Developer/codex-wt/d-k6-execution-labels-w73/src/views/admin/__tests__/adminHistoricalAddressAliases.test.ts
/Users/piotrwisniewski/Developer/codex-wt/d-k6-execution-labels-w73/src/views/auth/VerifyEmail.tsx
/Users/piotrwisniewski/Developer/codex-wt/d-k6-execution-labels-w73/src/views/legal/CookiePolicyView.tsx
/Users/piotrwisniewski/Developer/codex-wt/d-k6-execution-labels-w73/src/views/legal/PrivacyPolicyView.tsx
/Users/piotrwisniewski/Developer/codex-wt/d-k6-execution-labels-w73/src/views/legal/SecurityView.tsx
/Users/piotrwisniewski/Developer/codex-wt/d-k6-execution-labels-w73/src/views/legal/TermsOfServiceView.tsx
/Users/piotrwisniewski/Developer/codex-wt/d-k6-execution-labels-w73/src/views/partner/CommissionView.tsx
/Users/piotrwisniewski/Developer/codex-wt/d-k6-execution-labels-w73/src/views/partner/DirectoryView.tsx
/Users/piotrwisniewski/Developer/codex-wt/d-k6-execution-labels-w73/src/views/partner/ResourcesView.tsx
/Users/piotrwisniewski/Developer/codex-wt/d-k6-execution-labels-w73/src/views/partner/partnerPricingData.ts
/Users/piotrwisniewski/Developer/codex-wt/d-k6-execution-labels-w73/src/views/partner/__tests__/PartnerPortalView.organizationsColumnWidth.day224.test.tsx
/Users/piotrwisniewski/Developer/codex-wt/d-k6-execution-labels-w73/src/views/partner/sections/index.ts
/Users/piotrwisniewski/Developer/codex-wt/d-k6-execution-labels-w73/src/views/settings/AIPreferencesModule.tsx
/Users/piotrwisniewski/Developer/codex-wt/d-k6-execution-labels-w73/src/views/settings/AppearanceModule.tsx
/Users/piotrwisniewski/Developer/codex-wt/d-k6-execution-labels-w73/src/views/settings/IntegrationsModule.tsx
/Users/piotrwisniewski/Developer/codex-wt/d-k6-execution-labels-w73/src/views/settings/NotificationsModule.tsx
/Users/piotrwisniewski/Developer/codex-wt/d-k6-execution-labels-w73/src/views/settings/SecurityPrivacyModule.tsx
/Users/piotrwisniewski/Developer/codex-wt/d-k6-execution-labels-w73/src/views/settings/__tests__/day55-direct-section-aliases.test.ts
/Users/piotrwisniewski/Developer/codex-wt/d-k6-execution-labels-w73/src/views/settings/__tests__/syncEntryResolver.test.ts
/Users/piotrwisniewski/Developer/codex-wt/d-k6-execution-labels-w73/src/views/superadmin/AIConfigurationView.tsx
/Users/piotrwisniewski/Developer/codex-wt/d-k6-execution-labels-w73/src/views/superadmin/AIDevelopmentModule.tsx
/Users/piotrwisniewski/Developer/codex-wt/d-k6-execution-labels-w73/src/views/superadmin/AIInfrastructureModule.tsx
/Users/piotrwisniewski/Developer/codex-wt/d-k6-execution-labels-w73/src/views/superadmin/AIObservabilityDashboard.tsx
/Users/piotrwisniewski/Developer/codex-wt/d-k6-execution-labels-w73/src/views/superadmin/AIOperationsModule.tsx
/Users/piotrwisniewski/Developer/codex-wt/d-k6-execution-labels-w73/src/views/superadmin/AIPlatformModule/Executive/AIUseCaseControlPlane.tsx
/Users/piotrwisniewski/Developer/codex-wt/d-k6-execution-labels-w73/src/views/superadmin/AIPlatformModule.tsx
/Users/piotrwisniewski/Developer/codex-wt/d-k6-execution-labels-w73/src/views/superadmin/PlaybookEditorView.tsx
/Users/piotrwisniewski/Developer/codex-wt/d-k6-execution-labels-w73/src/views/superadmin/PlaybookTemplatesListView.tsx
/Users/piotrwisniewski/Developer/codex-wt/d-k6-execution-labels-w73/src/views/superadmin/ContentModule.tsx
/Users/piotrwisniewski/Developer/codex-wt/d-k6-execution-labels-w73/src/views/superadmin/FeatureUpdatesAdminView.tsx
/Users/piotrwisniewski/Developer/codex-wt/d-k6-execution-labels-w73/src/views/superadmin/SuperAdminDashboard.tsx
/Users/piotrwisniewski/Developer/codex-wt/d-k6-execution-labels-w73/src/views/superadmin/SuperAdminMetricsView.tsx
/Users/piotrwisniewski/Developer/codex-wt/d-k6-execution-labels-w73/src/views/superadmin/SuperAdminSignalsView.tsx
/Users/piotrwisniewski/Developer/codex-wt/d-k6-execution-labels-w73/src/views/superadmin/OverviewModule.tsx
/Users/piotrwisniewski/Developer/codex-wt/d-k6-execution-labels-w73/src/views/superadmin/PresentationTelemetryView.tsx
/Users/piotrwisniewski/Developer/codex-wt/d-k6-execution-labels-w73/src/views/superadmin/SubscriptionPlansManager.tsx
/Users/piotrwisniewski/Developer/codex-wt/d-k6-execution-labels-w73/src/views/superadmin/SuperAdminAIAnalyticsView.tsx
/Users/piotrwisniewski/Developer/codex-wt/d-k6-execution-labels-w73/src/views/superadmin/SuperAdminAccessRequestsView.tsx
/Users/piotrwisniewski/Developer/codex-wt/d-k6-execution-labels-w73/src/views/superadmin/SuperAdminPlansView.tsx
/Users/piotrwisniewski/Developer/codex-wt/d-k6-execution-labels-w73/src/views/superadmin/SuperAdminRevenueView.tsx
/Users/piotrwisniewski/Developer/codex-wt/d-k6-execution-labels-w73/src/views/superadmin/AIPlatformModule/index.ts
/Users/piotrwisniewski/Developer/codex-wt/d-k6-execution-labels-w73/src/views/superadmin/AIPlatformModule/Analytics/index.ts
/Users/piotrwisniewski/Developer/codex-wt/d-k6-execution-labels-w73/src/views/superadmin/AIPlatformModule/Configuration/index.ts
/Users/piotrwisniewski/Developer/codex-wt/d-k6-execution-labels-w73/src/views/superadmin/AIPlatformModule/Development/ModelRegistryTab.tsx
/Users/piotrwisniewski/Developer/codex-wt/d-k6-execution-labels-w73/src/views/superadmin/AIPlatformModule/Development/index.ts
/Users/piotrwisniewski/Developer/codex-wt/d-k6-execution-labels-w73/src/views/superadmin/AIPlatformModule/Knowledge/index.ts
/Users/piotrwisniewski/Developer/codex-wt/d-k6-execution-labels-w73/src/views/superadmin/AIPlatformModule/Operations/index.ts
/Users/piotrwisniewski/Developer/codex-wt/d-k6-execution-labels-w73/src/views/superadmin/AIPlatformModule/Security/index.ts
/Users/piotrwisniewski/Developer/codex-wt/d-k6-execution-labels-w73/src/views/superadmin/__tests__/OrganizationsView.deleteApprovedOut.test.tsx
/Users/piotrwisniewski/Developer/codex-wt/d-k6-execution-labels-w73/src/views/superadmin/__tests__/PlatformOperationsView.day15.test.tsx
/Users/piotrwisniewski/Developer/codex-wt/d-k6-execution-labels-w73/src/views/superadmin/__tests__/PlatformOperationsView.i18n.day15.test.tsx
/Users/piotrwisniewski/Developer/codex-wt/d-k6-execution-labels-w73/src/views/superadmin/__tests__/PlatformOperationsView.test.tsx
/Users/piotrwisniewski/Developer/codex-wt/d-k6-execution-labels-w73/src/views/superadmin/__tests__/SystemModule.platformOperations.test.ts
/Users/piotrwisniewski/Developer/codex-wt/d-k6-execution-labels-w73/src/views/superadmin/analytics/BusinessMetricsView.tsx
/Users/piotrwisniewski/Developer/codex-wt/d-k6-execution-labels-w73/src/views/superadmin/analytics/DashboardBuilderView.tsx
/Users/piotrwisniewski/Developer/codex-wt/d-k6-execution-labels-w73/src/views/superadmin/analytics/DemoTrialAnalyticsView.tsx
/Users/piotrwisniewski/Developer/codex-wt/d-k6-execution-labels-w73/src/views/superadmin/analytics/PredictiveAnalyticsView.tsx
/Users/piotrwisniewski/Developer/codex-wt/d-k6-execution-labels-w73/src/views/superadmin/analytics/AnalyticsModuleView.tsx
/Users/piotrwisniewski/Developer/codex-wt/d-k6-execution-labels-w73/src/views/superadmin/analytics/index.ts
/Users/piotrwisniewski/Developer/codex-wt/d-k6-execution-labels-w73/src/views/superadmin/iam/IAMModuleView.tsx
/Users/piotrwisniewski/Developer/codex-wt/d-k6-execution-labels-w73/src/views/superadmin/iam/index.ts
/Users/piotrwisniewski/Developer/codex-wt/d-k6-execution-labels-w73/src/views/vault/VaultFoldersTable.tsx
/Users/piotrwisniewski/Developer/codex-wt/d-k6-execution-labels-w73/src/views/vault/__tests__/VaultDocumentsView.bulkReceipts.test.tsx
/Users/piotrwisniewski/Developer/codex-wt/d-k6-execution-labels-w73/src/views/vault/__tests__/VaultDocumentsView.openedToolbar.ownerFeedback.test.ts
/Users/piotrwisniewski/Developer/codex-wt/d-k6-execution-labels-w73/src/views/vault/__tests__/VaultDocumentsView.pollingBehavior.test.tsx
/Users/piotrwisniewski/Developer/codex-wt/d-k6-execution-labels-w73/src/views/vault/__tests__/VaultDocumentsView.safeNameLocalization.test.tsx
/Users/piotrwisniewski/Developer/codex-wt/d-k6-execution-labels-w73/src/views/vault/__tests__/VaultFoldersTable.contract.test.ts
/Users/piotrwisniewski/Developer/codex-wt/d-k6-execution-labels-w73/src/views/vault/__tests__/VaultSafesTable.previewBlocks.test.tsx
/Users/piotrwisniewski/Developer/codex-wt/d-k6-execution-labels-w73/src/views/vault/__tests__/czytelnaNazwaPliku.test.ts
/Users/piotrwisniewski/Developer/codex-wt/d-k6-execution-labels-w73/src/views/vault/__tests__/deleteVaultDocumentsWithReceipts.test.ts
/Users/piotrwisniewski/Developer/codex-wt/d-k6-execution-labels-w73/i18n.ts
/Users/piotrwisniewski/Developer/Consultify/node_modules/playwright/types/test.d.ts
/Users/piotrwisniewski/Developer/Consultify/node_modules/playwright/test.d.ts
/Users/piotrwisniewski/Developer/Consultify/node_modules/@playwright/test/index.d.ts
/Users/piotrwisniewski/Developer/codex-wt/d-k6-execution-labels-w73/tests/e2e/_helpers/testSupportState.ts
/Users/piotrwisniewski/Developer/codex-wt/d-k6-execution-labels-w73/playwright.config.ts
/Users/piotrwisniewski/Developer/codex-wt/d-k6-execution-labels-w73/playwright.demo-acceptance.config.ts
/Users/piotrwisniewski/Developer/codex-wt/d-k6-execution-labels-w73/playwright.ideas-navigation.config.ts
/Users/piotrwisniewski/Developer/codex-wt/d-k6-execution-labels-w73/playwright.ideas-overlap.config.ts
/Users/piotrwisniewski/Developer/codex-wt/d-k6-execution-labels-w73/playwright.initiatives-execution.config.ts
/Users/piotrwisniewski/Developer/codex-wt/d-k6-execution-labels-w73/playwright.mw010-vault.config.ts
/Users/piotrwisniewski/Developer/codex-wt/d-k6-execution-labels-w73/playwright.qa.config.ts
/Users/piotrwisniewski/Developer/codex-wt/d-k6-execution-labels-w73/playwright.smoke.config.ts
/Users/piotrwisniewski/Developer/codex-wt/d-k6-execution-labels-w73/playwright.smoke.tools.config.ts
/Users/piotrwisniewski/Developer/Consultify/node_modules/rollup/dist/rollup.d.ts
/Users/piotrwisniewski/Developer/Consultify/node_modules/rollup/dist/parseAst.d.ts
/Users/piotrwisniewski/Developer/Consultify/node_modules/vite/node_modules/esbuild/lib/main.d.ts
/Users/piotrwisniewski/Developer/Consultify/node_modules/source-map-js/source-map.d.ts
/Users/piotrwisniewski/Developer/Consultify/node_modules/postcss/lib/previous-map.d.ts
/Users/piotrwisniewski/Developer/Consultify/node_modules/postcss/lib/input.d.ts
/Users/piotrwisniewski/Developer/Consultify/node_modules/postcss/lib/css-syntax-error.d.ts
/Users/piotrwisniewski/Developer/Consultify/node_modules/postcss/lib/declaration.d.ts
/Users/piotrwisniewski/Developer/Consultify/node_modules/postcss/lib/root.d.ts
/Users/piotrwisniewski/Developer/Consultify/node_modules/postcss/lib/warning.d.ts
/Users/piotrwisniewski/Developer/Consultify/node_modules/postcss/lib/lazy-result.d.ts
/Users/piotrwisniewski/Developer/Consultify/node_modules/postcss/lib/no-work-result.d.ts
/Users/piotrwisniewski/Developer/Consultify/node_modules/postcss/lib/processor.d.ts
/Users/piotrwisniewski/Developer/Consultify/node_modules/postcss/lib/result.d.ts
/Users/piotrwisniewski/Developer/Consultify/node_modules/postcss/lib/document.d.ts
/Users/piotrwisniewski/Developer/Consultify/node_modules/postcss/lib/rule.d.ts
/Users/piotrwisniewski/Developer/Consultify/node_modules/postcss/lib/node.d.ts
/Users/piotrwisniewski/Developer/Consultify/node_modules/postcss/lib/comment.d.ts
/Users/piotrwisniewski/Developer/Consultify/node_modules/postcss/lib/container.d.ts
/Users/piotrwisniewski/Developer/Consultify/node_modules/postcss/lib/at-rule.d.ts
/Users/piotrwisniewski/Developer/Consultify/node_modules/postcss/lib/list.d.ts
/Users/piotrwisniewski/Developer/Consultify/node_modules/postcss/lib/postcss.d.ts
/Users/piotrwisniewski/Developer/Consultify/node_modules/postcss/lib/postcss.d.mts
/Users/piotrwisniewski/Developer/Consultify/node_modules/vite/types/internal/lightningcssOptions.d.ts
/Users/piotrwisniewski/Developer/Consultify/node_modules/vite/types/internal/cssPreprocessorOptions.d.ts
/Users/piotrwisniewski/Developer/Consultify/node_modules/vite/types/metadata.d.ts
/Users/piotrwisniewski/Developer/Consultify/node_modules/vite/dist/node/index.d.ts
/Users/piotrwisniewski/Developer/Consultify/node_modules/@babel/types/lib/index.d.ts
/Users/piotrwisniewski/Developer/Consultify/node_modules/@types/babel__generator/index.d.ts
/Users/piotrwisniewski/Developer/Consultify/node_modules/@babel/parser/typings/babel-parser.d.ts
/Users/piotrwisniewski/Developer/Consultify/node_modules/@types/babel__template/index.d.ts
/Users/piotrwisniewski/Developer/Consultify/node_modules/@types/babel__traverse/index.d.ts
/Users/piotrwisniewski/Developer/Consultify/node_modules/@types/babel__core/index.d.ts
/Users/piotrwisniewski/Developer/Consultify/node_modules/@vitejs/plugin-react/dist/index.d.ts
/Users/piotrwisniewski/Developer/codex-wt/d-k6-execution-labels-w73/vite.config.ts
/Users/piotrwisniewski/Developer/Consultify/node_modules/vitest/optional-types.d.ts
/Users/piotrwisniewski/Developer/Consultify/node_modules/@vitest/utils/dist/source-map.d.ts
/Users/piotrwisniewski/Developer/Consultify/node_modules/vitest/dist/chunks/coverage.d.BZtK59WP.d.ts
/Users/piotrwisniewski/Developer/Consultify/node_modules/@vitest/utils/dist/serialize.d.ts
/Users/piotrwisniewski/Developer/Consultify/node_modules/@vitest/utils/dist/error.d.ts
/Users/piotrwisniewski/Developer/Consultify/node_modules/vitest/dist/browser.d.ts
/Users/piotrwisniewski/Developer/Consultify/node_modules/vitest/browser/context.d.ts
/Users/piotrwisniewski/Developer/Consultify/node_modules/@vitest/snapshot/dist/manager.d.ts
/Users/piotrwisniewski/Developer/Consultify/node_modules/vitest/dist/chunks/reporters.d.CtLUhkkA.d.ts
/Users/piotrwisniewski/Developer/Consultify/node_modules/vitest/dist/chunks/plugin.d.C0upjs_f.d.ts
/Users/piotrwisniewski/Developer/Consultify/node_modules/vitest/dist/config.d.ts
/Users/piotrwisniewski/Developer/Consultify/node_modules/vitest/config.d.ts
/Users/piotrwisniewski/Developer/codex-wt/d-k6-execution-labels-w73/vitest.acceptance.config.ts
/Users/piotrwisniewski/Developer/codex-wt/d-k6-execution-labels-w73/vitest.config.ts
/Users/piotrwisniewski/Developer/codex-wt/d-k6-execution-labels-w73/vitest.l1.config.ts
/Users/piotrwisniewski/Developer/codex-wt/d-k6-execution-labels-w73/vitest.l2.config.ts
/Users/piotrwisniewski/Developer/codex-wt/d-k6-execution-labels-w73/vitest.l3.config.ts
/Users/piotrwisniewski/Developer/codex-wt/d-k6-execution-labels-w73/vitest.migration.config.ts
/Users/piotrwisniewski/Developer/codex-wt/d-k6-execution-labels-w73/vitest.orphans.config.ts
/Users/piotrwisniewski/Developer/codex-wt/d-k6-execution-labels-w73/vitest.perf.config.ts
/Users/piotrwisniewski/Developer/codex-wt/d-k6-execution-labels-w73/vitest.security.config.ts
/Users/piotrwisniewski/Developer/Consultify/node_modules/@testing-library/jest-dom/types/matchers.d.ts
/Users/piotrwisniewski/Developer/Consultify/node_modules/@testing-library/jest-dom/types/jest.d.ts
/Users/piotrwisniewski/Developer/Consultify/node_modules/@testing-library/jest-dom/types/index.d.ts
/Users/piotrwisniewski/Developer/Consultify/node_modules/vitest/globals.d.ts

RC=0
