file,line,snippet,classification,reason,follow_up_action_id_or_blank
src/components/MyWork/ConvertToDialog.tsx,165,handleConfirm,a,"[heuristic-false-negative] handleConfirm's real effect is 'onConvert(session, targetType)' -- a callback prop. ConvertToDialog is generic MyWork infrastructure reused by Task/Decision/Idea/Notebook conversion flows alike (not Idea-specific); the actual persisted conversion happens wherever the caller binds onConvert, out of this file's scope by the same reasoning as any other prop-forward.",
src/components/MyWork/CreateProgramModal.tsx,206,handleSubmit,b,"[out-of-domain] File belongs to a MyWork feature outside the four Idea Workspace representations (mindmap/whiteboard/process_flow/table) that IDEA_ACTION_REGISTRY governs (E02 scope is toolbar/rail/inspector/PPM/keyboard/Teresa parity for those 4 tools only). Verified: zero matches for this file/feature in src/actions/ideaActionRegistry.ts, and the component is mounted only by Decision/Task/Notification/Focus/Inbox/Notebook/Program screens (checked via grep of importers), never by mindmap/whiteboard/processflow/table.",
src/components/MyWork/Decision/DecisionAlternativesSection.tsx,287,() => void handleDelete(alt),b,"[out-of-domain] File belongs to a MyWork feature outside the four Idea Workspace representations (mindmap/whiteboard/process_flow/table) that IDEA_ACTION_REGISTRY governs (E02 scope is toolbar/rail/inspector/PPM/keyboard/Teresa parity for those 4 tools only). Verified: zero matches for this file/feature in src/actions/ideaActionRegistry.ts, and the component is mounted only by Decision/Task/Notification/Focus/Inbox/Notebook/Program screens (checked via grep of importers), never by mindmap/whiteboard/processflow/table.",
src/components/MyWork/Decision/DecisionAlternativesSection.tsx,379,() => void handleCreate(),b,"[out-of-domain] File belongs to a MyWork feature outside the four Idea Workspace representations (mindmap/whiteboard/process_flow/table) that IDEA_ACTION_REGISTRY governs (E02 scope is toolbar/rail/inspector/PPM/keyboard/Teresa parity for those 4 tools only). Verified: zero matches for this file/feature in src/actions/ideaActionRegistry.ts, and the component is mounted only by Decision/Task/Notification/Focus/Inbox/Notebook/Program screens (checked via grep of importers), never by mindmap/whiteboard/processflow/table.",
src/components/MyWork/Decision/DecisionCommentsSection.tsx,150,() => void handleDelete(c.id),b,"[out-of-domain] File belongs to a MyWork feature outside the four Idea Workspace representations (mindmap/whiteboard/process_flow/table) that IDEA_ACTION_REGISTRY governs (E02 scope is toolbar/rail/inspector/PPM/keyboard/Teresa parity for those 4 tools only). Verified: zero matches for this file/feature in src/actions/ideaActionRegistry.ts, and the component is mounted only by Decision/Task/Notification/Focus/Inbox/Notebook/Program screens (checked via grep of importers), never by mindmap/whiteboard/processflow/table.",
src/components/MyWork/Decision/DecisionCommentsSection.tsx,196,() => void handleSubmit(),b,"[out-of-domain] File belongs to a MyWork feature outside the four Idea Workspace representations (mindmap/whiteboard/process_flow/table) that IDEA_ACTION_REGISTRY governs (E02 scope is toolbar/rail/inspector/PPM/keyboard/Teresa parity for those 4 tools only). Verified: zero matches for this file/feature in src/actions/ideaActionRegistry.ts, and the component is mounted only by Decision/Task/Notification/Focus/Inbox/Notebook/Program screens (checked via grep of importers), never by mindmap/whiteboard/processflow/table.",
src/components/MyWork/Decision/DecisionDecideBar.tsx,262,() => void submit('APPROVED'),b,"[out-of-domain] File belongs to a MyWork feature outside the four Idea Workspace representations (mindmap/whiteboard/process_flow/table) that IDEA_ACTION_REGISTRY governs (E02 scope is toolbar/rail/inspector/PPM/keyboard/Teresa parity for those 4 tools only). Verified: zero matches for this file/feature in src/actions/ideaActionRegistry.ts, and the component is mounted only by Decision/Task/Notification/Focus/Inbox/Notebook/Program screens (checked via grep of importers), never by mindmap/whiteboard/processflow/table.",
src/components/MyWork/Decision/DecisionDecideBar.tsx,273,() => void submit('REJECTED'),b,"[out-of-domain] File belongs to a MyWork feature outside the four Idea Workspace representations (mindmap/whiteboard/process_flow/table) that IDEA_ACTION_REGISTRY governs (E02 scope is toolbar/rail/inspector/PPM/keyboard/Teresa parity for those 4 tools only). Verified: zero matches for this file/feature in src/actions/ideaActionRegistry.ts, and the component is mounted only by Decision/Task/Notification/Focus/Inbox/Notebook/Program screens (checked via grep of importers), never by mindmap/whiteboard/processflow/table.",
src/components/MyWork/Decision/DecisionDecideBar.tsx,284,() => void submit('RETURNED_FOR_CLARIFICATION'),b,"[out-of-domain] File belongs to a MyWork feature outside the four Idea Workspace representations (mindmap/whiteboard/process_flow/table) that IDEA_ACTION_REGISTRY governs (E02 scope is toolbar/rail/inspector/PPM/keyboard/Teresa parity for those 4 tools only). Verified: zero matches for this file/feature in src/actions/ideaActionRegistry.ts, and the component is mounted only by Decision/Task/Notification/Focus/Inbox/Notebook/Program screens (checked via grep of importers), never by mindmap/whiteboard/processflow/table.",
src/components/MyWork/Decision/DecisionRisksSection.tsx,305,() => void handleDelete(risk),b,"[out-of-domain] File belongs to a MyWork feature outside the four Idea Workspace representations (mindmap/whiteboard/process_flow/table) that IDEA_ACTION_REGISTRY governs (E02 scope is toolbar/rail/inspector/PPM/keyboard/Teresa parity for those 4 tools only). Verified: zero matches for this file/feature in src/actions/ideaActionRegistry.ts, and the component is mounted only by Decision/Task/Notification/Focus/Inbox/Notebook/Program screens (checked via grep of importers), never by mindmap/whiteboard/processflow/table.",
src/components/MyWork/Decision/DecisionRisksSection.tsx,424,() => void handleCreate(),b,"[out-of-domain] File belongs to a MyWork feature outside the four Idea Workspace representations (mindmap/whiteboard/process_flow/table) that IDEA_ACTION_REGISTRY governs (E02 scope is toolbar/rail/inspector/PPM/keyboard/Teresa parity for those 4 tools only). Verified: zero matches for this file/feature in src/actions/ideaActionRegistry.ts, and the component is mounted only by Decision/Task/Notification/Focus/Inbox/Notebook/Program screens (checked via grep of importers), never by mindmap/whiteboard/processflow/table.",
src/components/MyWork/Decision/DecisionWorkspace.tsx,478,() => void handleCreateSubmit(),b,"[out-of-domain] File belongs to a MyWork feature outside the four Idea Workspace representations (mindmap/whiteboard/process_flow/table) that IDEA_ACTION_REGISTRY governs (E02 scope is toolbar/rail/inspector/PPM/keyboard/Teresa parity for those 4 tools only). Verified: zero matches for this file/feature in src/actions/ideaActionRegistry.ts, and the component is mounted only by Decision/Task/Notification/Focus/Inbox/Notebook/Program screens (checked via grep of importers), never by mindmap/whiteboard/processflow/table.",
src/components/MyWork/Decision/DecisionWorkspace.tsx,489,() => void handleCreateSubmit(),b,"[out-of-domain] File belongs to a MyWork feature outside the four Idea Workspace representations (mindmap/whiteboard/process_flow/table) that IDEA_ACTION_REGISTRY governs (E02 scope is toolbar/rail/inspector/PPM/keyboard/Teresa parity for those 4 tools only). Verified: zero matches for this file/feature in src/actions/ideaActionRegistry.ts, and the component is mounted only by Decision/Task/Notification/Focus/Inbox/Notebook/Program screens (checked via grep of importers), never by mindmap/whiteboard/processflow/table.",
src/components/MyWork/DecisionDetailView.tsx,5977,() => removeAlternative(alt.id),b,"[out-of-domain] File belongs to a MyWork feature outside the four Idea Workspace representations (mindmap/whiteboard/process_flow/table) that IDEA_ACTION_REGISTRY governs (E02 scope is toolbar/rail/inspector/PPM/keyboard/Teresa parity for those 4 tools only). Verified: zero matches for this file/feature in src/actions/ideaActionRegistry.ts, and the component is mounted only by Decision/Task/Notification/Focus/Inbox/Notebook/Program screens (checked via grep of importers), never by mindmap/whiteboard/processflow/table.",
src/components/MyWork/DecisionDetailView.tsx,6049,"() => removeAlternativePro(alt.id, idx)",b,"[out-of-domain] File belongs to a MyWork feature outside the four Idea Workspace representations (mindmap/whiteboard/process_flow/table) that IDEA_ACTION_REGISTRY governs (E02 scope is toolbar/rail/inspector/PPM/keyboard/Teresa parity for those 4 tools only). Verified: zero matches for this file/feature in src/actions/ideaActionRegistry.ts, and the component is mounted only by Decision/Task/Notification/Focus/Inbox/Notebook/Program screens (checked via grep of importers), never by mindmap/whiteboard/processflow/table.",
src/components/MyWork/DecisionDetailView.tsx,6085,"() => addAlternativePro(alt.id, arg)",b,"[out-of-domain] File belongs to a MyWork feature outside the four Idea Workspace representations (mindmap/whiteboard/process_flow/table) that IDEA_ACTION_REGISTRY governs (E02 scope is toolbar/rail/inspector/PPM/keyboard/Teresa parity for those 4 tools only). Verified: zero matches for this file/feature in src/actions/ideaActionRegistry.ts, and the component is mounted only by Decision/Task/Notification/Focus/Inbox/Notebook/Program screens (checked via grep of importers), never by mindmap/whiteboard/processflow/table.",
src/components/MyWork/DecisionDetailView.tsx,6116,"() => removeAlternativeCon(alt.id, idx)",b,"[out-of-domain] File belongs to a MyWork feature outside the four Idea Workspace representations (mindmap/whiteboard/process_flow/table) that IDEA_ACTION_REGISTRY governs (E02 scope is toolbar/rail/inspector/PPM/keyboard/Teresa parity for those 4 tools only). Verified: zero matches for this file/feature in src/actions/ideaActionRegistry.ts, and the component is mounted only by Decision/Task/Notification/Focus/Inbox/Notebook/Program screens (checked via grep of importers), never by mindmap/whiteboard/processflow/table.",
src/components/MyWork/DecisionDetailView.tsx,6152,"() => addAlternativeCon(alt.id, arg)",b,"[out-of-domain] File belongs to a MyWork feature outside the four Idea Workspace representations (mindmap/whiteboard/process_flow/table) that IDEA_ACTION_REGISTRY governs (E02 scope is toolbar/rail/inspector/PPM/keyboard/Teresa parity for those 4 tools only). Verified: zero matches for this file/feature in src/actions/ideaActionRegistry.ts, and the component is mounted only by Decision/Task/Notification/Focus/Inbox/Notebook/Program screens (checked via grep of importers), never by mindmap/whiteboard/processflow/table.",
src/components/MyWork/DecisionDetailView.tsx,8826,() => handleDeleteAttachment(a.id),b,"[out-of-domain] File belongs to a MyWork feature outside the four Idea Workspace representations (mindmap/whiteboard/process_flow/table) that IDEA_ACTION_REGISTRY governs (E02 scope is toolbar/rail/inspector/PPM/keyboard/Teresa parity for those 4 tools only). Verified: zero matches for this file/feature in src/actions/ideaActionRegistry.ts, and the component is mounted only by Decision/Task/Notification/Focus/Inbox/Notebook/Program screens (checked via grep of importers), never by mindmap/whiteboard/processflow/table.",
src/components/MyWork/DecisionDetailView.tsx,8848,"() => handleAddLinkedItem({ id: Math.random().toString(36).substr(2, 9), type: 'task', tit…",b,"[out-of-domain] File belongs to a MyWork feature outside the four Idea Workspace representations (mindmap/whiteboard/process_flow/table) that IDEA_ACTION_REGISTRY governs (E02 scope is toolbar/rail/inspector/PPM/keyboard/Teresa parity for those 4 tools only). Verified: zero matches for this file/feature in src/actions/ideaActionRegistry.ts, and the component is mounted only by Decision/Task/Notification/Focus/Inbox/Notebook/Program screens (checked via grep of importers), never by mindmap/whiteboard/processflow/table.",
src/components/MyWork/DecisionDetailView.tsx,8913,() => handleRemoveLinkedItem(item),b,"[out-of-domain] File belongs to a MyWork feature outside the four Idea Workspace representations (mindmap/whiteboard/process_flow/table) that IDEA_ACTION_REGISTRY governs (E02 scope is toolbar/rail/inspector/PPM/keyboard/Teresa parity for those 4 tools only). Verified: zero matches for this file/feature in src/actions/ideaActionRegistry.ts, and the component is mounted only by Decision/Task/Notification/Focus/Inbox/Notebook/Program screens (checked via grep of importers), never by mindmap/whiteboard/processflow/table.",
src/components/MyWork/DecisionDetailView.tsx,8945,handleApprove,b,"[out-of-domain] File belongs to a MyWork feature outside the four Idea Workspace representations (mindmap/whiteboard/process_flow/table) that IDEA_ACTION_REGISTRY governs (E02 scope is toolbar/rail/inspector/PPM/keyboard/Teresa parity for those 4 tools only). Verified: zero matches for this file/feature in src/actions/ideaActionRegistry.ts, and the component is mounted only by Decision/Task/Notification/Focus/Inbox/Notebook/Program screens (checked via grep of importers), never by mindmap/whiteboard/processflow/table.",
src/components/MyWork/DecisionDetailView.tsx,8953,handleReject,b,"[out-of-domain] File belongs to a MyWork feature outside the four Idea Workspace representations (mindmap/whiteboard/process_flow/table) that IDEA_ACTION_REGISTRY governs (E02 scope is toolbar/rail/inspector/PPM/keyboard/Teresa parity for those 4 tools only). Verified: zero matches for this file/feature in src/actions/ideaActionRegistry.ts, and the component is mounted only by Decision/Task/Notification/Focus/Inbox/Notebook/Program screens (checked via grep of importers), never by mindmap/whiteboard/processflow/table.",
src/components/MyWork/DecisionDetailView.tsx,8960,handleRequestMoreInfo,b,"[out-of-domain] File belongs to a MyWork feature outside the four Idea Workspace representations (mindmap/whiteboard/process_flow/table) that IDEA_ACTION_REGISTRY governs (E02 scope is toolbar/rail/inspector/PPM/keyboard/Teresa parity for those 4 tools only). Verified: zero matches for this file/feature in src/actions/ideaActionRegistry.ts, and the component is mounted only by Decision/Task/Notification/Focus/Inbox/Notebook/Program screens (checked via grep of importers), never by mindmap/whiteboard/processflow/table.",
src/components/MyWork/Focus/FocusBoard.tsx,570,handleAISuggestion,b,"[out-of-domain] File belongs to a MyWork feature outside the four Idea Workspace representations (mindmap/whiteboard/process_flow/table) that IDEA_ACTION_REGISTRY governs (E02 scope is toolbar/rail/inspector/PPM/keyboard/Teresa parity for those 4 tools only). Verified: zero matches for this file/feature in src/actions/ideaActionRegistry.ts, and the component is mounted only by Decision/Task/Notification/Focus/Inbox/Notebook/Program screens (checked via grep of importers), never by mindmap/whiteboard/processflow/table.",
src/components/MyWork/Focus/FocusBoard.tsx,658,handleAISuggestion,b,"[out-of-domain] File belongs to a MyWork feature outside the four Idea Workspace representations (mindmap/whiteboard/process_flow/table) that IDEA_ACTION_REGISTRY governs (E02 scope is toolbar/rail/inspector/PPM/keyboard/Teresa parity for those 4 tools only). Verified: zero matches for this file/feature in src/actions/ideaActionRegistry.ts, and the component is mounted only by Decision/Task/Notification/Focus/Inbox/Notebook/Program screens (checked via grep of importers), never by mindmap/whiteboard/processflow/table.",
src/components/MyWork/Focus/FocusView.tsx,390,(e) => { e.stopPropagation(); onComplete(item); },b,"[out-of-domain] File belongs to a MyWork feature outside the four Idea Workspace representations (mindmap/whiteboard/process_flow/table) that IDEA_ACTION_REGISTRY governs (E02 scope is toolbar/rail/inspector/PPM/keyboard/Teresa parity for those 4 tools only). Verified: zero matches for this file/feature in src/actions/ideaActionRegistry.ts, and the component is mounted only by Decision/Task/Notification/Focus/Inbox/Notebook/Program screens (checked via grep of importers), never by mindmap/whiteboard/processflow/table.",
src/components/MyWork/Focus/FocusView.tsx,491,(e) => { e.stopPropagation(); onComplete(item); },b,"[out-of-domain] File belongs to a MyWork feature outside the four Idea Workspace representations (mindmap/whiteboard/process_flow/table) that IDEA_ACTION_REGISTRY governs (E02 scope is toolbar/rail/inspector/PPM/keyboard/Teresa parity for those 4 tools only). Verified: zero matches for this file/feature in src/actions/ideaActionRegistry.ts, and the component is mounted only by Decision/Task/Notification/Focus/Inbox/Notebook/Program screens (checked via grep of importers), never by mindmap/whiteboard/processflow/table.",
src/components/MyWork/Focus/FocusView.tsx,501,(e) => { e.stopPropagation(); onRemove(item); },b,"[out-of-domain] File belongs to a MyWork feature outside the four Idea Workspace representations (mindmap/whiteboard/process_flow/table) that IDEA_ACTION_REGISTRY governs (E02 scope is toolbar/rail/inspector/PPM/keyboard/Teresa parity for those 4 tools only). Verified: zero matches for this file/feature in src/actions/ideaActionRegistry.ts, and the component is mounted only by Decision/Task/Notification/Focus/Inbox/Notebook/Program screens (checked via grep of importers), never by mindmap/whiteboard/processflow/table.",
src/components/MyWork/Focus/FocusView.tsx,1876,() => handleComplete(selectedItem),b,"[out-of-domain] File belongs to a MyWork feature outside the four Idea Workspace representations (mindmap/whiteboard/process_flow/table) that IDEA_ACTION_REGISTRY governs (E02 scope is toolbar/rail/inspector/PPM/keyboard/Teresa parity for those 4 tools only). Verified: zero matches for this file/feature in src/actions/ideaActionRegistry.ts, and the component is mounted only by Decision/Task/Notification/Focus/Inbox/Notebook/Program screens (checked via grep of importers), never by mindmap/whiteboard/processflow/table.",
src/components/MyWork/Focus/FocusView.tsx,1911,() => handleRemoveFromFocus(selectedItem),b,"[out-of-domain] File belongs to a MyWork feature outside the four Idea Workspace representations (mindmap/whiteboard/process_flow/table) that IDEA_ACTION_REGISTRY governs (E02 scope is toolbar/rail/inspector/PPM/keyboard/Teresa parity for those 4 tools only). Verified: zero matches for this file/feature in src/actions/ideaActionRegistry.ts, and the component is mounted only by Decision/Task/Notification/Focus/Inbox/Notebook/Program screens (checked via grep of importers), never by mindmap/whiteboard/processflow/table.",
src/components/MyWork/FocusCockpit.tsx,260,() => onCreateTask(lane),b,"[out-of-domain] File belongs to a MyWork feature outside the four Idea Workspace representations (mindmap/whiteboard/process_flow/table) that IDEA_ACTION_REGISTRY governs (E02 scope is toolbar/rail/inspector/PPM/keyboard/Teresa parity for those 4 tools only). Verified: zero matches for this file/feature in src/actions/ideaActionRegistry.ts, and the component is mounted only by Decision/Task/Notification/Focus/Inbox/Notebook/Program screens (checked via grep of importers), never by mindmap/whiteboard/processflow/table.",
src/components/MyWork/IdeaAINudgeStrip.tsx,287,() => setDismissed((prev) => new Set(prev).add(nudge.id)),b,"[intentional-non-command] setDismissed((prev) => new Set(prev).add(nudge.id)) -- purely local dismiss of an AI nudge card (hides it from view), no persistence call. Same class as 'closing a popover'.",
src/components/MyWork/IdeaAISuggestionsPanel.tsx,532,() => handleSendToChat(sug.text),a,"[heuristic-false-negative] Callback prop forwarded from the leaf component to its owner (multi-line destructuring at the component signature, or a locally-named thin wrapper whose entire body is a single call to such a prop, individually confirmed by reading the function body). Same class the awk heuristic's Pass A2 already excludes for single-line destructuring -- the real mutation, if any, lives where the prop is bound by the parent, out of this file's scope by design.",
src/components/MyWork/IdeaAISuggestionsPanel.tsx,540,() => handleInsert(sug),a,"[heuristic-false-negative] Callback prop forwarded from the leaf component to its owner (multi-line destructuring at the component signature, or a locally-named thin wrapper whose entire body is a single call to such a prop, individually confirmed by reading the function body). Same class the awk heuristic's Pass A2 already excludes for single-line destructuring -- the real mutation, if any, lives where the prop is bound by the parent, out of this file's scope by design.",
src/components/MyWork/IdeaAISuggestionsPanel.tsx,593,() => onSendToChat(),a,"[heuristic-false-negative] Callback prop forwarded from the leaf component to its owner (multi-line destructuring at the component signature, or a locally-named thin wrapper whose entire body is a single call to such a prop, individually confirmed by reading the function body). Same class the awk heuristic's Pass A2 already excludes for single-line destructuring -- the real mutation, if any, lives where the prop is bound by the parent, out of this file's scope by design.",
src/components/MyWork/IdeaContextPanel.tsx,1256,() => handleInsert(item),a,"[heuristic-false-negative] Callback prop forwarded from the leaf component to its owner (multi-line destructuring at the component signature, or a locally-named thin wrapper whose entire body is a single call to such a prop, individually confirmed by reading the function body). Same class the awk heuristic's Pass A2 already excludes for single-line destructuring -- the real mutation, if any, lives where the prop is bound by the parent, out of this file's scope by design.",
src/components/MyWork/IdeaConvertMenu.tsx,97,() => { if (isSoon) return; setOpen(false); onConvert(target); },a,"[heuristic-false-negative] Callback prop forwarded from the leaf component to its owner (multi-line destructuring at the component signature, or a locally-named thin wrapper whose entire body is a single call to such a prop, individually confirmed by reading the function body). Same class the awk heuristic's Pass A2 already excludes for single-line destructuring -- the real mutation, if any, lives where the prop is bound by the parent, out of this file's scope by design.",
src/components/MyWork/IdeaExportMenu.tsx,838,() => handleExport(format.id),resolved,"[real-defect] Registry idea.export.open (ideaActionRegistry.ts ~L2913-2935) covers ONLY opening the export menu (mutates:false, dispatches open_export_menu). The actual per-format export click (handleExport -> recordExportRequest + real file generation) has no registry id of its own -- unlike the table.row.edit/mm_comments precedents, the idea.export.open comment does not say the interior action is deliberately excluded, and export is a real, distinct, file-producing command.",idea.export.file
src/components/MyWork/IdeaExportMenu.tsx,1045,() => { setExportError(null); exportJSON(); },resolved,[real-defect] Same gap as handleExport (line 838): exportJSON is a real per-format export action with no registry id; idea.export.open only covers opening the menu.,idea.export.file
src/components/MyWork/IdeaNodeDetailDrawer.tsx,889,() => handleRemoveTag(tag),a,"[heuristic-false-negative] Callback prop forwarded from the leaf component to its owner (multi-line destructuring at the component signature, or a locally-named thin wrapper whose entire body is a single call to such a prop, individually confirmed by reading the function body). Same class the awk heuristic's Pass A2 already excludes for single-line destructuring -- the real mutation, if any, lives where the prop is bound by the parent, out of this file's scope by design.",
src/components/MyWork/IdeaNodeDetailDrawer.tsx,1044,() => handleRemoveAttachment(att.id),a,"[heuristic-false-negative] Callback prop forwarded from the leaf component to its owner (multi-line destructuring at the component signature, or a locally-named thin wrapper whose entire body is a single call to such a prop, individually confirmed by reading the function body). Same class the awk heuristic's Pass A2 already excludes for single-line destructuring -- the real mutation, if any, lives where the prop is bound by the parent, out of this file's scope by design.",
src/components/MyWork/IdeaProcessFlowTool.tsx,3458,() => addNode(flowMode === 'vsm' ? 'vsm_process' : 'start'),resolved,"[duplicate-surface] Empty-state 'add first step' CTA calls the same local addNode(shape) function that registered action idea.element.add (runtime pf_add_step, ideaActionRegistry.ts ~L2692-2724) already reaches via useProcessFlowQuickActions.ts:158 handlers.addNode(...) (comment there names IdeaProcessFlowTool.addNode explicitly as the same function). [correction 2026-08-10] Originally suggested reuse target idea.element.add was DECLINED after verification: pf_add_step (idea.element.add's runtime for Process Flow) hardcodes shape 'action', while this CTA adds a 'start' node (or 'vsm_process' in VSM mode) -- a genuine shape mismatch, not a false negative. Wired to the new, purpose-built idea.view.pf_add_start instead.",idea.view.pf_add_start
src/components/MyWork/IdeaProposalReview.tsx,123,"() => { onRejectAll(); trackFunnelEvent('ideas_proposal_rejected', { tool: batch.tool, gen…",a,"[heuristic-false-negative] Callback prop forwarded from the leaf component to its owner (multi-line destructuring at the component signature, or a locally-named thin wrapper whose entire body is a single call to such a prop, individually confirmed by reading the function body). Same class the awk heuristic's Pass A2 already excludes for single-line destructuring -- the real mutation, if any, lives where the prop is bound by the parent, out of this file's scope by design.",
src/components/MyWork/IdeaRecommendationMap.tsx,6880,"(type) => { pushUndo(); setStructureType(type); const laid = applyStructureLayout(type, no…",resolved,"[real-defect] 'GAP-3: Map structure type' (source comments at L2883 and L6870 use that exact label). onSelect on StructurePickerPopover: pushUndo() + setStructureType + applyStructureLayout + setNodes -- a real, mutating, user-visible command (choose a Mind Map structure layout) with NO registry id anywhere (grep for structure_type/StructureType/StructurePicker in ideaActionRegistry.ts is empty). Its sibling command 'Auto-layout' IS registered as idea.view.auto_layout, showing the program already treats this class of action as registry-worthy.",idea.view.mm_structure_type (NOTE: not export/template despite task grouping -- neither produces a file nor a persistent record per canon ch.10 S1; sibling of idea.view.auto_layout)
src/components/MyWork/IdeaRecommendationMap.tsx,7123,() => { for (const pending of pendingInteractionsRef.current.values()) { window.clearTimeo…,b,"[intentional-non-command] Clears a dev-only debug entry log (debugEntriesRef, sessionStorage __mm_debug_v2) -- a developer-facing debug panel, not a product command visible to end users in normal operation.",
src/components/MyWork/IdeaScenesManager.tsx,153,() => { setExpanded(true); handleAddScene(); },a,"[heuristic-false-negative] Callback prop forwarded from the leaf component to its owner (multi-line destructuring at the component signature, or a locally-named thin wrapper whose entire body is a single call to such a prop, individually confirmed by reading the function body). Same class the awk heuristic's Pass A2 already excludes for single-line destructuring -- the real mutation, if any, lives where the prop is bound by the parent, out of this file's scope by design.",
src/components/MyWork/IdeaScenesManager.tsx,255,"(e) => { e.stopPropagation(); handleMoveScene(scene.id, 'up'); }",a,"[heuristic-false-negative] Callback prop forwarded from the leaf component to its owner (multi-line destructuring at the component signature, or a locally-named thin wrapper whose entire body is a single call to such a prop, individually confirmed by reading the function body). Same class the awk heuristic's Pass A2 already excludes for single-line destructuring -- the real mutation, if any, lives where the prop is bound by the parent, out of this file's scope by design.",
src/components/MyWork/IdeaScenesManager.tsx,266,"(e) => { e.stopPropagation(); handleMoveScene(scene.id, 'down'); }",a,"[heuristic-false-negative] Callback prop forwarded from the leaf component to its owner (multi-line destructuring at the component signature, or a locally-named thin wrapper whose entire body is a single call to such a prop, individually confirmed by reading the function body). Same class the awk heuristic's Pass A2 already excludes for single-line destructuring -- the real mutation, if any, lives where the prop is bound by the parent, out of this file's scope by design.",
src/components/MyWork/IdeaScenesManager.tsx,289,(e) => { e.stopPropagation(); handleDeleteScene(scene.id); },a,"[heuristic-false-negative] Callback prop forwarded from the leaf component to its owner (multi-line destructuring at the component signature, or a locally-named thin wrapper whose entire body is a single call to such a prop, individually confirmed by reading the function body). Same class the awk heuristic's Pass A2 already excludes for single-line destructuring -- the real mutation, if any, lives where the prop is bound by the parent, out of this file's scope by design.",
src/components/MyWork/IdeaTableTool.tsx,2500,() => applyView(v),resolved,"[duplicate-surface] Calls the same applyView(v) function that registered action idea.view.table_apply_view already covers from TableToolbar.tsx's view-tab onClick (ideaActionRegistry.ts ~L3787-3803, source line cites 'applyView(v)' verbatim). This is a second onClick in IdeaTableTool.tsx itself calling the identical function directly. [confirmed 2026-08-10] Genuine reuse verified: TableToolbar.tsx's platform-mode toolbar already routed through idea.view.table_apply_view for the identical applyView(v) call -- this legacy (!usePlatform) toolbar now wires the same call site through the same id via runTblLegacyToolbarAction.",idea.view.table_apply_view
src/components/MyWork/IdeaTableTool.tsx,2566,"() => { saveCurrentView(saveViewName.trim(), columns); setShowSaveViewDialog(false); }",resolved,[duplicate-surface] Calls the same saveCurrentView(...) function that registered action idea.view.table_save_view already covers from TableToolbar.tsx's 'Save view' dialog (ideaActionRegistry.ts ~L3806-3823). [confirmed 2026-08-10] Genuine reuse verified: TableToolbar.tsx's platform-mode toolbar already routed through idea.view.table_save_view for the identical saveCurrentView call -- this legacy (!usePlatform) toolbar now wires the same call site through the same id via runTblLegacyToolbarAction.,idea.view.table_save_view
src/components/MyWork/IdeaTableTool.tsx,3372,"() => { const csv = exportToCSV(_cols, effectiveNodes); downloadCSV(csv, `idea-${ideaId}.c…",resolved,"CLOSED 2026-08-10 (this session): wired via runTblLegacyToolbarAction('idea.export.table_csv', ...) at the same call site (IdeaTableTool.tsx, legacy !guidedBar inline toolbar). UI click still runs the original exportToCSV+downloadCSV body unchanged (ctx.source==='ui' + params.run path in runToolbarBusAction); Teresa path already existed via tbl_export_csv on useTableQuickActions.ts.",idea.export.table_csv
src/components/MyWork/IdeaTableTool.tsx,3382,"() => { copyTableToClipboard(_cols, effectiveNodes); toast.success(t('ideas.table.copied',…",resolved,"CLOSED 2026-08-10 (this session): wired via runTblLegacyToolbarAction('idea.table.copy_clipboard', ...) at the same call site. UI click still runs the original copyTableToClipboard+toast body unchanged; Teresa path already existed via tbl_copy_clipboard on useTableQuickActions.ts.",idea.table.copy_clipboard
src/components/MyWork/IdeaTableTool.tsx,3491,() => handleBulkConvert(bulkTarget),resolved,"[duplicate-surface] Calls the same handleBulkConvert(target) function that registered action idea.workspace.table_bulk_convert (ideaActionRegistry.ts ~L3939-3958) already covers via TableToolbar.tsx bulk-actions 'Convert' -> props.onBulkConvert -> handleBulkConvert. This is a second, internal call site inside IdeaTableTool.tsx calling the function directly (registry comment at this id even flags a pre-existing platform-mode bug in this same function). [confirmed 2026-08-10] Genuine reuse verified: TableToolbar.tsx's platform-mode toolbar already routed through idea.workspace.table_bulk_convert for the identical handleBulkConvert(bulkTarget) call -- this legacy (!usePlatform) toolbar now wires the same call site through the same id via runTblLegacyToolbarAction.",idea.workspace.table_bulk_convert
src/components/MyWork/IdeaTemplateGallery.tsx,2206,() => handleApply(template),resolved,"CLOSED 2026-08-10 (this session): confirmed both template-apply buttons call the SAME handleApply function with withAIFill as a second argument, not two distinct commands (L-06 evidence: identical confirm-before-overwrite gate, identical applyIdeaTemplate call). Wired via new runTemplateApplyAction(template, false) which calls runIdeaAction('idea.template.apply', ctx) with params.run=handleApply(template,false); IdeaTemplateGallery.tsx now imports the registry (the mirror-image of the registry's existing exception importing findIdeaTemplate from this file; safe circular reference, both sides only call the import inside runtime closures, never at module-eval time).",idea.template.apply
src/components/MyWork/IdeaTemplateGallery.tsx,2217,"() => handleApply(template, true)",resolved,"CLOSED 2026-08-10 (this session): same command as line 2206 (withAIFill=true is a parameter, not a second command -- see row above). Wired via runTemplateApplyAction(template, true), same id idea.template.apply, params.withAIFill=true.",idea.template.apply
src/components/MyWork/IdeaTeresaSection.tsx,135,() => runCommand(cmd),a,"[heuristic-false-negative] Callback prop forwarded from the leaf component to its owner (multi-line destructuring at the component signature, or a locally-named thin wrapper whose entire body is a single call to such a prop, individually confirmed by reading the function body). Same class the awk heuristic's Pass A2 already excludes for single-line destructuring -- the real mutation, if any, lives where the prop is bound by the parent, out of this file's scope by design.",
src/components/MyWork/IdeaWorkspaceTools.tsx,1420,() => !isSoon && onConvert(id),a,"[heuristic-false-negative] Callback prop forwarded from the leaf component to its owner (multi-line destructuring at the component signature, or a locally-named thin wrapper whose entire body is a single call to such a prop, individually confirmed by reading the function body). Same class the awk heuristic's Pass A2 already excludes for single-line destructuring -- the real mutation, if any, lives where the prop is bound by the parent, out of this file's scope by design.",
src/components/MyWork/Inbox/InboxTriage.tsx,540,() => handleBulkTriage(ta.action),b,"[out-of-domain] File belongs to a MyWork feature outside the four Idea Workspace representations (mindmap/whiteboard/process_flow/table) that IDEA_ACTION_REGISTRY governs (E02 scope is toolbar/rail/inspector/PPM/keyboard/Teresa parity for those 4 tools only). Verified: zero matches for this file/feature in src/actions/ideaActionRegistry.ts, and the component is mounted only by Decision/Task/Notification/Focus/Inbox/Notebook/Program screens (checked via grep of importers), never by mindmap/whiteboard/processflow/table.",
src/components/MyWork/Inbox/InboxTriage.tsx,567,toggleSelect,b,"[out-of-domain] File belongs to a MyWork feature outside the four Idea Workspace representations (mindmap/whiteboard/process_flow/table) that IDEA_ACTION_REGISTRY governs (E02 scope is toolbar/rail/inspector/PPM/keyboard/Teresa parity for those 4 tools only). Verified: zero matches for this file/feature in src/actions/ideaActionRegistry.ts, and the component is mounted only by Decision/Task/Notification/Focus/Inbox/Notebook/Program screens (checked via grep of importers), never by mindmap/whiteboard/processflow/table.",
src/components/MyWork/InboxContent.tsx,3314,(e) => { e.stopPropagation(); if (groupKey) setExpandedGroups((prev) => { const next = new…,b,"[out-of-domain] File belongs to a MyWork feature outside the four Idea Workspace representations (mindmap/whiteboard/process_flow/table) that IDEA_ACTION_REGISTRY governs (E02 scope is toolbar/rail/inspector/PPM/keyboard/Teresa parity for those 4 tools only). Verified: zero matches for this file/feature in src/actions/ideaActionRegistry.ts, and the component is mounted only by Decision/Task/Notification/Focus/Inbox/Notebook/Program screens (checked via grep of importers), never by mindmap/whiteboard/processflow/table.",
src/components/MyWork/InboxContent.tsx,3922,(e) => { e.stopPropagation(); setExpandedGroups((prev) => { const next = new Set(prev); if…,b,"[out-of-domain] File belongs to a MyWork feature outside the four Idea Workspace representations (mindmap/whiteboard/process_flow/table) that IDEA_ACTION_REGISTRY governs (E02 scope is toolbar/rail/inspector/PPM/keyboard/Teresa parity for those 4 tools only). Verified: zero matches for this file/feature in src/actions/ideaActionRegistry.ts, and the component is mounted only by Decision/Task/Notification/Focus/Inbox/Notebook/Program screens (checked via grep of importers), never by mindmap/whiteboard/processflow/table.",
src/components/MyWork/InboxContent.tsx,3980,() => setCollapsedSections((prev) => { const next = new Set(prev); if (next.has(section.id…,b,"[out-of-domain] File belongs to a MyWork feature outside the four Idea Workspace representations (mindmap/whiteboard/process_flow/table) that IDEA_ACTION_REGISTRY governs (E02 scope is toolbar/rail/inspector/PPM/keyboard/Teresa parity for those 4 tools only). Verified: zero matches for this file/feature in src/actions/ideaActionRegistry.ts, and the component is mounted only by Decision/Task/Notification/Focus/Inbox/Notebook/Program screens (checked via grep of importers), never by mindmap/whiteboard/processflow/table.",
src/components/MyWork/MyIdeasListContent.tsx,1609,() => handleConvert(target),b,"[intentional-non-command] handleConvert is wired from the My Ideas LIST screen's row kebab (source comment: 'the row kebab (IdeasTableContent.tsx ""output"" zone) ... passes these through onConvertIdeaToTarget'). This is a List/Triada row-kebab action (StandardTable row menu), not an Idea Workspace canvas surface -- outside IDEA_ACTION_REGISTRY/E02 scope (toolbar/rail/inspector/PPM/keyboard for the 4 open-canvas tools). Governed instead by the List canon's own row-action convention, which this coverage script does not audit.",
src/components/MyWork/MyTasksListContent.tsx,3126,handleSelectTask,b,"[out-of-domain] File belongs to a MyWork feature outside the four Idea Workspace representations (mindmap/whiteboard/process_flow/table) that IDEA_ACTION_REGISTRY governs (E02 scope is toolbar/rail/inspector/PPM/keyboard/Teresa parity for those 4 tools only). Verified: zero matches for this file/feature in src/actions/ideaActionRegistry.ts, and the component is mounted only by Decision/Task/Notification/Focus/Inbox/Notebook/Program screens (checked via grep of importers), never by mindmap/whiteboard/processflow/table.",
src/components/MyWork/MyTasksListContent.tsx,3168,handleBulkChangePriority,b,"[out-of-domain] File belongs to a MyWork feature outside the four Idea Workspace representations (mindmap/whiteboard/process_flow/table) that IDEA_ACTION_REGISTRY governs (E02 scope is toolbar/rail/inspector/PPM/keyboard/Teresa parity for those 4 tools only). Verified: zero matches for this file/feature in src/actions/ideaActionRegistry.ts, and the component is mounted only by Decision/Task/Notification/Focus/Inbox/Notebook/Program screens (checked via grep of importers), never by mindmap/whiteboard/processflow/table.",
src/components/MyWork/MyTasksListContent.tsx,3174,handleBulkChangeDate,b,"[out-of-domain] File belongs to a MyWork feature outside the four Idea Workspace representations (mindmap/whiteboard/process_flow/table) that IDEA_ACTION_REGISTRY governs (E02 scope is toolbar/rail/inspector/PPM/keyboard/Teresa parity for those 4 tools only). Verified: zero matches for this file/feature in src/actions/ideaActionRegistry.ts, and the component is mounted only by Decision/Task/Notification/Focus/Inbox/Notebook/Program screens (checked via grep of importers), never by mindmap/whiteboard/processflow/table.",
src/components/MyWork/MyWorkHub.tsx,3229,() => bulk?.complete()} className={MENU_3_ACTION_NEUTRAL}>,b,"[out-of-domain] File belongs to a MyWork feature outside the four Idea Workspace representations (mindmap/whiteboard/process_flow/table) that IDEA_ACTION_REGISTRY governs (E02 scope is toolbar/rail/inspector/PPM/keyboard/Teresa parity for those 4 tools only). Verified: zero matches for this file/feature in src/actions/ideaActionRegistry.ts, and the component is mounted only by Decision/Task/Notification/Focus/Inbox/Notebook/Program screens (checked via grep of importers), never by mindmap/whiteboard/processflow/table.",
src/components/MyWork/MyWorkHub.tsx,3233,() => bulk?.deleteSelected()} className={MENU_3_ACTION_DANGER}>,b,"[out-of-domain] File belongs to a MyWork feature outside the four Idea Workspace representations (mindmap/whiteboard/process_flow/table) that IDEA_ACTION_REGISTRY governs (E02 scope is toolbar/rail/inspector/PPM/keyboard/Teresa parity for those 4 tools only). Verified: zero matches for this file/feature in src/actions/ideaActionRegistry.ts, and the component is mounted only by Decision/Task/Notification/Focus/Inbox/Notebook/Program screens (checked via grep of importers), never by mindmap/whiteboard/processflow/table.",
src/components/MyWork/MyWorkHub.tsx,3412,() => applyInboxPreset(isActive ? 'all' : p.id),b,"[out-of-domain] File belongs to a MyWork feature outside the four Idea Workspace representations (mindmap/whiteboard/process_flow/table) that IDEA_ACTION_REGISTRY governs (E02 scope is toolbar/rail/inspector/PPM/keyboard/Teresa parity for those 4 tools only). Verified: zero matches for this file/feature in src/actions/ideaActionRegistry.ts, and the component is mounted only by Decision/Task/Notification/Focus/Inbox/Notebook/Program screens (checked via grep of importers), never by mindmap/whiteboard/processflow/table.",
src/components/MyWork/MyWorkHub.tsx,3605,() => bulk?.convert()} className={MENU_3_ACTION_NEUTRAL}>,b,"[out-of-domain] File belongs to a MyWork feature outside the four Idea Workspace representations (mindmap/whiteboard/process_flow/table) that IDEA_ACTION_REGISTRY governs (E02 scope is toolbar/rail/inspector/PPM/keyboard/Teresa parity for those 4 tools only). Verified: zero matches for this file/feature in src/actions/ideaActionRegistry.ts, and the component is mounted only by Decision/Task/Notification/Focus/Inbox/Notebook/Program screens (checked via grep of importers), never by mindmap/whiteboard/processflow/table.",
src/components/MyWork/MyWorkHub.tsx,3613,() => bulk?.deleteSelected()} className={MENU_3_ACTION_DANGER}>,b,"[out-of-domain] File belongs to a MyWork feature outside the four Idea Workspace representations (mindmap/whiteboard/process_flow/table) that IDEA_ACTION_REGISTRY governs (E02 scope is toolbar/rail/inspector/PPM/keyboard/Teresa parity for those 4 tools only). Verified: zero matches for this file/feature in src/actions/ideaActionRegistry.ts, and the component is mounted only by Decision/Task/Notification/Focus/Inbox/Notebook/Program screens (checked via grep of importers), never by mindmap/whiteboard/processflow/table.",
src/components/MyWork/NotebookContent.tsx,3404,() => handleRemoveTag(tag),b,"[out-of-domain] File belongs to a MyWork feature outside the four Idea Workspace representations (mindmap/whiteboard/process_flow/table) that IDEA_ACTION_REGISTRY governs (E02 scope is toolbar/rail/inspector/PPM/keyboard/Teresa parity for those 4 tools only). Verified: zero matches for this file/feature in src/actions/ideaActionRegistry.ts, and the component is mounted only by Decision/Task/Notification/Focus/Inbox/Notebook/Program screens (checked via grep of importers), never by mindmap/whiteboard/processflow/table.",
src/components/MyWork/NotebookContent.tsx,3442,() => void handleDownloadSourceFile(),b,"[out-of-domain] File belongs to a MyWork feature outside the four Idea Workspace representations (mindmap/whiteboard/process_flow/table) that IDEA_ACTION_REGISTRY governs (E02 scope is toolbar/rail/inspector/PPM/keyboard/Teresa parity for those 4 tools only). Verified: zero matches for this file/feature in src/actions/ideaActionRegistry.ts, and the component is mounted only by Decision/Task/Notification/Focus/Inbox/Notebook/Program screens (checked via grep of importers), never by mindmap/whiteboard/processflow/table.",
src/components/MyWork/NotebookContent.tsx,4203,() => void handleConfirmOutlineDraft(),b,"[out-of-domain] File belongs to a MyWork feature outside the four Idea Workspace representations (mindmap/whiteboard/process_flow/table) that IDEA_ACTION_REGISTRY governs (E02 scope is toolbar/rail/inspector/PPM/keyboard/Teresa parity for those 4 tools only). Verified: zero matches for this file/feature in src/actions/ideaActionRegistry.ts, and the component is mounted only by Decision/Task/Notification/Focus/Inbox/Notebook/Program screens (checked via grep of importers), never by mindmap/whiteboard/processflow/table.",
src/components/MyWork/NotebookLibraryContent.tsx,629,() => void handleSave(),b,"[out-of-domain] File belongs to a MyWork feature outside the four Idea Workspace representations (mindmap/whiteboard/process_flow/table) that IDEA_ACTION_REGISTRY governs (E02 scope is toolbar/rail/inspector/PPM/keyboard/Teresa parity for those 4 tools only). Verified: zero matches for this file/feature in src/actions/ideaActionRegistry.ts, and the component is mounted only by Decision/Task/Notification/Focus/Inbox/Notebook/Program screens (checked via grep of importers), never by mindmap/whiteboard/processflow/table.",
src/components/MyWork/NotificationDetailView.tsx,2215,() => handleDeleteComment(comment.id),b,"[out-of-domain] File belongs to a MyWork feature outside the four Idea Workspace representations (mindmap/whiteboard/process_flow/table) that IDEA_ACTION_REGISTRY governs (E02 scope is toolbar/rail/inspector/PPM/keyboard/Teresa parity for those 4 tools only). Verified: zero matches for this file/feature in src/actions/ideaActionRegistry.ts, and the component is mounted only by Decision/Task/Notification/Focus/Inbox/Notebook/Program screens (checked via grep of importers), never by mindmap/whiteboard/processflow/table.",
src/components/MyWork/NotificationDetailView.tsx,2323,loadActivityLog,b,"[out-of-domain] File belongs to a MyWork feature outside the four Idea Workspace representations (mindmap/whiteboard/process_flow/table) that IDEA_ACTION_REGISTRY governs (E02 scope is toolbar/rail/inspector/PPM/keyboard/Teresa parity for those 4 tools only). Verified: zero matches for this file/feature in src/actions/ideaActionRegistry.ts, and the component is mounted only by Decision/Task/Notification/Focus/Inbox/Notebook/Program screens (checked via grep of importers), never by mindmap/whiteboard/processflow/table.",
src/components/MyWork/NotificationDetailView.tsx,4076,handleDelete,b,"[out-of-domain] File belongs to a MyWork feature outside the four Idea Workspace representations (mindmap/whiteboard/process_flow/table) that IDEA_ACTION_REGISTRY governs (E02 scope is toolbar/rail/inspector/PPM/keyboard/Teresa parity for those 4 tools only). Verified: zero matches for this file/feature in src/actions/ideaActionRegistry.ts, and the component is mounted only by Decision/Task/Notification/Focus/Inbox/Notebook/Program screens (checked via grep of importers), never by mindmap/whiteboard/processflow/table.",
src/components/MyWork/NotificationSettings.tsx,245,saveSettings,b,"[out-of-domain] File belongs to a MyWork feature outside the four Idea Workspace representations (mindmap/whiteboard/process_flow/table) that IDEA_ACTION_REGISTRY governs (E02 scope is toolbar/rail/inspector/PPM/keyboard/Teresa parity for those 4 tools only). Verified: zero matches for this file/feature in src/actions/ideaActionRegistry.ts, and the component is mounted only by Decision/Task/Notification/Focus/Inbox/Notebook/Program screens (checked via grep of importers), never by mindmap/whiteboard/processflow/table.",
src/components/MyWork/NotificationSettings.tsx,435,saveSettings,b,"[out-of-domain] File belongs to a MyWork feature outside the four Idea Workspace representations (mindmap/whiteboard/process_flow/table) that IDEA_ACTION_REGISTRY governs (E02 scope is toolbar/rail/inspector/PPM/keyboard/Teresa parity for those 4 tools only). Verified: zero matches for this file/feature in src/actions/ideaActionRegistry.ts, and the component is mounted only by Decision/Task/Notification/Focus/Inbox/Notebook/Program screens (checked via grep of importers), never by mindmap/whiteboard/processflow/table.",
src/components/MyWork/Notifications/NotificationCenter.tsx,251,(e) => { e.stopPropagation(); onDelete(notification.id); },b,"[out-of-domain] File belongs to a MyWork feature outside the four Idea Workspace representations (mindmap/whiteboard/process_flow/table) that IDEA_ACTION_REGISTRY governs (E02 scope is toolbar/rail/inspector/PPM/keyboard/Teresa parity for those 4 tools only). Verified: zero matches for this file/feature in src/actions/ideaActionRegistry.ts, and the component is mounted only by Decision/Task/Notification/Focus/Inbox/Notebook/Program screens (checked via grep of importers), never by mindmap/whiteboard/processflow/table.",
src/components/MyWork/Notifications/NotificationCenter.tsx,515,handleMarkAllRead,b,"[out-of-domain] File belongs to a MyWork feature outside the four Idea Workspace representations (mindmap/whiteboard/process_flow/table) that IDEA_ACTION_REGISTRY governs (E02 scope is toolbar/rail/inspector/PPM/keyboard/Teresa parity for those 4 tools only). Verified: zero matches for this file/feature in src/actions/ideaActionRegistry.ts, and the component is mounted only by Decision/Task/Notification/Focus/Inbox/Notebook/Program screens (checked via grep of importers), never by mindmap/whiteboard/processflow/table.",
src/components/MyWork/Notifications/NotificationQuickActions.tsx,184,(e) => { e.stopPropagation(); onApprove(); },b,"[out-of-domain] File belongs to a MyWork feature outside the four Idea Workspace representations (mindmap/whiteboard/process_flow/table) that IDEA_ACTION_REGISTRY governs (E02 scope is toolbar/rail/inspector/PPM/keyboard/Teresa parity for those 4 tools only). Verified: zero matches for this file/feature in src/actions/ideaActionRegistry.ts, and the component is mounted only by Decision/Task/Notification/Focus/Inbox/Notebook/Program screens (checked via grep of importers), never by mindmap/whiteboard/processflow/table.",
src/components/MyWork/Notifications/NotificationQuickActions.tsx,195,(e) => { e.stopPropagation(); onReject(); },b,"[out-of-domain] File belongs to a MyWork feature outside the four Idea Workspace representations (mindmap/whiteboard/process_flow/table) that IDEA_ACTION_REGISTRY governs (E02 scope is toolbar/rail/inspector/PPM/keyboard/Teresa parity for those 4 tools only). Verified: zero matches for this file/feature in src/actions/ideaActionRegistry.ts, and the component is mounted only by Decision/Task/Notification/Focus/Inbox/Notebook/Program screens (checked via grep of importers), never by mindmap/whiteboard/processflow/table.",
src/components/MyWork/Notifications/NotificationQuickActions.tsx,214,(e) => { e.stopPropagation(); onApplyRecommendation(); },b,"[out-of-domain] File belongs to a MyWork feature outside the four Idea Workspace representations (mindmap/whiteboard/process_flow/table) that IDEA_ACTION_REGISTRY governs (E02 scope is toolbar/rail/inspector/PPM/keyboard/Teresa parity for those 4 tools only). Verified: zero matches for this file/feature in src/actions/ideaActionRegistry.ts, and the component is mounted only by Decision/Task/Notification/Focus/Inbox/Notebook/Program screens (checked via grep of importers), never by mindmap/whiteboard/processflow/table.",
src/components/MyWork/Notifications/NotificationQuickActions.tsx,367,(e) => { e.stopPropagation(); onDelete(); },b,"[out-of-domain] File belongs to a MyWork feature outside the four Idea Workspace representations (mindmap/whiteboard/process_flow/table) that IDEA_ACTION_REGISTRY governs (E02 scope is toolbar/rail/inspector/PPM/keyboard/Teresa parity for those 4 tools only). Verified: zero matches for this file/feature in src/actions/ideaActionRegistry.ts, and the component is mounted only by Decision/Task/Notification/Focus/Inbox/Notebook/Program screens (checked via grep of importers), never by mindmap/whiteboard/processflow/table.",
src/components/MyWork/NotificationsContent.tsx,1377,handleSelectNotification,b,"[out-of-domain] File belongs to a MyWork feature outside the four Idea Workspace representations (mindmap/whiteboard/process_flow/table) that IDEA_ACTION_REGISTRY governs (E02 scope is toolbar/rail/inspector/PPM/keyboard/Teresa parity for those 4 tools only). Verified: zero matches for this file/feature in src/actions/ideaActionRegistry.ts, and the component is mounted only by Decision/Task/Notification/Focus/Inbox/Notebook/Program screens (checked via grep of importers), never by mindmap/whiteboard/processflow/table.",
src/components/MyWork/NotificationsContent.tsx,1398,handleSelectNotification,b,"[out-of-domain] File belongs to a MyWork feature outside the four Idea Workspace representations (mindmap/whiteboard/process_flow/table) that IDEA_ACTION_REGISTRY governs (E02 scope is toolbar/rail/inspector/PPM/keyboard/Teresa parity for those 4 tools only). Verified: zero matches for this file/feature in src/actions/ideaActionRegistry.ts, and the component is mounted only by Decision/Task/Notification/Focus/Inbox/Notebook/Program screens (checked via grep of importers), never by mindmap/whiteboard/processflow/table.",
src/components/MyWork/NotificationsHub.tsx,822,handleMarkAllRead,b,"[out-of-domain] File belongs to a MyWork feature outside the four Idea Workspace representations (mindmap/whiteboard/process_flow/table) that IDEA_ACTION_REGISTRY governs (E02 scope is toolbar/rail/inspector/PPM/keyboard/Teresa parity for those 4 tools only). Verified: zero matches for this file/feature in src/actions/ideaActionRegistry.ts, and the component is mounted only by Decision/Task/Notification/Focus/Inbox/Notebook/Program screens (checked via grep of importers), never by mindmap/whiteboard/processflow/table.",
src/components/MyWork/NotificationsHub.tsx,1119,(e) => { e.stopPropagation(); handleDelete(notification.id); },b,"[out-of-domain] File belongs to a MyWork feature outside the four Idea Workspace representations (mindmap/whiteboard/process_flow/table) that IDEA_ACTION_REGISTRY governs (E02 scope is toolbar/rail/inspector/PPM/keyboard/Teresa parity for those 4 tools only). Verified: zero matches for this file/feature in src/actions/ideaActionRegistry.ts, and the component is mounted only by Decision/Task/Notification/Focus/Inbox/Notebook/Program screens (checked via grep of importers), never by mindmap/whiteboard/processflow/table.",
src/components/MyWork/NotificationsHub.tsx,1203,handleSubmitNewNotification,b,"[out-of-domain] File belongs to a MyWork feature outside the four Idea Workspace representations (mindmap/whiteboard/process_flow/table) that IDEA_ACTION_REGISTRY governs (E02 scope is toolbar/rail/inspector/PPM/keyboard/Teresa parity for those 4 tools only). Verified: zero matches for this file/feature in src/actions/ideaActionRegistry.ts, and the component is mounted only by Decision/Task/Notification/Focus/Inbox/Notebook/Program screens (checked via grep of importers), never by mindmap/whiteboard/processflow/table.",
src/components/MyWork/TaskDetailModal.tsx,366,() => removeChecklistItem(item.id),b,"[out-of-domain] File belongs to a MyWork feature outside the four Idea Workspace representations (mindmap/whiteboard/process_flow/table) that IDEA_ACTION_REGISTRY governs (E02 scope is toolbar/rail/inspector/PPM/keyboard/Teresa parity for those 4 tools only). Verified: zero matches for this file/feature in src/actions/ideaActionRegistry.ts, and the component is mounted only by Decision/Task/Notification/Focus/Inbox/Notebook/Program screens (checked via grep of importers), never by mindmap/whiteboard/processflow/table.",
src/components/MyWork/TaskDetailModal.tsx,432,handleSave,b,"[out-of-domain] File belongs to a MyWork feature outside the four Idea Workspace representations (mindmap/whiteboard/process_flow/table) that IDEA_ACTION_REGISTRY governs (E02 scope is toolbar/rail/inspector/PPM/keyboard/Teresa parity for those 4 tools only). Verified: zero matches for this file/feature in src/actions/ideaActionRegistry.ts, and the component is mounted only by Decision/Task/Notification/Focus/Inbox/Notebook/Program screens (checked via grep of importers), never by mindmap/whiteboard/processflow/table.",
src/components/MyWork/TaskDetailView.tsx,3486,() => removeChecklistItem(item.id),b,"[out-of-domain] File belongs to a MyWork feature outside the four Idea Workspace representations (mindmap/whiteboard/process_flow/table) that IDEA_ACTION_REGISTRY governs (E02 scope is toolbar/rail/inspector/PPM/keyboard/Teresa parity for those 4 tools only). Verified: zero matches for this file/feature in src/actions/ideaActionRegistry.ts, and the component is mounted only by Decision/Task/Notification/Focus/Inbox/Notebook/Program screens (checked via grep of importers), never by mindmap/whiteboard/processflow/table.",
src/components/MyWork/TaskDetailView.tsx,5152,"() => { const old = status; setStatus('done'); addActivityLogEntry( 'status_change', t('my…",b,"[out-of-domain] File belongs to a MyWork feature outside the four Idea Workspace representations (mindmap/whiteboard/process_flow/table) that IDEA_ACTION_REGISTRY governs (E02 scope is toolbar/rail/inspector/PPM/keyboard/Teresa parity for those 4 tools only). Verified: zero matches for this file/feature in src/actions/ideaActionRegistry.ts, and the component is mounted only by Decision/Task/Notification/Focus/Inbox/Notebook/Program screens (checked via grep of importers), never by mindmap/whiteboard/processflow/table.",
src/components/MyWork/TaskDetailView.tsx,5170,"() => { const old = status; setStatus('blocked'); addActivityLogEntry( 'status_change', t(…",b,"[out-of-domain] File belongs to a MyWork feature outside the four Idea Workspace representations (mindmap/whiteboard/process_flow/table) that IDEA_ACTION_REGISTRY governs (E02 scope is toolbar/rail/inspector/PPM/keyboard/Teresa parity for those 4 tools only). Verified: zero matches for this file/feature in src/actions/ideaActionRegistry.ts, and the component is mounted only by Decision/Task/Notification/Focus/Inbox/Notebook/Program screens (checked via grep of importers), never by mindmap/whiteboard/processflow/table.",
src/components/MyWork/TaskDetailView.tsx,5670,generateAIChecklist,b,"[out-of-domain] File belongs to a MyWork feature outside the four Idea Workspace representations (mindmap/whiteboard/process_flow/table) that IDEA_ACTION_REGISTRY governs (E02 scope is toolbar/rail/inspector/PPM/keyboard/Teresa parity for those 4 tools only). Verified: zero matches for this file/feature in src/actions/ideaActionRegistry.ts, and the component is mounted only by Decision/Task/Notification/Focus/Inbox/Notebook/Program screens (checked via grep of importers), never by mindmap/whiteboard/processflow/table.",
src/components/MyWork/TaskDetailView.tsx,6683,() => void handleSave(),b,"[out-of-domain] File belongs to a MyWork feature outside the four Idea Workspace representations (mindmap/whiteboard/process_flow/table) that IDEA_ACTION_REGISTRY governs (E02 scope is toolbar/rail/inspector/PPM/keyboard/Teresa parity for those 4 tools only). Verified: zero matches for this file/feature in src/actions/ideaActionRegistry.ts, and the component is mounted only by Decision/Task/Notification/Focus/Inbox/Notebook/Program screens (checked via grep of importers), never by mindmap/whiteboard/processflow/table.",
src/components/MyWork/TaskDetailView.tsx,6740,(e) => { e.stopPropagation(); generateAIDescription(); },b,"[out-of-domain] File belongs to a MyWork feature outside the four Idea Workspace representations (mindmap/whiteboard/process_flow/table) that IDEA_ACTION_REGISTRY governs (E02 scope is toolbar/rail/inspector/PPM/keyboard/Teresa parity for those 4 tools only). Verified: zero matches for this file/feature in src/actions/ideaActionRegistry.ts, and the component is mounted only by Decision/Task/Notification/Focus/Inbox/Notebook/Program screens (checked via grep of importers), never by mindmap/whiteboard/processflow/table.",
src/components/MyWork/TaskDetailView.tsx,6828,(e) => { e.stopPropagation(); generateAIOutcome(); },b,"[out-of-domain] File belongs to a MyWork feature outside the four Idea Workspace representations (mindmap/whiteboard/process_flow/table) that IDEA_ACTION_REGISTRY governs (E02 scope is toolbar/rail/inspector/PPM/keyboard/Teresa parity for those 4 tools only). Verified: zero matches for this file/feature in src/actions/ideaActionRegistry.ts, and the component is mounted only by Decision/Task/Notification/Focus/Inbox/Notebook/Program screens (checked via grep of importers), never by mindmap/whiteboard/processflow/table.",
src/components/MyWork/TaskDetailView.tsx,7077,"async () => { // Optimistically remove from UI, then persist the unlink. const prev = rela…",b,"[out-of-domain] File belongs to a MyWork feature outside the four Idea Workspace representations (mindmap/whiteboard/process_flow/table) that IDEA_ACTION_REGISTRY governs (E02 scope is toolbar/rail/inspector/PPM/keyboard/Teresa parity for those 4 tools only). Verified: zero matches for this file/feature in src/actions/ideaActionRegistry.ts, and the component is mounted only by Decision/Task/Notification/Focus/Inbox/Notebook/Program screens (checked via grep of importers), never by mindmap/whiteboard/processflow/table.",
src/components/MyWork/TaskDetailView.tsx,7227,async () => { if (!newDecisionTitle.trim()) { toast.error( t( 'myWork.taskDetail.enterDeci…,b,"[out-of-domain] File belongs to a MyWork feature outside the four Idea Workspace representations (mindmap/whiteboard/process_flow/table) that IDEA_ACTION_REGISTRY governs (E02 scope is toolbar/rail/inspector/PPM/keyboard/Teresa parity for those 4 tools only). Verified: zero matches for this file/feature in src/actions/ideaActionRegistry.ts, and the component is mounted only by Decision/Task/Notification/Focus/Inbox/Notebook/Program screens (checked via grep of importers), never by mindmap/whiteboard/processflow/table.",
src/components/MyWork/TaskDetailView.tsx,7392,"async () => { if (!taskId) { toast.error( t( 'myWork.taskDetail.saveTheTaskFirst2', 'Save …",b,"[out-of-domain] File belongs to a MyWork feature outside the four Idea Workspace representations (mindmap/whiteboard/process_flow/table) that IDEA_ACTION_REGISTRY governs (E02 scope is toolbar/rail/inspector/PPM/keyboard/Teresa parity for those 4 tools only). Verified: zero matches for this file/feature in src/actions/ideaActionRegistry.ts, and the component is mounted only by Decision/Task/Notification/Focus/Inbox/Notebook/Program screens (checked via grep of importers), never by mindmap/whiteboard/processflow/table.",
src/components/MyWork/TaskDetailView.tsx,7588,(e) => { e.stopPropagation(); generateAIChecklist(); },b,"[out-of-domain] File belongs to a MyWork feature outside the four Idea Workspace representations (mindmap/whiteboard/process_flow/table) that IDEA_ACTION_REGISTRY governs (E02 scope is toolbar/rail/inspector/PPM/keyboard/Teresa parity for those 4 tools only). Verified: zero matches for this file/feature in src/actions/ideaActionRegistry.ts, and the component is mounted only by Decision/Task/Notification/Focus/Inbox/Notebook/Program screens (checked via grep of importers), never by mindmap/whiteboard/processflow/table.",
src/components/MyWork/TaskDetailView.tsx,7669,() => removeChecklistItem(item.id),b,"[out-of-domain] File belongs to a MyWork feature outside the four Idea Workspace representations (mindmap/whiteboard/process_flow/table) that IDEA_ACTION_REGISTRY governs (E02 scope is toolbar/rail/inspector/PPM/keyboard/Teresa parity for those 4 tools only). Verified: zero matches for this file/feature in src/actions/ideaActionRegistry.ts, and the component is mounted only by Decision/Task/Notification/Focus/Inbox/Notebook/Program screens (checked via grep of importers), never by mindmap/whiteboard/processflow/table.",
src/components/MyWork/TaskDetailView.tsx,8322,() => removeTag(tag),b,"[out-of-domain] File belongs to a MyWork feature outside the four Idea Workspace representations (mindmap/whiteboard/process_flow/table) that IDEA_ACTION_REGISTRY governs (E02 scope is toolbar/rail/inspector/PPM/keyboard/Teresa parity for those 4 tools only). Verified: zero matches for this file/feature in src/actions/ideaActionRegistry.ts, and the component is mounted only by Decision/Task/Notification/Focus/Inbox/Notebook/Program screens (checked via grep of importers), never by mindmap/whiteboard/processflow/table.",
src/components/MyWork/Tasks/TaskFiltersBar.tsx,488,() => onDeletePreset(preset.id),b,"[out-of-domain] File belongs to a MyWork feature outside the four Idea Workspace representations (mindmap/whiteboard/process_flow/table) that IDEA_ACTION_REGISTRY governs (E02 scope is toolbar/rail/inspector/PPM/keyboard/Teresa parity for those 4 tools only). Verified: zero matches for this file/feature in src/actions/ideaActionRegistry.ts, and the component is mounted only by Decision/Task/Notification/Focus/Inbox/Notebook/Program screens (checked via grep of importers), never by mindmap/whiteboard/processflow/table.",
src/components/MyWork/Tasks/TaskFiltersBar.tsx,535,handleSavePreset,b,"[out-of-domain] File belongs to a MyWork feature outside the four Idea Workspace representations (mindmap/whiteboard/process_flow/table) that IDEA_ACTION_REGISTRY governs (E02 scope is toolbar/rail/inspector/PPM/keyboard/Teresa parity for those 4 tools only). Verified: zero matches for this file/feature in src/actions/ideaActionRegistry.ts, and the component is mounted only by Decision/Task/Notification/Focus/Inbox/Notebook/Program screens (checked via grep of importers), never by mindmap/whiteboard/processflow/table.",
src/components/MyWork/mindmap/AIBlindSpotsDetector.tsx,307,() => handleAdd(spot),a,"[heuristic-false-negative] Callback prop forwarded from the leaf component to its owner (multi-line destructuring at the component signature, or a locally-named thin wrapper whose entire body is a single call to such a prop, individually confirmed by reading the function body). Same class the awk heuristic's Pass A2 already excludes for single-line destructuring -- the real mutation, if any, lives where the prop is bound by the parent, out of this file's scope by design.",
src/components/MyWork/mindmap/AICompetitiveLandscape.tsx,177,() => handleAdd(comp),a,"[heuristic-false-negative] Callback prop forwarded from the leaf component to its owner (multi-line destructuring at the component signature, or a locally-named thin wrapper whose entire body is a single call to such a prop, individually confirmed by reading the function body). Same class the awk heuristic's Pass A2 already excludes for single-line destructuring -- the real mutation, if any, lives where the prop is bound by the parent, out of this file's scope by design.",
src/components/MyWork/mindmap/AIDependencyDetector.tsx,281,() => handleApply(dep),a,"[heuristic-false-negative] Callback prop forwarded from the leaf component to its owner (multi-line destructuring at the component signature, or a locally-named thin wrapper whose entire body is a single call to such a prop, individually confirmed by reading the function body). Same class the awk heuristic's Pass A2 already excludes for single-line destructuring -- the real mutation, if any, lives where the prop is bound by the parent, out of this file's scope by design.",
src/components/MyWork/mindmap/AIProposalDiffModal.tsx,237,() => onApply(selectedAddIdx),a,"[heuristic-false-negative] Callback prop forwarded from the leaf component to its owner (multi-line destructuring at the component signature, or a locally-named thin wrapper whose entire body is a single call to such a prop, individually confirmed by reading the function body). Same class the awk heuristic's Pass A2 already excludes for single-line destructuring -- the real mutation, if any, lives where the prop is bound by the parent, out of this file's scope by design.",
src/components/MyWork/mindmap/AIWhatIfScenarios.tsx,237,"() => { onApplyScenario(scenario); toast.success(t('ideas.mindmap.addedMap', 'Added to map…",a,"[heuristic-false-negative] Callback prop forwarded from the leaf component to its owner (multi-line destructuring at the component signature, or a locally-named thin wrapper whose entire body is a single call to such a prop, individually confirmed by reading the function body). Same class the awk heuristic's Pass A2 already excludes for single-line destructuring -- the real mutation, if any, lives where the prop is bound by the parent, out of this file's scope by design.",
src/components/MyWork/mindmap/AssignPersonModal.tsx,83,() => { onAssign(name); onClose(); },a,"[heuristic-false-negative] Callback prop forwarded from the leaf component to its owner (multi-line destructuring at the component signature, or a locally-named thin wrapper whose entire body is a single call to such a prop, individually confirmed by reading the function body). Same class the awk heuristic's Pass A2 already excludes for single-line destructuring -- the real mutation, if any, lives where the prop is bound by the parent, out of this file's scope by design.",
src/components/MyWork/mindmap/BatchConvertModal.tsx,147,() => handleConvert('initiative'),a,"[heuristic-false-negative] Callback prop forwarded from the leaf component to its owner (multi-line destructuring at the component signature, or a locally-named thin wrapper whose entire body is a single call to such a prop, individually confirmed by reading the function body). Same class the awk heuristic's Pass A2 already excludes for single-line destructuring -- the real mutation, if any, lives where the prop is bound by the parent, out of this file's scope by design.",
src/components/MyWork/mindmap/MindmapCommandPalette.tsx,413,() => execute(cmd),a,"[heuristic-false-negative] Callback prop forwarded from the leaf component to its owner (multi-line destructuring at the component signature, or a locally-named thin wrapper whose entire body is a single call to such a prop, individually confirmed by reading the function body). Same class the awk heuristic's Pass A2 already excludes for single-line destructuring -- the real mutation, if any, lives where the prop is bound by the parent, out of this file's scope by design.",
src/components/MyWork/mindmap/MindmapInspector.tsx,329,() => onApplyTheme(theme.id),a,"[heuristic-false-negative] Callback prop forwarded from the leaf component to its owner (multi-line destructuring at the component signature, or a locally-named thin wrapper whose entire body is a single call to such a prop, individually confirmed by reading the function body). Same class the awk heuristic's Pass A2 already excludes for single-line destructuring -- the real mutation, if any, lives where the prop is bound by the parent, out of this file's scope by design.",
src/components/MyWork/mindmap/NodeCommentThread.tsx,280,() => handleDelete(c.id),b,"[intentional-non-command] Registry entry idea.node.mm_comments (ideaActionRegistry.ts ~L8447) explicitly documents: 'dodawanie/usuwanie komentarzy dzieje sie wewnatrz panelu, poza ta akcja' (add/delete comments happens inside the panel, outside this action). Deliberate, already-established exclusion.",
src/components/MyWork/mindmap/NodeDetailDrawer.tsx,571,() => handleRemoveTag(tag),a,"[heuristic-false-negative] Callback prop forwarded from the leaf component to its owner (multi-line destructuring at the component signature, or a locally-named thin wrapper whose entire body is a single call to such a prop, individually confirmed by reading the function body). Same class the awk heuristic's Pass A2 already excludes for single-line destructuring -- the real mutation, if any, lives where the prop is bound by the parent, out of this file's scope by design.",
src/components/MyWork/mindmap/NodeDetailDrawer.tsx,754,() => handleApplyAISuggestion(s),resolved,"[real-defect] handleApplyAISuggestion dispatches window.dispatchEvent(new CustomEvent('idea-workspace-insert', ...)) directly. This event IS the well-established runtime mechanism behind several registered idea.ai.* actions (e.g. AIWhatIfScenarios->onApplyScenario and AICompetitiveLandscape->onAddToMap, both documented in ideaActionRegistry.ts ~L8086/~L8258 as 'pushUndo() + idea-workspace-insert'), but this specific Node Detail Drawer 'apply AI suggestion' call site is its own separate implementation. The registry's own stated policy elsewhere ('osobna implementacja = osobne id, nawet gdy klasa trwalosci sie zgadza') means a distinct implementation needs its own id, not reuse of an existing one -- and none exists for this call site. Medium-high confidence, not a literal reused-mechanism duplicate.","idea.node.mm_apply_ai_suggestion (UI-only, honest Teresa decline: aiSuggestions is transient local drawer state)"
src/components/MyWork/mindmap/NodeDetailDrawer.tsx,975,"() => onConvertNode(nodeData.nodeId, 'initiative')",a,"[heuristic-false-negative] Callback prop forwarded from the leaf component to its owner (multi-line destructuring at the component signature, or a locally-named thin wrapper whose entire body is a single call to such a prop, individually confirmed by reading the function body). Same class the awk heuristic's Pass A2 already excludes for single-line destructuring -- the real mutation, if any, lives where the prop is bound by the parent, out of this file's scope by design.",
src/components/MyWork/mindmap/NodeDetailDrawer.tsx,983,"() => onConvertNode(nodeData.nodeId, 'decision')",a,"[heuristic-false-negative] Callback prop forwarded from the leaf component to its owner (multi-line destructuring at the component signature, or a locally-named thin wrapper whose entire body is a single call to such a prop, individually confirmed by reading the function body). Same class the awk heuristic's Pass A2 already excludes for single-line destructuring -- the real mutation, if any, lives where the prop is bound by the parent, out of this file's scope by design.",
src/components/MyWork/mindmap/SnapshotHistory.tsx,501,"() => saveLabel(snap.id, editLabel)",b,"[intentional-non-command] saveLabel renames a local snapshot's label in the History panel's own list (persisted via saveLocal(ideaId, ...) only when no backend) -- a minor, granular in-panel rename, same class as the documented 'editing happens inside the panel' precedent used elsewhere in this registry.",
src/components/MyWork/mindmap/SnapshotHistory.tsx,534,() => restore(snap),a,"[heuristic-false-negative] Callback prop forwarded from the leaf component to its owner (multi-line destructuring at the component signature, or a locally-named thin wrapper whose entire body is a single call to such a prop, individually confirmed by reading the function body). Same class the awk heuristic's Pass A2 already excludes for single-line destructuring -- the real mutation, if any, lives where the prop is bound by the parent, out of this file's scope by design.",
src/components/MyWork/mindmap/UnifiedNodeDetailDrawer.tsx,1211,() => handleRemoveTag(tag),a,"[heuristic-false-negative] Callback prop forwarded from the leaf component to its owner (multi-line destructuring at the component signature, or a locally-named thin wrapper whose entire body is a single call to such a prop, individually confirmed by reading the function body). Same class the awk heuristic's Pass A2 already excludes for single-line destructuring -- the real mutation, if any, lives where the prop is bound by the parent, out of this file's scope by design.",
src/components/MyWork/mindmap/UnifiedNodeDetailDrawer.tsx,1634,() => handleRemoveAttachment(att.id),a,"[heuristic-false-negative] Callback prop forwarded from the leaf component to its owner (multi-line destructuring at the component signature, or a locally-named thin wrapper whose entire body is a single call to such a prop, individually confirmed by reading the function body). Same class the awk heuristic's Pass A2 already excludes for single-line destructuring -- the real mutation, if any, lives where the prop is bound by the parent, out of this file's scope by design.",
src/components/MyWork/mindmap/UnifiedNodeDetailDrawer.tsx,1824,() => handleApplyAISuggestion(s),resolved,[real-defect] Same finding as NodeDetailDrawer.tsx:754 -- identical handleApplyAISuggestion body dispatching 'idea-workspace-insert' directly from UnifiedNodeDetailDrawer's own copy of the drawer.,"idea.node.mm_apply_ai_suggestion (shared id with NodeDetailDrawer.tsx:754 -- identical handler, mutually exclusive via mindmapDrawerUnified flag)"
src/components/MyWork/mindmap/floating-toolbar/ArtifactLinksPopover.tsx,72,() => onRemoveArtifact(link),a,"[heuristic-false-negative] Callback prop forwarded from the leaf component to its owner (multi-line destructuring at the component signature, or a locally-named thin wrapper whose entire body is a single call to such a prop, individually confirmed by reading the function body). Same class the awk heuristic's Pass A2 already excludes for single-line destructuring -- the real mutation, if any, lives where the prop is bound by the parent, out of this file's scope by design.",
src/components/MyWork/mindmap/floating-toolbar/QuickEditPopovers.tsx,138,"() => removeTag(tag)} className=""hover:text-c-danger"">",a,"[heuristic-false-negative] Callback prop forwarded from the leaf component to its owner (multi-line destructuring at the component signature, or a locally-named thin wrapper whose entire body is a single call to such a prop, individually confirmed by reading the function body). Same class the awk heuristic's Pass A2 already excludes for single-line destructuring -- the real mutation, if any, lives where the prop is bound by the parent, out of this file's scope by design.",
src/components/MyWork/mindmap/floating-toolbar/SemanticControlsPopover.tsx,90,() => removeTag(tag),a,"[heuristic-false-negative] Callback prop forwarded from the leaf component to its owner (multi-line destructuring at the component signature, or a locally-named thin wrapper whose entire body is a single call to such a prop, individually confirmed by reading the function body). Same class the awk heuristic's Pass A2 already excludes for single-line destructuring -- the real mutation, if any, lives where the prop is bound by the parent, out of this file's scope by design.",
src/components/MyWork/mindmap/toolbar-popovers/TemplatesPopover.tsx,154,() => { onApplyTemplate(tpl.id); onClose(); },a,"[heuristic-false-negative] Callback prop forwarded from the leaf component to its owner (multi-line destructuring at the component signature, or a locally-named thin wrapper whose entire body is a single call to such a prop, individually confirmed by reading the function body). Same class the awk heuristic's Pass A2 already excludes for single-line destructuring -- the real mutation, if any, lives where the prop is bound by the parent, out of this file's scope by design.",
src/components/MyWork/notebook/AIChatInlinePanel.tsx,414,() => insertElement(action),b,"[out-of-domain] File belongs to a MyWork feature outside the four Idea Workspace representations (mindmap/whiteboard/process_flow/table) that IDEA_ACTION_REGISTRY governs (E02 scope is toolbar/rail/inspector/PPM/keyboard/Teresa parity for those 4 tools only). Verified: zero matches for this file/feature in src/actions/ideaActionRegistry.ts, and the component is mounted only by Decision/Task/Notification/Focus/Inbox/Notebook/Program screens (checked via grep of importers), never by mindmap/whiteboard/processflow/table.",
src/components/MyWork/notebook/AIChatInlinePanel.tsx,452,() => handleConvertAction(id),b,"[out-of-domain] File belongs to a MyWork feature outside the four Idea Workspace representations (mindmap/whiteboard/process_flow/table) that IDEA_ACTION_REGISTRY governs (E02 scope is toolbar/rail/inspector/PPM/keyboard/Teresa parity for those 4 tools only). Verified: zero matches for this file/feature in src/actions/ideaActionRegistry.ts, and the component is mounted only by Decision/Task/Notification/Focus/Inbox/Notebook/Program screens (checked via grep of importers), never by mindmap/whiteboard/processflow/table.",
src/components/MyWork/notebook/AIChatInlinePanel.tsx,628,() => input.trim() && runAIAndInsert(input.trim()),b,"[out-of-domain] File belongs to a MyWork feature outside the four Idea Workspace representations (mindmap/whiteboard/process_flow/table) that IDEA_ACTION_REGISTRY governs (E02 scope is toolbar/rail/inspector/PPM/keyboard/Teresa parity for those 4 tools only). Verified: zero matches for this file/feature in src/actions/ideaActionRegistry.ts, and the component is mounted only by Decision/Task/Notification/Focus/Inbox/Notebook/Program screens (checked via grep of importers), never by mindmap/whiteboard/processflow/table.",
src/components/MyWork/notebook/AIInlineResponse.tsx,146,() => onInsert(response),b,"[out-of-domain] File belongs to a MyWork feature outside the four Idea Workspace representations (mindmap/whiteboard/process_flow/table) that IDEA_ACTION_REGISTRY governs (E02 scope is toolbar/rail/inspector/PPM/keyboard/Teresa parity for those 4 tools only). Verified: zero matches for this file/feature in src/actions/ideaActionRegistry.ts, and the component is mounted only by Decision/Task/Notification/Focus/Inbox/Notebook/Program screens (checked via grep of importers), never by mindmap/whiteboard/processflow/table.",
src/components/MyWork/notebook/ActionItemsPanel.tsx,195,"() => handleCreateTask(item, idx)",b,"[out-of-domain] File belongs to a MyWork feature outside the four Idea Workspace representations (mindmap/whiteboard/process_flow/table) that IDEA_ACTION_REGISTRY governs (E02 scope is toolbar/rail/inspector/PPM/keyboard/Teresa parity for those 4 tools only). Verified: zero matches for this file/feature in src/actions/ideaActionRegistry.ts, and the component is mounted only by Decision/Task/Notification/Focus/Inbox/Notebook/Program screens (checked via grep of importers), never by mindmap/whiteboard/processflow/table.",
src/components/MyWork/notebook/NotebookExportMenu.tsx,106,() => run('markdown'),b,"[out-of-domain] File belongs to a MyWork feature outside the four Idea Workspace representations (mindmap/whiteboard/process_flow/table) that IDEA_ACTION_REGISTRY governs (E02 scope is toolbar/rail/inspector/PPM/keyboard/Teresa parity for those 4 tools only). Verified: zero matches for this file/feature in src/actions/ideaActionRegistry.ts, and the component is mounted only by Decision/Task/Notification/Focus/Inbox/Notebook/Program screens (checked via grep of importers), never by mindmap/whiteboard/processflow/table.",
src/components/MyWork/notebook/NotebookExportMenu.tsx,116,() => run('pdf'),b,"[out-of-domain] File belongs to a MyWork feature outside the four Idea Workspace representations (mindmap/whiteboard/process_flow/table) that IDEA_ACTION_REGISTRY governs (E02 scope is toolbar/rail/inspector/PPM/keyboard/Teresa parity for those 4 tools only). Verified: zero matches for this file/feature in src/actions/ideaActionRegistry.ts, and the component is mounted only by Decision/Task/Notification/Focus/Inbox/Notebook/Program screens (checked via grep of importers), never by mindmap/whiteboard/processflow/table.",
src/components/MyWork/notebook/NotebookExportMenu.tsx,126,() => run('docx'),b,"[out-of-domain] File belongs to a MyWork feature outside the four Idea Workspace representations (mindmap/whiteboard/process_flow/table) that IDEA_ACTION_REGISTRY governs (E02 scope is toolbar/rail/inspector/PPM/keyboard/Teresa parity for those 4 tools only). Verified: zero matches for this file/feature in src/actions/ideaActionRegistry.ts, and the component is mounted only by Decision/Task/Notification/Focus/Inbox/Notebook/Program screens (checked via grep of importers), never by mindmap/whiteboard/processflow/table.",
src/components/MyWork/notebook/NotebookInlineAIMenu.tsx,288,handleApprove,b,"[out-of-domain] File belongs to a MyWork feature outside the four Idea Workspace representations (mindmap/whiteboard/process_flow/table) that IDEA_ACTION_REGISTRY governs (E02 scope is toolbar/rail/inspector/PPM/keyboard/Teresa parity for those 4 tools only). Verified: zero matches for this file/feature in src/actions/ideaActionRegistry.ts, and the component is mounted only by Decision/Task/Notification/Focus/Inbox/Notebook/Program screens (checked via grep of importers), never by mindmap/whiteboard/processflow/table.",
src/components/MyWork/notebook/NotebookInlineAIMenu.tsx,296,handleReject,b,"[out-of-domain] File belongs to a MyWork feature outside the four Idea Workspace representations (mindmap/whiteboard/process_flow/table) that IDEA_ACTION_REGISTRY governs (E02 scope is toolbar/rail/inspector/PPM/keyboard/Teresa parity for those 4 tools only). Verified: zero matches for this file/feature in src/actions/ideaActionRegistry.ts, and the component is mounted only by Decision/Task/Notification/Focus/Inbox/Notebook/Program screens (checked via grep of importers), never by mindmap/whiteboard/processflow/table.",
src/components/MyWork/notebook/NotebookTopicChips.tsx,142,() => handleRemove(tp.id),b,"[out-of-domain] File belongs to a MyWork feature outside the four Idea Workspace representations (mindmap/whiteboard/process_flow/table) that IDEA_ACTION_REGISTRY governs (E02 scope is toolbar/rail/inspector/PPM/keyboard/Teresa parity for those 4 tools only). Verified: zero matches for this file/feature in src/actions/ideaActionRegistry.ts, and the component is mounted only by Decision/Task/Notification/Focus/Inbox/Notebook/Program screens (checked via grep of importers), never by mindmap/whiteboard/processflow/table.",
src/components/MyWork/notebook/NotebookVersionHistory.tsx,208,() => handleRestore(v.id),b,"[out-of-domain] File belongs to a MyWork feature outside the four Idea Workspace representations (mindmap/whiteboard/process_flow/table) that IDEA_ACTION_REGISTRY governs (E02 scope is toolbar/rail/inspector/PPM/keyboard/Teresa parity for those 4 tools only). Verified: zero matches for this file/feature in src/actions/ideaActionRegistry.ts, and the component is mounted only by Decision/Task/Notification/Focus/Inbox/Notebook/Program screens (checked via grep of importers), never by mindmap/whiteboard/processflow/table.",
src/components/MyWork/notebook/PulseItemPickerModal.tsx,219,() => handleInsert(item),b,"[out-of-domain] File belongs to a MyWork feature outside the four Idea Workspace representations (mindmap/whiteboard/process_flow/table) that IDEA_ACTION_REGISTRY governs (E02 scope is toolbar/rail/inspector/PPM/keyboard/Teresa parity for those 4 tools only). Verified: zero matches for this file/feature in src/actions/ideaActionRegistry.ts, and the component is mounted only by Decision/Task/Notification/Focus/Inbox/Notebook/Program screens (checked via grep of importers), never by mindmap/whiteboard/processflow/table.",
src/components/MyWork/panel/IdeaPanelActivity.tsx,391,"() => onRestoreSnapshot( h.snapshot!.nodes, h.snapshot!.edges, h.snapshot!.extensions )",a,"[heuristic-false-negative] Callback prop forwarded from the leaf component to its owner (multi-line destructuring at the component signature, or a locally-named thin wrapper whose entire body is a single call to such a prop, individually confirmed by reading the function body). Same class the awk heuristic's Pass A2 already excludes for single-line destructuring -- the real mutation, if any, lives where the prop is bound by the parent, out of this file's scope by design.",
src/components/MyWork/panel/IdeaPanelHistory.tsx,323,"() => onRestoreSnapshot( w.snapshot!.nodes, w.snapshot!.edges, w.snapshot!.extensions )",a,"[heuristic-false-negative] Callback prop forwarded from the leaf component to its owner (multi-line destructuring at the component signature, or a locally-named thin wrapper whose entire body is a single call to such a prop, individually confirmed by reading the function body). Same class the awk heuristic's Pass A2 already excludes for single-line destructuring -- the real mutation, if any, lives where the prop is bound by the parent, out of this file's scope by design.",
src/components/MyWork/processflow/AIProposalPanel.tsx,285,() => onGenerate(draftPrompt),a,"[heuristic-false-negative] Callback prop forwarded from the leaf component to its owner (multi-line destructuring at the component signature, or a locally-named thin wrapper whose entire body is a single call to such a prop, individually confirmed by reading the function body). Same class the awk heuristic's Pass A2 already excludes for single-line destructuring -- the real mutation, if any, lives where the prop is bound by the parent, out of this file's scope by design.",
src/components/MyWork/processflow/ExportDialog.tsx,70,() => onExport(f.id),a,"[heuristic-false-negative] Callback prop forwarded from the leaf component to its owner (multi-line destructuring at the component signature, or a locally-named thin wrapper whose entire body is a single call to such a prop, individually confirmed by reading the function body). Same class the awk heuristic's Pass A2 already excludes for single-line destructuring -- the real mutation, if any, lives where the prop is bound by the parent, out of this file's scope by design.",
src/components/MyWork/processflow/ProcessFlowNodeCommentThread.tsx,120,"() => onDeleteComment(nodeId, c.id)",b,"[intentional-non-command] Registry entry idea.node.pf_comments (ideaActionRegistry.ts ~L5056-5075) documents this exact component/thread as blob-only persistence with its own separate implementation; opening is registered (mutates:false), in-panel comment mutation is not separately tracked -- same established convention as mm_comments.",
src/components/MyWork/processflow/ProcessFlowToolbar.tsx,422,() => addNode(shape),a,"[heuristic-false-negative] Callback prop forwarded from the leaf component to its owner (multi-line destructuring at the component signature, or a locally-named thin wrapper whose entire body is a single call to such a prop, individually confirmed by reading the function body). Same class the awk heuristic's Pass A2 already excludes for single-line destructuring -- the real mutation, if any, lives where the prop is bound by the parent, out of this file's scope by design.",
src/components/MyWork/shared/AlternativesSection.tsx,176,(e) => { e.stopPropagation(); onGenerateAI(); },b,"[out-of-domain] File belongs to a MyWork feature outside the four Idea Workspace representations (mindmap/whiteboard/process_flow/table) that IDEA_ACTION_REGISTRY governs (E02 scope is toolbar/rail/inspector/PPM/keyboard/Teresa parity for those 4 tools only). Verified: zero matches for this file/feature in src/actions/ideaActionRegistry.ts, and the component is mounted only by Decision/Task/Notification/Focus/Inbox/Notebook/Program screens (checked via grep of importers), never by mindmap/whiteboard/processflow/table.",
src/components/MyWork/shared/AlternativesSection.tsx,282,() => onRemove(alt.id),b,"[out-of-domain] File belongs to a MyWork feature outside the four Idea Workspace representations (mindmap/whiteboard/process_flow/table) that IDEA_ACTION_REGISTRY governs (E02 scope is toolbar/rail/inspector/PPM/keyboard/Teresa parity for those 4 tools only). Verified: zero matches for this file/feature in src/actions/ideaActionRegistry.ts, and the component is mounted only by Decision/Task/Notification/Focus/Inbox/Notebook/Program screens (checked via grep of importers), never by mindmap/whiteboard/processflow/table.",
src/components/MyWork/shared/AttachmentsSection.tsx,315,(e) => { e.stopPropagation(); if (onDownload) { onDownload(attachment); } else { window.op…,b,"[out-of-domain] File belongs to a MyWork feature outside the four Idea Workspace representations (mindmap/whiteboard/process_flow/table) that IDEA_ACTION_REGISTRY governs (E02 scope is toolbar/rail/inspector/PPM/keyboard/Teresa parity for those 4 tools only). Verified: zero matches for this file/feature in src/actions/ideaActionRegistry.ts, and the component is mounted only by Decision/Task/Notification/Focus/Inbox/Notebook/Program screens (checked via grep of importers), never by mindmap/whiteboard/processflow/table.",
src/components/MyWork/shared/AttachmentsSection.tsx,330,(e) => { e.stopPropagation(); handleDeleteClick(attachment); },b,"[out-of-domain] File belongs to a MyWork feature outside the four Idea Workspace representations (mindmap/whiteboard/process_flow/table) that IDEA_ACTION_REGISTRY governs (E02 scope is toolbar/rail/inspector/PPM/keyboard/Teresa parity for those 4 tools only). Verified: zero matches for this file/feature in src/actions/ideaActionRegistry.ts, and the component is mounted only by Decision/Task/Notification/Focus/Inbox/Notebook/Program screens (checked via grep of importers), never by mindmap/whiteboard/processflow/table.",
src/components/MyWork/shared/AttachmentsSection.tsx,407,() => { handleDeleteClick(previewAttachment); setPreviewAttachment(null); },b,"[out-of-domain] File belongs to a MyWork feature outside the four Idea Workspace representations (mindmap/whiteboard/process_flow/table) that IDEA_ACTION_REGISTRY governs (E02 scope is toolbar/rail/inspector/PPM/keyboard/Teresa parity for those 4 tools only). Verified: zero matches for this file/feature in src/actions/ideaActionRegistry.ts, and the component is mounted only by Decision/Task/Notification/Focus/Inbox/Notebook/Program screens (checked via grep of importers), never by mindmap/whiteboard/processflow/table.",
src/components/MyWork/shared/CommentsSection.tsx,218,() => handleDelete(comment.id),b,"[out-of-domain] File belongs to a MyWork feature outside the four Idea Workspace representations (mindmap/whiteboard/process_flow/table) that IDEA_ACTION_REGISTRY governs (E02 scope is toolbar/rail/inspector/PPM/keyboard/Teresa parity for those 4 tools only). Verified: zero matches for this file/feature in src/actions/ideaActionRegistry.ts, and the component is mounted only by Decision/Task/Notification/Focus/Inbox/Notebook/Program screens (checked via grep of importers), never by mindmap/whiteboard/processflow/table.",
src/components/MyWork/shared/CommentsSection.tsx,382,(e) => { e.stopPropagation(); onGenerateAIComment(); },b,"[out-of-domain] File belongs to a MyWork feature outside the four Idea Workspace representations (mindmap/whiteboard/process_flow/table) that IDEA_ACTION_REGISTRY governs (E02 scope is toolbar/rail/inspector/PPM/keyboard/Teresa parity for those 4 tools only). Verified: zero matches for this file/feature in src/actions/ideaActionRegistry.ts, and the component is mounted only by Decision/Task/Notification/Focus/Inbox/Notebook/Program screens (checked via grep of importers), never by mindmap/whiteboard/processflow/table.",
src/components/MyWork/shared/DelegationModal.tsx,391,handleSubmit,b,"[out-of-domain] File belongs to a MyWork feature outside the four Idea Workspace representations (mindmap/whiteboard/process_flow/table) that IDEA_ACTION_REGISTRY governs (E02 scope is toolbar/rail/inspector/PPM/keyboard/Teresa parity for those 4 tools only). Verified: zero matches for this file/feature in src/actions/ideaActionRegistry.ts, and the component is mounted only by Decision/Task/Notification/Focus/Inbox/Notebook/Program screens (checked via grep of importers), never by mindmap/whiteboard/processflow/table.",
src/components/MyWork/shared/DependenciesSection.tsx,737,() => { setOpenMenuId(null); handleDuplicate(dep); },b,"[out-of-domain] File belongs to a MyWork feature outside the four Idea Workspace representations (mindmap/whiteboard/process_flow/table) that IDEA_ACTION_REGISTRY governs (E02 scope is toolbar/rail/inspector/PPM/keyboard/Teresa parity for those 4 tools only). Verified: zero matches for this file/feature in src/actions/ideaActionRegistry.ts, and the component is mounted only by Decision/Task/Notification/Focus/Inbox/Notebook/Program screens (checked via grep of importers), never by mindmap/whiteboard/processflow/table.",
src/components/MyWork/shared/DependenciesSection.tsx,754,() => { setOpenMenuId(null); handleRemove(dep); },b,"[out-of-domain] File belongs to a MyWork feature outside the four Idea Workspace representations (mindmap/whiteboard/process_flow/table) that IDEA_ACTION_REGISTRY governs (E02 scope is toolbar/rail/inspector/PPM/keyboard/Teresa parity for those 4 tools only). Verified: zero matches for this file/feature in src/actions/ideaActionRegistry.ts, and the component is mounted only by Decision/Task/Notification/Focus/Inbox/Notebook/Program screens (checked via grep of importers), never by mindmap/whiteboard/processflow/table.",
src/components/MyWork/shared/DependenciesSection.tsx,1207,() => handleAddDependency(task),b,"[out-of-domain] File belongs to a MyWork feature outside the four Idea Workspace representations (mindmap/whiteboard/process_flow/table) that IDEA_ACTION_REGISTRY governs (E02 scope is toolbar/rail/inspector/PPM/keyboard/Teresa parity for those 4 tools only). Verified: zero matches for this file/feature in src/actions/ideaActionRegistry.ts, and the component is mounted only by Decision/Task/Notification/Focus/Inbox/Notebook/Program screens (checked via grep of importers), never by mindmap/whiteboard/processflow/table.",
src/components/MyWork/shared/DependenciesSection.tsx,1293,"() => handleAddDependency({ id: task.id, title: task.title, status: task.status || 'todo',…",b,"[out-of-domain] File belongs to a MyWork feature outside the four Idea Workspace representations (mindmap/whiteboard/process_flow/table) that IDEA_ACTION_REGISTRY governs (E02 scope is toolbar/rail/inspector/PPM/keyboard/Teresa parity for those 4 tools only). Verified: zero matches for this file/feature in src/actions/ideaActionRegistry.ts, and the component is mounted only by Decision/Task/Notification/Focus/Inbox/Notebook/Program screens (checked via grep of importers), never by mindmap/whiteboard/processflow/table.",
src/components/MyWork/shared/DependenciesSection.tsx,1343,handleEditDependency,b,"[out-of-domain] File belongs to a MyWork feature outside the four Idea Workspace representations (mindmap/whiteboard/process_flow/table) that IDEA_ACTION_REGISTRY governs (E02 scope is toolbar/rail/inspector/PPM/keyboard/Teresa parity for those 4 tools only). Verified: zero matches for this file/feature in src/actions/ideaActionRegistry.ts, and the component is mounted only by Decision/Task/Notification/Focus/Inbox/Notebook/Program screens (checked via grep of importers), never by mindmap/whiteboard/processflow/table.",
src/components/MyWork/shared/EscalationRulesSection.tsx,251,() => removeReminder(reminder.id),b,"[out-of-domain] File belongs to a MyWork feature outside the four Idea Workspace representations (mindmap/whiteboard/process_flow/table) that IDEA_ACTION_REGISTRY governs (E02 scope is toolbar/rail/inspector/PPM/keyboard/Teresa parity for those 4 tools only). Verified: zero matches for this file/feature in src/actions/ideaActionRegistry.ts, and the component is mounted only by Decision/Task/Notification/Focus/Inbox/Notebook/Program screens (checked via grep of importers), never by mindmap/whiteboard/processflow/table.",
src/components/MyWork/shared/EvidenceSection.tsx,288,() => onRemoveEvidence(item.id),b,"[out-of-domain] File belongs to a MyWork feature outside the four Idea Workspace representations (mindmap/whiteboard/process_flow/table) that IDEA_ACTION_REGISTRY governs (E02 scope is toolbar/rail/inspector/PPM/keyboard/Teresa parity for those 4 tools only). Verified: zero matches for this file/feature in src/actions/ideaActionRegistry.ts, and the component is mounted only by Decision/Task/Notification/Focus/Inbox/Notebook/Program screens (checked via grep of importers), never by mindmap/whiteboard/processflow/table.",
src/components/MyWork/shared/EvidenceSection.tsx,489,handleAddEvidence,b,"[out-of-domain] File belongs to a MyWork feature outside the four Idea Workspace representations (mindmap/whiteboard/process_flow/table) that IDEA_ACTION_REGISTRY governs (E02 scope is toolbar/rail/inspector/PPM/keyboard/Teresa parity for those 4 tools only). Verified: zero matches for this file/feature in src/actions/ideaActionRegistry.ts, and the component is mounted only by Decision/Task/Notification/Focus/Inbox/Notebook/Program screens (checked via grep of importers), never by mindmap/whiteboard/processflow/table.",
src/components/MyWork/shared/ImplementationIdeasSection.tsx,145,(e) => { e.stopPropagation(); onGenerateAI(); },b,"[out-of-domain] File belongs to a MyWork feature outside the four Idea Workspace representations (mindmap/whiteboard/process_flow/table) that IDEA_ACTION_REGISTRY governs (E02 scope is toolbar/rail/inspector/PPM/keyboard/Teresa parity for those 4 tools only). Verified: zero matches for this file/feature in src/actions/ideaActionRegistry.ts, and the component is mounted only by Decision/Task/Notification/Focus/Inbox/Notebook/Program screens (checked via grep of importers), never by mindmap/whiteboard/processflow/table.",
src/components/MyWork/shared/ImplementationIdeasSection.tsx,293,(e) => { e.stopPropagation(); onRemove(idea.id); },b,"[out-of-domain] File belongs to a MyWork feature outside the four Idea Workspace representations (mindmap/whiteboard/process_flow/table) that IDEA_ACTION_REGISTRY governs (E02 scope is toolbar/rail/inspector/PPM/keyboard/Teresa parity for those 4 tools only). Verified: zero matches for this file/feature in src/actions/ideaActionRegistry.ts, and the component is mounted only by Decision/Task/Notification/Focus/Inbox/Notebook/Program screens (checked via grep of importers), never by mindmap/whiteboard/processflow/table.",
src/components/MyWork/shared/LinkedItemsSection.tsx,368,() => handleAddItem(result),b,"[out-of-domain] File belongs to a MyWork feature outside the four Idea Workspace representations (mindmap/whiteboard/process_flow/table) that IDEA_ACTION_REGISTRY governs (E02 scope is toolbar/rail/inspector/PPM/keyboard/Teresa parity for those 4 tools only). Verified: zero matches for this file/feature in src/actions/ideaActionRegistry.ts, and the component is mounted only by Decision/Task/Notification/Focus/Inbox/Notebook/Program screens (checked via grep of importers), never by mindmap/whiteboard/processflow/table.",
src/components/MyWork/shared/LinkedItemsSection.tsx,534,() => handleRemoveItem(item.id),b,"[out-of-domain] File belongs to a MyWork feature outside the four Idea Workspace representations (mindmap/whiteboard/process_flow/table) that IDEA_ACTION_REGISTRY governs (E02 scope is toolbar/rail/inspector/PPM/keyboard/Teresa parity for those 4 tools only). Verified: zero matches for this file/feature in src/actions/ideaActionRegistry.ts, and the component is mounted only by Decision/Task/Notification/Focus/Inbox/Notebook/Program screens (checked via grep of importers), never by mindmap/whiteboard/processflow/table.",
src/components/MyWork/shared/PostDecisionFollowUp.tsx,182,() => removeTask(idx),b,"[out-of-domain] File belongs to a MyWork feature outside the four Idea Workspace representations (mindmap/whiteboard/process_flow/table) that IDEA_ACTION_REGISTRY governs (E02 scope is toolbar/rail/inspector/PPM/keyboard/Teresa parity for those 4 tools only). Verified: zero matches for this file/feature in src/actions/ideaActionRegistry.ts, and the component is mounted only by Decision/Task/Notification/Focus/Inbox/Notebook/Program screens (checked via grep of importers), never by mindmap/whiteboard/processflow/table.",
src/components/MyWork/shared/QuickActions.tsx,283,() => { onAssigneeChange(null); setOpenDropdown(null); },a,"[heuristic-false-negative] Callback prop forwarded from the leaf component to its owner (multi-line destructuring at the component signature, or a locally-named thin wrapper whose entire body is a single call to such a prop, individually confirmed by reading the function body). Same class the awk heuristic's Pass A2 already excludes for single-line destructuring -- the real mutation, if any, lives where the prop is bound by the parent, out of this file's scope by design.",
src/components/MyWork/shared/QuickActions.tsx,301,() => { onAssigneeChange(user.id); setOpenDropdown(null); },a,"[heuristic-false-negative] Callback prop forwarded from the leaf component to its owner (multi-line destructuring at the component signature, or a locally-named thin wrapper whose entire body is a single call to such a prop, individually confirmed by reading the function body). Same class the awk heuristic's Pass A2 already excludes for single-line destructuring -- the real mutation, if any, lives where the prop is bound by the parent, out of this file's scope by design.",
src/components/MyWork/shared/QuickActions.tsx,405,() => { onDuplicate(); setShowMoreMenu(false); },a,"[heuristic-false-negative] Callback prop forwarded from the leaf component to its owner (multi-line destructuring at the component signature, or a locally-named thin wrapper whose entire body is a single call to such a prop, individually confirmed by reading the function body). Same class the awk heuristic's Pass A2 already excludes for single-line destructuring -- the real mutation, if any, lives where the prop is bound by the parent, out of this file's scope by design.",
src/components/MyWork/shared/QuickActions.tsx,419,() => { onDelete(); setShowMoreMenu(false); },a,"[heuristic-false-negative] Callback prop forwarded from the leaf component to its owner (multi-line destructuring at the component signature, or a locally-named thin wrapper whose entire body is a single call to such a prop, individually confirmed by reading the function body). Same class the awk heuristic's Pass A2 already excludes for single-line destructuring -- the real mutation, if any, lives where the prop is bound by the parent, out of this file's scope by design.",
src/components/MyWork/shared/RiskAssessmentCompact.tsx,182,(e) => { e.stopPropagation(); onGenerateAI(); },b,"[out-of-domain] File belongs to a MyWork feature outside the four Idea Workspace representations (mindmap/whiteboard/process_flow/table) that IDEA_ACTION_REGISTRY governs (E02 scope is toolbar/rail/inspector/PPM/keyboard/Teresa parity for those 4 tools only). Verified: zero matches for this file/feature in src/actions/ideaActionRegistry.ts, and the component is mounted only by Decision/Task/Notification/Focus/Inbox/Notebook/Program screens (checked via grep of importers), never by mindmap/whiteboard/processflow/table.",
src/components/MyWork/shared/RiskAssessmentCompact.tsx,271,(e) => { e.stopPropagation(); onRemove(risk.id); },b,"[out-of-domain] File belongs to a MyWork feature outside the four Idea Workspace representations (mindmap/whiteboard/process_flow/table) that IDEA_ACTION_REGISTRY governs (E02 scope is toolbar/rail/inspector/PPM/keyboard/Teresa parity for those 4 tools only). Verified: zero matches for this file/feature in src/actions/ideaActionRegistry.ts, and the component is mounted only by Decision/Task/Notification/Focus/Inbox/Notebook/Program screens (checked via grep of importers), never by mindmap/whiteboard/processflow/table.",
src/components/MyWork/shared/SavedViewsMenu.tsx,198,() => handleApply(preset),b,"[out-of-domain] File belongs to a MyWork feature outside the four Idea Workspace representations (mindmap/whiteboard/process_flow/table) that IDEA_ACTION_REGISTRY governs (E02 scope is toolbar/rail/inspector/PPM/keyboard/Teresa parity for those 4 tools only). Verified: zero matches for this file/feature in src/actions/ideaActionRegistry.ts, and the component is mounted only by Decision/Task/Notification/Focus/Inbox/Notebook/Program screens (checked via grep of importers), never by mindmap/whiteboard/processflow/table.",
src/components/MyWork/shared/SavedViewsMenu.tsx,204,() => handleDelete(preset.id),b,"[out-of-domain] File belongs to a MyWork feature outside the four Idea Workspace representations (mindmap/whiteboard/process_flow/table) that IDEA_ACTION_REGISTRY governs (E02 scope is toolbar/rail/inspector/PPM/keyboard/Teresa parity for those 4 tools only). Verified: zero matches for this file/feature in src/actions/ideaActionRegistry.ts, and the component is mounted only by Decision/Task/Notification/Focus/Inbox/Notebook/Program screens (checked via grep of importers), never by mindmap/whiteboard/processflow/table.",
src/components/MyWork/shared/StakeholdersSection.tsx,362,() => onRemove(stakeholder.id),b,"[out-of-domain] File belongs to a MyWork feature outside the four Idea Workspace representations (mindmap/whiteboard/process_flow/table) that IDEA_ACTION_REGISTRY governs (E02 scope is toolbar/rail/inspector/PPM/keyboard/Teresa parity for those 4 tools only). Verified: zero matches for this file/feature in src/actions/ideaActionRegistry.ts, and the component is mounted only by Decision/Task/Notification/Focus/Inbox/Notebook/Program screens (checked via grep of importers), never by mindmap/whiteboard/processflow/table.",
src/components/MyWork/shared/StakeholdersSection.tsx,576,handleAdd,b,"[out-of-domain] File belongs to a MyWork feature outside the four Idea Workspace representations (mindmap/whiteboard/process_flow/table) that IDEA_ACTION_REGISTRY governs (E02 scope is toolbar/rail/inspector/PPM/keyboard/Teresa parity for those 4 tools only). Verified: zero matches for this file/feature in src/actions/ideaActionRegistry.ts, and the component is mounted only by Decision/Task/Notification/Focus/Inbox/Notebook/Program screens (checked via grep of importers), never by mindmap/whiteboard/processflow/table.",
src/components/MyWork/shared/TaskTemplates.tsx,457,() => onCreateFromTemplate(template),b,"[out-of-domain+dead-code] Same out-of-domain reasoning as shared/*.tsx Decision/Task-only sections, PLUS this file has ZERO importers anywhere in src/ (grep confirmed) -- it is not mounted by any screen, so its onClick handlers are not visible to any user at all.",
src/components/MyWork/shared/TaskTemplates.tsx,471,() => handleDelete(template.id),b,"[out-of-domain+dead-code] Same out-of-domain reasoning as shared/*.tsx Decision/Task-only sections, PLUS this file has ZERO importers anywhere in src/ (grep confirmed) -- it is not mounted by any screen, so its onClick handlers are not visible to any user at all.",
src/components/MyWork/shared/TaskTemplates.tsx,700,handleSave,b,"[out-of-domain+dead-code] Same out-of-domain reasoning as shared/*.tsx Decision/Task-only sections, PLUS this file has ZERO importers anywhere in src/ (grep confirmed) -- it is not mounted by any screen, so its onClick handlers are not visible to any user at all.",
src/components/MyWork/table/AICategorizeTool.tsx,273,() => handleApplyCategory(cat),a,"[heuristic-false-negative] Callback prop forwarded from the leaf component to its owner (multi-line destructuring at the component signature, or a locally-named thin wrapper whose entire body is a single call to such a prop, individually confirmed by reading the function body). Same class the awk heuristic's Pass A2 already excludes for single-line destructuring -- the real mutation, if any, lives where the prop is bound by the parent, out of this file's scope by design.",
src/components/MyWork/table/AICategorizeTool.tsx,317,"() => onMergeNodes(dup.nodeA, dup.nodeB)",a,"[heuristic-false-negative] Callback prop forwarded from the leaf component to its owner (multi-line destructuring at the component signature, or a locally-named thin wrapper whose entire body is a single call to such a prop, individually confirmed by reading the function body). Same class the awk heuristic's Pass A2 already excludes for single-line destructuring -- the real mutation, if any, lives where the prop is bound by the parent, out of this file's scope by design.",
src/components/MyWork/table/AICopilotMode.tsx,376,() => handleAddSuggestion(sug),a,"[heuristic-false-negative] Callback prop forwarded from the leaf component to its owner (multi-line destructuring at the component signature, or a locally-named thin wrapper whose entire body is a single call to such a prop, individually confirmed by reading the function body). Same class the awk heuristic's Pass A2 already excludes for single-line destructuring -- the real mutation, if any, lives where the prop is bound by the parent, out of this file's scope by design.",
src/components/MyWork/table/AICopilotMode.tsx,431,() => handleSend(),b,"[intentional-non-command] Analogous to the table.row.edit / idea.node.mm_comments precedent: idea.ai.table_copilot / idea.ai.table_assistant (ideaActionRegistry.ts) register OPENING the AI panel (mutates:false); sending a message inside the already-open chat is the panel's internal interaction, not a separately tracked top-level command. Lower-confidence than the two explicitly-worded precedents above (no literal 'poza ta akcja' comment for this specific pair) -- flagged as a judgment call, worth an explicit decision by the epic owner.",
src/components/MyWork/table/AddColumnDialog.tsx,606,() => handleUndoField(f.key),a,"[heuristic-false-negative] Callback prop forwarded from the leaf component to its owner (multi-line destructuring at the component signature, or a locally-named thin wrapper whose entire body is a single call to such a prop, individually confirmed by reading the function body). Same class the awk heuristic's Pass A2 already excludes for single-line destructuring -- the real mutation, if any, lives where the prop is bound by the parent, out of this file's scope by design.",
src/components/MyWork/table/CellExpandPopover.tsx,209,() => handleRemoveOption(opt),a,"[heuristic-false-negative] Callback prop forwarded from the leaf component to its owner (multi-line destructuring at the component signature, or a locally-named thin wrapper whose entire body is a single call to such a prop, individually confirmed by reading the function body). Same class the awk heuristic's Pass A2 already excludes for single-line destructuring -- the real mutation, if any, lives where the prop is bound by the parent, out of this file's scope by design.",
src/components/MyWork/table/ChatToSchemaPanel.tsx,707,() => handleSubmit(),b,"[intentional-non-command] Analogous to the table.row.edit / idea.node.mm_comments precedent: idea.ai.table_copilot / idea.ai.table_assistant (ideaActionRegistry.ts) register OPENING the AI panel (mutates:false); sending a message inside the already-open chat is the panel's internal interaction, not a separately tracked top-level command. Lower-confidence than the two explicitly-worded precedents above (no literal 'poza ta akcja' comment for this specific pair) -- flagged as a judgment call, worth an explicit decision by the epic owner.",
src/components/MyWork/table/ConditionalFormatting.tsx,248,() => removeRule(rule.id),a,"[heuristic-false-negative] Callback prop forwarded from the leaf component to its owner (multi-line destructuring at the component signature, or a locally-named thin wrapper whose entire body is a single call to such a prop, individually confirmed by reading the function body). Same class the awk heuristic's Pass A2 already excludes for single-line destructuring -- the real mutation, if any, lives where the prop is bound by the parent, out of this file's scope by design.",
src/components/MyWork/table/CrossTableRelations.tsx,374,() => handleCreateLink(node.id),a,"[heuristic-false-negative] Callback prop forwarded from the leaf component to its owner (multi-line destructuring at the component signature, or a locally-named thin wrapper whose entire body is a single call to such a prop, individually confirmed by reading the function body). Same class the awk heuristic's Pass A2 already excludes for single-line destructuring -- the real mutation, if any, lives where the prop is bound by the parent, out of this file's scope by design.",
src/components/MyWork/table/CrossTableRelations.tsx,451,"() => onAddRollupColumn({ sourceIdeaId: '', sourceField: '', aggregation: 'count', label: …",a,"[heuristic-false-negative] Callback prop forwarded from the leaf component to its owner (multi-line destructuring at the component signature, or a locally-named thin wrapper whose entire body is a single call to such a prop, individually confirmed by reading the function body). Same class the awk heuristic's Pass A2 already excludes for single-line destructuring -- the real mutation, if any, lives where the prop is bound by the parent, out of this file's scope by design.",
src/components/MyWork/table/DateDependencyConfig.tsx,290,handleSave,resolved,"[real-defect] handleSave calls TablePlatformApi.putDependencyConfig(tableId, config) directly -- a real, persisting Table-platform command (part of the documented 'Workflow' P15 module family). Zero registry ids exist for date-dependency config (grep confirms).",table.date_dependency.save
src/components/MyWork/table/DateDependencyConfig.tsx,299,handleRecalculate,resolved,"[real-defect] handleRecalculate calls TablePlatformApi.detectDateDependencyCycle + TablePlatformApi.recalculateDateDependencies directly -- real persisting mutation, no registry id.",table.date_dependency.recalculate
src/components/MyWork/table/DistributionBuilder.tsx,367,handleCreate,resolved,"[real-defect] handleCreate calls TablePlatformApi.createDistribution(baseId, form) directly. Table 'Workflow' platform module (Distribution) has zero registry ids anywhere.",table.distribution_builder.create
src/components/MyWork/table/DistributionBuilder.tsx,439,() => handleExecute(dist.id),resolved,[real-defect] handleExecute calls TablePlatformApi.executeDistribution(id) directly -- no registry id.,table.distribution_builder.execute
src/components/MyWork/table/DistributionBuilder.tsx,466,() => handleDelete(dist.id),resolved,[real-defect] handleDelete calls TablePlatformApi.deleteDistribution(id) directly -- no registry id.,table.distribution_builder.delete
src/components/MyWork/table/FieldManager.tsx,545,handleSave,a,"[heuristic-false-negative] Callback prop forwarded from the leaf component to its owner (multi-line destructuring at the component signature, or a locally-named thin wrapper whose entire body is a single call to such a prop, individually confirmed by reading the function body). Same class the awk heuristic's Pass A2 already excludes for single-line destructuring -- the real mutation, if any, lives where the prop is bound by the parent, out of this file's scope by design.",
src/components/MyWork/table/FilterBuilder.tsx,554,() => removeRule(idx),a,"[heuristic-false-negative] Callback prop forwarded from the leaf component to its owner (multi-line destructuring at the component signature, or a locally-named thin wrapper whose entire body is a single call to such a prop, individually confirmed by reading the function body). Same class the awk heuristic's Pass A2 already excludes for single-line destructuring -- the real mutation, if any, lives where the prop is bound by the parent, out of this file's scope by design.",
src/components/MyWork/table/FilterPanel.tsx,155,() => removeRule(rule.id),a,"[heuristic-false-negative] Callback prop forwarded from the leaf component to its owner (multi-line destructuring at the component signature, or a locally-named thin wrapper whose entire body is a single call to such a prop, individually confirmed by reading the function body). Same class the awk heuristic's Pass A2 already excludes for single-line destructuring -- the real mutation, if any, lives where the prop is bound by the parent, out of this file's scope by design.",
src/components/MyWork/table/FormBuilder.tsx,462,(e) => { e.stopPropagation(); onMoveUp(idx); },a,"[heuristic-false-negative] Callback prop forwarded from the leaf component to its owner (multi-line destructuring at the component signature, or a locally-named thin wrapper whose entire body is a single call to such a prop, individually confirmed by reading the function body). Same class the awk heuristic's Pass A2 already excludes for single-line destructuring -- the real mutation, if any, lives where the prop is bound by the parent, out of this file's scope by design.",
src/components/MyWork/table/FormBuilder.tsx,473,(e) => { e.stopPropagation(); onMoveDown(idx); },a,"[heuristic-false-negative] Callback prop forwarded from the leaf component to its owner (multi-line destructuring at the component signature, or a locally-named thin wrapper whose entire body is a single call to such a prop, individually confirmed by reading the function body). Same class the awk heuristic's Pass A2 already excludes for single-line destructuring -- the real mutation, if any, lives where the prop is bound by the parent, out of this file's scope by design.",
src/components/MyWork/table/FormulaEditor.tsx,606,() => insertAutocomplete(item),b,"[intentional-non-command] insertAutocomplete inserts text at the cursor position in the local formula-draft textarea -- pure client-side text editing helper, no persistence call of its own (the formula is saved by a separate Save action elsewhere).",
src/components/MyWork/table/IdeaPipeline.tsx,342,"() => handlePromote(node.id, selectedStage)",a,"[heuristic-false-negative] Callback prop forwarded from the leaf component to its owner (multi-line destructuring at the component signature, or a locally-named thin wrapper whose entire body is a single call to such a prop, individually confirmed by reading the function body). Same class the awk heuristic's Pass A2 already excludes for single-line destructuring -- the real mutation, if any, lives where the prop is bound by the parent, out of this file's scope by design.",
src/components/MyWork/table/InterfaceDesigner.tsx,438,() => addBlock(bt.type as InterfaceBlock['type']),b,"[intentional-non-command] addBlock calls setBlocks((prev) => [...prev, newBlock]) -- purely local state on the in-progress Interface draft, no prop call and no Api call; persists only when the surrounding editor's own Save action runs.",
src/components/MyWork/table/InterfaceDesigner.tsx,485,(e) => { e.stopPropagation(); removeBlock(block.id); },b,[intentional-non-command] removeBlock calls setBlocks((prev) => prev.filter(...)) -- same local-draft reasoning as addBlock.,
src/components/MyWork/table/LinkedRecordPicker.tsx,347,(e) => { e.stopPropagation(); handleRemoveLink(link.id); },b,[intentional-non-command] handleRemoveLink calls setSelected((prev) => ...) -- edits the local in-progress selection draft of a record picker before the picker's own Save/Apply confirms it; no prop or Api call in this handler.,
src/components/MyWork/table/RecordTemplateManager.tsx,193,() => handleDelete(tpl.id),resolved,[real-defect] handleDelete calls TablePlatformApi.deleteRecordTemplate(templateId) directly -- Record Templates (Table 'Templates' menu-3 cluster) have zero registry ids.,table.record_template.delete
src/components/MyWork/table/RecordTemplateManager.tsx,407,handleSave,resolved,[real-defect] handleSave calls TablePlatformApi.updateRecordTemplate/createRecordTemplate directly -- no registry id.,table.record_template.save
src/components/MyWork/table/RowColoringConfig.tsx,179,() => removeRule(rule.id),a,"[heuristic-false-negative] Callback prop forwarded from the leaf component to its owner (multi-line destructuring at the component signature, or a locally-named thin wrapper whose entire body is a single call to such a prop, individually confirmed by reading the function body). Same class the awk heuristic's Pass A2 already excludes for single-line destructuring -- the real mutation, if any, lives where the prop is bound by the parent, out of this file's scope by design.",
src/components/MyWork/table/RowDetailPanel.tsx,926,"() => insertMarkdown(before, after, placeholder)",b,"[intentional-non-command] insertMarkdown positions the cursor and inserts formatting characters into the local textarea draft (markdown toolbar helper) -- pure client-side text editing, no persistence call of its own; also falls under the table.row.edit 'editing happens inside the panel' precedent.",
src/components/MyWork/table/RowDetailPanel.tsx,1351,() => void handleDeleteComment(cmt.id),b,"[intentional-non-command] Registry entry table.row.edit (ideaActionRegistry.ts ~L3443-3466) explicitly documents: 'sama akcja NIE zmienia zadnych danych, edycja komorek dzieje sie wewnatrz panelu, poza tym wpisem' (the action itself changes no data; cell editing happens inside the panel, outside this entry). RowDetailPanel IS that panel (source comment names it explicitly). Comment add/delete/edit and attachment removal are the documented 'editing inside the panel'.",
src/components/MyWork/table/RowDetailPanel.tsx,1383,() => void handleSaveEditComment(),b,"[intentional-non-command] Registry entry table.row.edit (ideaActionRegistry.ts ~L3443-3466) explicitly documents: 'sama akcja NIE zmienia zadnych danych, edycja komorek dzieje sie wewnatrz panelu, poza tym wpisem' (the action itself changes no data; cell editing happens inside the panel, outside this entry). RowDetailPanel IS that panel (source comment names it explicitly). Comment add/delete/edit and attachment removal are the documented 'editing inside the panel'.",
src/components/MyWork/table/RowDetailPanel.tsx,1467,() => void handleAddComment(),b,"[intentional-non-command] Registry entry table.row.edit (ideaActionRegistry.ts ~L3443-3466) explicitly documents: 'sama akcja NIE zmienia zadnych danych, edycja komorek dzieje sie wewnatrz panelu, poza tym wpisem' (the action itself changes no data; cell editing happens inside the panel, outside this entry). RowDetailPanel IS that panel (source comment names it explicitly). Comment add/delete/edit and attachment removal are the documented 'editing inside the panel'.",
src/components/MyWork/table/RowDetailPanel.tsx,1649,() => handleRemoveAttachment(att.id),b,"[intentional-non-command] Registry entry table.row.edit (ideaActionRegistry.ts ~L3443-3466) explicitly documents: 'sama akcja NIE zmienia zadnych danych, edycja komorek dzieje sie wewnatrz panelu, poza tym wpisem' (the action itself changes no data; cell editing happens inside the panel, outside this entry). RowDetailPanel IS that panel (source comment names it explicitly). Comment add/delete/edit and attachment removal are the documented 'editing inside the panel'.",
src/components/MyWork/table/RowDetailPanel.tsx,1722,() => void handleRemovePlatformAttachment(att.id),b,"[intentional-non-command] Registry entry table.row.edit (ideaActionRegistry.ts ~L3443-3466) explicitly documents: 'sama akcja NIE zmienia zadnych danych, edycja komorek dzieje sie wewnatrz panelu, poza tym wpisem' (the action itself changes no data; cell editing happens inside the panel, outside this entry). RowDetailPanel IS that panel (source comment names it explicitly). Comment add/delete/edit and attachment removal are the documented 'editing inside the panel'.",
src/components/MyWork/table/RowDetailPanel.tsx,1996,"() => { onFieldChange(node.id, 'convertedTo', target); onConvert(target); }",a,"[heuristic-false-negative] Callback prop forwarded from the leaf component to its owner (multi-line destructuring at the component signature, or a locally-named thin wrapper whose entire body is a single call to such a prop, individually confirmed by reading the function body). Same class the awk heuristic's Pass A2 already excludes for single-line destructuring -- the real mutation, if any, lives where the prop is bound by the parent, out of this file's scope by design.",
src/components/MyWork/table/SmartSuggestionsBar.tsx,309,() => onApplySuggestion(current),a,"[heuristic-false-negative] Callback prop forwarded from the leaf component to its owner (multi-line destructuring at the component signature, or a locally-named thin wrapper whose entire body is a single call to such a prop, individually confirmed by reading the function body). Same class the awk heuristic's Pass A2 already excludes for single-line destructuring -- the real mutation, if any, lives where the prop is bound by the parent, out of this file's scope by design.",
src/components/MyWork/table/TableTabStrip.tsx,187,() => { onDuplicateTable(contextMenu.tableId); setContextMenu(null); },a,"[heuristic-false-negative] Callback prop forwarded from the leaf component to its owner (multi-line destructuring at the component signature, or a locally-named thin wrapper whose entire body is a single call to such a prop, individually confirmed by reading the function body). Same class the awk heuristic's Pass A2 already excludes for single-line destructuring -- the real mutation, if any, lives where the prop is bound by the parent, out of this file's scope by design.",
src/components/MyWork/table/TableTabStrip.tsx,200,() => { onDeleteTable(contextMenu.tableId); setContextMenu(null); },a,"[heuristic-false-negative] Callback prop forwarded from the leaf component to its owner (multi-line destructuring at the component signature, or a locally-named thin wrapper whose entire body is a single call to such a prop, individually confirmed by reading the function body). Same class the awk heuristic's Pass A2 already excludes for single-line destructuring -- the real mutation, if any, lives where the prop is bound by the parent, out of this file's scope by design.",
src/components/MyWork/table/ViewRouter.tsx,1027,"() => { handleInsertRow(rowMenu.rowId, 'above'); setRowMenu(null); }",a,"[heuristic-false-negative] Callback prop forwarded from the leaf component to its owner (multi-line destructuring at the component signature, or a locally-named thin wrapper whose entire body is a single call to such a prop, individually confirmed by reading the function body). Same class the awk heuristic's Pass A2 already excludes for single-line destructuring -- the real mutation, if any, lives where the prop is bound by the parent, out of this file's scope by design.",
src/components/MyWork/table/ViewRouter.tsx,1037,"() => { handleInsertRow(rowMenu.rowId, 'below'); setRowMenu(null); }",a,"[heuristic-false-negative] Callback prop forwarded from the leaf component to its owner (multi-line destructuring at the component signature, or a locally-named thin wrapper whose entire body is a single call to such a prop, individually confirmed by reading the function body). Same class the awk heuristic's Pass A2 already excludes for single-line destructuring -- the real mutation, if any, lives where the prop is bound by the parent, out of this file's scope by design.",
src/components/MyWork/table/ViewRouter.tsx,1050,() => { handleDuplicateRow(rowMenu.rowId); toast.success(isPl ? 'Zduplikowano wiersz' : 'R…,a,"[heuristic-false-negative] Callback prop forwarded from the leaf component to its owner (multi-line destructuring at the component signature, or a locally-named thin wrapper whose entire body is a single call to such a prop, individually confirmed by reading the function body). Same class the awk heuristic's Pass A2 already excludes for single-line destructuring -- the real mutation, if any, lives where the prop is bound by the parent, out of this file's scope by design.",
src/components/MyWork/table/ViewRouter.tsx,1061,() => { const target = processedRows.find((r) => r.id === rowMenu.rowId); if (target) copy…,b,"[intentional-non-command] Row-menu 'Copy row' finds the target row and calls copyRowToClipboard(target) -- read-only local clipboard gesture, no backend mutation.",
src/components/MyWork/table/ViewRouter.tsx,1100,() => { handleDeleteRow(rowMenu.rowId); toast.success(isPl ? 'Usunięto wiersz' : 'Row del…,a,"[heuristic-false-negative] Callback prop forwarded from the leaf component to its owner (multi-line destructuring at the component signature, or a locally-named thin wrapper whose entire body is a single call to such a prop, individually confirmed by reading the function body). Same class the awk heuristic's Pass A2 already excludes for single-line destructuring -- the real mutation, if any, lives where the prop is bound by the parent, out of this file's scope by design.",
src/components/MyWork/table/ViewRouter.tsx,1662,() => { if (!locked) handleAddRow(); },a,"[heuristic-false-negative] Callback prop forwarded from the leaf component to its owner (multi-line destructuring at the component signature, or a locally-named thin wrapper whose entire body is a single call to such a prop, individually confirmed by reading the function body). Same class the awk heuristic's Pass A2 already excludes for single-line destructuring -- the real mutation, if any, lives where the prop is bound by the parent, out of this file's scope by design.",
src/components/MyWork/table/automations/AutomationBuilder.tsx,372,"() => moveAction(idx, -1)",b,"[intentional-non-command] moveAction calls setActions((prev) => {...}) -- purely local reordering of the in-progress automation-being-built (draft actions list) inside AutomationBuilder's own modal state; no prop call, no Api call. Persists only when the builder's own Save action runs.",
src/components/MyWork/table/automations/AutomationBuilder.tsx,380,"() => moveAction(idx, 1)",b,"[intentional-non-command] Same local-draft reasoning as line 372 (moveAction, direction=1).",
src/components/MyWork/table/automations/AutomationBuilder.tsx,388,() => removeAction(action.id),b,[intentional-non-command] removeAction calls setActions((prev) => prev.filter(...)) -- same local-draft reasoning as moveAction above.,
src/components/MyWork/table/automations/AutomationsManager.tsx,499,() => { setMenuOpen(null); handleRunNow(auto); },resolved,[real-defect] handleRunNow calls TablePlatformApi.runAutomationNow(auto.id) directly. Table 'Workflow' platform module (Automations) has zero registry ids anywhere.,table.automation.run_now
src/components/MyWork/table/automations/AutomationsManager.tsx,526,() => { setMenuOpen(null); handleDelete(auto.id); },resolved,[real-defect] handleDelete calls TablePlatformApi.deleteAutomation(id) directly -- no registry id.,table.automation.delete
src/components/MyWork/table/connectors/ConnectorList.tsx,178,() => { setMenuOpen(null); onRun(c); },a,"[heuristic-false-negative] Callback prop forwarded from the leaf component to its owner (multi-line destructuring at the component signature, or a locally-named thin wrapper whose entire body is a single call to such a prop, individually confirmed by reading the function body). Same class the awk heuristic's Pass A2 already excludes for single-line destructuring -- the real mutation, if any, lives where the prop is bound by the parent, out of this file's scope by design.",
src/components/MyWork/table/connectors/ConnectorList.tsx,204,() => { setMenuOpen(null); onDelete(c); },a,"[heuristic-false-negative] Callback prop forwarded from the leaf component to its owner (multi-line destructuring at the component signature, or a locally-named thin wrapper whose entire body is a single call to such a prop, individually confirmed by reading the function body). Same class the awk heuristic's Pass A2 already excludes for single-line destructuring -- the real mutation, if any, lives where the prop is bound by the parent, out of this file's scope by design.",
src/components/MyWork/table/connectors/WebhookRelayPanel.tsx,309,() => { setMenuOpen(null); handleDelete(relay.id); },resolved,[real-defect] handleDelete calls TablePlatformApi.deleteWebhookRelay(relayId) directly -- Table 'Workflow' platform module (Connectors) has zero registry ids anywhere.,table.webhook_relay.delete
src/components/MyWork/table/distribution/DistributionManager.tsx,567,handleCreate,resolved,"[real-defect] handleCreate calls TablePlatformApi.createDistribution directly. NOTE: this is a SECOND, independent implementation of 'create distribution' distinct from table/DistributionBuilder.tsx (also flagged, also unregistered) -- two separate unregistered components implementing the same feature, not a registry duplicate since neither is registered.",table.distribution.create
src/components/MyWork/table/distribution/DistributionManager.tsx,692,() => handleExecute(dist.id),resolved,[real-defect] handleExecute calls TablePlatformApi.executeDistribution(id) directly -- no registry id.,table.distribution.execute
src/components/MyWork/table/distribution/DistributionManager.tsx,719,() => handleDelete(dist.id),resolved,[real-defect] handleDelete calls TablePlatformApi.deleteDistribution(id) directly -- no registry id.,table.distribution.delete
src/components/MyWork/table/forms/FormsIndex.tsx,307,"() => handleCopyLink(form.slug, form.id)",b,"[intentional-non-command] handleCopyLink writes a URL to the clipboard (navigator.clipboard equivalent) -- read-only local UI gesture, no backend mutation.",
src/components/MyWork/table/forms/FormsIndex.tsx,354,"() => handleShareModeChange(form, mode)",resolved,"[real-defect] handleShareModeChange calls TablePlatformApi.updateForm(form.id, {...}) directly -- Table 'Workflow'/Forms platform module has zero registry ids anywhere.",table.form.share_mode_change
src/components/MyWork/table/forms/FormsIndex.tsx,409,() => handleDelete(form.id),resolved,[real-defect] handleDelete calls TablePlatformApi.deleteForm(formId) directly -- no registry id.,table.form.delete
src/components/MyWork/table/forms/IntakeJwtPanel.tsx,340,() => void handleSaveAllowList(),resolved,"[real-defect] handleSaveAllowList calls the imported service setFormIntakeAllowList(formId, next) (real HTTP call, part of the Table Forms/JWT intake platform feature) -- zero registry coverage.",table.form_intake.save_allow_list
src/components/MyWork/table/forms/IntakeJwtPanel.tsx,421,"() => void handleCopy(recipientUrl, 'url')",b,"[intentional-non-command] handleCopy writes a token/URL to the clipboard -- read-only local UI gesture, no backend mutation.",
src/components/MyWork/table/forms/IntakeJwtPanel.tsx,439,"() => void handleCopy(issued.token, 'token')",b,"[intentional-non-command] handleCopy writes a token/URL to the clipboard -- read-only local UI gesture, no backend mutation.",
src/components/MyWork/table/governed/GovernedModelsDashboard.tsx,693,(e) => { e.stopPropagation(); onDelete(); },a,"[heuristic-false-negative] Callback prop forwarded from the leaf component to its owner (multi-line destructuring at the component signature, or a locally-named thin wrapper whose entire body is a single call to such a prop, individually confirmed by reading the function body). Same class the awk heuristic's Pass A2 already excludes for single-line destructuring -- the real mutation, if any, lives where the prop is bound by the parent, out of this file's scope by design.",
src/components/MyWork/table/interfaces/InterfacesIndex.tsx,319,() => handleCreateFromTemplate(tpl),a,"[heuristic-false-negative] handleCreateFromTemplate's real effect is 'await onCreateView(name, ...)' -- a callback prop; local code only builds the name/config and opens a local editing modal on success.",
src/components/MyWork/table/interfaces/InterfacesIndex.tsx,384,() => handleCopyShareLink(iface.id),b,[intentional-non-command] handleCopyShareLink writes a URL to the clipboard -- read-only local UI gesture.,
src/components/MyWork/table/interfaces/InterfacesIndex.tsx,413,() => handleDelete(iface.id),resolved,[real-defect] handleDelete calls TablePlatformApi.deleteView(ifaceId) directly -- Table 'Workflow'/Interfaces platform module has zero registry ids anywhere.,table.interface.delete
src/components/MyWork/table/provenance/SourcePopover.tsx,215,() => { void onArchive(source); },a,"[heuristic-false-negative] Callback prop forwarded from the leaf component to its owner (multi-line destructuring at the component signature, or a locally-named thin wrapper whose entire body is a single call to such a prop, individually confirmed by reading the function body). Same class the awk heuristic's Pass A2 already excludes for single-line destructuring -- the real mutation, if any, lives where the prop is bound by the parent, out of this file's scope by design.",
src/components/MyWork/table/sharing/SharingManager.tsx,256,"() => handleCopyLink(view.id, view.shareToken!)",b,[intentional-non-command] handleCopyLink writes a share URL to the clipboard -- read-only local UI gesture.,
src/components/MyWork/table/sharing/SharingManager.tsx,321,handleInvite,resolved,"[real-defect] handleInvite performs a real invite (async, hits inviteEmail validation then a service/Api call further in the function) -- Table 'Workflow'/Sharing platform module has zero registry ids anywhere.",table.sharing.invite
src/components/MyWork/table/sharing/SharingManager.tsx,430,() => handleRemoveCollaborator(collab.userId),resolved,"[real-defect] handleRemoveCollaborator calls TablePlatformApi.removeCollaborator(baseId, userId) directly -- no registry id.",table.sharing.remove_collaborator
src/components/MyWork/table/sync/SyncManager.tsx,449,handleCreateSync,resolved,"[real-defect] handleCreateSync performs a real sync creation (async, validates source/target then calls a service/Api further in the function) -- Table 'Workflow'/Sync platform module has zero registry ids anywhere.",table.sync.create
src/components/MyWork/table/sync/SyncManager.tsx,565,() => handleSyncNow(sync.id),resolved,[real-defect] handleSyncNow calls TablePlatformApi.executeTableSync(syncId) directly -- no registry id.,table.sync.run_now
src/components/MyWork/table/sync/SyncManager.tsx,577,() => handleDelete(sync.id),resolved,[real-defect] handleDelete calls TablePlatformApi.deleteTableSync(syncId) directly -- no registry id.,table.sync.delete
src/components/MyWork/table/views/CalendarView.tsx,362,() => onAddRecord({ [dateFieldId]: cell.date }),a,"[heuristic-false-negative] Callback prop forwarded from the leaf component to its owner (multi-line destructuring at the component signature, or a locally-named thin wrapper whose entire body is a single call to such a prop, individually confirmed by reading the function body). Same class the awk heuristic's Pass A2 already excludes for single-line destructuring -- the real mutation, if any, lives where the prop is bound by the parent, out of this file's scope by design.",
src/components/MyWork/table/views/CalendarView.tsx,409,() => onAddRecord({ [dateFieldId]: dateStr }),a,"[heuristic-false-negative] Callback prop forwarded from the leaf component to its owner (multi-line destructuring at the component signature, or a locally-named thin wrapper whose entire body is a single call to such a prop, individually confirmed by reading the function body). Same class the awk heuristic's Pass A2 already excludes for single-line destructuring -- the real mutation, if any, lives where the prop is bound by the parent, out of this file's scope by design.",
src/components/MyWork/table/views/KanbanView.tsx,203,() => { const uncategorizedKey = t('myWorkTable.kanbanView.uncategorized'); const defaultV…,a,"[heuristic-false-negative] Callback prop forwarded from the leaf component to its owner (multi-line destructuring at the component signature, or a locally-named thin wrapper whose entire body is a single call to such a prop, individually confirmed by reading the function body). Same class the awk heuristic's Pass A2 already excludes for single-line destructuring -- the real mutation, if any, lives where the prop is bound by the parent, out of this file's scope by design.",
src/components/MyWork/table/views/ViewConfigPanel.tsx,661,() => { onSave(); onClose(); },a,"[heuristic-false-negative] Callback prop forwarded from the leaf component to its owner (multi-line destructuring at the component signature, or a locally-named thin wrapper whose entire body is a single call to such a prop, individually confirmed by reading the function body). Same class the awk heuristic's Pass A2 already excludes for single-line destructuring -- the real mutation, if any, lives where the prop is bound by the parent, out of this file's scope by design.",
src/components/MyWork/whiteboard/nodes/CommentPinBadge.tsx,39,(e) => { e.stopPropagation(); window.dispatchEvent(new CustomEvent('idea-node-open-detail'…,resolved,"[duplicate-surface] Dispatches the same 'idea-node-open-detail' CustomEvent whose only listener (IdeaMapWorkspace.tsx:3008-3014) calls handleOpenNodeDetail -- the identical effect already covered by registered action idea.node.mm_open_detail (setDrawerNodeId, right-click 'Open details'/'Notes'/'Tags', ideaActionRegistry.ts ~L7182-7205). This badge is a THIRD raw-event entry point to the same open-detail action, not wired through runIdeaAction. [correction 2026-08-10] Originally suggested reuse target idea.node.mm_open_detail was DECLINED after verification: mm_open_detail is tools:['mindmap']-only and calls setDrawerNodeId inside IdeaRecommendationMap.tsx (mindmap's own drawer state); CommentPinBadge lives in whiteboard/nodes/ and dispatches idea-node-open-detail, whose only listener is a completely separate shell-level drawer -- zero shared code with the mindmap one. Wired to the new, purpose-built idea.node.wb_open_detail instead.",idea.node.wb_open_detail
src/components/MyWork/whiteboard/nodes/WhiteboardNodeCommentThread.tsx,119,"() => onDeleteComment(nodeId, c.id)",b,"[intentional-non-command] Same documented convention as idea.node.mm_comments/pf_comments: WhiteboardNodeCommentThread is blob-only (node.data.comments[]), no server API; opening the thread is the registered action, in-panel delete is established as out of scope.",
