product,scope_type,asset_slug,role,source_prompt_path,source_status,generation_action,recommended_priority,is_archive,active_generation_target,output_dir,output_filename,meta_filename,usage
Consultify,blog,01_why_traditional_consulting_is_broken,hero,Consultify/Blog/01_why_traditional_consulting_is_broken/image-prompts.md,explicit,generate_now,P1,false,true,Consultify/Blog/01_why_traditional_consulting_is_broken/assets/images,hero_16x9_v1.png,hero_16x9_v1.meta.json,website|social|newsletter
Consultify,blog,01_why_traditional_consulting_is_broken,analytical,Consultify/Blog/01_why_traditional_consulting_is_broken/image-prompts.md,explicit,generate_now,P1,false,true,Consultify/Blog/01_why_traditional_consulting_is_broken/assets/images,analytical_16x9_v1.png,analytical_16x9_v1.meta.json,website|newsletter
Consultify,blog,01_why_traditional_consulting_is_broken,social,Consultify/Blog/01_why_traditional_consulting_is_broken/image-prompts.md,explicit,generate_now,P1,false,true,Consultify/Blog/01_why_traditional_consulting_is_broken/assets/images,social_1x1_v1.png,social_1x1_v1.meta.json,website|social|newsletter
Consultify,blog,02_10_questions_before_buying_ai_consulting_platform,hero,Consultify/Blog/02_10_questions_before_buying_ai_consulting_platform/image-prompts.md,explicit,generate_now,P1,false,true,Consultify/Blog/02_10_questions_before_buying_ai_consulting_platform/assets/images,hero_16x9_v1.png,hero_16x9_v1.meta.json,website|social|newsletter
Consultify,blog,02_10_questions_before_buying_ai_consulting_platform,analytical,Consultify/Blog/02_10_questions_before_buying_ai_consulting_platform/image-prompts.md,explicit,generate_now,P1,false,true,Consultify/Blog/02_10_questions_before_buying_ai_consulting_platform/assets/images,analytical_16x9_v1.png,analytical_16x9_v1.meta.json,website|newsletter
Consultify,blog,02_10_questions_before_buying_ai_consulting_platform,social,Consultify/Blog/02_10_questions_before_buying_ai_consulting_platform/image-prompts.md,explicit,generate_now,P1,false,true,Consultify/Blog/02_10_questions_before_buying_ai_consulting_platform/assets/images,social_1x1_v1.png,social_1x1_v1.meta.json,website|social|newsletter
Consultify,blog,03_first_30_minutes_in_consultify,hero,Consultify/Blog/03_first_30_minutes_in_consultify/image-prompts.md,explicit,generate_now,P1,false,true,Consultify/Blog/03_first_30_minutes_in_consultify/assets/images,hero_16x9_v1.png,hero_16x9_v1.meta.json,website|social|newsletter
Consultify,blog,03_first_30_minutes_in_consultify,analytical,Consultify/Blog/03_first_30_minutes_in_consultify/image-prompts.md,explicit,generate_now,P1,false,true,Consultify/Blog/03_first_30_minutes_in_consultify/assets/images,analytical_16x9_v1.png,analytical_16x9_v1.meta.json,website|newsletter
Consultify,blog,03_first_30_minutes_in_consultify,social,Consultify/Blog/03_first_30_minutes_in_consultify/image-prompts.md,explicit,generate_now,P1,false,true,Consultify/Blog/03_first_30_minutes_in_consultify/assets/images,social_1x1_v1.png,social_1x1_v1.meta.json,website|social|newsletter
Consultify,blog,04_roi_calculator_guide,hero,Consultify/Blog/04_roi_calculator_guide/image-prompts.md,explicit,generate_now,P1,false,true,Consultify/Blog/04_roi_calculator_guide/assets/images,hero_16x9_v1.png,hero_16x9_v1.meta.json,website|social|newsletter
Consultify,blog,04_roi_calculator_guide,analytical,Consultify/Blog/04_roi_calculator_guide/image-prompts.md,explicit,generate_now,P1,false,true,Consultify/Blog/04_roi_calculator_guide/assets/images,analytical_16x9_v1.png,analytical_16x9_v1.meta.json,website|newsletter
Consultify,blog,04_roi_calculator_guide,social,Consultify/Blog/04_roi_calculator_guide/image-prompts.md,explicit,generate_now,P1,false,true,Consultify/Blog/04_roi_calculator_guide/assets/images,social_1x1_v1.png,social_1x1_v1.meta.json,website|social|newsletter
Consultify,blog,05_ai_driven_swot,hero,Consultify/Blog/05_ai_driven_swot/image-prompts.md,explicit,generate_now,P1,false,true,Consultify/Blog/05_ai_driven_swot/assets/images,hero_16x9_v1.png,hero_16x9_v1.meta.json,website|social|newsletter
Consultify,blog,05_ai_driven_swot,analytical,Consultify/Blog/05_ai_driven_swot/image-prompts.md,explicit,generate_now,P1,false,true,Consultify/Blog/05_ai_driven_swot/assets/images,analytical_16x9_v1.png,analytical_16x9_v1.meta.json,website|newsletter
Consultify,blog,05_ai_driven_swot,social,Consultify/Blog/05_ai_driven_swot/image-prompts.md,explicit,generate_now,P1,false,true,Consultify/Blog/05_ai_driven_swot/assets/images,social_1x1_v1.png,social_1x1_v1.meta.json,website|social|newsletter
Consultify,blog,06_scenario_planning,hero,Consultify/Blog/06_scenario_planning/image-prompts.md,explicit,generate_now,P1,false,true,Consultify/Blog/06_scenario_planning/assets/images,hero_16x9_v1.png,hero_16x9_v1.meta.json,website|social|newsletter
Consultify,blog,06_scenario_planning,analytical,Consultify/Blog/06_scenario_planning/image-prompts.md,explicit,generate_now,P1,false,true,Consultify/Blog/06_scenario_planning/assets/images,analytical_16x9_v1.png,analytical_16x9_v1.meta.json,website|newsletter
Consultify,blog,06_scenario_planning,social,Consultify/Blog/06_scenario_planning/image-prompts.md,explicit,generate_now,P1,false,true,Consultify/Blog/06_scenario_planning/assets/images,social_1x1_v1.png,social_1x1_v1.meta.json,website|social|newsletter
Consultify,blog,07_competitive_intelligence,hero,Consultify/Blog/07_competitive_intelligence/image-prompts.md,explicit,generate_now,P1,false,true,Consultify/Blog/07_competitive_intelligence/assets/images,hero_16x9_v1.png,hero_16x9_v1.meta.json,website|social|newsletter
Consultify,blog,07_competitive_intelligence,analytical,Consultify/Blog/07_competitive_intelligence/image-prompts.md,explicit,generate_now,P1,false,true,Consultify/Blog/07_competitive_intelligence/assets/images,analytical_16x9_v1.png,analytical_16x9_v1.meta.json,website|newsletter
Consultify,blog,07_competitive_intelligence,social,Consultify/Blog/07_competitive_intelligence/image-prompts.md,explicit,generate_now,P1,false,true,Consultify/Blog/07_competitive_intelligence/assets/images,social_1x1_v1.png,social_1x1_v1.meta.json,website|social|newsletter
Consultify,blog,08_strategic_alignment,hero,Consultify/Blog/08_strategic_alignment/image-prompts.md,explicit,generate_now,P1,false,true,Consultify/Blog/08_strategic_alignment/assets/images,hero_16x9_v1.png,hero_16x9_v1.meta.json,website|social|newsletter
Consultify,blog,08_strategic_alignment,analytical,Consultify/Blog/08_strategic_alignment/image-prompts.md,explicit,generate_now,P1,false,true,Consultify/Blog/08_strategic_alignment/assets/images,analytical_16x9_v1.png,analytical_16x9_v1.meta.json,website|newsletter
Consultify,blog,08_strategic_alignment,social,Consultify/Blog/08_strategic_alignment/image-prompts.md,explicit,generate_now,P1,false,true,Consultify/Blog/08_strategic_alignment/assets/images,social_1x1_v1.png,social_1x1_v1.meta.json,website|social|newsletter
Consultify,blog,09_data_first_strategy,hero,Consultify/Blog/09_data_first_strategy/image-prompts.md,explicit,generate_now,P1,false,true,Consultify/Blog/09_data_first_strategy/assets/images,hero_16x9_v1.png,hero_16x9_v1.meta.json,website|social|newsletter
Consultify,blog,09_data_first_strategy,analytical,Consultify/Blog/09_data_first_strategy/image-prompts.md,explicit,generate_now,P1,false,true,Consultify/Blog/09_data_first_strategy/assets/images,analytical_16x9_v1.png,analytical_16x9_v1.meta.json,website|newsletter
Consultify,blog,09_data_first_strategy,social,Consultify/Blog/09_data_first_strategy/image-prompts.md,explicit,generate_now,P1,false,true,Consultify/Blog/09_data_first_strategy/assets/images,social_1x1_v1.png,social_1x1_v1.meta.json,website|social|newsletter
Consultify,blog,10_decision_latency,hero,Consultify/Blog/10_decision_latency/image-prompts.md,explicit,generate_now,P1,false,true,Consultify/Blog/10_decision_latency/assets/images,hero_16x9_v1.png,hero_16x9_v1.meta.json,website|social|newsletter
Consultify,blog,10_decision_latency,analytical,Consultify/Blog/10_decision_latency/image-prompts.md,explicit,generate_now,P1,false,true,Consultify/Blog/10_decision_latency/assets/images,analytical_16x9_v1.png,analytical_16x9_v1.meta.json,website|newsletter
Consultify,blog,10_decision_latency,social,Consultify/Blog/10_decision_latency/image-prompts.md,explicit,generate_now,P1,false,true,Consultify/Blog/10_decision_latency/assets/images,social_1x1_v1.png,social_1x1_v1.meta.json,website|social|newsletter
Consultify,blog,11_strategic_reporting,hero,Consultify/Blog/11_strategic_reporting/image-prompts.md,explicit,generate_now,P1,false,true,Consultify/Blog/11_strategic_reporting/assets/images,hero_16x9_v1.png,hero_16x9_v1.meta.json,website|social|newsletter
Consultify,blog,11_strategic_reporting,analytical,Consultify/Blog/11_strategic_reporting/image-prompts.md,explicit,generate_now,P1,false,true,Consultify/Blog/11_strategic_reporting/assets/images,analytical_16x9_v1.png,analytical_16x9_v1.meta.json,website|newsletter
Consultify,blog,11_strategic_reporting,social,Consultify/Blog/11_strategic_reporting/image-prompts.md,explicit,generate_now,P1,false,true,Consultify/Blog/11_strategic_reporting/assets/images,social_1x1_v1.png,social_1x1_v1.meta.json,website|social|newsletter
Consultify,blog,12_okr_management,hero,Consultify/Blog/12_okr_management/image-prompts.md,explicit,generate_now,P1,false,true,Consultify/Blog/12_okr_management/assets/images,hero_16x9_v1.png,hero_16x9_v1.meta.json,website|social|newsletter
Consultify,blog,12_okr_management,analytical,Consultify/Blog/12_okr_management/image-prompts.md,explicit,generate_now,P1,false,true,Consultify/Blog/12_okr_management/assets/images,analytical_16x9_v1.png,analytical_16x9_v1.meta.json,website|newsletter
Consultify,blog,12_okr_management,social,Consultify/Blog/12_okr_management/image-prompts.md,explicit,generate_now,P1,false,true,Consultify/Blog/12_okr_management/assets/images,social_1x1_v1.png,social_1x1_v1.meta.json,website|social|newsletter
Consultify,blog,13_why_board_updates_should_come_from_live_transformation_systems,hero,Consultify/Blog/13_why_board_updates_should_come_from_live_transformation_systems/image-prompts.md,explicit,generate_now,P1,false,true,Consultify/Blog/13_why_board_updates_should_come_from_live_transformation_systems/assets/images,hero_16x9_v1.png,hero_16x9_v1.meta.json,website|social|newsletter
Consultify,blog,13_why_board_updates_should_come_from_live_transformation_systems,analytical,Consultify/Blog/13_why_board_updates_should_come_from_live_transformation_systems/image-prompts.md,explicit,generate_now,P1,false,true,Consultify/Blog/13_why_board_updates_should_come_from_live_transformation_systems/assets/images,analytical_16x9_v1.png,analytical_16x9_v1.meta.json,website|newsletter
Consultify,blog,13_why_board_updates_should_come_from_live_transformation_systems,social,Consultify/Blog/13_why_board_updates_should_come_from_live_transformation_systems/image-prompts.md,explicit,generate_now,P1,false,true,Consultify/Blog/13_why_board_updates_should_come_from_live_transformation_systems/assets/images,social_1x1_v1.png,social_1x1_v1.meta.json,website|social|newsletter
Consultify,blog,14_why_strategy_workshops_fail_without_execution_system,hero,Consultify/Blog/14_why_strategy_workshops_fail_without_execution_system/image-prompts.md,explicit,generate_now,P1,false,true,Consultify/Blog/14_why_strategy_workshops_fail_without_execution_system/assets/images,hero_16x9_v1.png,hero_16x9_v1.meta.json,website|social|newsletter
Consultify,blog,14_why_strategy_workshops_fail_without_execution_system,analytical,Consultify/Blog/14_why_strategy_workshops_fail_without_execution_system/image-prompts.md,explicit,generate_now,P1,false,true,Consultify/Blog/14_why_strategy_workshops_fail_without_execution_system/assets/images,analytical_16x9_v1.png,analytical_16x9_v1.meta.json,website|newsletter
Consultify,blog,14_why_strategy_workshops_fail_without_execution_system,social,Consultify/Blog/14_why_strategy_workshops_fail_without_execution_system/image-prompts.md,explicit,generate_now,P1,false,true,Consultify/Blog/14_why_strategy_workshops_fail_without_execution_system/assets/images,social_1x1_v1.png,social_1x1_v1.meta.json,website|social|newsletter
Consultify,blog,15_how_to_keep_transformation_roi_visible_after_kickoff,hero,Consultify/Blog/15_how_to_keep_transformation_roi_visible_after_kickoff/image-prompts.md,explicit,generate_now,P1,false,true,Consultify/Blog/15_how_to_keep_transformation_roi_visible_after_kickoff/assets/images,hero_16x9_v1.png,hero_16x9_v1.meta.json,website|social|newsletter
Consultify,blog,15_how_to_keep_transformation_roi_visible_after_kickoff,analytical,Consultify/Blog/15_how_to_keep_transformation_roi_visible_after_kickoff/image-prompts.md,explicit,generate_now,P1,false,true,Consultify/Blog/15_how_to_keep_transformation_roi_visible_after_kickoff/assets/images,analytical_16x9_v1.png,analytical_16x9_v1.meta.json,website|newsletter
Consultify,blog,15_how_to_keep_transformation_roi_visible_after_kickoff,social,Consultify/Blog/15_how_to_keep_transformation_roi_visible_after_kickoff/image-prompts.md,explicit,generate_now,P1,false,true,Consultify/Blog/15_how_to_keep_transformation_roi_visible_after_kickoff/assets/images,social_1x1_v1.png,social_1x1_v1.meta.json,website|social|newsletter
Consultify,blog,16_why_steering_committees_fail_when_the_system_is_static,hero,Consultify/Blog/16_why_steering_committees_fail_when_the_system_is_static/image-prompts.md,explicit,generate_now,P1,false,true,Consultify/Blog/16_why_steering_committees_fail_when_the_system_is_static/assets/images,hero_16x9_v1.png,hero_16x9_v1.meta.json,website|social|newsletter
Consultify,blog,16_why_steering_committees_fail_when_the_system_is_static,analytical,Consultify/Blog/16_why_steering_committees_fail_when_the_system_is_static/image-prompts.md,explicit,generate_now,P1,false,true,Consultify/Blog/16_why_steering_committees_fail_when_the_system_is_static/assets/images,analytical_16x9_v1.png,analytical_16x9_v1.meta.json,website|newsletter
Consultify,blog,16_why_steering_committees_fail_when_the_system_is_static,social,Consultify/Blog/16_why_steering_committees_fail_when_the_system_is_static/image-prompts.md,explicit,generate_now,P1,false,true,Consultify/Blog/16_why_steering_committees_fail_when_the_system_is_static/assets/images,social_1x1_v1.png,social_1x1_v1.meta.json,website|social|newsletter
Consultify,blog,17_why_transformation_programs_need_one_source_of_truth,hero,Consultify/Blog/17_why_transformation_programs_need_one_source_of_truth/image-prompts.md,explicit,generate_now,P1,false,true,Consultify/Blog/17_why_transformation_programs_need_one_source_of_truth/assets/images,hero_16x9_v1.png,hero_16x9_v1.meta.json,website|social|newsletter
Consultify,blog,17_why_transformation_programs_need_one_source_of_truth,analytical,Consultify/Blog/17_why_transformation_programs_need_one_source_of_truth/image-prompts.md,explicit,generate_now,P1,false,true,Consultify/Blog/17_why_transformation_programs_need_one_source_of_truth/assets/images,analytical_16x9_v1.png,analytical_16x9_v1.meta.json,website|newsletter
Consultify,blog,17_why_transformation_programs_need_one_source_of_truth,social,Consultify/Blog/17_why_transformation_programs_need_one_source_of_truth/image-prompts.md,explicit,generate_now,P1,false,true,Consultify/Blog/17_why_transformation_programs_need_one_source_of_truth/assets/images,social_1x1_v1.png,social_1x1_v1.meta.json,website|social|newsletter
Consultify,blog,18_how_to_turn_leadership_decisions_into_owned_initiatives,hero,Consultify/Blog/18_how_to_turn_leadership_decisions_into_owned_initiatives/image-prompts.md,explicit,generate_now,P1,false,true,Consultify/Blog/18_how_to_turn_leadership_decisions_into_owned_initiatives/assets/images,hero_16x9_v1.png,hero_16x9_v1.meta.json,website|social|newsletter
Consultify,blog,18_how_to_turn_leadership_decisions_into_owned_initiatives,analytical,Consultify/Blog/18_how_to_turn_leadership_decisions_into_owned_initiatives/image-prompts.md,explicit,generate_now,P1,false,true,Consultify/Blog/18_how_to_turn_leadership_decisions_into_owned_initiatives/assets/images,analytical_16x9_v1.png,analytical_16x9_v1.meta.json,website|newsletter
Consultify,blog,18_how_to_turn_leadership_decisions_into_owned_initiatives,social,Consultify/Blog/18_how_to_turn_leadership_decisions_into_owned_initiatives/image-prompts.md,explicit,generate_now,P1,false,true,Consultify/Blog/18_how_to_turn_leadership_decisions_into_owned_initiatives/assets/images,social_1x1_v1.png,social_1x1_v1.meta.json,website|social|newsletter
Consultify,blog,19_why_transformation_portfolios_fail_without_live_prioritization,hero,Consultify/Blog/19_why_transformation_portfolios_fail_without_live_prioritization/image-prompts.md,explicit,generate_now,P1,false,true,Consultify/Blog/19_why_transformation_portfolios_fail_without_live_prioritization/assets/images,hero_16x9_v1.png,hero_16x9_v1.meta.json,website|social|newsletter
Consultify,blog,19_why_transformation_portfolios_fail_without_live_prioritization,analytical,Consultify/Blog/19_why_transformation_portfolios_fail_without_live_prioritization/image-prompts.md,explicit,generate_now,P1,false,true,Consultify/Blog/19_why_transformation_portfolios_fail_without_live_prioritization/assets/images,analytical_16x9_v1.png,analytical_16x9_v1.meta.json,website|newsletter
Consultify,blog,19_why_transformation_portfolios_fail_without_live_prioritization,social,Consultify/Blog/19_why_transformation_portfolios_fail_without_live_prioritization/image-prompts.md,explicit,generate_now,P1,false,true,Consultify/Blog/19_why_transformation_portfolios_fail_without_live_prioritization/assets/images,social_1x1_v1.png,social_1x1_v1.meta.json,website|social|newsletter
Consultify,blog,20_how_to_keep_leadership_alignment_after_the_offsite,hero,Consultify/Blog/20_how_to_keep_leadership_alignment_after_the_offsite/image-prompts.md,explicit,generate_now,P1,false,true,Consultify/Blog/20_how_to_keep_leadership_alignment_after_the_offsite/assets/images,hero_16x9_v1.png,hero_16x9_v1.meta.json,website|social|newsletter
Consultify,blog,20_how_to_keep_leadership_alignment_after_the_offsite,analytical,Consultify/Blog/20_how_to_keep_leadership_alignment_after_the_offsite/image-prompts.md,explicit,generate_now,P1,false,true,Consultify/Blog/20_how_to_keep_leadership_alignment_after_the_offsite/assets/images,analytical_16x9_v1.png,analytical_16x9_v1.meta.json,website|newsletter
Consultify,blog,20_how_to_keep_leadership_alignment_after_the_offsite,social,Consultify/Blog/20_how_to_keep_leadership_alignment_after_the_offsite/image-prompts.md,explicit,generate_now,P1,false,true,Consultify/Blog/20_how_to_keep_leadership_alignment_after_the_offsite/assets/images,social_1x1_v1.png,social_1x1_v1.meta.json,website|social|newsletter
Consultify,blog,21_how_to_defend_transformation_investment_with_live_value_evidence,hero,Consultify/Blog/21_how_to_defend_transformation_investment_with_live_value_evidence/image-prompts.md,explicit,generate_now,P1,false,true,Consultify/Blog/21_how_to_defend_transformation_investment_with_live_value_evidence/assets/images,hero_16x9_v1.png,hero_16x9_v1.meta.json,website|social|newsletter
Consultify,blog,21_how_to_defend_transformation_investment_with_live_value_evidence,analytical,Consultify/Blog/21_how_to_defend_transformation_investment_with_live_value_evidence/image-prompts.md,explicit,generate_now,P1,false,true,Consultify/Blog/21_how_to_defend_transformation_investment_with_live_value_evidence/assets/images,analytical_16x9_v1.png,analytical_16x9_v1.meta.json,website|newsletter
Consultify,blog,21_how_to_defend_transformation_investment_with_live_value_evidence,social,Consultify/Blog/21_how_to_defend_transformation_investment_with_live_value_evidence/image-prompts.md,explicit,generate_now,P1,false,true,Consultify/Blog/21_how_to_defend_transformation_investment_with_live_value_evidence/assets/images,social_1x1_v1.png,social_1x1_v1.meta.json,website|social|newsletter
Consultify,blog,22_what_monthly_transformation_reviews_should_actually_decide,hero,Consultify/Blog/22_what_monthly_transformation_reviews_should_actually_decide/image-prompts.md,explicit,generate_now,P1,false,true,Consultify/Blog/22_what_monthly_transformation_reviews_should_actually_decide/assets/images,hero_16x9_v1.png,hero_16x9_v1.meta.json,website|social|newsletter
Consultify,blog,22_what_monthly_transformation_reviews_should_actually_decide,analytical,Consultify/Blog/22_what_monthly_transformation_reviews_should_actually_decide/image-prompts.md,explicit,generate_now,P1,false,true,Consultify/Blog/22_what_monthly_transformation_reviews_should_actually_decide/assets/images,analytical_16x9_v1.png,analytical_16x9_v1.meta.json,website|newsletter
Consultify,blog,22_what_monthly_transformation_reviews_should_actually_decide,social,Consultify/Blog/22_what_monthly_transformation_reviews_should_actually_decide/image-prompts.md,explicit,generate_now,P1,false,true,Consultify/Blog/22_what_monthly_transformation_reviews_should_actually_decide/assets/images,social_1x1_v1.png,social_1x1_v1.meta.json,website|social|newsletter
Consultify,blog,23_how_to_run_quarterly_transformation_resets_without_losing_momentum,hero,Consultify/Blog/23_how_to_run_quarterly_transformation_resets_without_losing_momentum/image-prompts.md,explicit,generate_now,P1,false,true,Consultify/Blog/23_how_to_run_quarterly_transformation_resets_without_losing_momentum/assets/images,hero_16x9_v1.png,hero_16x9_v1.meta.json,website|social|newsletter
Consultify,blog,23_how_to_run_quarterly_transformation_resets_without_losing_momentum,analytical,Consultify/Blog/23_how_to_run_quarterly_transformation_resets_without_losing_momentum/image-prompts.md,explicit,generate_now,P1,false,true,Consultify/Blog/23_how_to_run_quarterly_transformation_resets_without_losing_momentum/assets/images,analytical_16x9_v1.png,analytical_16x9_v1.meta.json,website|newsletter
Consultify,blog,23_how_to_run_quarterly_transformation_resets_without_losing_momentum,social,Consultify/Blog/23_how_to_run_quarterly_transformation_resets_without_losing_momentum/image-prompts.md,explicit,generate_now,P1,false,true,Consultify/Blog/23_how_to_run_quarterly_transformation_resets_without_losing_momentum/assets/images,social_1x1_v1.png,social_1x1_v1.meta.json,website|social|newsletter
Consultify,blog,24_what_a_transformation_pmo_should_track_every_week,hero,Consultify/Blog/24_what_a_transformation_pmo_should_track_every_week/image-prompts.md,explicit,generate_now,P1,false,true,Consultify/Blog/24_what_a_transformation_pmo_should_track_every_week/assets/images,hero_16x9_v1.png,hero_16x9_v1.meta.json,website|social|newsletter
Consultify,blog,24_what_a_transformation_pmo_should_track_every_week,analytical,Consultify/Blog/24_what_a_transformation_pmo_should_track_every_week/image-prompts.md,explicit,generate_now,P1,false,true,Consultify/Blog/24_what_a_transformation_pmo_should_track_every_week/assets/images,analytical_16x9_v1.png,analytical_16x9_v1.meta.json,website|newsletter
Consultify,blog,24_what_a_transformation_pmo_should_track_every_week,social,Consultify/Blog/24_what_a_transformation_pmo_should_track_every_week/image-prompts.md,explicit,generate_now,P1,false,true,Consultify/Blog/24_what_a_transformation_pmo_should_track_every_week/assets/images,social_1x1_v1.png,social_1x1_v1.meta.json,website|social|newsletter
Consultify,blog,25_how_to_cut_dead_initiatives_without_political_drift,hero,Consultify/Blog/25_how_to_cut_dead_initiatives_without_political_drift/image-prompts.md,explicit,generate_now,P1,false,true,Consultify/Blog/25_how_to_cut_dead_initiatives_without_political_drift/assets/images,hero_16x9_v1.png,hero_16x9_v1.meta.json,website|social|newsletter
Consultify,blog,25_how_to_cut_dead_initiatives_without_political_drift,analytical,Consultify/Blog/25_how_to_cut_dead_initiatives_without_political_drift/image-prompts.md,explicit,generate_now,P1,false,true,Consultify/Blog/25_how_to_cut_dead_initiatives_without_political_drift/assets/images,analytical_16x9_v1.png,analytical_16x9_v1.meta.json,website|newsletter
Consultify,blog,25_how_to_cut_dead_initiatives_without_political_drift,social,Consultify/Blog/25_how_to_cut_dead_initiatives_without_political_drift/image-prompts.md,explicit,generate_now,P1,false,true,Consultify/Blog/25_how_to_cut_dead_initiatives_without_political_drift/assets/images,social_1x1_v1.png,social_1x1_v1.meta.json,website|social|newsletter
Consultify,blog,26_when_to_replan_a_transformation_portfolio_and_when_to_hold_course,hero,Consultify/Blog/26_when_to_replan_a_transformation_portfolio_and_when_to_hold_course/image-prompts.md,explicit,generate_now,P1,false,true,Consultify/Blog/26_when_to_replan_a_transformation_portfolio_and_when_to_hold_course/assets/images,hero_16x9_v1.png,hero_16x9_v1.meta.json,website|social|newsletter
Consultify,blog,26_when_to_replan_a_transformation_portfolio_and_when_to_hold_course,analytical,Consultify/Blog/26_when_to_replan_a_transformation_portfolio_and_when_to_hold_course/image-prompts.md,explicit,generate_now,P1,false,true,Consultify/Blog/26_when_to_replan_a_transformation_portfolio_and_when_to_hold_course/assets/images,analytical_16x9_v1.png,analytical_16x9_v1.meta.json,website|newsletter
Consultify,blog,26_when_to_replan_a_transformation_portfolio_and_when_to_hold_course,social,Consultify/Blog/26_when_to_replan_a_transformation_portfolio_and_when_to_hold_course/image-prompts.md,explicit,generate_now,P1,false,true,Consultify/Blog/26_when_to_replan_a_transformation_portfolio_and_when_to_hold_course/assets/images,social_1x1_v1.png,social_1x1_v1.meta.json,website|social|newsletter
Consultify,blog,27_how_to_make_strategy_assumptions_visible_before_the_board_review,hero,Consultify/Blog/27_how_to_make_strategy_assumptions_visible_before_the_board_review/image-prompts.md,explicit,generate_now,P1,false,true,Consultify/Blog/27_how_to_make_strategy_assumptions_visible_before_the_board_review/assets/images,hero_16x9_v1.png,hero_16x9_v1.meta.json,website|social|newsletter
Consultify,blog,27_how_to_make_strategy_assumptions_visible_before_the_board_review,analytical,Consultify/Blog/27_how_to_make_strategy_assumptions_visible_before_the_board_review/image-prompts.md,explicit,generate_now,P1,false,true,Consultify/Blog/27_how_to_make_strategy_assumptions_visible_before_the_board_review/assets/images,analytical_16x9_v1.png,analytical_16x9_v1.meta.json,website|newsletter
Consultify,blog,27_how_to_make_strategy_assumptions_visible_before_the_board_review,social,Consultify/Blog/27_how_to_make_strategy_assumptions_visible_before_the_board_review/image-prompts.md,explicit,generate_now,P1,false,true,Consultify/Blog/27_how_to_make_strategy_assumptions_visible_before_the_board_review/assets/images,social_1x1_v1.png,social_1x1_v1.meta.json,website|social|newsletter
Consultify,blog,28_why_transformation_capacity_breaks_before_strategy_does,hero,Consultify/Blog/28_why_transformation_capacity_breaks_before_strategy_does/image-prompts.md,explicit,generate_now,P1,false,true,Consultify/Blog/28_why_transformation_capacity_breaks_before_strategy_does/assets/images,hero_16x9_v1.png,hero_16x9_v1.meta.json,website|social|newsletter
Consultify,blog,28_why_transformation_capacity_breaks_before_strategy_does,analytical,Consultify/Blog/28_why_transformation_capacity_breaks_before_strategy_does/image-prompts.md,explicit,generate_now,P1,false,true,Consultify/Blog/28_why_transformation_capacity_breaks_before_strategy_does/assets/images,analytical_16x9_v1.png,analytical_16x9_v1.meta.json,website|newsletter
Consultify,blog,28_why_transformation_capacity_breaks_before_strategy_does,social,Consultify/Blog/28_why_transformation_capacity_breaks_before_strategy_does/image-prompts.md,explicit,generate_now,P1,false,true,Consultify/Blog/28_why_transformation_capacity_breaks_before_strategy_does/assets/images,social_1x1_v1.png,social_1x1_v1.meta.json,website|social|newsletter
Consultify,blog,29_how_to_link_transformation_initiatives_to_budget_reality,hero,Consultify/Blog/29_how_to_link_transformation_initiatives_to_budget_reality/image-prompts.md,explicit,generate_now,P1,false,true,Consultify/Blog/29_how_to_link_transformation_initiatives_to_budget_reality/assets/images,hero_16x9_v1.png,hero_16x9_v1.meta.json,website|social|newsletter
Consultify,blog,29_how_to_link_transformation_initiatives_to_budget_reality,analytical,Consultify/Blog/29_how_to_link_transformation_initiatives_to_budget_reality/image-prompts.md,explicit,generate_now,P1,false,true,Consultify/Blog/29_how_to_link_transformation_initiatives_to_budget_reality/assets/images,analytical_16x9_v1.png,analytical_16x9_v1.meta.json,website|newsletter
Consultify,blog,29_how_to_link_transformation_initiatives_to_budget_reality,social,Consultify/Blog/29_how_to_link_transformation_initiatives_to_budget_reality/image-prompts.md,explicit,generate_now,P1,false,true,Consultify/Blog/29_how_to_link_transformation_initiatives_to_budget_reality/assets/images,social_1x1_v1.png,social_1x1_v1.meta.json,website|social|newsletter
Consultify,blog,30_what_executive_sponsors_should_never_delegate_in_transformation,hero,Consultify/Blog/30_what_executive_sponsors_should_never_delegate_in_transformation/image-prompts.md,explicit,generate_now,P1,false,true,Consultify/Blog/30_what_executive_sponsors_should_never_delegate_in_transformation/assets/images,hero_16x9_v1.png,hero_16x9_v1.meta.json,website|social|newsletter
Consultify,blog,30_what_executive_sponsors_should_never_delegate_in_transformation,analytical,Consultify/Blog/30_what_executive_sponsors_should_never_delegate_in_transformation/image-prompts.md,explicit,generate_now,P1,false,true,Consultify/Blog/30_what_executive_sponsors_should_never_delegate_in_transformation/assets/images,analytical_16x9_v1.png,analytical_16x9_v1.meta.json,website|newsletter
Consultify,blog,30_what_executive_sponsors_should_never_delegate_in_transformation,social,Consultify/Blog/30_what_executive_sponsors_should_never_delegate_in_transformation/image-prompts.md,explicit,generate_now,P1,false,true,Consultify/Blog/30_what_executive_sponsors_should_never_delegate_in_transformation/assets/images,social_1x1_v1.png,social_1x1_v1.meta.json,website|social|newsletter
Consultify,blog,31_how_to_build_a_live_transformation_risk_register,hero,Consultify/Blog/31_how_to_build_a_live_transformation_risk_register/image-prompts.md,explicit,generate_now,P1,false,true,Consultify/Blog/31_how_to_build_a_live_transformation_risk_register/assets/images,hero_16x9_v1.png,hero_16x9_v1.meta.json,website|social|newsletter
Consultify,blog,31_how_to_build_a_live_transformation_risk_register,analytical,Consultify/Blog/31_how_to_build_a_live_transformation_risk_register/image-prompts.md,explicit,generate_now,P1,false,true,Consultify/Blog/31_how_to_build_a_live_transformation_risk_register/assets/images,analytical_16x9_v1.png,analytical_16x9_v1.meta.json,website|newsletter
Consultify,blog,31_how_to_build_a_live_transformation_risk_register,social,Consultify/Blog/31_how_to_build_a_live_transformation_risk_register/image-prompts.md,explicit,generate_now,P1,false,true,Consultify/Blog/31_how_to_build_a_live_transformation_risk_register/assets/images,social_1x1_v1.png,social_1x1_v1.meta.json,website|social|newsletter
Consultify,blog,32_when_a_transformation_program_needs_intervention_not_more_reporting,hero,Consultify/Blog/32_when_a_transformation_program_needs_intervention_not_more_reporting/image-prompts.md,explicit,generate_now,P1,false,true,Consultify/Blog/32_when_a_transformation_program_needs_intervention_not_more_reporting/assets/images,hero_16x9_v1.png,hero_16x9_v1.meta.json,website|social|newsletter
Consultify,blog,32_when_a_transformation_program_needs_intervention_not_more_reporting,analytical,Consultify/Blog/32_when_a_transformation_program_needs_intervention_not_more_reporting/image-prompts.md,explicit,generate_now,P1,false,true,Consultify/Blog/32_when_a_transformation_program_needs_intervention_not_more_reporting/assets/images,analytical_16x9_v1.png,analytical_16x9_v1.meta.json,website|newsletter
Consultify,blog,32_when_a_transformation_program_needs_intervention_not_more_reporting,social,Consultify/Blog/32_when_a_transformation_program_needs_intervention_not_more_reporting/image-prompts.md,explicit,generate_now,P1,false,true,Consultify/Blog/32_when_a_transformation_program_needs_intervention_not_more_reporting/assets/images,social_1x1_v1.png,social_1x1_v1.meta.json,website|social|newsletter
Consultify,blog,33_how_to_design_a_sponsor_cadence_that_actually_changes_transformation_outcomes,hero,Consultify/Blog/33_how_to_design_a_sponsor_cadence_that_actually_changes_transformation_outcomes/image-prompts.md,explicit,generate_now,P1,false,true,Consultify/Blog/33_how_to_design_a_sponsor_cadence_that_actually_changes_transformation_outcomes/assets/images,hero_16x9_v1.png,hero_16x9_v1.meta.json,website|social|newsletter
Consultify,blog,33_how_to_design_a_sponsor_cadence_that_actually_changes_transformation_outcomes,analytical,Consultify/Blog/33_how_to_design_a_sponsor_cadence_that_actually_changes_transformation_outcomes/image-prompts.md,explicit,generate_now,P1,false,true,Consultify/Blog/33_how_to_design_a_sponsor_cadence_that_actually_changes_transformation_outcomes/assets/images,analytical_16x9_v1.png,analytical_16x9_v1.meta.json,website|newsletter
Consultify,blog,33_how_to_design_a_sponsor_cadence_that_actually_changes_transformation_outcomes,social,Consultify/Blog/33_how_to_design_a_sponsor_cadence_that_actually_changes_transformation_outcomes/image-prompts.md,explicit,generate_now,P1,false,true,Consultify/Blog/33_how_to_design_a_sponsor_cadence_that_actually_changes_transformation_outcomes/assets/images,social_1x1_v1.png,social_1x1_v1.meta.json,website|social|newsletter
Consultify,blog,34_when_a_transformation_portfolio_should_stop_funding_an_initiative,hero,Consultify/Blog/34_when_a_transformation_portfolio_should_stop_funding_an_initiative/image-prompts.md,explicit,generate_now,P1,false,true,Consultify/Blog/34_when_a_transformation_portfolio_should_stop_funding_an_initiative/assets/images,hero_16x9_v1.png,hero_16x9_v1.meta.json,website|social|newsletter
Consultify,blog,34_when_a_transformation_portfolio_should_stop_funding_an_initiative,analytical,Consultify/Blog/34_when_a_transformation_portfolio_should_stop_funding_an_initiative/image-prompts.md,explicit,generate_now,P1,false,true,Consultify/Blog/34_when_a_transformation_portfolio_should_stop_funding_an_initiative/assets/images,analytical_16x9_v1.png,analytical_16x9_v1.meta.json,website|newsletter
Consultify,blog,34_when_a_transformation_portfolio_should_stop_funding_an_initiative,social,Consultify/Blog/34_when_a_transformation_portfolio_should_stop_funding_an_initiative/image-prompts.md,explicit,generate_now,P1,false,true,Consultify/Blog/34_when_a_transformation_portfolio_should_stop_funding_an_initiative/assets/images,social_1x1_v1.png,social_1x1_v1.meta.json,website|social|newsletter
Consultify,blog,35_what_a_good_escalation_path_looks_like_in_cross_functional_programs,hero,Consultify/Blog/35_what_a_good_escalation_path_looks_like_in_cross_functional_programs/image-prompts.md,explicit,generate_now,P1,false,true,Consultify/Blog/35_what_a_good_escalation_path_looks_like_in_cross_functional_programs/assets/images,hero_16x9_v1.png,hero_16x9_v1.meta.json,website|social|newsletter
Consultify,blog,35_what_a_good_escalation_path_looks_like_in_cross_functional_programs,analytical,Consultify/Blog/35_what_a_good_escalation_path_looks_like_in_cross_functional_programs/image-prompts.md,explicit,generate_now,P1,false,true,Consultify/Blog/35_what_a_good_escalation_path_looks_like_in_cross_functional_programs/assets/images,analytical_16x9_v1.png,analytical_16x9_v1.meta.json,website|newsletter
Consultify,blog,35_what_a_good_escalation_path_looks_like_in_cross_functional_programs,social,Consultify/Blog/35_what_a_good_escalation_path_looks_like_in_cross_functional_programs/image-prompts.md,explicit,generate_now,P1,false,true,Consultify/Blog/35_what_a_good_escalation_path_looks_like_in_cross_functional_programs/assets/images,social_1x1_v1.png,social_1x1_v1.meta.json,website|social|newsletter
Consultify,blog,36_how_to_reduce_governance_debt_in_large_transformation_programs,hero,Consultify/Blog/36_how_to_reduce_governance_debt_in_large_transformation_programs/image-prompts.md,explicit,generate_now,P1,false,true,Consultify/Blog/36_how_to_reduce_governance_debt_in_large_transformation_programs/assets/images,hero_16x9_v1.png,hero_16x9_v1.meta.json,website|social|newsletter
Consultify,blog,36_how_to_reduce_governance_debt_in_large_transformation_programs,analytical,Consultify/Blog/36_how_to_reduce_governance_debt_in_large_transformation_programs/image-prompts.md,explicit,generate_now,P1,false,true,Consultify/Blog/36_how_to_reduce_governance_debt_in_large_transformation_programs/assets/images,analytical_16x9_v1.png,analytical_16x9_v1.meta.json,website|newsletter
Consultify,blog,36_how_to_reduce_governance_debt_in_large_transformation_programs,social,Consultify/Blog/36_how_to_reduce_governance_debt_in_large_transformation_programs/image-prompts.md,explicit,generate_now,P1,false,true,Consultify/Blog/36_how_to_reduce_governance_debt_in_large_transformation_programs/assets/images,social_1x1_v1.png,social_1x1_v1.meta.json,website|social|newsletter
Consultify,blog,37_when_transformation_metrics_start_driving_the_wrong_behavior,hero,Consultify/Blog/37_when_transformation_metrics_start_driving_the_wrong_behavior/image-prompts.md,explicit,generate_now,P1,false,true,Consultify/Blog/37_when_transformation_metrics_start_driving_the_wrong_behavior/assets/images,hero_16x9_v1.png,hero_16x9_v1.meta.json,website|social|newsletter
Consultify,blog,37_when_transformation_metrics_start_driving_the_wrong_behavior,analytical,Consultify/Blog/37_when_transformation_metrics_start_driving_the_wrong_behavior/image-prompts.md,explicit,generate_now,P1,false,true,Consultify/Blog/37_when_transformation_metrics_start_driving_the_wrong_behavior/assets/images,analytical_16x9_v1.png,analytical_16x9_v1.meta.json,website|newsletter
Consultify,blog,37_when_transformation_metrics_start_driving_the_wrong_behavior,social,Consultify/Blog/37_when_transformation_metrics_start_driving_the_wrong_behavior/image-prompts.md,explicit,generate_now,P1,false,true,Consultify/Blog/37_when_transformation_metrics_start_driving_the_wrong_behavior/assets/images,social_1x1_v1.png,social_1x1_v1.meta.json,website|social|newsletter
Consultify,blog,38_how_to_keep_strategy_reviews_from_turning_into_narrative_theater,hero,Consultify/Blog/38_how_to_keep_strategy_reviews_from_turning_into_narrative_theater/image-prompts.md,explicit,generate_now,P1,false,true,Consultify/Blog/38_how_to_keep_strategy_reviews_from_turning_into_narrative_theater/assets/images,hero_16x9_v1.png,hero_16x9_v1.meta.json,website|social|newsletter
Consultify,blog,38_how_to_keep_strategy_reviews_from_turning_into_narrative_theater,analytical,Consultify/Blog/38_how_to_keep_strategy_reviews_from_turning_into_narrative_theater/image-prompts.md,explicit,generate_now,P1,false,true,Consultify/Blog/38_how_to_keep_strategy_reviews_from_turning_into_narrative_theater/assets/images,analytical_16x9_v1.png,analytical_16x9_v1.meta.json,website|newsletter
Consultify,blog,38_how_to_keep_strategy_reviews_from_turning_into_narrative_theater,social,Consultify/Blog/38_how_to_keep_strategy_reviews_from_turning_into_narrative_theater/image-prompts.md,explicit,generate_now,P1,false,true,Consultify/Blog/38_how_to_keep_strategy_reviews_from_turning_into_narrative_theater/assets/images,social_1x1_v1.png,social_1x1_v1.meta.json,website|social|newsletter
Consultify,blog,39_what_executives_should_require_before_approving_the_next_wave_of_change,hero,Consultify/Blog/39_what_executives_should_require_before_approving_the_next_wave_of_change/image-prompts.md,explicit,generate_now,P1,false,true,Consultify/Blog/39_what_executives_should_require_before_approving_the_next_wave_of_change/assets/images,hero_16x9_v1.png,hero_16x9_v1.meta.json,website|social|newsletter
Consultify,blog,39_what_executives_should_require_before_approving_the_next_wave_of_change,analytical,Consultify/Blog/39_what_executives_should_require_before_approving_the_next_wave_of_change/image-prompts.md,explicit,generate_now,P1,false,true,Consultify/Blog/39_what_executives_should_require_before_approving_the_next_wave_of_change/assets/images,analytical_16x9_v1.png,analytical_16x9_v1.meta.json,website|newsletter
Consultify,blog,39_what_executives_should_require_before_approving_the_next_wave_of_change,social,Consultify/Blog/39_what_executives_should_require_before_approving_the_next_wave_of_change/image-prompts.md,explicit,generate_now,P1,false,true,Consultify/Blog/39_what_executives_should_require_before_approving_the_next_wave_of_change/assets/images,social_1x1_v1.png,social_1x1_v1.meta.json,website|social|newsletter
Consultify,blog,40_how_to_prove_transformation_value_before_the_full_program_finishes,hero,Consultify/Blog/40_how_to_prove_transformation_value_before_the_full_program_finishes/image-prompts.md,explicit,generate_now,P1,false,true,Consultify/Blog/40_how_to_prove_transformation_value_before_the_full_program_finishes/assets/images,hero_16x9_v1.png,hero_16x9_v1.meta.json,website|social|newsletter
Consultify,blog,40_how_to_prove_transformation_value_before_the_full_program_finishes,analytical,Consultify/Blog/40_how_to_prove_transformation_value_before_the_full_program_finishes/image-prompts.md,explicit,generate_now,P1,false,true,Consultify/Blog/40_how_to_prove_transformation_value_before_the_full_program_finishes/assets/images,analytical_16x9_v1.png,analytical_16x9_v1.meta.json,website|newsletter
Consultify,blog,40_how_to_prove_transformation_value_before_the_full_program_finishes,social,Consultify/Blog/40_how_to_prove_transformation_value_before_the_full_program_finishes/image-prompts.md,explicit,generate_now,P1,false,true,Consultify/Blog/40_how_to_prove_transformation_value_before_the_full_program_finishes/assets/images,social_1x1_v1.png,social_1x1_v1.meta.json,website|social|newsletter
Consultify,blog,41_when_a_transformation_team_is_overloaded_even_if_the_plan_looks_green,hero,Consultify/Blog/41_when_a_transformation_team_is_overloaded_even_if_the_plan_looks_green/image-prompts.md,explicit,generate_now,P1,false,true,Consultify/Blog/41_when_a_transformation_team_is_overloaded_even_if_the_plan_looks_green/assets/images,hero_16x9_v1.png,hero_16x9_v1.meta.json,website|social|newsletter
Consultify,blog,41_when_a_transformation_team_is_overloaded_even_if_the_plan_looks_green,analytical,Consultify/Blog/41_when_a_transformation_team_is_overloaded_even_if_the_plan_looks_green/image-prompts.md,explicit,generate_now,P1,false,true,Consultify/Blog/41_when_a_transformation_team_is_overloaded_even_if_the_plan_looks_green/assets/images,analytical_16x9_v1.png,analytical_16x9_v1.meta.json,website|newsletter
Consultify,blog,41_when_a_transformation_team_is_overloaded_even_if_the_plan_looks_green,social,Consultify/Blog/41_when_a_transformation_team_is_overloaded_even_if_the_plan_looks_green/image-prompts.md,explicit,generate_now,P1,false,true,Consultify/Blog/41_when_a_transformation_team_is_overloaded_even_if_the_plan_looks_green/assets/images,social_1x1_v1.png,social_1x1_v1.meta.json,website|social|newsletter
Consultify,blog,42_how_to_reset_transformation_control_after_a_missed_quarter,hero,Consultify/Blog/42_how_to_reset_transformation_control_after_a_missed_quarter/image-prompts.md,explicit,generate_now,P1,false,true,Consultify/Blog/42_how_to_reset_transformation_control_after_a_missed_quarter/assets/images,hero_16x9_v1.png,hero_16x9_v1.meta.json,website|social|newsletter
Consultify,blog,42_how_to_reset_transformation_control_after_a_missed_quarter,analytical,Consultify/Blog/42_how_to_reset_transformation_control_after_a_missed_quarter/image-prompts.md,explicit,generate_now,P1,false,true,Consultify/Blog/42_how_to_reset_transformation_control_after_a_missed_quarter/assets/images,analytical_16x9_v1.png,analytical_16x9_v1.meta.json,website|newsletter
Consultify,blog,42_how_to_reset_transformation_control_after_a_missed_quarter,social,Consultify/Blog/42_how_to_reset_transformation_control_after_a_missed_quarter/image-prompts.md,explicit,generate_now,P1,false,true,Consultify/Blog/42_how_to_reset_transformation_control_after_a_missed_quarter/assets/images,social_1x1_v1.png,social_1x1_v1.meta.json,website|social|newsletter
Consultify,blog,43_how_to_define_decision_rights_in_a_transformation_operating_system,hero,Consultify/Blog/43_how_to_define_decision_rights_in_a_transformation_operating_system/image-prompts.md,explicit,generate_now,P1,false,true,Consultify/Blog/43_how_to_define_decision_rights_in_a_transformation_operating_system/assets/images,hero_16x9_v1.png,hero_16x9_v1.meta.json,website|social|newsletter
Consultify,blog,43_how_to_define_decision_rights_in_a_transformation_operating_system,analytical,Consultify/Blog/43_how_to_define_decision_rights_in_a_transformation_operating_system/image-prompts.md,explicit,generate_now,P1,false,true,Consultify/Blog/43_how_to_define_decision_rights_in_a_transformation_operating_system/assets/images,analytical_16x9_v1.png,analytical_16x9_v1.meta.json,website|newsletter
Consultify,blog,43_how_to_define_decision_rights_in_a_transformation_operating_system,social,Consultify/Blog/43_how_to_define_decision_rights_in_a_transformation_operating_system/image-prompts.md,explicit,generate_now,P1,false,true,Consultify/Blog/43_how_to_define_decision_rights_in_a_transformation_operating_system/assets/images,social_1x1_v1.png,social_1x1_v1.meta.json,website|social|newsletter
Consultify,blog,44_what_a_board_ready_transformation_packet_should_include_every_time,hero,Consultify/Blog/44_what_a_board_ready_transformation_packet_should_include_every_time/image-prompts.md,explicit,generate_now,P1,false,true,Consultify/Blog/44_what_a_board_ready_transformation_packet_should_include_every_time/assets/images,hero_16x9_v1.png,hero_16x9_v1.meta.json,website|social|newsletter
Consultify,blog,44_what_a_board_ready_transformation_packet_should_include_every_time,analytical,Consultify/Blog/44_what_a_board_ready_transformation_packet_should_include_every_time/image-prompts.md,explicit,generate_now,P1,false,true,Consultify/Blog/44_what_a_board_ready_transformation_packet_should_include_every_time/assets/images,analytical_16x9_v1.png,analytical_16x9_v1.meta.json,website|newsletter
Consultify,blog,44_what_a_board_ready_transformation_packet_should_include_every_time,social,Consultify/Blog/44_what_a_board_ready_transformation_packet_should_include_every_time/image-prompts.md,explicit,generate_now,P1,false,true,Consultify/Blog/44_what_a_board_ready_transformation_packet_should_include_every_time/assets/images,social_1x1_v1.png,social_1x1_v1.meta.json,website|social|newsletter
Consultify,blog,45_when_to_rewrite_a_transformation_business_case_and_when_not_to,hero,Consultify/Blog/45_when_to_rewrite_a_transformation_business_case_and_when_not_to/image-prompts.md,explicit,generate_now,P1,false,true,Consultify/Blog/45_when_to_rewrite_a_transformation_business_case_and_when_not_to/assets/images,hero_16x9_v1.png,hero_16x9_v1.meta.json,website|social|newsletter
Consultify,blog,45_when_to_rewrite_a_transformation_business_case_and_when_not_to,analytical,Consultify/Blog/45_when_to_rewrite_a_transformation_business_case_and_when_not_to/image-prompts.md,explicit,generate_now,P1,false,true,Consultify/Blog/45_when_to_rewrite_a_transformation_business_case_and_when_not_to/assets/images,analytical_16x9_v1.png,analytical_16x9_v1.meta.json,website|newsletter
Consultify,blog,45_when_to_rewrite_a_transformation_business_case_and_when_not_to,social,Consultify/Blog/45_when_to_rewrite_a_transformation_business_case_and_when_not_to/image-prompts.md,explicit,generate_now,P1,false,true,Consultify/Blog/45_when_to_rewrite_a_transformation_business_case_and_when_not_to/assets/images,social_1x1_v1.png,social_1x1_v1.meta.json,website|social|newsletter
Consultify,blog,46_how_to_manage_transformation_assumptions_without_spreadsheet_chaos,hero,Consultify/Blog/46_how_to_manage_transformation_assumptions_without_spreadsheet_chaos/image-prompts.md,explicit,generate_now,P1,false,true,Consultify/Blog/46_how_to_manage_transformation_assumptions_without_spreadsheet_chaos/assets/images,hero_16x9_v1.png,hero_16x9_v1.meta.json,website|social|newsletter
Consultify,blog,46_how_to_manage_transformation_assumptions_without_spreadsheet_chaos,analytical,Consultify/Blog/46_how_to_manage_transformation_assumptions_without_spreadsheet_chaos/image-prompts.md,explicit,generate_now,P1,false,true,Consultify/Blog/46_how_to_manage_transformation_assumptions_without_spreadsheet_chaos/assets/images,analytical_16x9_v1.png,analytical_16x9_v1.meta.json,website|newsletter
Consultify,blog,46_how_to_manage_transformation_assumptions_without_spreadsheet_chaos,social,Consultify/Blog/46_how_to_manage_transformation_assumptions_without_spreadsheet_chaos/image-prompts.md,explicit,generate_now,P1,false,true,Consultify/Blog/46_how_to_manage_transformation_assumptions_without_spreadsheet_chaos/assets/images,social_1x1_v1.png,social_1x1_v1.meta.json,website|social|newsletter
Consultify,blog,47_what_a_good_transformation_capacity_model_should_make_visible,hero,Consultify/Blog/47_what_a_good_transformation_capacity_model_should_make_visible/image-prompts.md,explicit,generate_now,P1,false,true,Consultify/Blog/47_what_a_good_transformation_capacity_model_should_make_visible/assets/images,hero_16x9_v1.png,hero_16x9_v1.meta.json,website|social|newsletter
Consultify,blog,47_what_a_good_transformation_capacity_model_should_make_visible,analytical,Consultify/Blog/47_what_a_good_transformation_capacity_model_should_make_visible/image-prompts.md,explicit,generate_now,P1,false,true,Consultify/Blog/47_what_a_good_transformation_capacity_model_should_make_visible/assets/images,analytical_16x9_v1.png,analytical_16x9_v1.meta.json,website|newsletter
Consultify,blog,47_what_a_good_transformation_capacity_model_should_make_visible,social,Consultify/Blog/47_what_a_good_transformation_capacity_model_should_make_visible/image-prompts.md,explicit,generate_now,P1,false,true,Consultify/Blog/47_what_a_good_transformation_capacity_model_should_make_visible/assets/images,social_1x1_v1.png,social_1x1_v1.meta.json,website|social|newsletter
Consultify,blog,48_when_change_exhaustion_is_a_governance_problem_not_a_people_problem,hero,Consultify/Blog/48_when_change_exhaustion_is_a_governance_problem_not_a_people_problem/image-prompts.md,explicit,generate_now,P1,false,true,Consultify/Blog/48_when_change_exhaustion_is_a_governance_problem_not_a_people_problem/assets/images,hero_16x9_v1.png,hero_16x9_v1.meta.json,website|social|newsletter
Consultify,blog,48_when_change_exhaustion_is_a_governance_problem_not_a_people_problem,analytical,Consultify/Blog/48_when_change_exhaustion_is_a_governance_problem_not_a_people_problem/image-prompts.md,explicit,generate_now,P1,false,true,Consultify/Blog/48_when_change_exhaustion_is_a_governance_problem_not_a_people_problem/assets/images,analytical_16x9_v1.png,analytical_16x9_v1.meta.json,website|newsletter
Consultify,blog,48_when_change_exhaustion_is_a_governance_problem_not_a_people_problem,social,Consultify/Blog/48_when_change_exhaustion_is_a_governance_problem_not_a_people_problem/image-prompts.md,explicit,generate_now,P1,false,true,Consultify/Blog/48_when_change_exhaustion_is_a_governance_problem_not_a_people_problem/assets/images,social_1x1_v1.png,social_1x1_v1.meta.json,website|social|newsletter
Consultify,blog,49_how_to_keep_a_transformation_pmo_from_becoming_a_reporting_factory,hero,Consultify/Blog/49_how_to_keep_a_transformation_pmo_from_becoming_a_reporting_factory/image-prompts.md,explicit,generate_now,P1,false,true,Consultify/Blog/49_how_to_keep_a_transformation_pmo_from_becoming_a_reporting_factory/assets/images,hero_16x9_v1.png,hero_16x9_v1.meta.json,website|social|newsletter
Consultify,blog,49_how_to_keep_a_transformation_pmo_from_becoming_a_reporting_factory,analytical,Consultify/Blog/49_how_to_keep_a_transformation_pmo_from_becoming_a_reporting_factory/image-prompts.md,explicit,generate_now,P1,false,true,Consultify/Blog/49_how_to_keep_a_transformation_pmo_from_becoming_a_reporting_factory/assets/images,analytical_16x9_v1.png,analytical_16x9_v1.meta.json,website|newsletter
Consultify,blog,49_how_to_keep_a_transformation_pmo_from_becoming_a_reporting_factory,social,Consultify/Blog/49_how_to_keep_a_transformation_pmo_from_becoming_a_reporting_factory/image-prompts.md,explicit,generate_now,P1,false,true,Consultify/Blog/49_how_to_keep_a_transformation_pmo_from_becoming_a_reporting_factory/assets/images,social_1x1_v1.png,social_1x1_v1.meta.json,website|social|newsletter
Consultify,blog,50_how_to_turn_transformation_management_into_a_repeatable_operating_system,hero,Consultify/Blog/50_how_to_turn_transformation_management_into_a_repeatable_operating_system/image-prompts.md,explicit,generate_now,P1,false,true,Consultify/Blog/50_how_to_turn_transformation_management_into_a_repeatable_operating_system/assets/images,hero_16x9_v1.png,hero_16x9_v1.meta.json,website|social|newsletter
Consultify,blog,50_how_to_turn_transformation_management_into_a_repeatable_operating_system,analytical,Consultify/Blog/50_how_to_turn_transformation_management_into_a_repeatable_operating_system/image-prompts.md,explicit,generate_now,P1,false,true,Consultify/Blog/50_how_to_turn_transformation_management_into_a_repeatable_operating_system/assets/images,analytical_16x9_v1.png,analytical_16x9_v1.meta.json,website|newsletter
Consultify,blog,50_how_to_turn_transformation_management_into_a_repeatable_operating_system,social,Consultify/Blog/50_how_to_turn_transformation_management_into_a_repeatable_operating_system/image-prompts.md,explicit,generate_now,P1,false,true,Consultify/Blog/50_how_to_turn_transformation_management_into_a_repeatable_operating_system/assets/images,social_1x1_v1.png,social_1x1_v1.meta.json,website|social|newsletter
DBR77,blog,01_why_most_factories_still_run_on_guesswork,hero,DBR77/Blog/01_why_most_factories_still_run_on_guesswork/image-prompts.md,explicit,generate_now,P2,false,true,DBR77/Blog/01_why_most_factories_still_run_on_guesswork/assets/images,hero_16x9_v1.png,hero_16x9_v1.meta.json,website|social|newsletter
DBR77,blog,01_why_most_factories_still_run_on_guesswork,analytical,DBR77/Blog/01_why_most_factories_still_run_on_guesswork/image-prompts.md,explicit,generate_now,P2,false,true,DBR77/Blog/01_why_most_factories_still_run_on_guesswork/assets/images,analytical_16x9_v1.png,analytical_16x9_v1.meta.json,website|newsletter
DBR77,blog,01_why_most_factories_still_run_on_guesswork,social,DBR77/Blog/01_why_most_factories_still_run_on_guesswork/image-prompts.md,explicit,generate_now,P2,false,true,DBR77/Blog/01_why_most_factories_still_run_on_guesswork/assets/images,social_1x1_v1.png,social_1x1_v1.meta.json,website|social|newsletter
DBR77,blog,02_the_hidden_cost_of_poor_factory_decisions,hero,DBR77/Blog/02_the_hidden_cost_of_poor_factory_decisions/image-prompts.md,explicit,generate_now,P2,false,true,DBR77/Blog/02_the_hidden_cost_of_poor_factory_decisions/assets/images,hero_16x9_v1.png,hero_16x9_v1.meta.json,website|social|newsletter
DBR77,blog,02_the_hidden_cost_of_poor_factory_decisions,analytical,DBR77/Blog/02_the_hidden_cost_of_poor_factory_decisions/image-prompts.md,explicit,generate_now,P2,false,true,DBR77/Blog/02_the_hidden_cost_of_poor_factory_decisions/assets/images,analytical_16x9_v1.png,analytical_16x9_v1.meta.json,website|newsletter
DBR77,blog,02_the_hidden_cost_of_poor_factory_decisions,social,DBR77/Blog/02_the_hidden_cost_of_poor_factory_decisions/image-prompts.md,explicit,generate_now,P2,false,true,DBR77/Blog/02_the_hidden_cost_of_poor_factory_decisions/assets/images,social_1x1_v1.png,social_1x1_v1.meta.json,website|social|newsletter
DBR77,blog,03_from_excel_to_ai_the_evolution_of_factory_management,hero,DBR77/Blog/03_from_excel_to_ai_the_evolution_of_factory_management/image-prompts.md,explicit,generate_now,P2,false,true,DBR77/Blog/03_from_excel_to_ai_the_evolution_of_factory_management/assets/images,hero_16x9_v1.png,hero_16x9_v1.meta.json,website|social|newsletter
DBR77,blog,03_from_excel_to_ai_the_evolution_of_factory_management,analytical,DBR77/Blog/03_from_excel_to_ai_the_evolution_of_factory_management/image-prompts.md,explicit,generate_now,P2,false,true,DBR77/Blog/03_from_excel_to_ai_the_evolution_of_factory_management/assets/images,analytical_16x9_v1.png,analytical_16x9_v1.meta.json,website|newsletter
DBR77,blog,03_from_excel_to_ai_the_evolution_of_factory_management,social,DBR77/Blog/03_from_excel_to_ai_the_evolution_of_factory_management/image-prompts.md,explicit,generate_now,P2,false,true,DBR77/Blog/03_from_excel_to_ai_the_evolution_of_factory_management/assets/images,social_1x1_v1.png,social_1x1_v1.meta.json,website|social|newsletter
DBR77,blog,04_why_digital_transformation_fails_in_manufacturing,hero,DBR77/Blog/04_why_digital_transformation_fails_in_manufacturing/image-prompts.md,explicit,generate_now,P2,false,true,DBR77/Blog/04_why_digital_transformation_fails_in_manufacturing/assets/images,hero_16x9_v1.png,hero_16x9_v1.meta.json,website|social|newsletter
DBR77,blog,04_why_digital_transformation_fails_in_manufacturing,analytical,DBR77/Blog/04_why_digital_transformation_fails_in_manufacturing/image-prompts.md,explicit,generate_now,P2,false,true,DBR77/Blog/04_why_digital_transformation_fails_in_manufacturing/assets/images,analytical_16x9_v1.png,analytical_16x9_v1.meta.json,website|newsletter
DBR77,blog,04_why_digital_transformation_fails_in_manufacturing,social,DBR77/Blog/04_why_digital_transformation_fails_in_manufacturing/image-prompts.md,explicit,generate_now,P2,false,true,DBR77/Blog/04_why_digital_transformation_fails_in_manufacturing/assets/images,social_1x1_v1.png,social_1x1_v1.meta.json,website|social|newsletter
DBR77,blog,05_the_new_role_of_the_factory_ceo_in_the_ai_era,hero,DBR77/Blog/05_the_new_role_of_the_factory_ceo_in_the_ai_era/image-prompts.md,explicit,generate_now,P2,false,true,DBR77/Blog/05_the_new_role_of_the_factory_ceo_in_the_ai_era/assets/images,hero_16x9_v1.png,hero_16x9_v1.meta.json,website|social|newsletter
DBR77,blog,05_the_new_role_of_the_factory_ceo_in_the_ai_era,analytical,DBR77/Blog/05_the_new_role_of_the_factory_ceo_in_the_ai_era/image-prompts.md,explicit,generate_now,P2,false,true,DBR77/Blog/05_the_new_role_of_the_factory_ceo_in_the_ai_era/assets/images,analytical_16x9_v1.png,analytical_16x9_v1.meta.json,website|newsletter
DBR77,blog,05_the_new_role_of_the_factory_ceo_in_the_ai_era,social,DBR77/Blog/05_the_new_role_of_the_factory_ceo_in_the_ai_era/image-prompts.md,explicit,generate_now,P2,false,true,DBR77/Blog/05_the_new_role_of_the_factory_ceo_in_the_ai_era/assets/images,social_1x1_v1.png,social_1x1_v1.meta.json,website|social|newsletter
DBR77,blog,06_the_death_of_static_planning_in_manufacturing,hero,DBR77/Blog/06_the_death_of_static_planning_in_manufacturing/image-prompts.md,explicit,generate_now,P2,false,true,DBR77/Blog/06_the_death_of_static_planning_in_manufacturing/assets/images,hero_16x9_v1.png,hero_16x9_v1.meta.json,website|social|newsletter
DBR77,blog,06_the_death_of_static_planning_in_manufacturing,analytical,DBR77/Blog/06_the_death_of_static_planning_in_manufacturing/image-prompts.md,explicit,generate_now,P2,false,true,DBR77/Blog/06_the_death_of_static_planning_in_manufacturing/assets/images,analytical_16x9_v1.png,analytical_16x9_v1.meta.json,website|newsletter
DBR77,blog,06_the_death_of_static_planning_in_manufacturing,social,DBR77/Blog/06_the_death_of_static_planning_in_manufacturing/image-prompts.md,explicit,generate_now,P2,false,true,DBR77/Blog/06_the_death_of_static_planning_in_manufacturing/assets/images,social_1x1_v1.png,social_1x1_v1.meta.json,website|social|newsletter
DBR77,blog,07_why_you_should_never_invest_in_automation_without_simulation,hero,DBR77/Blog/07_why_you_should_never_invest_in_automation_without_simulation/image-prompts.md,explicit,generate_now,P2,false,true,DBR77/Blog/07_why_you_should_never_invest_in_automation_without_simulation/assets/images,hero_16x9_v1.png,hero_16x9_v1.meta.json,website|social|newsletter
DBR77,blog,07_why_you_should_never_invest_in_automation_without_simulation,analytical,DBR77/Blog/07_why_you_should_never_invest_in_automation_without_simulation/image-prompts.md,explicit,generate_now,P2,false,true,DBR77/Blog/07_why_you_should_never_invest_in_automation_without_simulation/assets/images,analytical_16x9_v1.png,analytical_16x9_v1.meta.json,website|newsletter
DBR77,blog,07_why_you_should_never_invest_in_automation_without_simulation,social,DBR77/Blog/07_why_you_should_never_invest_in_automation_without_simulation/image-prompts.md,explicit,generate_now,P2,false,true,DBR77/Blog/07_why_you_should_never_invest_in_automation_without_simulation/assets/images,social_1x1_v1.png,social_1x1_v1.meta.json,website|social|newsletter
DBR77,blog,08_the_real_reason_your_factory_is_not_efficient,hero,DBR77/Blog/08_the_real_reason_your_factory_is_not_efficient/image-prompts.md,explicit,generate_now,P2,false,true,DBR77/Blog/08_the_real_reason_your_factory_is_not_efficient/assets/images,hero_16x9_v1.png,hero_16x9_v1.meta.json,website|social|newsletter
DBR77,blog,08_the_real_reason_your_factory_is_not_efficient,analytical,DBR77/Blog/08_the_real_reason_your_factory_is_not_efficient/image-prompts.md,explicit,generate_now,P2,false,true,DBR77/Blog/08_the_real_reason_your_factory_is_not_efficient/assets/images,analytical_16x9_v1.png,analytical_16x9_v1.meta.json,website|newsletter
DBR77,blog,08_the_real_reason_your_factory_is_not_efficient,social,DBR77/Blog/08_the_real_reason_your_factory_is_not_efficient/image-prompts.md,explicit,generate_now,P2,false,true,DBR77/Blog/08_the_real_reason_your_factory_is_not_efficient/assets/images,social_1x1_v1.png,social_1x1_v1.meta.json,website|social|newsletter
DBR77,blog,09_data_is_the_new_factory_floor,hero,DBR77/Blog/09_data_is_the_new_factory_floor/image-prompts.md,explicit,generate_now,P2,false,true,DBR77/Blog/09_data_is_the_new_factory_floor/assets/images,hero_16x9_v1.png,hero_16x9_v1.meta.json,website|social|newsletter
DBR77,blog,09_data_is_the_new_factory_floor,analytical,DBR77/Blog/09_data_is_the_new_factory_floor/image-prompts.md,explicit,generate_now,P2,false,true,DBR77/Blog/09_data_is_the_new_factory_floor/assets/images,analytical_16x9_v1.png,analytical_16x9_v1.meta.json,website|newsletter
DBR77,blog,09_data_is_the_new_factory_floor,social,DBR77/Blog/09_data_is_the_new_factory_floor/image-prompts.md,explicit,generate_now,P2,false,true,DBR77/Blog/09_data_is_the_new_factory_floor/assets/images,social_1x1_v1.png,social_1x1_v1.meta.json,website|social|newsletter
DBR77,blog,10_the_factory_of_the_future_is_not_automated_its_intelligent,hero,DBR77/Blog/10_the_factory_of_the_future_is_not_automated_its_intelligent/image-prompts.md,explicit,generate_now,P2,false,true,DBR77/Blog/10_the_factory_of_the_future_is_not_automated_its_intelligent/assets/images,hero_16x9_v1.png,hero_16x9_v1.meta.json,website|social|newsletter
DBR77,blog,10_the_factory_of_the_future_is_not_automated_its_intelligent,analytical,DBR77/Blog/10_the_factory_of_the_future_is_not_automated_its_intelligent/image-prompts.md,explicit,generate_now,P2,false,true,DBR77/Blog/10_the_factory_of_the_future_is_not_automated_its_intelligent/assets/images,analytical_16x9_v1.png,analytical_16x9_v1.meta.json,website|newsletter
DBR77,blog,10_the_factory_of_the_future_is_not_automated_its_intelligent,social,DBR77/Blog/10_the_factory_of_the_future_is_not_automated_its_intelligent/image-prompts.md,explicit,generate_now,P2,false,true,DBR77/Blog/10_the_factory_of_the_future_is_not_automated_its_intelligent/assets/images,social_1x1_v1.png,social_1x1_v1.meta.json,website|social|newsletter
DBR77,page,01_ai_native_operating_system_for_industry,hero,DBR77/Pages/01_ai_native_operating_system_for_industry/image-prompts.md,explicit,generate_now,P2,false,true,DBR77/Pages/01_ai_native_operating_system_for_industry/assets/images,hero_16x9_v1.png,hero_16x9_v1.meta.json,website|social|newsletter
DBR77,page,01_ai_native_operating_system_for_industry,analytical,DBR77/Pages/01_ai_native_operating_system_for_industry/image-prompts.md,explicit,generate_now,P2,false,true,DBR77/Pages/01_ai_native_operating_system_for_industry/assets/images,analytical_16x9_v1.png,analytical_16x9_v1.meta.json,website|newsletter
DBR77,page,01_ai_native_operating_system_for_industry,social,DBR77/Pages/01_ai_native_operating_system_for_industry/image-prompts.md,explicit,generate_now,P2,false,true,DBR77/Pages/01_ai_native_operating_system_for_industry/assets/images,social_1x1_v1.png,social_1x1_v1.meta.json,website|social|newsletter
DBR77,page,02_one_ecosystem_for_manufacturing_decisions,hero,DBR77/Pages/02_one_ecosystem_for_manufacturing_decisions/image-prompts.md,explicit,generate_now,P2,false,true,DBR77/Pages/02_one_ecosystem_for_manufacturing_decisions/assets/images,hero_16x9_v1.png,hero_16x9_v1.meta.json,website|social|newsletter
DBR77,page,02_one_ecosystem_for_manufacturing_decisions,analytical,DBR77/Pages/02_one_ecosystem_for_manufacturing_decisions/image-prompts.md,explicit,generate_now,P2,false,true,DBR77/Pages/02_one_ecosystem_for_manufacturing_decisions/assets/images,analytical_16x9_v1.png,analytical_16x9_v1.meta.json,website|newsletter
DBR77,page,02_one_ecosystem_for_manufacturing_decisions,social,DBR77/Pages/02_one_ecosystem_for_manufacturing_decisions/image-prompts.md,explicit,generate_now,P2,false,true,DBR77/Pages/02_one_ecosystem_for_manufacturing_decisions/assets/images,social_1x1_v1.png,social_1x1_v1.meta.json,website|social|newsletter
DBR77,page,03_decision_systems_in_manufacturing,hero,DBR77/Pages/03_decision_systems_in_manufacturing/image-prompts.md,explicit,generate_now,P2,false,true,DBR77/Pages/03_decision_systems_in_manufacturing/assets/images,hero_16x9_v1.png,hero_16x9_v1.meta.json,website|social|newsletter
DBR77,page,03_decision_systems_in_manufacturing,analytical,DBR77/Pages/03_decision_systems_in_manufacturing/image-prompts.md,explicit,generate_now,P2,false,true,DBR77/Pages/03_decision_systems_in_manufacturing/assets/images,analytical_16x9_v1.png,analytical_16x9_v1.meta.json,website|newsletter
DBR77,page,03_decision_systems_in_manufacturing,social,DBR77/Pages/03_decision_systems_in_manufacturing/image-prompts.md,explicit,generate_now,P2,false,true,DBR77/Pages/03_decision_systems_in_manufacturing/assets/images,social_1x1_v1.png,social_1x1_v1.meta.json,website|social|newsletter
DBR77,page,04_from_guesswork_to_governed_execution,hero,DBR77/Pages/04_from_guesswork_to_governed_execution/image-prompts.md,explicit,generate_now,P2,false,true,DBR77/Pages/04_from_guesswork_to_governed_execution/assets/images,hero_16x9_v1.png,hero_16x9_v1.meta.json,website|social|newsletter
DBR77,page,04_from_guesswork_to_governed_execution,analytical,DBR77/Pages/04_from_guesswork_to_governed_execution/image-prompts.md,explicit,generate_now,P2,false,true,DBR77/Pages/04_from_guesswork_to_governed_execution/assets/images,analytical_16x9_v1.png,analytical_16x9_v1.meta.json,website|newsletter
DBR77,page,04_from_guesswork_to_governed_execution,social,DBR77/Pages/04_from_guesswork_to_governed_execution/image-prompts.md,explicit,generate_now,P2,false,true,DBR77/Pages/04_from_guesswork_to_governed_execution/assets/images,social_1x1_v1.png,social_1x1_v1.meta.json,website|social|newsletter
DBR77,page,05_simulate_run_automate_the_dbr77_operating_logic,hero,DBR77/Pages/05_simulate_run_automate_the_dbr77_operating_logic/image-prompts.md,explicit,generate_now,P2,false,true,DBR77/Pages/05_simulate_run_automate_the_dbr77_operating_logic/assets/images,hero_16x9_v1.png,hero_16x9_v1.meta.json,website|social|newsletter
DBR77,page,05_simulate_run_automate_the_dbr77_operating_logic,analytical,DBR77/Pages/05_simulate_run_automate_the_dbr77_operating_logic/image-prompts.md,explicit,generate_now,P2,false,true,DBR77/Pages/05_simulate_run_automate_the_dbr77_operating_logic/assets/images,analytical_16x9_v1.png,analytical_16x9_v1.meta.json,website|newsletter
DBR77,page,05_simulate_run_automate_the_dbr77_operating_logic,social,DBR77/Pages/05_simulate_run_automate_the_dbr77_operating_logic/image-prompts.md,explicit,generate_now,P2,false,true,DBR77/Pages/05_simulate_run_automate_the_dbr77_operating_logic/assets/images,social_1x1_v1.png,social_1x1_v1.meta.json,website|social|newsletter
DBR77,page,06_which_dbr77_product_fits_your_current_decision_bottleneck,hero,DBR77/Pages/06_which_dbr77_product_fits_your_current_decision_bottleneck/image-prompts.md,explicit,generate_now,P2,false,true,DBR77/Pages/06_which_dbr77_product_fits_your_current_decision_bottleneck/assets/images,hero_16x9_v1.png,hero_16x9_v1.meta.json,website|social|newsletter
DBR77,page,06_which_dbr77_product_fits_your_current_decision_bottleneck,analytical,DBR77/Pages/06_which_dbr77_product_fits_your_current_decision_bottleneck/image-prompts.md,explicit,generate_now,P2,false,true,DBR77/Pages/06_which_dbr77_product_fits_your_current_decision_bottleneck/assets/images,analytical_16x9_v1.png,analytical_16x9_v1.meta.json,website|newsletter
DBR77,page,06_which_dbr77_product_fits_your_current_decision_bottleneck,social,DBR77/Pages/06_which_dbr77_product_fits_your_current_decision_bottleneck/image-prompts.md,explicit,generate_now,P2,false,true,DBR77/Pages/06_which_dbr77_product_fits_your_current_decision_bottleneck/assets/images,social_1x1_v1.png,social_1x1_v1.meta.json,website|social|newsletter
DBR77,persona,01_ceo_better_board_control_through_stronger_decision_systems,hero,DBR77/Personas/01_ceo_better_board_control_through_stronger_decision_systems/image-prompts.md,explicit,generate_now,P2,false,true,DBR77/Personas/01_ceo_better_board_control_through_stronger_decision_systems/assets/images,hero_16x9_v1.png,hero_16x9_v1.meta.json,website|social|newsletter
DBR77,persona,01_ceo_better_board_control_through_stronger_decision_systems,analytical,DBR77/Personas/01_ceo_better_board_control_through_stronger_decision_systems/image-prompts.md,explicit,generate_now,P2,false,true,DBR77/Personas/01_ceo_better_board_control_through_stronger_decision_systems/assets/images,analytical_16x9_v1.png,analytical_16x9_v1.meta.json,website|newsletter
DBR77,persona,01_ceo_better_board_control_through_stronger_decision_systems,social,DBR77/Personas/01_ceo_better_board_control_through_stronger_decision_systems/image-prompts.md,explicit,generate_now,P2,false,true,DBR77/Personas/01_ceo_better_board_control_through_stronger_decision_systems/assets/images,social_1x1_v1.png,social_1x1_v1.meta.json,website|social|newsletter
DBR77,persona,02_cfo_safer_capex_and_clearer_roi_in_manufacturing,hero,DBR77/Personas/02_cfo_safer_capex_and_clearer_roi_in_manufacturing/image-prompts.md,explicit,generate_now,P2,false,true,DBR77/Personas/02_cfo_safer_capex_and_clearer_roi_in_manufacturing/assets/images,hero_16x9_v1.png,hero_16x9_v1.meta.json,website|social|newsletter
DBR77,persona,02_cfo_safer_capex_and_clearer_roi_in_manufacturing,analytical,DBR77/Personas/02_cfo_safer_capex_and_clearer_roi_in_manufacturing/image-prompts.md,explicit,generate_now,P2,false,true,DBR77/Personas/02_cfo_safer_capex_and_clearer_roi_in_manufacturing/assets/images,analytical_16x9_v1.png,analytical_16x9_v1.meta.json,website|newsletter
DBR77,persona,02_cfo_safer_capex_and_clearer_roi_in_manufacturing,social,DBR77/Personas/02_cfo_safer_capex_and_clearer_roi_in_manufacturing/image-prompts.md,explicit,generate_now,P2,false,true,DBR77/Personas/02_cfo_safer_capex_and_clearer_roi_in_manufacturing/assets/images,social_1x1_v1.png,social_1x1_v1.meta.json,website|social|newsletter
DBR77,persona,03_cto_reduce_tool_sprawl_and_strengthen_decision_architecture,hero,DBR77/Personas/03_cto_reduce_tool_sprawl_and_strengthen_decision_architecture/image-prompts.md,explicit,generate_now,P2,false,true,DBR77/Personas/03_cto_reduce_tool_sprawl_and_strengthen_decision_architecture/assets/images,hero_16x9_v1.png,hero_16x9_v1.meta.json,website|social|newsletter
DBR77,persona,03_cto_reduce_tool_sprawl_and_strengthen_decision_architecture,analytical,DBR77/Personas/03_cto_reduce_tool_sprawl_and_strengthen_decision_architecture/image-prompts.md,explicit,generate_now,P2,false,true,DBR77/Personas/03_cto_reduce_tool_sprawl_and_strengthen_decision_architecture/assets/images,analytical_16x9_v1.png,analytical_16x9_v1.meta.json,website|newsletter
DBR77,persona,03_cto_reduce_tool_sprawl_and_strengthen_decision_architecture,social,DBR77/Personas/03_cto_reduce_tool_sprawl_and_strengthen_decision_architecture/image-prompts.md,explicit,generate_now,P2,false,true,DBR77/Personas/03_cto_reduce_tool_sprawl_and_strengthen_decision_architecture/assets/images,social_1x1_v1.png,social_1x1_v1.meta.json,website|social|newsletter
DBR77,persona,04_plant_manager_less_firefighting_more_control,hero,DBR77/Personas/04_plant_manager_less_firefighting_more_control/image-prompts.md,explicit,generate_now,P2,false,true,DBR77/Personas/04_plant_manager_less_firefighting_more_control/assets/images,hero_16x9_v1.png,hero_16x9_v1.meta.json,website|social|newsletter
DBR77,persona,04_plant_manager_less_firefighting_more_control,analytical,DBR77/Personas/04_plant_manager_less_firefighting_more_control/image-prompts.md,explicit,generate_now,P2,false,true,DBR77/Personas/04_plant_manager_less_firefighting_more_control/assets/images,analytical_16x9_v1.png,analytical_16x9_v1.meta.json,website|newsletter
DBR77,persona,04_plant_manager_less_firefighting_more_control,social,DBR77/Personas/04_plant_manager_less_firefighting_more_control/image-prompts.md,explicit,generate_now,P2,false,true,DBR77/Personas/04_plant_manager_less_firefighting_more_control/assets/images,social_1x1_v1.png,social_1x1_v1.meta.json,website|social|newsletter
DT,blog,01_digital_twin_not_3d_model_decision_engine,hero,DT/Blog/01_digital_twin_not_3d_model_decision_engine/image-prompts.md,explicit,generate_now,P1,false,true,DT/Blog/01_digital_twin_not_3d_model_decision_engine/assets/images,hero_16x9_v1.png,hero_16x9_v1.meta.json,website|social|newsletter
DT,blog,01_digital_twin_not_3d_model_decision_engine,analytical,DT/Blog/01_digital_twin_not_3d_model_decision_engine/image-prompts.md,explicit,generate_now,P1,false,true,DT/Blog/01_digital_twin_not_3d_model_decision_engine/assets/images,analytical_16x9_v1.png,analytical_16x9_v1.meta.json,website|newsletter
DT,blog,01_digital_twin_not_3d_model_decision_engine,social,DT/Blog/01_digital_twin_not_3d_model_decision_engine/image-prompts.md,explicit,generate_now,P1,false,true,DT/Blog/01_digital_twin_not_3d_model_decision_engine/assets/images,social_1x1_v1.png,social_1x1_v1.meta.json,website|social|newsletter
DT,blog,02_why_capex_decisions_should_be_simulated_before_they_are_approved,hero,DT/Blog/02_why_capex_decisions_should_be_simulated_before_they_are_approved/image-prompts.md,explicit,generate_now,P1,false,true,DT/Blog/02_why_capex_decisions_should_be_simulated_before_they_are_approved/assets/images,hero_16x9_v1.png,hero_16x9_v1.meta.json,website|social|newsletter
DT,blog,02_why_capex_decisions_should_be_simulated_before_they_are_approved,analytical,DT/Blog/02_why_capex_decisions_should_be_simulated_before_they_are_approved/image-prompts.md,explicit,generate_now,P1,false,true,DT/Blog/02_why_capex_decisions_should_be_simulated_before_they_are_approved/assets/images,analytical_16x9_v1.png,analytical_16x9_v1.meta.json,website|newsletter
DT,blog,02_why_capex_decisions_should_be_simulated_before_they_are_approved,social,DT/Blog/02_why_capex_decisions_should_be_simulated_before_they_are_approved/image-prompts.md,explicit,generate_now,P1,false,true,DT/Blog/02_why_capex_decisions_should_be_simulated_before_they_are_approved/assets/images,social_1x1_v1.png,social_1x1_v1.meta.json,website|social|newsletter
DT,blog,03_before_you_buy_a_robot_simulate_it_first,hero,DT/Blog/03_before_you_buy_a_robot_simulate_it_first/image-prompts.md,explicit,generate_now,P1,false,true,DT/Blog/03_before_you_buy_a_robot_simulate_it_first/assets/images,hero_16x9_v1.png,hero_16x9_v1.meta.json,website|social|newsletter
DT,blog,03_before_you_buy_a_robot_simulate_it_first,analytical,DT/Blog/03_before_you_buy_a_robot_simulate_it_first/image-prompts.md,explicit,generate_now,P1,false,true,DT/Blog/03_before_you_buy_a_robot_simulate_it_first/assets/images,analytical_16x9_v1.png,analytical_16x9_v1.meta.json,website|newsletter
DT,blog,03_before_you_buy_a_robot_simulate_it_first,social,DT/Blog/03_before_you_buy_a_robot_simulate_it_first/image-prompts.md,explicit,generate_now,P1,false,true,DT/Blog/03_before_you_buy_a_robot_simulate_it_first/assets/images,social_1x1_v1.png,social_1x1_v1.meta.json,website|social|newsletter
DT,blog,04_why_most_digital_twins_fail,hero,DT/Blog/04_why_most_digital_twins_fail/image-prompts.md,explicit,generate_now,P1,false,true,DT/Blog/04_why_most_digital_twins_fail/assets/images,hero_16x9_v1.png,hero_16x9_v1.meta.json,website|social|newsletter
DT,blog,04_why_most_digital_twins_fail,analytical,DT/Blog/04_why_most_digital_twins_fail/image-prompts.md,explicit,generate_now,P1,false,true,DT/Blog/04_why_most_digital_twins_fail/assets/images,analytical_16x9_v1.png,analytical_16x9_v1.meta.json,website|newsletter
DT,blog,04_why_most_digital_twins_fail,social,DT/Blog/04_why_most_digital_twins_fail/image-prompts.md,explicit,generate_now,P1,false,true,DT/Blog/04_why_most_digital_twins_fail/assets/images,social_1x1_v1.png,social_1x1_v1.meta.json,website|social|newsletter
DT,blog,05_how_to_compare_layout_variants_without_guesswork,hero,DT/Blog/05_how_to_compare_layout_variants_without_guesswork/image-prompts.md,explicit,generate_now,P1,false,true,DT/Blog/05_how_to_compare_layout_variants_without_guesswork/assets/images,hero_16x9_v1.png,hero_16x9_v1.meta.json,website|social|newsletter
DT,blog,05_how_to_compare_layout_variants_without_guesswork,analytical,DT/Blog/05_how_to_compare_layout_variants_without_guesswork/image-prompts.md,explicit,generate_now,P1,false,true,DT/Blog/05_how_to_compare_layout_variants_without_guesswork/assets/images,analytical_16x9_v1.png,analytical_16x9_v1.meta.json,website|newsletter
DT,blog,05_how_to_compare_layout_variants_without_guesswork,social,DT/Blog/05_how_to_compare_layout_variants_without_guesswork/image-prompts.md,explicit,generate_now,P1,false,true,DT/Blog/05_how_to_compare_layout_variants_without_guesswork/assets/images,social_1x1_v1.png,social_1x1_v1.meta.json,website|social|newsletter
DT,blog,06_from_manual_inputs_to_live_data_a_practical_digital_twin_roadmap,hero,DT/Blog/06_from_manual_inputs_to_live_data_a_practical_digital_twin_roadmap/image-prompts.md,explicit,generate_now,P1,false,true,DT/Blog/06_from_manual_inputs_to_live_data_a_practical_digital_twin_roadmap/assets/images,hero_16x9_v1.png,hero_16x9_v1.meta.json,website|social|newsletter
DT,blog,06_from_manual_inputs_to_live_data_a_practical_digital_twin_roadmap,analytical,DT/Blog/06_from_manual_inputs_to_live_data_a_practical_digital_twin_roadmap/image-prompts.md,explicit,generate_now,P1,false,true,DT/Blog/06_from_manual_inputs_to_live_data_a_practical_digital_twin_roadmap/assets/images,analytical_16x9_v1.png,analytical_16x9_v1.meta.json,website|newsletter
DT,blog,06_from_manual_inputs_to_live_data_a_practical_digital_twin_roadmap,social,DT/Blog/06_from_manual_inputs_to_live_data_a_practical_digital_twin_roadmap/image-prompts.md,explicit,generate_now,P1,false,true,DT/Blog/06_from_manual_inputs_to_live_data_a_practical_digital_twin_roadmap/assets/images,social_1x1_v1.png,social_1x1_v1.meta.json,website|social|newsletter
DT,blog,07_how_simulation_reduces_change_risk_in_production_and_logistics,hero,DT/Blog/07_how_simulation_reduces_change_risk_in_production_and_logistics/image-prompts.md,explicit,generate_now,P1,false,true,DT/Blog/07_how_simulation_reduces_change_risk_in_production_and_logistics/assets/images,hero_16x9_v1.png,hero_16x9_v1.meta.json,website|social|newsletter
DT,blog,07_how_simulation_reduces_change_risk_in_production_and_logistics,analytical,DT/Blog/07_how_simulation_reduces_change_risk_in_production_and_logistics/image-prompts.md,explicit,generate_now,P1,false,true,DT/Blog/07_how_simulation_reduces_change_risk_in_production_and_logistics/assets/images,analytical_16x9_v1.png,analytical_16x9_v1.meta.json,website|newsletter
DT,blog,07_how_simulation_reduces_change_risk_in_production_and_logistics,social,DT/Blog/07_how_simulation_reduces_change_risk_in_production_and_logistics/image-prompts.md,explicit,generate_now,P1,false,true,DT/Blog/07_how_simulation_reduces_change_risk_in_production_and_logistics/assets/images,social_1x1_v1.png,social_1x1_v1.meta.json,website|social|newsletter
DT,blog,08_digital_twin_vs_cad_what_decision_makers_need_to_know,hero,DT/Blog/08_digital_twin_vs_cad_what_decision_makers_need_to_know/image-prompts.md,explicit,generate_now,P1,false,true,DT/Blog/08_digital_twin_vs_cad_what_decision_makers_need_to_know/assets/images,hero_16x9_v1.png,hero_16x9_v1.meta.json,website|social|newsletter
DT,blog,08_digital_twin_vs_cad_what_decision_makers_need_to_know,analytical,DT/Blog/08_digital_twin_vs_cad_what_decision_makers_need_to_know/image-prompts.md,explicit,generate_now,P1,false,true,DT/Blog/08_digital_twin_vs_cad_what_decision_makers_need_to_know/assets/images,analytical_16x9_v1.png,analytical_16x9_v1.meta.json,website|newsletter
DT,blog,08_digital_twin_vs_cad_what_decision_makers_need_to_know,social,DT/Blog/08_digital_twin_vs_cad_what_decision_makers_need_to_know/image-prompts.md,explicit,generate_now,P1,false,true,DT/Blog/08_digital_twin_vs_cad_what_decision_makers_need_to_know/assets/images,social_1x1_v1.png,social_1x1_v1.meta.json,website|social|newsletter
DT,blog,09_how_cfos_can_use_simulation_to_validate_roi,hero,DT/Blog/09_how_cfos_can_use_simulation_to_validate_roi/image-prompts.md,explicit,generate_now,P1,false,true,DT/Blog/09_how_cfos_can_use_simulation_to_validate_roi/assets/images,hero_16x9_v1.png,hero_16x9_v1.meta.json,website|social|newsletter
DT,blog,09_how_cfos_can_use_simulation_to_validate_roi,analytical,DT/Blog/09_how_cfos_can_use_simulation_to_validate_roi/image-prompts.md,explicit,generate_now,P1,false,true,DT/Blog/09_how_cfos_can_use_simulation_to_validate_roi/assets/images,analytical_16x9_v1.png,analytical_16x9_v1.meta.json,website|newsletter
DT,blog,09_how_cfos_can_use_simulation_to_validate_roi,social,DT/Blog/09_how_cfos_can_use_simulation_to_validate_roi/image-prompts.md,explicit,generate_now,P1,false,true,DT/Blog/09_how_cfos_can_use_simulation_to_validate_roi/assets/images,social_1x1_v1.png,social_1x1_v1.meta.json,website|social|newsletter
DT,blog,10_the_cost_of_rework_when_you_skip_scenario_testing,hero,DT/Blog/10_the_cost_of_rework_when_you_skip_scenario_testing/image-prompts.md,explicit,generate_now,P1,false,true,DT/Blog/10_the_cost_of_rework_when_you_skip_scenario_testing/assets/images,hero_16x9_v1.png,hero_16x9_v1.meta.json,website|social|newsletter
DT,blog,10_the_cost_of_rework_when_you_skip_scenario_testing,analytical,DT/Blog/10_the_cost_of_rework_when_you_skip_scenario_testing/image-prompts.md,explicit,generate_now,P1,false,true,DT/Blog/10_the_cost_of_rework_when_you_skip_scenario_testing/assets/images,analytical_16x9_v1.png,analytical_16x9_v1.meta.json,website|newsletter
DT,blog,10_the_cost_of_rework_when_you_skip_scenario_testing,social,DT/Blog/10_the_cost_of_rework_when_you_skip_scenario_testing/image-prompts.md,explicit,generate_now,P1,false,true,DT/Blog/10_the_cost_of_rework_when_you_skip_scenario_testing/assets/images,social_1x1_v1.png,social_1x1_v1.meta.json,website|social|newsletter
DT,blog,11_how_to_identify_bottlenecks_before_they_happen,hero,DT/Blog/11_how_to_identify_bottlenecks_before_they_happen/image-prompts.md,explicit,generate_now,P1,false,true,DT/Blog/11_how_to_identify_bottlenecks_before_they_happen/assets/images,hero_16x9_v1.png,hero_16x9_v1.meta.json,website|social|newsletter
DT,blog,11_how_to_identify_bottlenecks_before_they_happen,analytical,DT/Blog/11_how_to_identify_bottlenecks_before_they_happen/image-prompts.md,explicit,generate_now,P1,false,true,DT/Blog/11_how_to_identify_bottlenecks_before_they_happen/assets/images,analytical_16x9_v1.png,analytical_16x9_v1.meta.json,website|newsletter
DT,blog,11_how_to_identify_bottlenecks_before_they_happen,social,DT/Blog/11_how_to_identify_bottlenecks_before_they_happen/image-prompts.md,explicit,generate_now,P1,false,true,DT/Blog/11_how_to_identify_bottlenecks_before_they_happen/assets/images,social_1x1_v1.png,social_1x1_v1.meta.json,website|social|newsletter
DT,blog,12_simulation_vs_reality_why_your_factory_planning_is_still_wrong,hero,DT/Blog/12_simulation_vs_reality_why_your_factory_planning_is_still_wrong/image-prompts.md,explicit,generate_now,P1,false,true,DT/Blog/12_simulation_vs_reality_why_your_factory_planning_is_still_wrong/assets/images,hero_16x9_v1.png,hero_16x9_v1.meta.json,website|social|newsletter
DT,blog,12_simulation_vs_reality_why_your_factory_planning_is_still_wrong,analytical,DT/Blog/12_simulation_vs_reality_why_your_factory_planning_is_still_wrong/image-prompts.md,explicit,generate_now,P1,false,true,DT/Blog/12_simulation_vs_reality_why_your_factory_planning_is_still_wrong/assets/images,analytical_16x9_v1.png,analytical_16x9_v1.meta.json,website|newsletter
DT,blog,12_simulation_vs_reality_why_your_factory_planning_is_still_wrong,social,DT/Blog/12_simulation_vs_reality_why_your_factory_planning_is_still_wrong/image-prompts.md,explicit,generate_now,P1,false,true,DT/Blog/12_simulation_vs_reality_why_your_factory_planning_is_still_wrong/assets/images,social_1x1_v1.png,social_1x1_v1.meta.json,website|social|newsletter
DT,blog,13_five_scenarios_every_factory_should_simulate,hero,DT/Blog/13_five_scenarios_every_factory_should_simulate/image-prompts.md,explicit,generate_now,P1,false,true,DT/Blog/13_five_scenarios_every_factory_should_simulate/assets/images,hero_16x9_v1.png,hero_16x9_v1.meta.json,website|social|newsletter
DT,blog,13_five_scenarios_every_factory_should_simulate,analytical,DT/Blog/13_five_scenarios_every_factory_should_simulate/image-prompts.md,explicit,generate_now,P1,false,true,DT/Blog/13_five_scenarios_every_factory_should_simulate/assets/images,analytical_16x9_v1.png,analytical_16x9_v1.meta.json,website|newsletter
DT,blog,13_five_scenarios_every_factory_should_simulate,social,DT/Blog/13_five_scenarios_every_factory_should_simulate/image-prompts.md,explicit,generate_now,P1,false,true,DT/Blog/13_five_scenarios_every_factory_should_simulate/assets/images,social_1x1_v1.png,social_1x1_v1.meta.json,website|social|newsletter
DT,blog,14_digital_twin_for_workforce_optimization,hero,DT/Blog/14_digital_twin_for_workforce_optimization/image-prompts.md,explicit,generate_now,P1,false,true,DT/Blog/14_digital_twin_for_workforce_optimization/assets/images,hero_16x9_v1.png,hero_16x9_v1.meta.json,website|social|newsletter
DT,blog,14_digital_twin_for_workforce_optimization,analytical,DT/Blog/14_digital_twin_for_workforce_optimization/image-prompts.md,explicit,generate_now,P1,false,true,DT/Blog/14_digital_twin_for_workforce_optimization/assets/images,analytical_16x9_v1.png,analytical_16x9_v1.meta.json,website|newsletter
DT,blog,14_digital_twin_for_workforce_optimization,social,DT/Blog/14_digital_twin_for_workforce_optimization/image-prompts.md,explicit,generate_now,P1,false,true,DT/Blog/14_digital_twin_for_workforce_optimization/assets/images,social_1x1_v1.png,social_1x1_v1.meta.json,website|social|newsletter
DT,blog,15_how_digital_twin_reduces_capex_risk,hero,DT/Blog/15_how_digital_twin_reduces_capex_risk/image-prompts.md,explicit,generate_now,P1,false,true,DT/Blog/15_how_digital_twin_reduces_capex_risk/assets/images,hero_16x9_v1.png,hero_16x9_v1.meta.json,website|social|newsletter
DT,blog,15_how_digital_twin_reduces_capex_risk,analytical,DT/Blog/15_how_digital_twin_reduces_capex_risk/image-prompts.md,explicit,generate_now,P1,false,true,DT/Blog/15_how_digital_twin_reduces_capex_risk/assets/images,analytical_16x9_v1.png,analytical_16x9_v1.meta.json,website|newsletter
DT,blog,15_how_digital_twin_reduces_capex_risk,social,DT/Blog/15_how_digital_twin_reduces_capex_risk/image-prompts.md,explicit,generate_now,P1,false,true,DT/Blog/15_how_digital_twin_reduces_capex_risk/assets/images,social_1x1_v1.png,social_1x1_v1.meta.json,website|social|newsletter
DT,blog,16_from_static_layout_to_living_factory_model,hero,DT/Blog/16_from_static_layout_to_living_factory_model/image-prompts.md,explicit,generate_now,P1,false,true,DT/Blog/16_from_static_layout_to_living_factory_model/assets/images,hero_16x9_v1.png,hero_16x9_v1.meta.json,website|social|newsletter
DT,blog,16_from_static_layout_to_living_factory_model,analytical,DT/Blog/16_from_static_layout_to_living_factory_model/image-prompts.md,explicit,generate_now,P1,false,true,DT/Blog/16_from_static_layout_to_living_factory_model/assets/images,analytical_16x9_v1.png,analytical_16x9_v1.meta.json,website|newsletter
DT,blog,16_from_static_layout_to_living_factory_model,social,DT/Blog/16_from_static_layout_to_living_factory_model/image-prompts.md,explicit,generate_now,P1,false,true,DT/Blog/16_from_static_layout_to_living_factory_model/assets/images,social_1x1_v1.png,social_1x1_v1.meta.json,website|social|newsletter
DT,blog,17_how_to_use_simulation_for_continuous_improvement,hero,DT/Blog/17_how_to_use_simulation_for_continuous_improvement/image-prompts.md,explicit,generate_now,P1,false,true,DT/Blog/17_how_to_use_simulation_for_continuous_improvement/assets/images,hero_16x9_v1.png,hero_16x9_v1.meta.json,website|social|newsletter
DT,blog,17_how_to_use_simulation_for_continuous_improvement,analytical,DT/Blog/17_how_to_use_simulation_for_continuous_improvement/image-prompts.md,explicit,generate_now,P1,false,true,DT/Blog/17_how_to_use_simulation_for_continuous_improvement/assets/images,analytical_16x9_v1.png,analytical_16x9_v1.meta.json,website|newsletter
DT,blog,17_how_to_use_simulation_for_continuous_improvement,social,DT/Blog/17_how_to_use_simulation_for_continuous_improvement/image-prompts.md,explicit,generate_now,P1,false,true,DT/Blog/17_how_to_use_simulation_for_continuous_improvement/assets/images,social_1x1_v1.png,social_1x1_v1.meta.json,website|social|newsletter
DT,blog,18_the_roi_of_digital_twin_in_12_months,hero,DT/Blog/18_the_roi_of_digital_twin_in_12_months/image-prompts.md,explicit,generate_now,P1,false,true,DT/Blog/18_the_roi_of_digital_twin_in_12_months/assets/images,hero_16x9_v1.png,hero_16x9_v1.meta.json,website|social|newsletter
DT,blog,18_the_roi_of_digital_twin_in_12_months,analytical,DT/Blog/18_the_roi_of_digital_twin_in_12_months/image-prompts.md,explicit,generate_now,P1,false,true,DT/Blog/18_the_roi_of_digital_twin_in_12_months/assets/images,analytical_16x9_v1.png,analytical_16x9_v1.meta.json,website|newsletter
DT,blog,18_the_roi_of_digital_twin_in_12_months,social,DT/Blog/18_the_roi_of_digital_twin_in_12_months/image-prompts.md,explicit,generate_now,P1,false,true,DT/Blog/18_the_roi_of_digital_twin_in_12_months/assets/images,social_1x1_v1.png,social_1x1_v1.meta.json,website|social|newsletter
DT,blog,19_how_to_build_a_digital_twin_business_case_without_guesswork,hero,DT/Blog/19_how_to_build_a_digital_twin_business_case_without_guesswork/image-prompts.md,explicit,generate_now,P1,false,true,DT/Blog/19_how_to_build_a_digital_twin_business_case_without_guesswork/assets/images,hero_16x9_v1.png,hero_16x9_v1.meta.json,website|social|newsletter
DT,blog,19_how_to_build_a_digital_twin_business_case_without_guesswork,analytical,DT/Blog/19_how_to_build_a_digital_twin_business_case_without_guesswork/image-prompts.md,explicit,generate_now,P1,false,true,DT/Blog/19_how_to_build_a_digital_twin_business_case_without_guesswork/assets/images,analytical_16x9_v1.png,analytical_16x9_v1.meta.json,website|newsletter
DT,blog,19_how_to_build_a_digital_twin_business_case_without_guesswork,social,DT/Blog/19_how_to_build_a_digital_twin_business_case_without_guesswork/image-prompts.md,explicit,generate_now,P1,false,true,DT/Blog/19_how_to_build_a_digital_twin_business_case_without_guesswork/assets/images,social_1x1_v1.png,social_1x1_v1.meta.json,website|social|newsletter
DT,blog,20_how_to_run_your_first_simulation_project,hero,DT/Blog/20_how_to_run_your_first_simulation_project/image-prompts.md,explicit,generate_now,P1,false,true,DT/Blog/20_how_to_run_your_first_simulation_project/assets/images,hero_16x9_v1.png,hero_16x9_v1.meta.json,website|social|newsletter
DT,blog,20_how_to_run_your_first_simulation_project,analytical,DT/Blog/20_how_to_run_your_first_simulation_project/image-prompts.md,explicit,generate_now,P1,false,true,DT/Blog/20_how_to_run_your_first_simulation_project/assets/images,analytical_16x9_v1.png,analytical_16x9_v1.meta.json,website|newsletter
DT,blog,20_how_to_run_your_first_simulation_project,social,DT/Blog/20_how_to_run_your_first_simulation_project/image-prompts.md,explicit,generate_now,P1,false,true,DT/Blog/20_how_to_run_your_first_simulation_project/assets/images,social_1x1_v1.png,social_1x1_v1.meta.json,website|social|newsletter
DT,blog,21_when_a_factory_should_simulate_before_it_reconfigures_flow,hero,DT/Blog/21_when_a_factory_should_simulate_before_it_reconfigures_flow/image-prompts.md,explicit,generate_now,P1,false,true,DT/Blog/21_when_a_factory_should_simulate_before_it_reconfigures_flow/assets/images,hero_16x9_v1.png,hero_16x9_v1.meta.json,website|social|newsletter
DT,blog,21_when_a_factory_should_simulate_before_it_reconfigures_flow,analytical,DT/Blog/21_when_a_factory_should_simulate_before_it_reconfigures_flow/image-prompts.md,explicit,generate_now,P1,false,true,DT/Blog/21_when_a_factory_should_simulate_before_it_reconfigures_flow/assets/images,analytical_16x9_v1.png,analytical_16x9_v1.meta.json,website|newsletter
DT,blog,21_when_a_factory_should_simulate_before_it_reconfigures_flow,social,DT/Blog/21_when_a_factory_should_simulate_before_it_reconfigures_flow/image-prompts.md,explicit,generate_now,P1,false,true,DT/Blog/21_when_a_factory_should_simulate_before_it_reconfigures_flow/assets/images,social_1x1_v1.png,social_1x1_v1.meta.json,website|social|newsletter
DT,blog,22_how_to_test_capacity_decisions_before_the_next_demand_shift,hero,DT/Blog/22_how_to_test_capacity_decisions_before_the_next_demand_shift/image-prompts.md,explicit,generate_now,P1,false,true,DT/Blog/22_how_to_test_capacity_decisions_before_the_next_demand_shift/assets/images,hero_16x9_v1.png,hero_16x9_v1.meta.json,website|social|newsletter
DT,blog,22_how_to_test_capacity_decisions_before_the_next_demand_shift,analytical,DT/Blog/22_how_to_test_capacity_decisions_before_the_next_demand_shift/image-prompts.md,explicit,generate_now,P1,false,true,DT/Blog/22_how_to_test_capacity_decisions_before_the_next_demand_shift/assets/images,analytical_16x9_v1.png,analytical_16x9_v1.meta.json,website|newsletter
DT,blog,22_how_to_test_capacity_decisions_before_the_next_demand_shift,social,DT/Blog/22_how_to_test_capacity_decisions_before_the_next_demand_shift/image-prompts.md,explicit,generate_now,P1,false,true,DT/Blog/22_how_to_test_capacity_decisions_before_the_next_demand_shift/assets/images,social_1x1_v1.png,social_1x1_v1.meta.json,website|social|newsletter
DT,blog,23_what_to_simulate_before_expanding_a_production_line,hero,DT/Blog/23_what_to_simulate_before_expanding_a_production_line/image-prompts.md,explicit,generate_now,P1,false,true,DT/Blog/23_what_to_simulate_before_expanding_a_production_line/assets/images,hero_16x9_v1.png,hero_16x9_v1.meta.json,website|social|newsletter
DT,blog,23_what_to_simulate_before_expanding_a_production_line,analytical,DT/Blog/23_what_to_simulate_before_expanding_a_production_line/image-prompts.md,explicit,generate_now,P1,false,true,DT/Blog/23_what_to_simulate_before_expanding_a_production_line/assets/images,analytical_16x9_v1.png,analytical_16x9_v1.meta.json,website|newsletter
DT,blog,23_what_to_simulate_before_expanding_a_production_line,social,DT/Blog/23_what_to_simulate_before_expanding_a_production_line/image-prompts.md,explicit,generate_now,P1,false,true,DT/Blog/23_what_to_simulate_before_expanding_a_production_line/assets/images,social_1x1_v1.png,social_1x1_v1.meta.json,website|social|newsletter
DT,blog,24_how_to_compare_capex_options_when_every_scenario_looks_plausible,hero,DT/Blog/24_how_to_compare_capex_options_when_every_scenario_looks_plausible/image-prompts.md,explicit,generate_now,P1,false,true,DT/Blog/24_how_to_compare_capex_options_when_every_scenario_looks_plausible/assets/images,hero_16x9_v1.png,hero_16x9_v1.meta.json,website|social|newsletter
DT,blog,24_how_to_compare_capex_options_when_every_scenario_looks_plausible,analytical,DT/Blog/24_how_to_compare_capex_options_when_every_scenario_looks_plausible/image-prompts.md,explicit,generate_now,P1,false,true,DT/Blog/24_how_to_compare_capex_options_when_every_scenario_looks_plausible/assets/images,analytical_16x9_v1.png,analytical_16x9_v1.meta.json,website|newsletter
DT,blog,24_how_to_compare_capex_options_when_every_scenario_looks_plausible,social,DT/Blog/24_how_to_compare_capex_options_when_every_scenario_looks_plausible/image-prompts.md,explicit,generate_now,P1,false,true,DT/Blog/24_how_to_compare_capex_options_when_every_scenario_looks_plausible/assets/images,social_1x1_v1.png,social_1x1_v1.meta.json,website|social|newsletter
DT,blog,25_when_manual_factory_decisions_become_too_expensive_to_trust,hero,DT/Blog/25_when_manual_factory_decisions_become_too_expensive_to_trust/image-prompts.md,explicit,generate_now,P1,false,true,DT/Blog/25_when_manual_factory_decisions_become_too_expensive_to_trust/assets/images,hero_16x9_v1.png,hero_16x9_v1.meta.json,website|social|newsletter
DT,blog,25_when_manual_factory_decisions_become_too_expensive_to_trust,analytical,DT/Blog/25_when_manual_factory_decisions_become_too_expensive_to_trust/image-prompts.md,explicit,generate_now,P1,false,true,DT/Blog/25_when_manual_factory_decisions_become_too_expensive_to_trust/assets/images,analytical_16x9_v1.png,analytical_16x9_v1.meta.json,website|newsletter
DT,blog,25_when_manual_factory_decisions_become_too_expensive_to_trust,social,DT/Blog/25_when_manual_factory_decisions_become_too_expensive_to_trust/image-prompts.md,explicit,generate_now,P1,false,true,DT/Blog/25_when_manual_factory_decisions_become_too_expensive_to_trust/assets/images,social_1x1_v1.png,social_1x1_v1.meta.json,website|social|newsletter
DT,blog,26_how_to_use_digital_twin_for_brownfield_change_planning,hero,DT/Blog/26_how_to_use_digital_twin_for_brownfield_change_planning/image-prompts.md,explicit,generate_now,P1,false,true,DT/Blog/26_how_to_use_digital_twin_for_brownfield_change_planning/assets/images,hero_16x9_v1.png,hero_16x9_v1.meta.json,website|social|newsletter
DT,blog,26_how_to_use_digital_twin_for_brownfield_change_planning,analytical,DT/Blog/26_how_to_use_digital_twin_for_brownfield_change_planning/image-prompts.md,explicit,generate_now,P1,false,true,DT/Blog/26_how_to_use_digital_twin_for_brownfield_change_planning/assets/images,analytical_16x9_v1.png,analytical_16x9_v1.meta.json,website|newsletter
DT,blog,26_how_to_use_digital_twin_for_brownfield_change_planning,social,DT/Blog/26_how_to_use_digital_twin_for_brownfield_change_planning/image-prompts.md,explicit,generate_now,P1,false,true,DT/Blog/26_how_to_use_digital_twin_for_brownfield_change_planning/assets/images,social_1x1_v1.png,social_1x1_v1.meta.json,website|social|newsletter
DT,blog,27_what_a_good_simulation_input_set_looks_like_before_live_integration,hero,DT/Blog/27_what_a_good_simulation_input_set_looks_like_before_live_integration/image-prompts.md,explicit,generate_now,P1,false,true,DT/Blog/27_what_a_good_simulation_input_set_looks_like_before_live_integration/assets/images,hero_16x9_v1.png,hero_16x9_v1.meta.json,website|social|newsletter
DT,blog,27_what_a_good_simulation_input_set_looks_like_before_live_integration,analytical,DT/Blog/27_what_a_good_simulation_input_set_looks_like_before_live_integration/image-prompts.md,explicit,generate_now,P1,false,true,DT/Blog/27_what_a_good_simulation_input_set_looks_like_before_live_integration/assets/images,analytical_16x9_v1.png,analytical_16x9_v1.meta.json,website|newsletter
DT,blog,27_what_a_good_simulation_input_set_looks_like_before_live_integration,social,DT/Blog/27_what_a_good_simulation_input_set_looks_like_before_live_integration/image-prompts.md,explicit,generate_now,P1,false,true,DT/Blog/27_what_a_good_simulation_input_set_looks_like_before_live_integration/assets/images,social_1x1_v1.png,social_1x1_v1.meta.json,website|social|newsletter
DT,blog,28_how_to_sequence_factory_changes_with_less_operational_risk,hero,DT/Blog/28_how_to_sequence_factory_changes_with_less_operational_risk/image-prompts.md,explicit,generate_now,P1,false,true,DT/Blog/28_how_to_sequence_factory_changes_with_less_operational_risk/assets/images,hero_16x9_v1.png,hero_16x9_v1.meta.json,website|social|newsletter
DT,blog,28_how_to_sequence_factory_changes_with_less_operational_risk,analytical,DT/Blog/28_how_to_sequence_factory_changes_with_less_operational_risk/image-prompts.md,explicit,generate_now,P1,false,true,DT/Blog/28_how_to_sequence_factory_changes_with_less_operational_risk/assets/images,analytical_16x9_v1.png,analytical_16x9_v1.meta.json,website|newsletter
DT,blog,28_how_to_sequence_factory_changes_with_less_operational_risk,social,DT/Blog/28_how_to_sequence_factory_changes_with_less_operational_risk/image-prompts.md,explicit,generate_now,P1,false,true,DT/Blog/28_how_to_sequence_factory_changes_with_less_operational_risk/assets/images,social_1x1_v1.png,social_1x1_v1.meta.json,website|social|newsletter
DT,blog,29_when_to_use_digital_twin_for_network_and_intralogistics_decisions,hero,DT/Blog/29_when_to_use_digital_twin_for_network_and_intralogistics_decisions/image-prompts.md,explicit,generate_now,P1,false,true,DT/Blog/29_when_to_use_digital_twin_for_network_and_intralogistics_decisions/assets/images,hero_16x9_v1.png,hero_16x9_v1.meta.json,website|social|newsletter
DT,blog,29_when_to_use_digital_twin_for_network_and_intralogistics_decisions,analytical,DT/Blog/29_when_to_use_digital_twin_for_network_and_intralogistics_decisions/image-prompts.md,explicit,generate_now,P1,false,true,DT/Blog/29_when_to_use_digital_twin_for_network_and_intralogistics_decisions/assets/images,analytical_16x9_v1.png,analytical_16x9_v1.meta.json,website|newsletter
DT,blog,29_when_to_use_digital_twin_for_network_and_intralogistics_decisions,social,DT/Blog/29_when_to_use_digital_twin_for_network_and_intralogistics_decisions/image-prompts.md,explicit,generate_now,P1,false,true,DT/Blog/29_when_to_use_digital_twin_for_network_and_intralogistics_decisions/assets/images,social_1x1_v1.png,social_1x1_v1.meta.json,website|social|newsletter
DT,blog,30_how_to_turn_simulation_outputs_into_executive_decisions,hero,DT/Blog/30_how_to_turn_simulation_outputs_into_executive_decisions/image-prompts.md,explicit,generate_now,P1,false,true,DT/Blog/30_how_to_turn_simulation_outputs_into_executive_decisions/assets/images,hero_16x9_v1.png,hero_16x9_v1.meta.json,website|social|newsletter
DT,blog,30_how_to_turn_simulation_outputs_into_executive_decisions,analytical,DT/Blog/30_how_to_turn_simulation_outputs_into_executive_decisions/image-prompts.md,explicit,generate_now,P1,false,true,DT/Blog/30_how_to_turn_simulation_outputs_into_executive_decisions/assets/images,analytical_16x9_v1.png,analytical_16x9_v1.meta.json,website|newsletter
DT,blog,30_how_to_turn_simulation_outputs_into_executive_decisions,social,DT/Blog/30_how_to_turn_simulation_outputs_into_executive_decisions/image-prompts.md,explicit,generate_now,P1,false,true,DT/Blog/30_how_to_turn_simulation_outputs_into_executive_decisions/assets/images,social_1x1_v1.png,social_1x1_v1.meta.json,website|social|newsletter
DT,blog,31_how_to_use_digital_twin_in_capex_stage_gates,hero,DT/Blog/31_how_to_use_digital_twin_in_capex_stage_gates/image-prompts.md,explicit,generate_now,P1,false,true,DT/Blog/31_how_to_use_digital_twin_in_capex_stage_gates/assets/images,hero_16x9_v1.png,hero_16x9_v1.meta.json,website|social|newsletter
DT,blog,31_how_to_use_digital_twin_in_capex_stage_gates,analytical,DT/Blog/31_how_to_use_digital_twin_in_capex_stage_gates/image-prompts.md,explicit,generate_now,P1,false,true,DT/Blog/31_how_to_use_digital_twin_in_capex_stage_gates/assets/images,analytical_16x9_v1.png,analytical_16x9_v1.meta.json,website|newsletter
DT,blog,31_how_to_use_digital_twin_in_capex_stage_gates,social,DT/Blog/31_how_to_use_digital_twin_in_capex_stage_gates/image-prompts.md,explicit,generate_now,P1,false,true,DT/Blog/31_how_to_use_digital_twin_in_capex_stage_gates/assets/images,social_1x1_v1.png,social_1x1_v1.meta.json,website|social|newsletter
DT,blog,32_when_a_simulation_result_is_strong_enough_to_act_on,hero,DT/Blog/32_when_a_simulation_result_is_strong_enough_to_act_on/image-prompts.md,explicit,generate_now,P1,false,true,DT/Blog/32_when_a_simulation_result_is_strong_enough_to_act_on/assets/images,hero_16x9_v1.png,hero_16x9_v1.meta.json,website|social|newsletter
DT,blog,32_when_a_simulation_result_is_strong_enough_to_act_on,analytical,DT/Blog/32_when_a_simulation_result_is_strong_enough_to_act_on/image-prompts.md,explicit,generate_now,P1,false,true,DT/Blog/32_when_a_simulation_result_is_strong_enough_to_act_on/assets/images,analytical_16x9_v1.png,analytical_16x9_v1.meta.json,website|newsletter
DT,blog,32_when_a_simulation_result_is_strong_enough_to_act_on,social,DT/Blog/32_when_a_simulation_result_is_strong_enough_to_act_on/image-prompts.md,explicit,generate_now,P1,false,true,DT/Blog/32_when_a_simulation_result_is_strong_enough_to_act_on/assets/images,social_1x1_v1.png,social_1x1_v1.meta.json,website|social|newsletter
DT,blog,33_how_to_use_digital_twin_for_factory_change_governance,hero,DT/Blog/33_how_to_use_digital_twin_for_factory_change_governance/image-prompts.md,explicit,generate_now,P1,false,true,DT/Blog/33_how_to_use_digital_twin_for_factory_change_governance/assets/images,hero_16x9_v1.png,hero_16x9_v1.meta.json,website|social|newsletter
DT,blog,33_how_to_use_digital_twin_for_factory_change_governance,analytical,DT/Blog/33_how_to_use_digital_twin_for_factory_change_governance/image-prompts.md,explicit,generate_now,P1,false,true,DT/Blog/33_how_to_use_digital_twin_for_factory_change_governance/assets/images,analytical_16x9_v1.png,analytical_16x9_v1.meta.json,website|newsletter
DT,blog,33_how_to_use_digital_twin_for_factory_change_governance,social,DT/Blog/33_how_to_use_digital_twin_for_factory_change_governance/image-prompts.md,explicit,generate_now,P1,false,true,DT/Blog/33_how_to_use_digital_twin_for_factory_change_governance/assets/images,social_1x1_v1.png,social_1x1_v1.meta.json,website|social|newsletter
DT,blog,34_what_a_good_sensitivity_analysis_should_show_before_approval,hero,DT/Blog/34_what_a_good_sensitivity_analysis_should_show_before_approval/image-prompts.md,explicit,generate_now,P1,false,true,DT/Blog/34_what_a_good_sensitivity_analysis_should_show_before_approval/assets/images,hero_16x9_v1.png,hero_16x9_v1.meta.json,website|social|newsletter
DT,blog,34_what_a_good_sensitivity_analysis_should_show_before_approval,analytical,DT/Blog/34_what_a_good_sensitivity_analysis_should_show_before_approval/image-prompts.md,explicit,generate_now,P1,false,true,DT/Blog/34_what_a_good_sensitivity_analysis_should_show_before_approval/assets/images,analytical_16x9_v1.png,analytical_16x9_v1.meta.json,website|newsletter
DT,blog,34_what_a_good_sensitivity_analysis_should_show_before_approval,social,DT/Blog/34_what_a_good_sensitivity_analysis_should_show_before_approval/image-prompts.md,explicit,generate_now,P1,false,true,DT/Blog/34_what_a_good_sensitivity_analysis_should_show_before_approval/assets/images,social_1x1_v1.png,social_1x1_v1.meta.json,website|social|newsletter
DT,blog,35_how_to_test_supplier_and_ramp_risk_in_factory_simulation,hero,DT/Blog/35_how_to_test_supplier_and_ramp_risk_in_factory_simulation/image-prompts.md,explicit,generate_now,P1,false,true,DT/Blog/35_how_to_test_supplier_and_ramp_risk_in_factory_simulation/assets/images,hero_16x9_v1.png,hero_16x9_v1.meta.json,website|social|newsletter
DT,blog,35_how_to_test_supplier_and_ramp_risk_in_factory_simulation,analytical,DT/Blog/35_how_to_test_supplier_and_ramp_risk_in_factory_simulation/image-prompts.md,explicit,generate_now,P1,false,true,DT/Blog/35_how_to_test_supplier_and_ramp_risk_in_factory_simulation/assets/images,analytical_16x9_v1.png,analytical_16x9_v1.meta.json,website|newsletter
DT,blog,35_how_to_test_supplier_and_ramp_risk_in_factory_simulation,social,DT/Blog/35_how_to_test_supplier_and_ramp_risk_in_factory_simulation/image-prompts.md,explicit,generate_now,P1,false,true,DT/Blog/35_how_to_test_supplier_and_ramp_risk_in_factory_simulation/assets/images,social_1x1_v1.png,social_1x1_v1.meta.json,website|social|newsletter
DT,blog,36_when_to_simulate_phased_rollouts_instead_of_full_cutovers,hero,DT/Blog/36_when_to_simulate_phased_rollouts_instead_of_full_cutovers/image-prompts.md,explicit,generate_now,P1,false,true,DT/Blog/36_when_to_simulate_phased_rollouts_instead_of_full_cutovers/assets/images,hero_16x9_v1.png,hero_16x9_v1.meta.json,website|social|newsletter
DT,blog,36_when_to_simulate_phased_rollouts_instead_of_full_cutovers,analytical,DT/Blog/36_when_to_simulate_phased_rollouts_instead_of_full_cutovers/image-prompts.md,explicit,generate_now,P1,false,true,DT/Blog/36_when_to_simulate_phased_rollouts_instead_of_full_cutovers/assets/images,analytical_16x9_v1.png,analytical_16x9_v1.meta.json,website|newsletter
DT,blog,36_when_to_simulate_phased_rollouts_instead_of_full_cutovers,social,DT/Blog/36_when_to_simulate_phased_rollouts_instead_of_full_cutovers/image-prompts.md,explicit,generate_now,P1,false,true,DT/Blog/36_when_to_simulate_phased_rollouts_instead_of_full_cutovers/assets/images,social_1x1_v1.png,social_1x1_v1.meta.json,website|social|newsletter
DT,blog,37_how_to_use_digital_twin_in_monthly_operations_reviews,hero,DT/Blog/37_how_to_use_digital_twin_in_monthly_operations_reviews/image-prompts.md,explicit,generate_now,P1,false,true,DT/Blog/37_how_to_use_digital_twin_in_monthly_operations_reviews/assets/images,hero_16x9_v1.png,hero_16x9_v1.meta.json,website|social|newsletter
DT,blog,37_how_to_use_digital_twin_in_monthly_operations_reviews,analytical,DT/Blog/37_how_to_use_digital_twin_in_monthly_operations_reviews/image-prompts.md,explicit,generate_now,P1,false,true,DT/Blog/37_how_to_use_digital_twin_in_monthly_operations_reviews/assets/images,analytical_16x9_v1.png,analytical_16x9_v1.meta.json,website|newsletter
DT,blog,37_how_to_use_digital_twin_in_monthly_operations_reviews,social,DT/Blog/37_how_to_use_digital_twin_in_monthly_operations_reviews/image-prompts.md,explicit,generate_now,P1,false,true,DT/Blog/37_how_to_use_digital_twin_in_monthly_operations_reviews/assets/images,social_1x1_v1.png,social_1x1_v1.meta.json,website|social|newsletter
DT,blog,38_what_to_compare_before_you_expand_capacity_in_a_brownfield_factory,hero,DT/Blog/38_what_to_compare_before_you_expand_capacity_in_a_brownfield_factory/image-prompts.md,explicit,generate_now,P1,false,true,DT/Blog/38_what_to_compare_before_you_expand_capacity_in_a_brownfield_factory/assets/images,hero_16x9_v1.png,hero_16x9_v1.meta.json,website|social|newsletter
DT,blog,38_what_to_compare_before_you_expand_capacity_in_a_brownfield_factory,analytical,DT/Blog/38_what_to_compare_before_you_expand_capacity_in_a_brownfield_factory/image-prompts.md,explicit,generate_now,P1,false,true,DT/Blog/38_what_to_compare_before_you_expand_capacity_in_a_brownfield_factory/assets/images,analytical_16x9_v1.png,analytical_16x9_v1.meta.json,website|newsletter
DT,blog,38_what_to_compare_before_you_expand_capacity_in_a_brownfield_factory,social,DT/Blog/38_what_to_compare_before_you_expand_capacity_in_a_brownfield_factory/image-prompts.md,explicit,generate_now,P1,false,true,DT/Blog/38_what_to_compare_before_you_expand_capacity_in_a_brownfield_factory/assets/images,social_1x1_v1.png,social_1x1_v1.meta.json,website|social|newsletter
DT,blog,39_how_to_package_simulation_evidence_for_board_level_decisions,hero,DT/Blog/39_how_to_package_simulation_evidence_for_board_level_decisions/image-prompts.md,explicit,generate_now,P1,false,true,DT/Blog/39_how_to_package_simulation_evidence_for_board_level_decisions/assets/images,hero_16x9_v1.png,hero_16x9_v1.meta.json,website|social|newsletter
DT,blog,39_how_to_package_simulation_evidence_for_board_level_decisions,analytical,DT/Blog/39_how_to_package_simulation_evidence_for_board_level_decisions/image-prompts.md,explicit,generate_now,P1,false,true,DT/Blog/39_how_to_package_simulation_evidence_for_board_level_decisions/assets/images,analytical_16x9_v1.png,analytical_16x9_v1.meta.json,website|newsletter
DT,blog,39_how_to_package_simulation_evidence_for_board_level_decisions,social,DT/Blog/39_how_to_package_simulation_evidence_for_board_level_decisions/image-prompts.md,explicit,generate_now,P1,false,true,DT/Blog/39_how_to_package_simulation_evidence_for_board_level_decisions/assets/images,social_1x1_v1.png,social_1x1_v1.meta.json,website|social|newsletter
DT,blog,40_when_to_refresh_a_digital_twin_model_after_operational_change,hero,DT/Blog/40_when_to_refresh_a_digital_twin_model_after_operational_change/image-prompts.md,explicit,generate_now,P1,false,true,DT/Blog/40_when_to_refresh_a_digital_twin_model_after_operational_change/assets/images,hero_16x9_v1.png,hero_16x9_v1.meta.json,website|social|newsletter
DT,blog,40_when_to_refresh_a_digital_twin_model_after_operational_change,analytical,DT/Blog/40_when_to_refresh_a_digital_twin_model_after_operational_change/image-prompts.md,explicit,generate_now,P1,false,true,DT/Blog/40_when_to_refresh_a_digital_twin_model_after_operational_change/assets/images,analytical_16x9_v1.png,analytical_16x9_v1.meta.json,website|newsletter
DT,blog,40_when_to_refresh_a_digital_twin_model_after_operational_change,social,DT/Blog/40_when_to_refresh_a_digital_twin_model_after_operational_change/image-prompts.md,explicit,generate_now,P1,false,true,DT/Blog/40_when_to_refresh_a_digital_twin_model_after_operational_change/assets/images,social_1x1_v1.png,social_1x1_v1.meta.json,website|social|newsletter
DT,blog,41_how_to_decide_when_a_simulation_is_good_enough_for_capital_commitment,hero,DT/Blog/41_how_to_decide_when_a_simulation_is_good_enough_for_capital_commitment/image-prompts.md,explicit,generate_now,P1,false,true,DT/Blog/41_how_to_decide_when_a_simulation_is_good_enough_for_capital_commitment/assets/images,hero_16x9_v1.png,hero_16x9_v1.meta.json,website|social|newsletter
DT,blog,41_how_to_decide_when_a_simulation_is_good_enough_for_capital_commitment,analytical,DT/Blog/41_how_to_decide_when_a_simulation_is_good_enough_for_capital_commitment/image-prompts.md,explicit,generate_now,P1,false,true,DT/Blog/41_how_to_decide_when_a_simulation_is_good_enough_for_capital_commitment/assets/images,analytical_16x9_v1.png,analytical_16x9_v1.meta.json,website|newsletter
DT,blog,41_how_to_decide_when_a_simulation_is_good_enough_for_capital_commitment,social,DT/Blog/41_how_to_decide_when_a_simulation_is_good_enough_for_capital_commitment/image-prompts.md,explicit,generate_now,P1,false,true,DT/Blog/41_how_to_decide_when_a_simulation_is_good_enough_for_capital_commitment/assets/images,social_1x1_v1.png,social_1x1_v1.meta.json,website|social|newsletter
DT,blog,42_what_a_factory_scenario_library_should_look_like_after_the_first_projects,hero,DT/Blog/42_what_a_factory_scenario_library_should_look_like_after_the_first_projects/image-prompts.md,explicit,generate_now,P1,false,true,DT/Blog/42_what_a_factory_scenario_library_should_look_like_after_the_first_projects/assets/images,hero_16x9_v1.png,hero_16x9_v1.meta.json,website|social|newsletter
DT,blog,42_what_a_factory_scenario_library_should_look_like_after_the_first_projects,analytical,DT/Blog/42_what_a_factory_scenario_library_should_look_like_after_the_first_projects/image-prompts.md,explicit,generate_now,P1,false,true,DT/Blog/42_what_a_factory_scenario_library_should_look_like_after_the_first_projects/assets/images,analytical_16x9_v1.png,analytical_16x9_v1.meta.json,website|newsletter
DT,blog,42_what_a_factory_scenario_library_should_look_like_after_the_first_projects,social,DT/Blog/42_what_a_factory_scenario_library_should_look_like_after_the_first_projects/image-prompts.md,explicit,generate_now,P1,false,true,DT/Blog/42_what_a_factory_scenario_library_should_look_like_after_the_first_projects/assets/images,social_1x1_v1.png,social_1x1_v1.meta.json,website|social|newsletter
DT,blog,43_how_to_retire_weak_options_early_in_digital_twin_decision_cycles,hero,DT/Blog/43_how_to_retire_weak_options_early_in_digital_twin_decision_cycles/image-prompts.md,explicit,generate_now,P1,false,true,DT/Blog/43_how_to_retire_weak_options_early_in_digital_twin_decision_cycles/assets/images,hero_16x9_v1.png,hero_16x9_v1.meta.json,website|social|newsletter
DT,blog,43_how_to_retire_weak_options_early_in_digital_twin_decision_cycles,analytical,DT/Blog/43_how_to_retire_weak_options_early_in_digital_twin_decision_cycles/image-prompts.md,explicit,generate_now,P1,false,true,DT/Blog/43_how_to_retire_weak_options_early_in_digital_twin_decision_cycles/assets/images,analytical_16x9_v1.png,analytical_16x9_v1.meta.json,website|newsletter
DT,blog,43_how_to_retire_weak_options_early_in_digital_twin_decision_cycles,social,DT/Blog/43_how_to_retire_weak_options_early_in_digital_twin_decision_cycles/image-prompts.md,explicit,generate_now,P1,false,true,DT/Blog/43_how_to_retire_weak_options_early_in_digital_twin_decision_cycles/assets/images,social_1x1_v1.png,social_1x1_v1.meta.json,website|social|newsletter
DT,blog,44_when_to_use_digital_twin_in_post_investment_reviews_and_when_not_to,hero,DT/Blog/44_when_to_use_digital_twin_in_post_investment_reviews_and_when_not_to/image-prompts.md,explicit,generate_now,P1,false,true,DT/Blog/44_when_to_use_digital_twin_in_post_investment_reviews_and_when_not_to/assets/images,hero_16x9_v1.png,hero_16x9_v1.meta.json,website|social|newsletter
DT,blog,44_when_to_use_digital_twin_in_post_investment_reviews_and_when_not_to,analytical,DT/Blog/44_when_to_use_digital_twin_in_post_investment_reviews_and_when_not_to/image-prompts.md,explicit,generate_now,P1,false,true,DT/Blog/44_when_to_use_digital_twin_in_post_investment_reviews_and_when_not_to/assets/images,analytical_16x9_v1.png,analytical_16x9_v1.meta.json,website|newsletter
DT,blog,44_when_to_use_digital_twin_in_post_investment_reviews_and_when_not_to,social,DT/Blog/44_when_to_use_digital_twin_in_post_investment_reviews_and_when_not_to/image-prompts.md,explicit,generate_now,P1,false,true,DT/Blog/44_when_to_use_digital_twin_in_post_investment_reviews_and_when_not_to/assets/images,social_1x1_v1.png,social_1x1_v1.meta.json,website|social|newsletter
DT,blog,45_how_to_assign_model_ownership_across_engineering_operations_and_finance,hero,DT/Blog/45_how_to_assign_model_ownership_across_engineering_operations_and_finance/image-prompts.md,explicit,generate_now,P1,false,true,DT/Blog/45_how_to_assign_model_ownership_across_engineering_operations_and_finance/assets/images,hero_16x9_v1.png,hero_16x9_v1.meta.json,website|social|newsletter
DT,blog,45_how_to_assign_model_ownership_across_engineering_operations_and_finance,analytical,DT/Blog/45_how_to_assign_model_ownership_across_engineering_operations_and_finance/image-prompts.md,explicit,generate_now,P1,false,true,DT/Blog/45_how_to_assign_model_ownership_across_engineering_operations_and_finance/assets/images,analytical_16x9_v1.png,analytical_16x9_v1.meta.json,website|newsletter
DT,blog,45_how_to_assign_model_ownership_across_engineering_operations_and_finance,social,DT/Blog/45_how_to_assign_model_ownership_across_engineering_operations_and_finance/image-prompts.md,explicit,generate_now,P1,false,true,DT/Blog/45_how_to_assign_model_ownership_across_engineering_operations_and_finance/assets/images,social_1x1_v1.png,social_1x1_v1.meta.json,website|social|newsletter
DT,blog,46_what_an_executive_simulation_review_should_decide_in_30_minutes,hero,DT/Blog/46_what_an_executive_simulation_review_should_decide_in_30_minutes/image-prompts.md,explicit,generate_now,P1,false,true,DT/Blog/46_what_an_executive_simulation_review_should_decide_in_30_minutes/assets/images,hero_16x9_v1.png,hero_16x9_v1.meta.json,website|social|newsletter
DT,blog,46_what_an_executive_simulation_review_should_decide_in_30_minutes,analytical,DT/Blog/46_what_an_executive_simulation_review_should_decide_in_30_minutes/image-prompts.md,explicit,generate_now,P1,false,true,DT/Blog/46_what_an_executive_simulation_review_should_decide_in_30_minutes/assets/images,analytical_16x9_v1.png,analytical_16x9_v1.meta.json,website|newsletter
DT,blog,46_what_an_executive_simulation_review_should_decide_in_30_minutes,social,DT/Blog/46_what_an_executive_simulation_review_should_decide_in_30_minutes/image-prompts.md,explicit,generate_now,P1,false,true,DT/Blog/46_what_an_executive_simulation_review_should_decide_in_30_minutes/assets/images,social_1x1_v1.png,social_1x1_v1.meta.json,website|social|newsletter
DT,blog,47_when_to_link_digital_twin_to_real_time_data_and_when_static_is_enough,hero,DT/Blog/47_when_to_link_digital_twin_to_real_time_data_and_when_static_is_enough/image-prompts.md,explicit,generate_now,P1,false,true,DT/Blog/47_when_to_link_digital_twin_to_real_time_data_and_when_static_is_enough/assets/images,hero_16x9_v1.png,hero_16x9_v1.meta.json,website|social|newsletter
DT,blog,47_when_to_link_digital_twin_to_real_time_data_and_when_static_is_enough,analytical,DT/Blog/47_when_to_link_digital_twin_to_real_time_data_and_when_static_is_enough/image-prompts.md,explicit,generate_now,P1,false,true,DT/Blog/47_when_to_link_digital_twin_to_real_time_data_and_when_static_is_enough/assets/images,analytical_16x9_v1.png,analytical_16x9_v1.meta.json,website|newsletter
DT,blog,47_when_to_link_digital_twin_to_real_time_data_and_when_static_is_enough,social,DT/Blog/47_when_to_link_digital_twin_to_real_time_data_and_when_static_is_enough/image-prompts.md,explicit,generate_now,P1,false,true,DT/Blog/47_when_to_link_digital_twin_to_real_time_data_and_when_static_is_enough/assets/images,social_1x1_v1.png,social_1x1_v1.meta.json,website|social|newsletter
DT,blog,48_how_to_compare_resilience_not_just_throughput_in_factory_scenarios,hero,DT/Blog/48_how_to_compare_resilience_not_just_throughput_in_factory_scenarios/image-prompts.md,explicit,generate_now,P1,false,true,DT/Blog/48_how_to_compare_resilience_not_just_throughput_in_factory_scenarios/assets/images,hero_16x9_v1.png,hero_16x9_v1.meta.json,website|social|newsletter
DT,blog,48_how_to_compare_resilience_not_just_throughput_in_factory_scenarios,analytical,DT/Blog/48_how_to_compare_resilience_not_just_throughput_in_factory_scenarios/image-prompts.md,explicit,generate_now,P1,false,true,DT/Blog/48_how_to_compare_resilience_not_just_throughput_in_factory_scenarios/assets/images,analytical_16x9_v1.png,analytical_16x9_v1.meta.json,website|newsletter
DT,blog,48_how_to_compare_resilience_not_just_throughput_in_factory_scenarios,social,DT/Blog/48_how_to_compare_resilience_not_just_throughput_in_factory_scenarios/image-prompts.md,explicit,generate_now,P1,false,true,DT/Blog/48_how_to_compare_resilience_not_just_throughput_in_factory_scenarios/assets/images,social_1x1_v1.png,social_1x1_v1.meta.json,website|social|newsletter
DT,blog,49_what_a_reusable_factory_assumption_ledger_should_include,hero,DT/Blog/49_what_a_reusable_factory_assumption_ledger_should_include/image-prompts.md,explicit,generate_now,P1,false,true,DT/Blog/49_what_a_reusable_factory_assumption_ledger_should_include/assets/images,hero_16x9_v1.png,hero_16x9_v1.meta.json,website|social|newsletter
DT,blog,49_what_a_reusable_factory_assumption_ledger_should_include,analytical,DT/Blog/49_what_a_reusable_factory_assumption_ledger_should_include/image-prompts.md,explicit,generate_now,P1,false,true,DT/Blog/49_what_a_reusable_factory_assumption_ledger_should_include/assets/images,analytical_16x9_v1.png,analytical_16x9_v1.meta.json,website|newsletter
DT,blog,49_what_a_reusable_factory_assumption_ledger_should_include,social,DT/Blog/49_what_a_reusable_factory_assumption_ledger_should_include/image-prompts.md,explicit,generate_now,P1,false,true,DT/Blog/49_what_a_reusable_factory_assumption_ledger_should_include/assets/images,social_1x1_v1.png,social_1x1_v1.meta.json,website|social|newsletter
DT,blog,50_how_to_turn_digital_twin_into_a_repeatable_capex_decision_system,hero,DT/Blog/50_how_to_turn_digital_twin_into_a_repeatable_capex_decision_system/image-prompts.md,explicit,generate_now,P1,false,true,DT/Blog/50_how_to_turn_digital_twin_into_a_repeatable_capex_decision_system/assets/images,hero_16x9_v1.png,hero_16x9_v1.meta.json,website|social|newsletter
DT,blog,50_how_to_turn_digital_twin_into_a_repeatable_capex_decision_system,analytical,DT/Blog/50_how_to_turn_digital_twin_into_a_repeatable_capex_decision_system/image-prompts.md,explicit,generate_now,P1,false,true,DT/Blog/50_how_to_turn_digital_twin_into_a_repeatable_capex_decision_system/assets/images,analytical_16x9_v1.png,analytical_16x9_v1.meta.json,website|newsletter
DT,blog,50_how_to_turn_digital_twin_into_a_repeatable_capex_decision_system,social,DT/Blog/50_how_to_turn_digital_twin_into_a_repeatable_capex_decision_system/image-prompts.md,explicit,generate_now,P1,false,true,DT/Blog/50_how_to_turn_digital_twin_into_a_repeatable_capex_decision_system/assets/images,social_1x1_v1.png,social_1x1_v1.meta.json,website|social|newsletter
IRIS,blog,01_why_dashboards_dont_fix_factories,hero,IRIS/Blog/01_why_dashboards_dont_fix_factories/image-prompts.md,explicit,generate_now,P1,false,true,IRIS/Blog/01_why_dashboards_dont_fix_factories/assets/images,hero_16x9_v1.png,hero_16x9_v1.meta.json,website|social|newsletter
IRIS,blog,01_why_dashboards_dont_fix_factories,analytical,IRIS/Blog/01_why_dashboards_dont_fix_factories/image-prompts.md,explicit,generate_now,P1,false,true,IRIS/Blog/01_why_dashboards_dont_fix_factories/assets/images,analytical_16x9_v1.png,analytical_16x9_v1.meta.json,website|newsletter
IRIS,blog,01_why_dashboards_dont_fix_factories,social,IRIS/Blog/01_why_dashboards_dont_fix_factories/image-prompts.md,explicit,generate_now,P1,false,true,IRIS/Blog/01_why_dashboards_dont_fix_factories/assets/images,social_1x1_v1.png,social_1x1_v1.meta.json,website|social|newsletter
IRIS,blog,02_what_a_plant_operating_system_actually_means,hero,IRIS/Blog/02_what_a_plant_operating_system_actually_means/image-prompts.md,explicit,generate_now,P1,false,true,IRIS/Blog/02_what_a_plant_operating_system_actually_means/assets/images,hero_16x9_v1.png,hero_16x9_v1.meta.json,website|social|newsletter
IRIS,blog,02_what_a_plant_operating_system_actually_means,analytical,IRIS/Blog/02_what_a_plant_operating_system_actually_means/image-prompts.md,explicit,generate_now,P1,false,true,IRIS/Blog/02_what_a_plant_operating_system_actually_means/assets/images,analytical_16x9_v1.png,analytical_16x9_v1.meta.json,website|newsletter
IRIS,blog,02_what_a_plant_operating_system_actually_means,social,IRIS/Blog/02_what_a_plant_operating_system_actually_means/image-prompts.md,explicit,generate_now,P1,false,true,IRIS/Blog/02_what_a_plant_operating_system_actually_means/assets/images,social_1x1_v1.png,social_1x1_v1.meta.json,website|social|newsletter
IRIS,blog,03_why_mes_alone_is_no_longer_enough,hero,IRIS/Blog/03_why_mes_alone_is_no_longer_enough/image-prompts.md,explicit,generate_now,P1,false,true,IRIS/Blog/03_why_mes_alone_is_no_longer_enough/assets/images,hero_16x9_v1.png,hero_16x9_v1.meta.json,website|social|newsletter
IRIS,blog,03_why_mes_alone_is_no_longer_enough,analytical,IRIS/Blog/03_why_mes_alone_is_no_longer_enough/image-prompts.md,explicit,generate_now,P1,false,true,IRIS/Blog/03_why_mes_alone_is_no_longer_enough/assets/images,analytical_16x9_v1.png,analytical_16x9_v1.meta.json,website|newsletter
IRIS,blog,03_why_mes_alone_is_no_longer_enough,social,IRIS/Blog/03_why_mes_alone_is_no_longer_enough/image-prompts.md,explicit,generate_now,P1,false,true,IRIS/Blog/03_why_mes_alone_is_no_longer_enough/assets/images,social_1x1_v1.png,social_1x1_v1.meta.json,website|social|newsletter
IRIS,blog,04_from_insight_to_task_to_action_closing_the_execution_loop,hero,IRIS/Blog/04_from_insight_to_task_to_action_closing_the_execution_loop/image-prompts.md,explicit,generate_now,P1,false,true,IRIS/Blog/04_from_insight_to_task_to_action_closing_the_execution_loop/assets/images,hero_16x9_v1.png,hero_16x9_v1.meta.json,website|social|newsletter
IRIS,blog,04_from_insight_to_task_to_action_closing_the_execution_loop,analytical,IRIS/Blog/04_from_insight_to_task_to_action_closing_the_execution_loop/image-prompts.md,explicit,generate_now,P1,false,true,IRIS/Blog/04_from_insight_to_task_to_action_closing_the_execution_loop/assets/images,analytical_16x9_v1.png,analytical_16x9_v1.meta.json,website|newsletter
IRIS,blog,04_from_insight_to_task_to_action_closing_the_execution_loop,social,IRIS/Blog/04_from_insight_to_task_to_action_closing_the_execution_loop/image-prompts.md,explicit,generate_now,P1,false,true,IRIS/Blog/04_from_insight_to_task_to_action_closing_the_execution_loop/assets/images,social_1x1_v1.png,social_1x1_v1.meta.json,website|social|newsletter
IRIS,blog,05_why_plants_still_run_on_spreadsheets,hero,IRIS/Blog/05_why_plants_still_run_on_spreadsheets/image-prompts.md,explicit,generate_now,P1,false,true,IRIS/Blog/05_why_plants_still_run_on_spreadsheets/assets/images,hero_16x9_v1.png,hero_16x9_v1.meta.json,website|social|newsletter
IRIS,blog,05_why_plants_still_run_on_spreadsheets,analytical,IRIS/Blog/05_why_plants_still_run_on_spreadsheets/image-prompts.md,explicit,generate_now,P1,false,true,IRIS/Blog/05_why_plants_still_run_on_spreadsheets/assets/images,analytical_16x9_v1.png,analytical_16x9_v1.meta.json,website|newsletter
IRIS,blog,05_why_plants_still_run_on_spreadsheets,social,IRIS/Blog/05_why_plants_still_run_on_spreadsheets/image-prompts.md,explicit,generate_now,P1,false,true,IRIS/Blog/05_why_plants_still_run_on_spreadsheets/assets/images,social_1x1_v1.png,social_1x1_v1.meta.json,website|social|newsletter
IRIS,blog,06_ai_native_operations_what_that_should_mean_in_practice,hero,IRIS/Blog/06_ai_native_operations_what_that_should_mean_in_practice/image-prompts.md,explicit,generate_now,P1,false,true,IRIS/Blog/06_ai_native_operations_what_that_should_mean_in_practice/assets/images,hero_16x9_v1.png,hero_16x9_v1.meta.json,website|social|newsletter
IRIS,blog,06_ai_native_operations_what_that_should_mean_in_practice,analytical,IRIS/Blog/06_ai_native_operations_what_that_should_mean_in_practice/image-prompts.md,explicit,generate_now,P1,false,true,IRIS/Blog/06_ai_native_operations_what_that_should_mean_in_practice/assets/images,analytical_16x9_v1.png,analytical_16x9_v1.meta.json,website|newsletter
IRIS,blog,06_ai_native_operations_what_that_should_mean_in_practice,social,IRIS/Blog/06_ai_native_operations_what_that_should_mean_in_practice/image-prompts.md,explicit,generate_now,P1,false,true,IRIS/Blog/06_ai_native_operations_what_that_should_mean_in_practice/assets/images,social_1x1_v1.png,social_1x1_v1.meta.json,website|social|newsletter
IRIS,blog,07_how_to_unify_mes_wms_qms_and_cmms_without_replacing_everything,hero,IRIS/Blog/07_how_to_unify_mes_wms_qms_and_cmms_without_replacing_everything/image-prompts.md,explicit,generate_now,P1,false,true,IRIS/Blog/07_how_to_unify_mes_wms_qms_and_cmms_without_replacing_everything/assets/images,hero_16x9_v1.png,hero_16x9_v1.meta.json,website|social|newsletter
IRIS,blog,07_how_to_unify_mes_wms_qms_and_cmms_without_replacing_everything,analytical,IRIS/Blog/07_how_to_unify_mes_wms_qms_and_cmms_without_replacing_everything/image-prompts.md,explicit,generate_now,P1,false,true,IRIS/Blog/07_how_to_unify_mes_wms_qms_and_cmms_without_replacing_everything/assets/images,analytical_16x9_v1.png,analytical_16x9_v1.meta.json,website|newsletter
IRIS,blog,07_how_to_unify_mes_wms_qms_and_cmms_without_replacing_everything,social,IRIS/Blog/07_how_to_unify_mes_wms_qms_and_cmms_without_replacing_everything/image-prompts.md,explicit,generate_now,P1,false,true,IRIS/Blog/07_how_to_unify_mes_wms_qms_and_cmms_without_replacing_everything/assets/images,social_1x1_v1.png,social_1x1_v1.meta.json,website|social|newsletter
IRIS,blog,08_why_hidden_definitions_kill_kpi_alignment,hero,IRIS/Blog/08_why_hidden_definitions_kill_kpi_alignment/image-prompts.md,explicit,generate_now,P1,false,true,IRIS/Blog/08_why_hidden_definitions_kill_kpi_alignment/assets/images,hero_16x9_v1.png,hero_16x9_v1.meta.json,website|social|newsletter
IRIS,blog,08_why_hidden_definitions_kill_kpi_alignment,analytical,IRIS/Blog/08_why_hidden_definitions_kill_kpi_alignment/image-prompts.md,explicit,generate_now,P1,false,true,IRIS/Blog/08_why_hidden_definitions_kill_kpi_alignment/assets/images,analytical_16x9_v1.png,analytical_16x9_v1.meta.json,website|newsletter
IRIS,blog,08_why_hidden_definitions_kill_kpi_alignment,social,IRIS/Blog/08_why_hidden_definitions_kill_kpi_alignment/image-prompts.md,explicit,generate_now,P1,false,true,IRIS/Blog/08_why_hidden_definitions_kill_kpi_alignment/assets/images,social_1x1_v1.png,social_1x1_v1.meta.json,website|social|newsletter
IRIS,blog,09_the_cost_of_siloed_operational_systems,hero,IRIS/Blog/09_the_cost_of_siloed_operational_systems/image-prompts.md,explicit,generate_now,P1,false,true,IRIS/Blog/09_the_cost_of_siloed_operational_systems/assets/images,hero_16x9_v1.png,hero_16x9_v1.meta.json,website|social|newsletter
IRIS,blog,09_the_cost_of_siloed_operational_systems,analytical,IRIS/Blog/09_the_cost_of_siloed_operational_systems/image-prompts.md,explicit,generate_now,P1,false,true,IRIS/Blog/09_the_cost_of_siloed_operational_systems/assets/images,analytical_16x9_v1.png,analytical_16x9_v1.meta.json,website|newsletter
IRIS,blog,09_the_cost_of_siloed_operational_systems,social,IRIS/Blog/09_the_cost_of_siloed_operational_systems/image-prompts.md,explicit,generate_now,P1,false,true,IRIS/Blog/09_the_cost_of_siloed_operational_systems/assets/images,social_1x1_v1.png,social_1x1_v1.meta.json,website|social|newsletter
IRIS,blog,10_how_human_approval_makes_industrial_ai_more_useful,hero,IRIS/Blog/10_how_human_approval_makes_industrial_ai_more_useful/image-prompts.md,explicit,generate_now,P1,false,true,IRIS/Blog/10_how_human_approval_makes_industrial_ai_more_useful/assets/images,hero_16x9_v1.png,hero_16x9_v1.meta.json,website|social|newsletter
IRIS,blog,10_how_human_approval_makes_industrial_ai_more_useful,analytical,IRIS/Blog/10_how_human_approval_makes_industrial_ai_more_useful/image-prompts.md,explicit,generate_now,P1,false,true,IRIS/Blog/10_how_human_approval_makes_industrial_ai_more_useful/assets/images,analytical_16x9_v1.png,analytical_16x9_v1.meta.json,website|newsletter
IRIS,blog,10_how_human_approval_makes_industrial_ai_more_useful,social,IRIS/Blog/10_how_human_approval_makes_industrial_ai_more_useful/image-prompts.md,explicit,generate_now,P1,false,true,IRIS/Blog/10_how_human_approval_makes_industrial_ai_more_useful/assets/images,social_1x1_v1.png,social_1x1_v1.meta.json,website|social|newsletter
IRIS,blog,11_how_to_build_a_real_time_kpi_system_for_your_factory,hero,IRIS/Blog/11_how_to_build_a_real_time_kpi_system_for_your_factory/image-prompts.md,explicit,generate_now,P1,false,true,IRIS/Blog/11_how_to_build_a_real_time_kpi_system_for_your_factory/assets/images,hero_16x9_v1.png,hero_16x9_v1.meta.json,website|social|newsletter
IRIS,blog,11_how_to_build_a_real_time_kpi_system_for_your_factory,analytical,IRIS/Blog/11_how_to_build_a_real_time_kpi_system_for_your_factory/image-prompts.md,explicit,generate_now,P1,false,true,IRIS/Blog/11_how_to_build_a_real_time_kpi_system_for_your_factory/assets/images,analytical_16x9_v1.png,analytical_16x9_v1.meta.json,website|newsletter
IRIS,blog,11_how_to_build_a_real_time_kpi_system_for_your_factory,social,IRIS/Blog/11_how_to_build_a_real_time_kpi_system_for_your_factory/image-prompts.md,explicit,generate_now,P1,false,true,IRIS/Blog/11_how_to_build_a_real_time_kpi_system_for_your_factory/assets/images,social_1x1_v1.png,social_1x1_v1.meta.json,website|social|newsletter
IRIS,blog,12_oee_is_not_enough_what_you_should_measure_instead,hero,IRIS/Blog/12_oee_is_not_enough_what_you_should_measure_instead/image-prompts.md,explicit,generate_now,P1,false,true,IRIS/Blog/12_oee_is_not_enough_what_you_should_measure_instead/assets/images,hero_16x9_v1.png,hero_16x9_v1.meta.json,website|social|newsletter
IRIS,blog,12_oee_is_not_enough_what_you_should_measure_instead,analytical,IRIS/Blog/12_oee_is_not_enough_what_you_should_measure_instead/image-prompts.md,explicit,generate_now,P1,false,true,IRIS/Blog/12_oee_is_not_enough_what_you_should_measure_instead/assets/images,analytical_16x9_v1.png,analytical_16x9_v1.meta.json,website|newsletter
IRIS,blog,12_oee_is_not_enough_what_you_should_measure_instead,social,IRIS/Blog/12_oee_is_not_enough_what_you_should_measure_instead/image-prompts.md,explicit,generate_now,P1,false,true,IRIS/Blog/12_oee_is_not_enough_what_you_should_measure_instead/assets/images,social_1x1_v1.png,social_1x1_v1.meta.json,website|social|newsletter
IRIS,blog,13_how_to_manage_maintenance_with_data,hero,IRIS/Blog/13_how_to_manage_maintenance_with_data/image-prompts.md,explicit,generate_now,P1,false,true,IRIS/Blog/13_how_to_manage_maintenance_with_data/assets/images,hero_16x9_v1.png,hero_16x9_v1.meta.json,website|social|newsletter
IRIS,blog,13_how_to_manage_maintenance_with_data,analytical,IRIS/Blog/13_how_to_manage_maintenance_with_data/image-prompts.md,explicit,generate_now,P1,false,true,IRIS/Blog/13_how_to_manage_maintenance_with_data/assets/images,analytical_16x9_v1.png,analytical_16x9_v1.meta.json,website|newsletter
IRIS,blog,13_how_to_manage_maintenance_with_data,social,IRIS/Blog/13_how_to_manage_maintenance_with_data/image-prompts.md,explicit,generate_now,P1,false,true,IRIS/Blog/13_how_to_manage_maintenance_with_data/assets/images,social_1x1_v1.png,social_1x1_v1.meta.json,website|social|newsletter
IRIS,blog,14_warehouse_optimization_using_real_time_data,hero,IRIS/Blog/14_warehouse_optimization_using_real_time_data/image-prompts.md,explicit,generate_now,P1,false,true,IRIS/Blog/14_warehouse_optimization_using_real_time_data/assets/images,hero_16x9_v1.png,hero_16x9_v1.meta.json,website|social|newsletter
IRIS,blog,14_warehouse_optimization_using_real_time_data,analytical,IRIS/Blog/14_warehouse_optimization_using_real_time_data/image-prompts.md,explicit,generate_now,P1,false,true,IRIS/Blog/14_warehouse_optimization_using_real_time_data/assets/images,analytical_16x9_v1.png,analytical_16x9_v1.meta.json,website|newsletter
IRIS,blog,14_warehouse_optimization_using_real_time_data,social,IRIS/Blog/14_warehouse_optimization_using_real_time_data/image-prompts.md,explicit,generate_now,P1,false,true,IRIS/Blog/14_warehouse_optimization_using_real_time_data/assets/images,social_1x1_v1.png,social_1x1_v1.meta.json,website|social|newsletter
IRIS,blog,15_production_planning_vs_reality_why_aps_fails,hero,IRIS/Blog/15_production_planning_vs_reality_why_aps_fails/image-prompts.md,explicit,generate_now,P1,false,true,IRIS/Blog/15_production_planning_vs_reality_why_aps_fails/assets/images,hero_16x9_v1.png,hero_16x9_v1.meta.json,website|social|newsletter
IRIS,blog,15_production_planning_vs_reality_why_aps_fails,analytical,IRIS/Blog/15_production_planning_vs_reality_why_aps_fails/image-prompts.md,explicit,generate_now,P1,false,true,IRIS/Blog/15_production_planning_vs_reality_why_aps_fails/assets/images,analytical_16x9_v1.png,analytical_16x9_v1.meta.json,website|newsletter
IRIS,blog,15_production_planning_vs_reality_why_aps_fails,social,IRIS/Blog/15_production_planning_vs_reality_why_aps_fails/image-prompts.md,explicit,generate_now,P1,false,true,IRIS/Blog/15_production_planning_vs_reality_why_aps_fails/assets/images,social_1x1_v1.png,social_1x1_v1.meta.json,website|social|newsletter
IRIS,blog,16_how_to_connect_all_factory_systems_into_one_brain,hero,IRIS/Blog/16_how_to_connect_all_factory_systems_into_one_brain/image-prompts.md,explicit,generate_now,P1,false,true,IRIS/Blog/16_how_to_connect_all_factory_systems_into_one_brain/assets/images,hero_16x9_v1.png,hero_16x9_v1.meta.json,website|social|newsletter
IRIS,blog,16_how_to_connect_all_factory_systems_into_one_brain,analytical,IRIS/Blog/16_how_to_connect_all_factory_systems_into_one_brain/image-prompts.md,explicit,generate_now,P1,false,true,IRIS/Blog/16_how_to_connect_all_factory_systems_into_one_brain/assets/images,analytical_16x9_v1.png,analytical_16x9_v1.meta.json,website|newsletter
IRIS,blog,16_how_to_connect_all_factory_systems_into_one_brain,social,IRIS/Blog/16_how_to_connect_all_factory_systems_into_one_brain/image-prompts.md,explicit,generate_now,P1,false,true,IRIS/Blog/16_how_to_connect_all_factory_systems_into_one_brain/assets/images,social_1x1_v1.png,social_1x1_v1.meta.json,website|social|newsletter
IRIS,blog,17_from_reporting_to_decision_making_systems,hero,IRIS/Blog/17_from_reporting_to_decision_making_systems/image-prompts.md,explicit,generate_now,P1,false,true,IRIS/Blog/17_from_reporting_to_decision_making_systems/assets/images,hero_16x9_v1.png,hero_16x9_v1.meta.json,website|social|newsletter
IRIS,blog,17_from_reporting_to_decision_making_systems,analytical,IRIS/Blog/17_from_reporting_to_decision_making_systems/image-prompts.md,explicit,generate_now,P1,false,true,IRIS/Blog/17_from_reporting_to_decision_making_systems/assets/images,analytical_16x9_v1.png,analytical_16x9_v1.meta.json,website|newsletter
IRIS,blog,17_from_reporting_to_decision_making_systems,social,IRIS/Blog/17_from_reporting_to_decision_making_systems/image-prompts.md,explicit,generate_now,P1,false,true,IRIS/Blog/17_from_reporting_to_decision_making_systems/assets/images,social_1x1_v1.png,social_1x1_v1.meta.json,website|social|newsletter
IRIS,blog,18_the_end_of_manual_production_control,hero,IRIS/Blog/18_the_end_of_manual_production_control/image-prompts.md,explicit,generate_now,P1,false,true,IRIS/Blog/18_the_end_of_manual_production_control/assets/images,hero_16x9_v1.png,hero_16x9_v1.meta.json,website|social|newsletter
IRIS,blog,18_the_end_of_manual_production_control,analytical,IRIS/Blog/18_the_end_of_manual_production_control/image-prompts.md,explicit,generate_now,P1,false,true,IRIS/Blog/18_the_end_of_manual_production_control/assets/images,analytical_16x9_v1.png,analytical_16x9_v1.meta.json,website|newsletter
IRIS,blog,18_the_end_of_manual_production_control,social,IRIS/Blog/18_the_end_of_manual_production_control/image-prompts.md,explicit,generate_now,P1,false,true,IRIS/Blog/18_the_end_of_manual_production_control/assets/images,social_1x1_v1.png,social_1x1_v1.meta.json,website|social|newsletter
IRIS,blog,19_how_to_evaluate_a_plant_operating_system_for_a_real_factory,hero,IRIS/Blog/19_how_to_evaluate_a_plant_operating_system_for_a_real_factory/image-prompts.md,explicit,generate_now,P1,false,true,IRIS/Blog/19_how_to_evaluate_a_plant_operating_system_for_a_real_factory/assets/images,hero_16x9_v1.png,hero_16x9_v1.meta.json,website|social|newsletter
IRIS,blog,19_how_to_evaluate_a_plant_operating_system_for_a_real_factory,analytical,IRIS/Blog/19_how_to_evaluate_a_plant_operating_system_for_a_real_factory/image-prompts.md,explicit,generate_now,P1,false,true,IRIS/Blog/19_how_to_evaluate_a_plant_operating_system_for_a_real_factory/assets/images,analytical_16x9_v1.png,analytical_16x9_v1.meta.json,website|newsletter
IRIS,blog,19_how_to_evaluate_a_plant_operating_system_for_a_real_factory,social,IRIS/Blog/19_how_to_evaluate_a_plant_operating_system_for_a_real_factory/image-prompts.md,explicit,generate_now,P1,false,true,IRIS/Blog/19_how_to_evaluate_a_plant_operating_system_for_a_real_factory/assets/images,social_1x1_v1.png,social_1x1_v1.meta.json,website|social|newsletter
IRIS,blog,20_why_ai_in_factory_operations_fails_without_one_execution_layer,hero,IRIS/Blog/20_why_ai_in_factory_operations_fails_without_one_execution_layer/image-prompts.md,explicit,generate_now,P1,false,true,IRIS/Blog/20_why_ai_in_factory_operations_fails_without_one_execution_layer/assets/images,hero_16x9_v1.png,hero_16x9_v1.meta.json,website|social|newsletter
IRIS,blog,20_why_ai_in_factory_operations_fails_without_one_execution_layer,analytical,IRIS/Blog/20_why_ai_in_factory_operations_fails_without_one_execution_layer/image-prompts.md,explicit,generate_now,P1,false,true,IRIS/Blog/20_why_ai_in_factory_operations_fails_without_one_execution_layer/assets/images,analytical_16x9_v1.png,analytical_16x9_v1.meta.json,website|newsletter
IRIS,blog,20_why_ai_in_factory_operations_fails_without_one_execution_layer,social,IRIS/Blog/20_why_ai_in_factory_operations_fails_without_one_execution_layer/image-prompts.md,explicit,generate_now,P1,false,true,IRIS/Blog/20_why_ai_in_factory_operations_fails_without_one_execution_layer/assets/images,social_1x1_v1.png,social_1x1_v1.meta.json,website|social|newsletter
IRIS,blog,21_how_ai_is_changing_factory_operations_when_execution_is_connected,hero,IRIS/Blog/21_how_ai_is_changing_factory_operations_when_execution_is_connected/image-prompts.md,explicit,generate_now,P1,false,true,IRIS/Blog/21_how_ai_is_changing_factory_operations_when_execution_is_connected/assets/images,hero_16x9_v1.png,hero_16x9_v1.meta.json,website|social|newsletter
IRIS,blog,21_how_ai_is_changing_factory_operations_when_execution_is_connected,analytical,IRIS/Blog/21_how_ai_is_changing_factory_operations_when_execution_is_connected/image-prompts.md,explicit,generate_now,P1,false,true,IRIS/Blog/21_how_ai_is_changing_factory_operations_when_execution_is_connected/assets/images,analytical_16x9_v1.png,analytical_16x9_v1.meta.json,website|newsletter
IRIS,blog,21_how_ai_is_changing_factory_operations_when_execution_is_connected,social,IRIS/Blog/21_how_ai_is_changing_factory_operations_when_execution_is_connected/image-prompts.md,explicit,generate_now,P1,false,true,IRIS/Blog/21_how_ai_is_changing_factory_operations_when_execution_is_connected/assets/images,social_1x1_v1.png,social_1x1_v1.meta.json,website|social|newsletter
IRIS,blog,22_what_an_ai_agent_can_do_in_a_factory_today,hero,IRIS/Blog/22_what_an_ai_agent_can_do_in_a_factory_today/image-prompts.md,explicit,generate_now,P1,false,true,IRIS/Blog/22_what_an_ai_agent_can_do_in_a_factory_today/assets/images,hero_16x9_v1.png,hero_16x9_v1.meta.json,website|social|newsletter
IRIS,blog,22_what_an_ai_agent_can_do_in_a_factory_today,analytical,IRIS/Blog/22_what_an_ai_agent_can_do_in_a_factory_today/image-prompts.md,explicit,generate_now,P1,false,true,IRIS/Blog/22_what_an_ai_agent_can_do_in_a_factory_today/assets/images,analytical_16x9_v1.png,analytical_16x9_v1.meta.json,website|newsletter
IRIS,blog,22_what_an_ai_agent_can_do_in_a_factory_today,social,IRIS/Blog/22_what_an_ai_agent_can_do_in_a_factory_today/image-prompts.md,explicit,generate_now,P1,false,true,IRIS/Blog/22_what_an_ai_agent_can_do_in_a_factory_today/assets/images,social_1x1_v1.png,social_1x1_v1.meta.json,website|social|newsletter
IRIS,blog,23_from_humans_to_ai_assisted_operations_what_changes_first,hero,IRIS/Blog/23_from_humans_to_ai_assisted_operations_what_changes_first/image-prompts.md,explicit,generate_now,P1,false,true,IRIS/Blog/23_from_humans_to_ai_assisted_operations_what_changes_first/assets/images,hero_16x9_v1.png,hero_16x9_v1.meta.json,website|social|newsletter
IRIS,blog,23_from_humans_to_ai_assisted_operations_what_changes_first,analytical,IRIS/Blog/23_from_humans_to_ai_assisted_operations_what_changes_first/image-prompts.md,explicit,generate_now,P1,false,true,IRIS/Blog/23_from_humans_to_ai_assisted_operations_what_changes_first/assets/images,analytical_16x9_v1.png,analytical_16x9_v1.meta.json,website|newsletter
IRIS,blog,23_from_humans_to_ai_assisted_operations_what_changes_first,social,IRIS/Blog/23_from_humans_to_ai_assisted_operations_what_changes_first/image-prompts.md,explicit,generate_now,P1,false,true,IRIS/Blog/23_from_humans_to_ai_assisted_operations_what_changes_first/assets/images,social_1x1_v1.png,social_1x1_v1.meta.json,website|social|newsletter
IRIS,blog,24_autonomous_factory_myth_or_operating_reality,hero,IRIS/Blog/24_autonomous_factory_myth_or_operating_reality/image-prompts.md,explicit,generate_now,P1,false,true,IRIS/Blog/24_autonomous_factory_myth_or_operating_reality/assets/images,hero_16x9_v1.png,hero_16x9_v1.meta.json,website|social|newsletter
IRIS,blog,24_autonomous_factory_myth_or_operating_reality,analytical,IRIS/Blog/24_autonomous_factory_myth_or_operating_reality/image-prompts.md,explicit,generate_now,P1,false,true,IRIS/Blog/24_autonomous_factory_myth_or_operating_reality/assets/images,analytical_16x9_v1.png,analytical_16x9_v1.meta.json,website|newsletter
IRIS,blog,24_autonomous_factory_myth_or_operating_reality,social,IRIS/Blog/24_autonomous_factory_myth_or_operating_reality/image-prompts.md,explicit,generate_now,P1,false,true,IRIS/Blog/24_autonomous_factory_myth_or_operating_reality/assets/images,social_1x1_v1.png,social_1x1_v1.meta.json,website|social|newsletter
IRIS,blog,25_how_to_build_ai_assisted_factory_operations_step_by_step,hero,IRIS/Blog/25_how_to_build_ai_assisted_factory_operations_step_by_step/image-prompts.md,explicit,generate_now,P1,false,true,IRIS/Blog/25_how_to_build_ai_assisted_factory_operations_step_by_step/assets/images,hero_16x9_v1.png,hero_16x9_v1.meta.json,website|social|newsletter
IRIS,blog,25_how_to_build_ai_assisted_factory_operations_step_by_step,analytical,IRIS/Blog/25_how_to_build_ai_assisted_factory_operations_step_by_step/image-prompts.md,explicit,generate_now,P1,false,true,IRIS/Blog/25_how_to_build_ai_assisted_factory_operations_step_by_step/assets/images,analytical_16x9_v1.png,analytical_16x9_v1.meta.json,website|newsletter
IRIS,blog,25_how_to_build_ai_assisted_factory_operations_step_by_step,social,IRIS/Blog/25_how_to_build_ai_assisted_factory_operations_step_by_step/image-prompts.md,explicit,generate_now,P1,false,true,IRIS/Blog/25_how_to_build_ai_assisted_factory_operations_step_by_step/assets/images,social_1x1_v1.png,social_1x1_v1.meta.json,website|social|newsletter
IRIS,blog,26_when_ai_should_recommend_and_when_humans_should_decide_in_operations,hero,IRIS/Blog/26_when_ai_should_recommend_and_when_humans_should_decide_in_operations/image-prompts.md,explicit,generate_now,P1,false,true,IRIS/Blog/26_when_ai_should_recommend_and_when_humans_should_decide_in_operations/assets/images,hero_16x9_v1.png,hero_16x9_v1.meta.json,website|social|newsletter
IRIS,blog,26_when_ai_should_recommend_and_when_humans_should_decide_in_operations,analytical,IRIS/Blog/26_when_ai_should_recommend_and_when_humans_should_decide_in_operations/image-prompts.md,explicit,generate_now,P1,false,true,IRIS/Blog/26_when_ai_should_recommend_and_when_humans_should_decide_in_operations/assets/images,analytical_16x9_v1.png,analytical_16x9_v1.meta.json,website|newsletter
IRIS,blog,26_when_ai_should_recommend_and_when_humans_should_decide_in_operations,social,IRIS/Blog/26_when_ai_should_recommend_and_when_humans_should_decide_in_operations/image-prompts.md,explicit,generate_now,P1,false,true,IRIS/Blog/26_when_ai_should_recommend_and_when_humans_should_decide_in_operations/assets/images,social_1x1_v1.png,social_1x1_v1.meta.json,website|social|newsletter
IRIS,blog,27_why_factories_need_one_decision_layer_before_more_ai_models,hero,IRIS/Blog/27_why_factories_need_one_decision_layer_before_more_ai_models/image-prompts.md,explicit,generate_now,P1,false,true,IRIS/Blog/27_why_factories_need_one_decision_layer_before_more_ai_models/assets/images,hero_16x9_v1.png,hero_16x9_v1.meta.json,website|social|newsletter
IRIS,blog,27_why_factories_need_one_decision_layer_before_more_ai_models,analytical,IRIS/Blog/27_why_factories_need_one_decision_layer_before_more_ai_models/image-prompts.md,explicit,generate_now,P1,false,true,IRIS/Blog/27_why_factories_need_one_decision_layer_before_more_ai_models/assets/images,analytical_16x9_v1.png,analytical_16x9_v1.meta.json,website|newsletter
IRIS,blog,27_why_factories_need_one_decision_layer_before_more_ai_models,social,IRIS/Blog/27_why_factories_need_one_decision_layer_before_more_ai_models/image-prompts.md,explicit,generate_now,P1,false,true,IRIS/Blog/27_why_factories_need_one_decision_layer_before_more_ai_models/assets/images,social_1x1_v1.png,social_1x1_v1.meta.json,website|social|newsletter
IRIS,blog,28_how_ai_can_prioritize_factory_issues_across_functions,hero,IRIS/Blog/28_how_ai_can_prioritize_factory_issues_across_functions/image-prompts.md,explicit,generate_now,P1,false,true,IRIS/Blog/28_how_ai_can_prioritize_factory_issues_across_functions/assets/images,hero_16x9_v1.png,hero_16x9_v1.meta.json,website|social|newsletter
IRIS,blog,28_how_ai_can_prioritize_factory_issues_across_functions,analytical,IRIS/Blog/28_how_ai_can_prioritize_factory_issues_across_functions/image-prompts.md,explicit,generate_now,P1,false,true,IRIS/Blog/28_how_ai_can_prioritize_factory_issues_across_functions/assets/images,analytical_16x9_v1.png,analytical_16x9_v1.meta.json,website|newsletter
IRIS,blog,28_how_ai_can_prioritize_factory_issues_across_functions,social,IRIS/Blog/28_how_ai_can_prioritize_factory_issues_across_functions/image-prompts.md,explicit,generate_now,P1,false,true,IRIS/Blog/28_how_ai_can_prioritize_factory_issues_across_functions/assets/images,social_1x1_v1.png,social_1x1_v1.meta.json,website|social|newsletter
IRIS,blog,29_what_makes_factory_ai_trustworthy_for_operations_leaders,hero,IRIS/Blog/29_what_makes_factory_ai_trustworthy_for_operations_leaders/image-prompts.md,explicit,generate_now,P1,false,true,IRIS/Blog/29_what_makes_factory_ai_trustworthy_for_operations_leaders/assets/images,hero_16x9_v1.png,hero_16x9_v1.meta.json,website|social|newsletter
IRIS,blog,29_what_makes_factory_ai_trustworthy_for_operations_leaders,analytical,IRIS/Blog/29_what_makes_factory_ai_trustworthy_for_operations_leaders/image-prompts.md,explicit,generate_now,P1,false,true,IRIS/Blog/29_what_makes_factory_ai_trustworthy_for_operations_leaders/assets/images,analytical_16x9_v1.png,analytical_16x9_v1.meta.json,website|newsletter
IRIS,blog,29_what_makes_factory_ai_trustworthy_for_operations_leaders,social,IRIS/Blog/29_what_makes_factory_ai_trustworthy_for_operations_leaders/image-prompts.md,explicit,generate_now,P1,false,true,IRIS/Blog/29_what_makes_factory_ai_trustworthy_for_operations_leaders/assets/images,social_1x1_v1.png,social_1x1_v1.meta.json,website|social|newsletter
IRIS,blog,30_how_to_roll_out_ai_assisted_operations_without_disrupting_the_plant,hero,IRIS/Blog/30_how_to_roll_out_ai_assisted_operations_without_disrupting_the_plant/image-prompts.md,explicit,generate_now,P1,false,true,IRIS/Blog/30_how_to_roll_out_ai_assisted_operations_without_disrupting_the_plant/assets/images,hero_16x9_v1.png,hero_16x9_v1.meta.json,website|social|newsletter
IRIS,blog,30_how_to_roll_out_ai_assisted_operations_without_disrupting_the_plant,analytical,IRIS/Blog/30_how_to_roll_out_ai_assisted_operations_without_disrupting_the_plant/image-prompts.md,explicit,generate_now,P1,false,true,IRIS/Blog/30_how_to_roll_out_ai_assisted_operations_without_disrupting_the_plant/assets/images,analytical_16x9_v1.png,analytical_16x9_v1.meta.json,website|newsletter
IRIS,blog,30_how_to_roll_out_ai_assisted_operations_without_disrupting_the_plant,social,IRIS/Blog/30_how_to_roll_out_ai_assisted_operations_without_disrupting_the_plant/image-prompts.md,explicit,generate_now,P1,false,true,IRIS/Blog/30_how_to_roll_out_ai_assisted_operations_without_disrupting_the_plant/assets/images,social_1x1_v1.png,social_1x1_v1.meta.json,website|social|newsletter
IRIS,blog,31_how_ai_and_digital_twin_work_together_in_factory_decisions,hero,IRIS/Blog/31_how_ai_and_digital_twin_work_together_in_factory_decisions/image-prompts.md,explicit,generate_now,P1,false,true,IRIS/Blog/31_how_ai_and_digital_twin_work_together_in_factory_decisions/assets/images,hero_16x9_v1.png,hero_16x9_v1.meta.json,website|social|newsletter
IRIS,blog,31_how_ai_and_digital_twin_work_together_in_factory_decisions,analytical,IRIS/Blog/31_how_ai_and_digital_twin_work_together_in_factory_decisions/image-prompts.md,explicit,generate_now,P1,false,true,IRIS/Blog/31_how_ai_and_digital_twin_work_together_in_factory_decisions/assets/images,analytical_16x9_v1.png,analytical_16x9_v1.meta.json,website|newsletter
IRIS,blog,31_how_ai_and_digital_twin_work_together_in_factory_decisions,social,IRIS/Blog/31_how_ai_and_digital_twin_work_together_in_factory_decisions/image-prompts.md,explicit,generate_now,P1,false,true,IRIS/Blog/31_how_ai_and_digital_twin_work_together_in_factory_decisions/assets/images,social_1x1_v1.png,social_1x1_v1.meta.json,website|social|newsletter
IRIS,blog,32_why_ai_without_operational_data_still_fails_in_manufacturing,hero,IRIS/Blog/32_why_ai_without_operational_data_still_fails_in_manufacturing/image-prompts.md,explicit,generate_now,P1,false,true,IRIS/Blog/32_why_ai_without_operational_data_still_fails_in_manufacturing/assets/images,hero_16x9_v1.png,hero_16x9_v1.meta.json,website|social|newsletter
IRIS,blog,32_why_ai_without_operational_data_still_fails_in_manufacturing,analytical,IRIS/Blog/32_why_ai_without_operational_data_still_fails_in_manufacturing/image-prompts.md,explicit,generate_now,P1,false,true,IRIS/Blog/32_why_ai_without_operational_data_still_fails_in_manufacturing/assets/images,analytical_16x9_v1.png,analytical_16x9_v1.meta.json,website|newsletter
IRIS,blog,32_why_ai_without_operational_data_still_fails_in_manufacturing,social,IRIS/Blog/32_why_ai_without_operational_data_still_fails_in_manufacturing/image-prompts.md,explicit,generate_now,P1,false,true,IRIS/Blog/32_why_ai_without_operational_data_still_fails_in_manufacturing/assets/images,social_1x1_v1.png,social_1x1_v1.meta.json,website|social|newsletter
IRIS,blog,33_how_ai_can_reduce_downtime_when_response_loops_exist,hero,IRIS/Blog/33_how_ai_can_reduce_downtime_when_response_loops_exist/image-prompts.md,explicit,generate_now,P1,false,true,IRIS/Blog/33_how_ai_can_reduce_downtime_when_response_loops_exist/assets/images,hero_16x9_v1.png,hero_16x9_v1.meta.json,website|social|newsletter
IRIS,blog,33_how_ai_can_reduce_downtime_when_response_loops_exist,analytical,IRIS/Blog/33_how_ai_can_reduce_downtime_when_response_loops_exist/image-prompts.md,explicit,generate_now,P1,false,true,IRIS/Blog/33_how_ai_can_reduce_downtime_when_response_loops_exist/assets/images,analytical_16x9_v1.png,analytical_16x9_v1.meta.json,website|newsletter
IRIS,blog,33_how_ai_can_reduce_downtime_when_response_loops_exist,social,IRIS/Blog/33_how_ai_can_reduce_downtime_when_response_loops_exist/image-prompts.md,explicit,generate_now,P1,false,true,IRIS/Blog/33_how_ai_can_reduce_downtime_when_response_loops_exist/assets/images,social_1x1_v1.png,social_1x1_v1.meta.json,website|social|newsletter
IRIS,blog,34_the_rise_of_decision_automation_in_manufacturing,hero,IRIS/Blog/34_the_rise_of_decision_automation_in_manufacturing/image-prompts.md,explicit,generate_now,P1,false,true,IRIS/Blog/34_the_rise_of_decision_automation_in_manufacturing/assets/images,hero_16x9_v1.png,hero_16x9_v1.meta.json,website|social|newsletter
IRIS,blog,34_the_rise_of_decision_automation_in_manufacturing,analytical,IRIS/Blog/34_the_rise_of_decision_automation_in_manufacturing/image-prompts.md,explicit,generate_now,P1,false,true,IRIS/Blog/34_the_rise_of_decision_automation_in_manufacturing/assets/images,analytical_16x9_v1.png,analytical_16x9_v1.meta.json,website|newsletter
IRIS,blog,34_the_rise_of_decision_automation_in_manufacturing,social,IRIS/Blog/34_the_rise_of_decision_automation_in_manufacturing/image-prompts.md,explicit,generate_now,P1,false,true,IRIS/Blog/34_the_rise_of_decision_automation_in_manufacturing/assets/images,social_1x1_v1.png,social_1x1_v1.meta.json,website|social|newsletter
IRIS,blog,35_what_factory_jobs_change_first_in_ai_assisted_operations,hero,IRIS/Blog/35_what_factory_jobs_change_first_in_ai_assisted_operations/image-prompts.md,explicit,generate_now,P1,false,true,IRIS/Blog/35_what_factory_jobs_change_first_in_ai_assisted_operations/assets/images,hero_16x9_v1.png,hero_16x9_v1.meta.json,website|social|newsletter
IRIS,blog,35_what_factory_jobs_change_first_in_ai_assisted_operations,analytical,IRIS/Blog/35_what_factory_jobs_change_first_in_ai_assisted_operations/image-prompts.md,explicit,generate_now,P1,false,true,IRIS/Blog/35_what_factory_jobs_change_first_in_ai_assisted_operations/assets/images,analytical_16x9_v1.png,analytical_16x9_v1.meta.json,website|newsletter
IRIS,blog,35_what_factory_jobs_change_first_in_ai_assisted_operations,social,IRIS/Blog/35_what_factory_jobs_change_first_in_ai_assisted_operations/image-prompts.md,explicit,generate_now,P1,false,true,IRIS/Blog/35_what_factory_jobs_change_first_in_ai_assisted_operations/assets/images,social_1x1_v1.png,social_1x1_v1.meta.json,website|social|newsletter
IRIS,blog,36_when_ai_should_watch_advise_or_act_in_the_factory,hero,IRIS/Blog/36_when_ai_should_watch_advise_or_act_in_the_factory/image-prompts.md,explicit,generate_now,P1,false,true,IRIS/Blog/36_when_ai_should_watch_advise_or_act_in_the_factory/assets/images,hero_16x9_v1.png,hero_16x9_v1.meta.json,website|social|newsletter
IRIS,blog,36_when_ai_should_watch_advise_or_act_in_the_factory,analytical,IRIS/Blog/36_when_ai_should_watch_advise_or_act_in_the_factory/image-prompts.md,explicit,generate_now,P1,false,true,IRIS/Blog/36_when_ai_should_watch_advise_or_act_in_the_factory/assets/images,analytical_16x9_v1.png,analytical_16x9_v1.meta.json,website|newsletter
IRIS,blog,36_when_ai_should_watch_advise_or_act_in_the_factory,social,IRIS/Blog/36_when_ai_should_watch_advise_or_act_in_the_factory/image-prompts.md,explicit,generate_now,P1,false,true,IRIS/Blog/36_when_ai_should_watch_advise_or_act_in_the_factory/assets/images,social_1x1_v1.png,social_1x1_v1.meta.json,website|social|newsletter
IRIS,blog,37_how_to_govern_ai_decisions_across_shifts_and_functions,hero,IRIS/Blog/37_how_to_govern_ai_decisions_across_shifts_and_functions/image-prompts.md,explicit,generate_now,P1,false,true,IRIS/Blog/37_how_to_govern_ai_decisions_across_shifts_and_functions/assets/images,hero_16x9_v1.png,hero_16x9_v1.meta.json,website|social|newsletter
IRIS,blog,37_how_to_govern_ai_decisions_across_shifts_and_functions,analytical,IRIS/Blog/37_how_to_govern_ai_decisions_across_shifts_and_functions/image-prompts.md,explicit,generate_now,P1,false,true,IRIS/Blog/37_how_to_govern_ai_decisions_across_shifts_and_functions/assets/images,analytical_16x9_v1.png,analytical_16x9_v1.meta.json,website|newsletter
IRIS,blog,37_how_to_govern_ai_decisions_across_shifts_and_functions,social,IRIS/Blog/37_how_to_govern_ai_decisions_across_shifts_and_functions/image-prompts.md,explicit,generate_now,P1,false,true,IRIS/Blog/37_how_to_govern_ai_decisions_across_shifts_and_functions/assets/images,social_1x1_v1.png,social_1x1_v1.meta.json,website|social|newsletter
IRIS,blog,38_how_to_scale_ai_assistance_without_losing_operational_control,hero,IRIS/Blog/38_how_to_scale_ai_assistance_without_losing_operational_control/image-prompts.md,explicit,generate_now,P1,false,true,IRIS/Blog/38_how_to_scale_ai_assistance_without_losing_operational_control/assets/images,hero_16x9_v1.png,hero_16x9_v1.meta.json,website|social|newsletter
IRIS,blog,38_how_to_scale_ai_assistance_without_losing_operational_control,analytical,IRIS/Blog/38_how_to_scale_ai_assistance_without_losing_operational_control/image-prompts.md,explicit,generate_now,P1,false,true,IRIS/Blog/38_how_to_scale_ai_assistance_without_losing_operational_control/assets/images,analytical_16x9_v1.png,analytical_16x9_v1.meta.json,website|newsletter
IRIS,blog,38_how_to_scale_ai_assistance_without_losing_operational_control,social,IRIS/Blog/38_how_to_scale_ai_assistance_without_losing_operational_control/image-prompts.md,explicit,generate_now,P1,false,true,IRIS/Blog/38_how_to_scale_ai_assistance_without_losing_operational_control/assets/images,social_1x1_v1.png,social_1x1_v1.meta.json,website|social|newsletter
IRIS,blog,39_what_a_human_approval_policy_should_look_like_in_factory_ai,hero,IRIS/Blog/39_what_a_human_approval_policy_should_look_like_in_factory_ai/image-prompts.md,explicit,generate_now,P1,false,true,IRIS/Blog/39_what_a_human_approval_policy_should_look_like_in_factory_ai/assets/images,hero_16x9_v1.png,hero_16x9_v1.meta.json,website|social|newsletter
IRIS,blog,39_what_a_human_approval_policy_should_look_like_in_factory_ai,analytical,IRIS/Blog/39_what_a_human_approval_policy_should_look_like_in_factory_ai/image-prompts.md,explicit,generate_now,P1,false,true,IRIS/Blog/39_what_a_human_approval_policy_should_look_like_in_factory_ai/assets/images,analytical_16x9_v1.png,analytical_16x9_v1.meta.json,website|newsletter
IRIS,blog,39_what_a_human_approval_policy_should_look_like_in_factory_ai,social,IRIS/Blog/39_what_a_human_approval_policy_should_look_like_in_factory_ai/image-prompts.md,explicit,generate_now,P1,false,true,IRIS/Blog/39_what_a_human_approval_policy_should_look_like_in_factory_ai/assets/images,social_1x1_v1.png,social_1x1_v1.meta.json,website|social|newsletter
IRIS,blog,40_how_to_review_ai_assisted_operations_after_the_first_90_days,hero,IRIS/Blog/40_how_to_review_ai_assisted_operations_after_the_first_90_days/image-prompts.md,explicit,generate_now,P1,false,true,IRIS/Blog/40_how_to_review_ai_assisted_operations_after_the_first_90_days/assets/images,hero_16x9_v1.png,hero_16x9_v1.meta.json,website|social|newsletter
IRIS,blog,40_how_to_review_ai_assisted_operations_after_the_first_90_days,analytical,IRIS/Blog/40_how_to_review_ai_assisted_operations_after_the_first_90_days/image-prompts.md,explicit,generate_now,P1,false,true,IRIS/Blog/40_how_to_review_ai_assisted_operations_after_the_first_90_days/assets/images,analytical_16x9_v1.png,analytical_16x9_v1.meta.json,website|newsletter
IRIS,blog,40_how_to_review_ai_assisted_operations_after_the_first_90_days,social,IRIS/Blog/40_how_to_review_ai_assisted_operations_after_the_first_90_days/image-prompts.md,explicit,generate_now,P1,false,true,IRIS/Blog/40_how_to_review_ai_assisted_operations_after_the_first_90_days/assets/images,social_1x1_v1.png,social_1x1_v1.meta.json,website|social|newsletter
IRIS,blog,41_how_to_design_an_exception_handling_model_for_ai_assisted_operations,hero,IRIS/Blog/41_how_to_design_an_exception_handling_model_for_ai_assisted_operations/image-prompts.md,explicit,generate_now,P1,false,true,IRIS/Blog/41_how_to_design_an_exception_handling_model_for_ai_assisted_operations/assets/images,hero_16x9_v1.png,hero_16x9_v1.meta.json,website|social|newsletter
IRIS,blog,41_how_to_design_an_exception_handling_model_for_ai_assisted_operations,analytical,IRIS/Blog/41_how_to_design_an_exception_handling_model_for_ai_assisted_operations/image-prompts.md,explicit,generate_now,P1,false,true,IRIS/Blog/41_how_to_design_an_exception_handling_model_for_ai_assisted_operations/assets/images,analytical_16x9_v1.png,analytical_16x9_v1.meta.json,website|newsletter
IRIS,blog,41_how_to_design_an_exception_handling_model_for_ai_assisted_operations,social,IRIS/Blog/41_how_to_design_an_exception_handling_model_for_ai_assisted_operations/image-prompts.md,explicit,generate_now,P1,false,true,IRIS/Blog/41_how_to_design_an_exception_handling_model_for_ai_assisted_operations/assets/images,social_1x1_v1.png,social_1x1_v1.meta.json,website|social|newsletter
IRIS,blog,42_when_a_factory_needs_one_operational_arbiter_for_conflicting_signals,hero,IRIS/Blog/42_when_a_factory_needs_one_operational_arbiter_for_conflicting_signals/image-prompts.md,explicit,generate_now,P1,false,true,IRIS/Blog/42_when_a_factory_needs_one_operational_arbiter_for_conflicting_signals/assets/images,hero_16x9_v1.png,hero_16x9_v1.meta.json,website|social|newsletter
IRIS,blog,42_when_a_factory_needs_one_operational_arbiter_for_conflicting_signals,analytical,IRIS/Blog/42_when_a_factory_needs_one_operational_arbiter_for_conflicting_signals/image-prompts.md,explicit,generate_now,P1,false,true,IRIS/Blog/42_when_a_factory_needs_one_operational_arbiter_for_conflicting_signals/assets/images,analytical_16x9_v1.png,analytical_16x9_v1.meta.json,website|newsletter
IRIS,blog,42_when_a_factory_needs_one_operational_arbiter_for_conflicting_signals,social,IRIS/Blog/42_when_a_factory_needs_one_operational_arbiter_for_conflicting_signals/image-prompts.md,explicit,generate_now,P1,false,true,IRIS/Blog/42_when_a_factory_needs_one_operational_arbiter_for_conflicting_signals/assets/images,social_1x1_v1.png,social_1x1_v1.meta.json,website|social|newsletter
IRIS,blog,43_how_to_build_a_cross_site_playbook_for_ai_assisted_factory_operations,hero,IRIS/Blog/43_how_to_build_a_cross_site_playbook_for_ai_assisted_factory_operations/image-prompts.md,explicit,generate_now,P1,false,true,IRIS/Blog/43_how_to_build_a_cross_site_playbook_for_ai_assisted_factory_operations/assets/images,hero_16x9_v1.png,hero_16x9_v1.meta.json,website|social|newsletter
IRIS,blog,43_how_to_build_a_cross_site_playbook_for_ai_assisted_factory_operations,analytical,IRIS/Blog/43_how_to_build_a_cross_site_playbook_for_ai_assisted_factory_operations/image-prompts.md,explicit,generate_now,P1,false,true,IRIS/Blog/43_how_to_build_a_cross_site_playbook_for_ai_assisted_factory_operations/assets/images,analytical_16x9_v1.png,analytical_16x9_v1.meta.json,website|newsletter
IRIS,blog,43_how_to_build_a_cross_site_playbook_for_ai_assisted_factory_operations,social,IRIS/Blog/43_how_to_build_a_cross_site_playbook_for_ai_assisted_factory_operations/image-prompts.md,explicit,generate_now,P1,false,true,IRIS/Blog/43_how_to_build_a_cross_site_playbook_for_ai_assisted_factory_operations/assets/images,social_1x1_v1.png,social_1x1_v1.meta.json,website|social|newsletter
IRIS,blog,44_what_an_executive_ai_operations_scorecard_should_include_and_ignore,hero,IRIS/Blog/44_what_an_executive_ai_operations_scorecard_should_include_and_ignore/image-prompts.md,explicit,generate_now,P1,false,true,IRIS/Blog/44_what_an_executive_ai_operations_scorecard_should_include_and_ignore/assets/images,hero_16x9_v1.png,hero_16x9_v1.meta.json,website|social|newsletter
IRIS,blog,44_what_an_executive_ai_operations_scorecard_should_include_and_ignore,analytical,IRIS/Blog/44_what_an_executive_ai_operations_scorecard_should_include_and_ignore/image-prompts.md,explicit,generate_now,P1,false,true,IRIS/Blog/44_what_an_executive_ai_operations_scorecard_should_include_and_ignore/assets/images,analytical_16x9_v1.png,analytical_16x9_v1.meta.json,website|newsletter
IRIS,blog,44_what_an_executive_ai_operations_scorecard_should_include_and_ignore,social,IRIS/Blog/44_what_an_executive_ai_operations_scorecard_should_include_and_ignore/image-prompts.md,explicit,generate_now,P1,false,true,IRIS/Blog/44_what_an_executive_ai_operations_scorecard_should_include_and_ignore/assets/images,social_1x1_v1.png,social_1x1_v1.meta.json,website|social|newsletter
IRIS,blog,45_when_to_keep_ai_assistance_inside_one_workflow_and_when_to_connect_more,hero,IRIS/Blog/45_when_to_keep_ai_assistance_inside_one_workflow_and_when_to_connect_more/image-prompts.md,explicit,generate_now,P1,false,true,IRIS/Blog/45_when_to_keep_ai_assistance_inside_one_workflow_and_when_to_connect_more/assets/images,hero_16x9_v1.png,hero_16x9_v1.meta.json,website|social|newsletter
IRIS,blog,45_when_to_keep_ai_assistance_inside_one_workflow_and_when_to_connect_more,analytical,IRIS/Blog/45_when_to_keep_ai_assistance_inside_one_workflow_and_when_to_connect_more/image-prompts.md,explicit,generate_now,P1,false,true,IRIS/Blog/45_when_to_keep_ai_assistance_inside_one_workflow_and_when_to_connect_more/assets/images,analytical_16x9_v1.png,analytical_16x9_v1.meta.json,website|newsletter
IRIS,blog,45_when_to_keep_ai_assistance_inside_one_workflow_and_when_to_connect_more,social,IRIS/Blog/45_when_to_keep_ai_assistance_inside_one_workflow_and_when_to_connect_more/image-prompts.md,explicit,generate_now,P1,false,true,IRIS/Blog/45_when_to_keep_ai_assistance_inside_one_workflow_and_when_to_connect_more/assets/images,social_1x1_v1.png,social_1x1_v1.meta.json,website|social|newsletter
IRIS,blog,46_how_to_create_audit_ready_records_for_ai_assisted_factory_decisions,hero,IRIS/Blog/46_how_to_create_audit_ready_records_for_ai_assisted_factory_decisions/image-prompts.md,explicit,generate_now,P1,false,true,IRIS/Blog/46_how_to_create_audit_ready_records_for_ai_assisted_factory_decisions/assets/images,hero_16x9_v1.png,hero_16x9_v1.meta.json,website|social|newsletter
IRIS,blog,46_how_to_create_audit_ready_records_for_ai_assisted_factory_decisions,analytical,IRIS/Blog/46_how_to_create_audit_ready_records_for_ai_assisted_factory_decisions/image-prompts.md,explicit,generate_now,P1,false,true,IRIS/Blog/46_how_to_create_audit_ready_records_for_ai_assisted_factory_decisions/assets/images,analytical_16x9_v1.png,analytical_16x9_v1.meta.json,website|newsletter
IRIS,blog,46_how_to_create_audit_ready_records_for_ai_assisted_factory_decisions,social,IRIS/Blog/46_how_to_create_audit_ready_records_for_ai_assisted_factory_decisions/image-prompts.md,explicit,generate_now,P1,false,true,IRIS/Blog/46_how_to_create_audit_ready_records_for_ai_assisted_factory_decisions/assets/images,social_1x1_v1.png,social_1x1_v1.meta.json,website|social|newsletter
IRIS,blog,47_what_data_ownership_should_look_like_in_an_ai_native_plant_operating_system,hero,IRIS/Blog/47_what_data_ownership_should_look_like_in_an_ai_native_plant_operating_system/image-prompts.md,explicit,generate_now,P1,false,true,IRIS/Blog/47_what_data_ownership_should_look_like_in_an_ai_native_plant_operating_system/assets/images,hero_16x9_v1.png,hero_16x9_v1.meta.json,website|social|newsletter
IRIS,blog,47_what_data_ownership_should_look_like_in_an_ai_native_plant_operating_system,analytical,IRIS/Blog/47_what_data_ownership_should_look_like_in_an_ai_native_plant_operating_system/image-prompts.md,explicit,generate_now,P1,false,true,IRIS/Blog/47_what_data_ownership_should_look_like_in_an_ai_native_plant_operating_system/assets/images,analytical_16x9_v1.png,analytical_16x9_v1.meta.json,website|newsletter
IRIS,blog,47_what_data_ownership_should_look_like_in_an_ai_native_plant_operating_system,social,IRIS/Blog/47_what_data_ownership_should_look_like_in_an_ai_native_plant_operating_system/image-prompts.md,explicit,generate_now,P1,false,true,IRIS/Blog/47_what_data_ownership_should_look_like_in_an_ai_native_plant_operating_system/assets/images,social_1x1_v1.png,social_1x1_v1.meta.json,website|social|newsletter
IRIS,blog,48_when_vendor_ai_tools_should_feed_the_execution_layer_and_when_not_to,hero,IRIS/Blog/48_when_vendor_ai_tools_should_feed_the_execution_layer_and_when_not_to/image-prompts.md,explicit,generate_now,P1,false,true,IRIS/Blog/48_when_vendor_ai_tools_should_feed_the_execution_layer_and_when_not_to/assets/images,hero_16x9_v1.png,hero_16x9_v1.meta.json,website|social|newsletter
IRIS,blog,48_when_vendor_ai_tools_should_feed_the_execution_layer_and_when_not_to,analytical,IRIS/Blog/48_when_vendor_ai_tools_should_feed_the_execution_layer_and_when_not_to/image-prompts.md,explicit,generate_now,P1,false,true,IRIS/Blog/48_when_vendor_ai_tools_should_feed_the_execution_layer_and_when_not_to/assets/images,analytical_16x9_v1.png,analytical_16x9_v1.meta.json,website|newsletter
IRIS,blog,48_when_vendor_ai_tools_should_feed_the_execution_layer_and_when_not_to,social,IRIS/Blog/48_when_vendor_ai_tools_should_feed_the_execution_layer_and_when_not_to/image-prompts.md,explicit,generate_now,P1,false,true,IRIS/Blog/48_when_vendor_ai_tools_should_feed_the_execution_layer_and_when_not_to/assets/images,social_1x1_v1.png,social_1x1_v1.meta.json,website|social|newsletter
IRIS,blog,49_how_to_keep_human_accountability_clear_in_ai_assisted_shift_management,hero,IRIS/Blog/49_how_to_keep_human_accountability_clear_in_ai_assisted_shift_management/image-prompts.md,explicit,generate_now,P1,false,true,IRIS/Blog/49_how_to_keep_human_accountability_clear_in_ai_assisted_shift_management/assets/images,hero_16x9_v1.png,hero_16x9_v1.meta.json,website|social|newsletter
IRIS,blog,49_how_to_keep_human_accountability_clear_in_ai_assisted_shift_management,analytical,IRIS/Blog/49_how_to_keep_human_accountability_clear_in_ai_assisted_shift_management/image-prompts.md,explicit,generate_now,P1,false,true,IRIS/Blog/49_how_to_keep_human_accountability_clear_in_ai_assisted_shift_management/assets/images,analytical_16x9_v1.png,analytical_16x9_v1.meta.json,website|newsletter
IRIS,blog,49_how_to_keep_human_accountability_clear_in_ai_assisted_shift_management,social,IRIS/Blog/49_how_to_keep_human_accountability_clear_in_ai_assisted_shift_management/image-prompts.md,explicit,generate_now,P1,false,true,IRIS/Blog/49_how_to_keep_human_accountability_clear_in_ai_assisted_shift_management/assets/images,social_1x1_v1.png,social_1x1_v1.meta.json,website|social|newsletter
IRIS,blog,50_what_full_operational_closure_should_look_like_in_an_ai_native_factory,hero,IRIS/Blog/50_what_full_operational_closure_should_look_like_in_an_ai_native_factory/image-prompts.md,explicit,generate_now,P1,false,true,IRIS/Blog/50_what_full_operational_closure_should_look_like_in_an_ai_native_factory/assets/images,hero_16x9_v1.png,hero_16x9_v1.meta.json,website|social|newsletter
IRIS,blog,50_what_full_operational_closure_should_look_like_in_an_ai_native_factory,analytical,IRIS/Blog/50_what_full_operational_closure_should_look_like_in_an_ai_native_factory/image-prompts.md,explicit,generate_now,P1,false,true,IRIS/Blog/50_what_full_operational_closure_should_look_like_in_an_ai_native_factory/assets/images,analytical_16x9_v1.png,analytical_16x9_v1.meta.json,website|newsletter
IRIS,blog,50_what_full_operational_closure_should_look_like_in_an_ai_native_factory,social,IRIS/Blog/50_what_full_operational_closure_should_look_like_in_an_ai_native_factory/image-prompts.md,explicit,generate_now,P1,false,true,IRIS/Blog/50_what_full_operational_closure_should_look_like_in_an_ai_native_factory/assets/images,social_1x1_v1.png,social_1x1_v1.meta.json,website|social|newsletter
IoT,blog,01_why_factories_still_dont_use_machine_data,hero,IoT/Blog/01_why_factories_still_dont_use_machine_data/image-prompts.md,explicit,generate_now,P1,false,true,IoT/Blog/01_why_factories_still_dont_use_machine_data/assets/images,hero_16x9_v1.png,hero_16x9_v1.meta.json,website|social|newsletter
IoT,blog,01_why_factories_still_dont_use_machine_data,analytical,IoT/Blog/01_why_factories_still_dont_use_machine_data/image-prompts.md,explicit,generate_now,P1,false,true,IoT/Blog/01_why_factories_still_dont_use_machine_data/assets/images,analytical_16x9_v1.png,analytical_16x9_v1.meta.json,website|newsletter
IoT,blog,01_why_factories_still_dont_use_machine_data,social,IoT/Blog/01_why_factories_still_dont_use_machine_data/image-prompts.md,explicit,generate_now,P1,false,true,IoT/Blog/01_why_factories_still_dont_use_machine_data/assets/images,social_1x1_v1.png,social_1x1_v1.meta.json,website|social|newsletter
IoT,blog,02_what_data_should_you_collect_from_machines,hero,IoT/Blog/02_what_data_should_you_collect_from_machines/image-prompts.md,explicit,generate_now,P1,false,true,IoT/Blog/02_what_data_should_you_collect_from_machines/assets/images,hero_16x9_v1.png,hero_16x9_v1.meta.json,website|social|newsletter
IoT,blog,02_what_data_should_you_collect_from_machines,analytical,IoT/Blog/02_what_data_should_you_collect_from_machines/image-prompts.md,explicit,generate_now,P1,false,true,IoT/Blog/02_what_data_should_you_collect_from_machines/assets/images,analytical_16x9_v1.png,analytical_16x9_v1.meta.json,website|newsletter
IoT,blog,02_what_data_should_you_collect_from_machines,social,IoT/Blog/02_what_data_should_you_collect_from_machines/image-prompts.md,explicit,generate_now,P1,false,true,IoT/Blog/02_what_data_should_you_collect_from_machines/assets/images,social_1x1_v1.png,social_1x1_v1.meta.json,website|social|newsletter
IoT,blog,03_from_sensors_to_decisions,hero,IoT/Blog/03_from_sensors_to_decisions/image-prompts.md,explicit,generate_now,P1,false,true,IoT/Blog/03_from_sensors_to_decisions/assets/images,hero_16x9_v1.png,hero_16x9_v1.meta.json,website|social|newsletter
IoT,blog,03_from_sensors_to_decisions,analytical,IoT/Blog/03_from_sensors_to_decisions/image-prompts.md,explicit,generate_now,P1,false,true,IoT/Blog/03_from_sensors_to_decisions/assets/images,analytical_16x9_v1.png,analytical_16x9_v1.meta.json,website|newsletter
IoT,blog,03_from_sensors_to_decisions,social,IoT/Blog/03_from_sensors_to_decisions/image-prompts.md,explicit,generate_now,P1,false,true,IoT/Blog/03_from_sensors_to_decisions/assets/images,social_1x1_v1.png,social_1x1_v1.meta.json,website|social|newsletter
IoT,blog,04_machine_data_is_useless_without_context,hero,IoT/Blog/04_machine_data_is_useless_without_context/image-prompts.md,explicit,generate_now,P1,false,true,IoT/Blog/04_machine_data_is_useless_without_context/assets/images,hero_16x9_v1.png,hero_16x9_v1.meta.json,website|social|newsletter
IoT,blog,04_machine_data_is_useless_without_context,analytical,IoT/Blog/04_machine_data_is_useless_without_context/image-prompts.md,explicit,generate_now,P1,false,true,IoT/Blog/04_machine_data_is_useless_without_context/assets/images,analytical_16x9_v1.png,analytical_16x9_v1.meta.json,website|newsletter
IoT,blog,04_machine_data_is_useless_without_context,social,IoT/Blog/04_machine_data_is_useless_without_context/image-prompts.md,explicit,generate_now,P1,false,true,IoT/Blog/04_machine_data_is_useless_without_context/assets/images,social_1x1_v1.png,social_1x1_v1.meta.json,website|social|newsletter
IoT,blog,05_edge_vs_cloud_in_manufacturing,hero,IoT/Blog/05_edge_vs_cloud_in_manufacturing/image-prompts.md,explicit,generate_now,P1,false,true,IoT/Blog/05_edge_vs_cloud_in_manufacturing/assets/images,hero_16x9_v1.png,hero_16x9_v1.meta.json,website|social|newsletter
IoT,blog,05_edge_vs_cloud_in_manufacturing,analytical,IoT/Blog/05_edge_vs_cloud_in_manufacturing/image-prompts.md,explicit,generate_now,P1,false,true,IoT/Blog/05_edge_vs_cloud_in_manufacturing/assets/images,analytical_16x9_v1.png,analytical_16x9_v1.meta.json,website|newsletter
IoT,blog,05_edge_vs_cloud_in_manufacturing,social,IoT/Blog/05_edge_vs_cloud_in_manufacturing/image-prompts.md,explicit,generate_now,P1,false,true,IoT/Blog/05_edge_vs_cloud_in_manufacturing/assets/images,social_1x1_v1.png,social_1x1_v1.meta.json,website|social|newsletter
IoT,blog,06_how_to_start_iiot_without_breaking_production,hero,IoT/Blog/06_how_to_start_iiot_without_breaking_production/image-prompts.md,explicit,generate_now,P1,false,true,IoT/Blog/06_how_to_start_iiot_without_breaking_production/assets/images,hero_16x9_v1.png,hero_16x9_v1.meta.json,website|social|newsletter
IoT,blog,06_how_to_start_iiot_without_breaking_production,analytical,IoT/Blog/06_how_to_start_iiot_without_breaking_production/image-prompts.md,explicit,generate_now,P1,false,true,IoT/Blog/06_how_to_start_iiot_without_breaking_production/assets/images,analytical_16x9_v1.png,analytical_16x9_v1.meta.json,website|newsletter
IoT,blog,06_how_to_start_iiot_without_breaking_production,social,IoT/Blog/06_how_to_start_iiot_without_breaking_production/image-prompts.md,explicit,generate_now,P1,false,true,IoT/Blog/06_how_to_start_iiot_without_breaking_production/assets/images,social_1x1_v1.png,social_1x1_v1.meta.json,website|social|newsletter
IoT,blog,07_how_to_reduce_downtime_by_30_using_real_time_data,hero,IoT/Blog/07_how_to_reduce_downtime_by_30_using_real_time_data/image-prompts.md,explicit,generate_now,P1,false,true,IoT/Blog/07_how_to_reduce_downtime_by_30_using_real_time_data/assets/images,hero_16x9_v1.png,hero_16x9_v1.meta.json,website|social|newsletter
IoT,blog,07_how_to_reduce_downtime_by_30_using_real_time_data,analytical,IoT/Blog/07_how_to_reduce_downtime_by_30_using_real_time_data/image-prompts.md,explicit,generate_now,P1,false,true,IoT/Blog/07_how_to_reduce_downtime_by_30_using_real_time_data/assets/images,analytical_16x9_v1.png,analytical_16x9_v1.meta.json,website|newsletter
IoT,blog,07_how_to_reduce_downtime_by_30_using_real_time_data,social,IoT/Blog/07_how_to_reduce_downtime_by_30_using_real_time_data/image-prompts.md,explicit,generate_now,P1,false,true,IoT/Blog/07_how_to_reduce_downtime_by_30_using_real_time_data/assets/images,social_1x1_v1.png,social_1x1_v1.meta.json,website|social|newsletter
IoT,blog,08_the_hidden_costs_of_not_measuring_production_properly,hero,IoT/Blog/08_the_hidden_costs_of_not_measuring_production_properly/image-prompts.md,explicit,generate_now,P1,false,true,IoT/Blog/08_the_hidden_costs_of_not_measuring_production_properly/assets/images,hero_16x9_v1.png,hero_16x9_v1.meta.json,website|social|newsletter
IoT,blog,08_the_hidden_costs_of_not_measuring_production_properly,analytical,IoT/Blog/08_the_hidden_costs_of_not_measuring_production_properly/image-prompts.md,explicit,generate_now,P1,false,true,IoT/Blog/08_the_hidden_costs_of_not_measuring_production_properly/assets/images,analytical_16x9_v1.png,analytical_16x9_v1.meta.json,website|newsletter
IoT,blog,08_the_hidden_costs_of_not_measuring_production_properly,social,IoT/Blog/08_the_hidden_costs_of_not_measuring_production_properly/image-prompts.md,explicit,generate_now,P1,false,true,IoT/Blog/08_the_hidden_costs_of_not_measuring_production_properly/assets/images,social_1x1_v1.png,social_1x1_v1.meta.json,website|social|newsletter
IoT,blog,09_oee_is_not_enough,hero,IoT/Blog/09_oee_is_not_enough/image-prompts.md,explicit,generate_now,P1,false,true,IoT/Blog/09_oee_is_not_enough/assets/images,hero_16x9_v1.png,hero_16x9_v1.meta.json,website|social|newsletter
IoT,blog,09_oee_is_not_enough,analytical,IoT/Blog/09_oee_is_not_enough/image-prompts.md,explicit,generate_now,P1,false,true,IoT/Blog/09_oee_is_not_enough/assets/images,analytical_16x9_v1.png,analytical_16x9_v1.meta.json,website|newsletter
IoT,blog,09_oee_is_not_enough,social,IoT/Blog/09_oee_is_not_enough/image-prompts.md,explicit,generate_now,P1,false,true,IoT/Blog/09_oee_is_not_enough/assets/images,social_1x1_v1.png,social_1x1_v1.meta.json,website|social|newsletter
IoT,blog,10_why_your_maintenance_strategy_is_failing,hero,IoT/Blog/10_why_your_maintenance_strategy_is_failing/image-prompts.md,explicit,generate_now,P1,false,true,IoT/Blog/10_why_your_maintenance_strategy_is_failing/assets/images,hero_16x9_v1.png,hero_16x9_v1.meta.json,website|social|newsletter
IoT,blog,10_why_your_maintenance_strategy_is_failing,analytical,IoT/Blog/10_why_your_maintenance_strategy_is_failing/image-prompts.md,explicit,generate_now,P1,false,true,IoT/Blog/10_why_your_maintenance_strategy_is_failing/assets/images,analytical_16x9_v1.png,analytical_16x9_v1.meta.json,website|newsletter
IoT,blog,10_why_your_maintenance_strategy_is_failing,social,IoT/Blog/10_why_your_maintenance_strategy_is_failing/image-prompts.md,explicit,generate_now,P1,false,true,IoT/Blog/10_why_your_maintenance_strategy_is_failing/assets/images,social_1x1_v1.png,social_1x1_v1.meta.json,website|social|newsletter
IoT,blog,11_real_time_production_visibility_in_practice,hero,IoT/Blog/11_real_time_production_visibility_in_practice/image-prompts.md,explicit,generate_now,P1,false,true,IoT/Blog/11_real_time_production_visibility_in_practice/assets/images,hero_16x9_v1.png,hero_16x9_v1.meta.json,website|social|newsletter
IoT,blog,11_real_time_production_visibility_in_practice,analytical,IoT/Blog/11_real_time_production_visibility_in_practice/image-prompts.md,explicit,generate_now,P1,false,true,IoT/Blog/11_real_time_production_visibility_in_practice/assets/images,analytical_16x9_v1.png,analytical_16x9_v1.meta.json,website|newsletter
IoT,blog,11_real_time_production_visibility_in_practice,social,IoT/Blog/11_real_time_production_visibility_in_practice/image-prompts.md,explicit,generate_now,P1,false,true,IoT/Blog/11_real_time_production_visibility_in_practice/assets/images,social_1x1_v1.png,social_1x1_v1.meta.json,website|social|newsletter
IoT,blog,12_5_operational_problems_every_factory_has,hero,IoT/Blog/12_5_operational_problems_every_factory_has/image-prompts.md,explicit,generate_now,P1,false,true,IoT/Blog/12_5_operational_problems_every_factory_has/assets/images,hero_16x9_v1.png,hero_16x9_v1.meta.json,website|social|newsletter
IoT,blog,12_5_operational_problems_every_factory_has,analytical,IoT/Blog/12_5_operational_problems_every_factory_has/image-prompts.md,explicit,generate_now,P1,false,true,IoT/Blog/12_5_operational_problems_every_factory_has/assets/images,analytical_16x9_v1.png,analytical_16x9_v1.meta.json,website|newsletter
IoT,blog,12_5_operational_problems_every_factory_has,social,IoT/Blog/12_5_operational_problems_every_factory_has/image-prompts.md,explicit,generate_now,P1,false,true,IoT/Blog/12_5_operational_problems_every_factory_has/assets/images,social_1x1_v1.png,social_1x1_v1.meta.json,website|social|newsletter
IoT,blog,13_7_mistakes_companies_make_when_implementing_iot,hero,IoT/Blog/13_7_mistakes_companies_make_when_implementing_iot/image-prompts.md,explicit,generate_now,P1,false,true,IoT/Blog/13_7_mistakes_companies_make_when_implementing_iot/assets/images,hero_16x9_v1.png,hero_16x9_v1.meta.json,website|social|newsletter
IoT,blog,13_7_mistakes_companies_make_when_implementing_iot,analytical,IoT/Blog/13_7_mistakes_companies_make_when_implementing_iot/image-prompts.md,explicit,generate_now,P1,false,true,IoT/Blog/13_7_mistakes_companies_make_when_implementing_iot/assets/images,analytical_16x9_v1.png,analytical_16x9_v1.meta.json,website|newsletter
IoT,blog,13_7_mistakes_companies_make_when_implementing_iot,social,IoT/Blog/13_7_mistakes_companies_make_when_implementing_iot/image-prompts.md,explicit,generate_now,P1,false,true,IoT/Blog/13_7_mistakes_companies_make_when_implementing_iot/assets/images,social_1x1_v1.png,social_1x1_v1.meta.json,website|social|newsletter
IoT,blog,14_from_pilot_to_scale_how_to_roll_out_iiot_without_losing_control,hero,IoT/Blog/14_from_pilot_to_scale_how_to_roll_out_iiot_without_losing_control/image-prompts.md,explicit,generate_now,P1,false,true,IoT/Blog/14_from_pilot_to_scale_how_to_roll_out_iiot_without_losing_control/assets/images,hero_16x9_v1.png,hero_16x9_v1.meta.json,website|social|newsletter
IoT,blog,14_from_pilot_to_scale_how_to_roll_out_iiot_without_losing_control,analytical,IoT/Blog/14_from_pilot_to_scale_how_to_roll_out_iiot_without_losing_control/image-prompts.md,explicit,generate_now,P1,false,true,IoT/Blog/14_from_pilot_to_scale_how_to_roll_out_iiot_without_losing_control/assets/images,analytical_16x9_v1.png,analytical_16x9_v1.meta.json,website|newsletter
IoT,blog,14_from_pilot_to_scale_how_to_roll_out_iiot_without_losing_control,social,IoT/Blog/14_from_pilot_to_scale_how_to_roll_out_iiot_without_losing_control/image-prompts.md,explicit,generate_now,P1,false,true,IoT/Blog/14_from_pilot_to_scale_how_to_roll_out_iiot_without_losing_control/assets/images,social_1x1_v1.png,social_1x1_v1.meta.json,website|social|newsletter
IoT,blog,15_how_to_build_a_business_case_for_iiot_in_a_brownfield_factory,hero,IoT/Blog/15_how_to_build_a_business_case_for_iiot_in_a_brownfield_factory/image-prompts.md,explicit,generate_now,P1,false,true,IoT/Blog/15_how_to_build_a_business_case_for_iiot_in_a_brownfield_factory/assets/images,hero_16x9_v1.png,hero_16x9_v1.meta.json,website|social|newsletter
IoT,blog,15_how_to_build_a_business_case_for_iiot_in_a_brownfield_factory,analytical,IoT/Blog/15_how_to_build_a_business_case_for_iiot_in_a_brownfield_factory/image-prompts.md,explicit,generate_now,P1,false,true,IoT/Blog/15_how_to_build_a_business_case_for_iiot_in_a_brownfield_factory/assets/images,analytical_16x9_v1.png,analytical_16x9_v1.meta.json,website|newsletter
IoT,blog,15_how_to_build_a_business_case_for_iiot_in_a_brownfield_factory,social,IoT/Blog/15_how_to_build_a_business_case_for_iiot_in_a_brownfield_factory/image-prompts.md,explicit,generate_now,P1,false,true,IoT/Blog/15_how_to_build_a_business_case_for_iiot_in_a_brownfield_factory/assets/images,social_1x1_v1.png,social_1x1_v1.meta.json,website|social|newsletter
IoT,blog,16_what_to_measure_in_the_first_90_days_of_iiot_rollout,hero,IoT/Blog/16_what_to_measure_in_the_first_90_days_of_iiot_rollout/image-prompts.md,explicit,generate_now,P1,false,true,IoT/Blog/16_what_to_measure_in_the_first_90_days_of_iiot_rollout/assets/images,hero_16x9_v1.png,hero_16x9_v1.meta.json,website|social|newsletter
IoT,blog,16_what_to_measure_in_the_first_90_days_of_iiot_rollout,analytical,IoT/Blog/16_what_to_measure_in_the_first_90_days_of_iiot_rollout/image-prompts.md,explicit,generate_now,P1,false,true,IoT/Blog/16_what_to_measure_in_the_first_90_days_of_iiot_rollout/assets/images,analytical_16x9_v1.png,analytical_16x9_v1.meta.json,website|newsletter
IoT,blog,16_what_to_measure_in_the_first_90_days_of_iiot_rollout,social,IoT/Blog/16_what_to_measure_in_the_first_90_days_of_iiot_rollout/image-prompts.md,explicit,generate_now,P1,false,true,IoT/Blog/16_what_to_measure_in_the_first_90_days_of_iiot_rollout/assets/images,social_1x1_v1.png,social_1x1_v1.meta.json,website|social|newsletter
IoT,blog,17_how_to_choose_the_right_first_iiot_use_case,hero,IoT/Blog/17_how_to_choose_the_right_first_iiot_use_case/image-prompts.md,explicit,generate_now,P1,false,true,IoT/Blog/17_how_to_choose_the_right_first_iiot_use_case/assets/images,hero_16x9_v1.png,hero_16x9_v1.meta.json,website|social|newsletter
IoT,blog,17_how_to_choose_the_right_first_iiot_use_case,analytical,IoT/Blog/17_how_to_choose_the_right_first_iiot_use_case/image-prompts.md,explicit,generate_now,P1,false,true,IoT/Blog/17_how_to_choose_the_right_first_iiot_use_case/assets/images,analytical_16x9_v1.png,analytical_16x9_v1.meta.json,website|newsletter
IoT,blog,17_how_to_choose_the_right_first_iiot_use_case,social,IoT/Blog/17_how_to_choose_the_right_first_iiot_use_case/image-prompts.md,explicit,generate_now,P1,false,true,IoT/Blog/17_how_to_choose_the_right_first_iiot_use_case/assets/images,social_1x1_v1.png,social_1x1_v1.meta.json,website|social|newsletter
IoT,blog,18_who_should_own_iiot_rollout_inside_the_factory,hero,IoT/Blog/18_who_should_own_iiot_rollout_inside_the_factory/image-prompts.md,explicit,generate_now,P1,false,true,IoT/Blog/18_who_should_own_iiot_rollout_inside_the_factory/assets/images,hero_16x9_v1.png,hero_16x9_v1.meta.json,website|social|newsletter
IoT,blog,18_who_should_own_iiot_rollout_inside_the_factory,analytical,IoT/Blog/18_who_should_own_iiot_rollout_inside_the_factory/image-prompts.md,explicit,generate_now,P1,false,true,IoT/Blog/18_who_should_own_iiot_rollout_inside_the_factory/assets/images,analytical_16x9_v1.png,analytical_16x9_v1.meta.json,website|newsletter
IoT,blog,18_who_should_own_iiot_rollout_inside_the_factory,social,IoT/Blog/18_who_should_own_iiot_rollout_inside_the_factory/image-prompts.md,explicit,generate_now,P1,false,true,IoT/Blog/18_who_should_own_iiot_rollout_inside_the_factory/assets/images,social_1x1_v1.png,social_1x1_v1.meta.json,website|social|newsletter
IoT,blog,19_why_iiot_alerts_fail_on_the_shop_floor_and_what_works_instead,hero,IoT/Blog/19_why_iiot_alerts_fail_on_the_shop_floor_and_what_works_instead/image-prompts.md,explicit,generate_now,P1,false,true,IoT/Blog/19_why_iiot_alerts_fail_on_the_shop_floor_and_what_works_instead/assets/images,hero_16x9_v1.png,hero_16x9_v1.meta.json,website|social|newsletter
IoT,blog,19_why_iiot_alerts_fail_on_the_shop_floor_and_what_works_instead,analytical,IoT/Blog/19_why_iiot_alerts_fail_on_the_shop_floor_and_what_works_instead/image-prompts.md,explicit,generate_now,P1,false,true,IoT/Blog/19_why_iiot_alerts_fail_on_the_shop_floor_and_what_works_instead/assets/images,analytical_16x9_v1.png,analytical_16x9_v1.meta.json,website|newsletter
IoT,blog,19_why_iiot_alerts_fail_on_the_shop_floor_and_what_works_instead,social,IoT/Blog/19_why_iiot_alerts_fail_on_the_shop_floor_and_what_works_instead/image-prompts.md,explicit,generate_now,P1,false,true,IoT/Blog/19_why_iiot_alerts_fail_on_the_shop_floor_and_what_works_instead/assets/images,social_1x1_v1.png,social_1x1_v1.meta.json,website|social|newsletter
IoT,blog,20_how_to_review_iiot_value_after_the_first_pilot,hero,IoT/Blog/20_how_to_review_iiot_value_after_the_first_pilot/image-prompts.md,explicit,generate_now,P1,false,true,IoT/Blog/20_how_to_review_iiot_value_after_the_first_pilot/assets/images,hero_16x9_v1.png,hero_16x9_v1.meta.json,website|social|newsletter
IoT,blog,20_how_to_review_iiot_value_after_the_first_pilot,analytical,IoT/Blog/20_how_to_review_iiot_value_after_the_first_pilot/image-prompts.md,explicit,generate_now,P1,false,true,IoT/Blog/20_how_to_review_iiot_value_after_the_first_pilot/assets/images,analytical_16x9_v1.png,analytical_16x9_v1.meta.json,website|newsletter
IoT,blog,20_how_to_review_iiot_value_after_the_first_pilot,social,IoT/Blog/20_how_to_review_iiot_value_after_the_first_pilot/image-prompts.md,explicit,generate_now,P1,false,true,IoT/Blog/20_how_to_review_iiot_value_after_the_first_pilot/assets/images,social_1x1_v1.png,social_1x1_v1.meta.json,website|social|newsletter
IoT,blog,21_what_the_first_30_days_of_iiot_should_look_like_in_a_brownfield_factory,hero,IoT/Blog/21_what_the_first_30_days_of_iiot_should_look_like_in_a_brownfield_factory/image-prompts.md,explicit,generate_now,P1,false,true,IoT/Blog/21_what_the_first_30_days_of_iiot_should_look_like_in_a_brownfield_factory/assets/images,hero_16x9_v1.png,hero_16x9_v1.meta.json,website|social|newsletter
IoT,blog,21_what_the_first_30_days_of_iiot_should_look_like_in_a_brownfield_factory,analytical,IoT/Blog/21_what_the_first_30_days_of_iiot_should_look_like_in_a_brownfield_factory/image-prompts.md,explicit,generate_now,P1,false,true,IoT/Blog/21_what_the_first_30_days_of_iiot_should_look_like_in_a_brownfield_factory/assets/images,analytical_16x9_v1.png,analytical_16x9_v1.meta.json,website|newsletter
IoT,blog,21_what_the_first_30_days_of_iiot_should_look_like_in_a_brownfield_factory,social,IoT/Blog/21_what_the_first_30_days_of_iiot_should_look_like_in_a_brownfield_factory/image-prompts.md,explicit,generate_now,P1,false,true,IoT/Blog/21_what_the_first_30_days_of_iiot_should_look_like_in_a_brownfield_factory/assets/images,social_1x1_v1.png,social_1x1_v1.meta.json,website|social|newsletter
IoT,blog,22_when_to_integrate_iiot_with_mes_erp_and_cmms_and_when_to_wait,hero,IoT/Blog/22_when_to_integrate_iiot_with_mes_erp_and_cmms_and_when_to_wait/image-prompts.md,explicit,generate_now,P1,false,true,IoT/Blog/22_when_to_integrate_iiot_with_mes_erp_and_cmms_and_when_to_wait/assets/images,hero_16x9_v1.png,hero_16x9_v1.meta.json,website|social|newsletter
IoT,blog,22_when_to_integrate_iiot_with_mes_erp_and_cmms_and_when_to_wait,analytical,IoT/Blog/22_when_to_integrate_iiot_with_mes_erp_and_cmms_and_when_to_wait/image-prompts.md,explicit,generate_now,P1,false,true,IoT/Blog/22_when_to_integrate_iiot_with_mes_erp_and_cmms_and_when_to_wait/assets/images,analytical_16x9_v1.png,analytical_16x9_v1.meta.json,website|newsletter
IoT,blog,22_when_to_integrate_iiot_with_mes_erp_and_cmms_and_when_to_wait,social,IoT/Blog/22_when_to_integrate_iiot_with_mes_erp_and_cmms_and_when_to_wait/image-prompts.md,explicit,generate_now,P1,false,true,IoT/Blog/22_when_to_integrate_iiot_with_mes_erp_and_cmms_and_when_to_wait/assets/images,social_1x1_v1.png,social_1x1_v1.meta.json,website|social|newsletter
IoT,blog,23_what_machine_data_should_trigger_action_and_what_should_not,hero,IoT/Blog/23_what_machine_data_should_trigger_action_and_what_should_not/image-prompts.md,explicit,generate_now,P1,false,true,IoT/Blog/23_what_machine_data_should_trigger_action_and_what_should_not/assets/images,hero_16x9_v1.png,hero_16x9_v1.meta.json,website|social|newsletter
IoT,blog,23_what_machine_data_should_trigger_action_and_what_should_not,analytical,IoT/Blog/23_what_machine_data_should_trigger_action_and_what_should_not/image-prompts.md,explicit,generate_now,P1,false,true,IoT/Blog/23_what_machine_data_should_trigger_action_and_what_should_not/assets/images,analytical_16x9_v1.png,analytical_16x9_v1.meta.json,website|newsletter
IoT,blog,23_what_machine_data_should_trigger_action_and_what_should_not,social,IoT/Blog/23_what_machine_data_should_trigger_action_and_what_should_not/image-prompts.md,explicit,generate_now,P1,false,true,IoT/Blog/23_what_machine_data_should_trigger_action_and_what_should_not/assets/images,social_1x1_v1.png,social_1x1_v1.meta.json,website|social|newsletter
IoT,blog,24_how_to_improve_machine_data_quality_before_scaling_iot,hero,IoT/Blog/24_how_to_improve_machine_data_quality_before_scaling_iot/image-prompts.md,explicit,generate_now,P1,false,true,IoT/Blog/24_how_to_improve_machine_data_quality_before_scaling_iot/assets/images,hero_16x9_v1.png,hero_16x9_v1.meta.json,website|social|newsletter
IoT,blog,24_how_to_improve_machine_data_quality_before_scaling_iot,analytical,IoT/Blog/24_how_to_improve_machine_data_quality_before_scaling_iot/image-prompts.md,explicit,generate_now,P1,false,true,IoT/Blog/24_how_to_improve_machine_data_quality_before_scaling_iot/assets/images,analytical_16x9_v1.png,analytical_16x9_v1.meta.json,website|newsletter
IoT,blog,24_how_to_improve_machine_data_quality_before_scaling_iot,social,IoT/Blog/24_how_to_improve_machine_data_quality_before_scaling_iot/image-prompts.md,explicit,generate_now,P1,false,true,IoT/Blog/24_how_to_improve_machine_data_quality_before_scaling_iot/assets/images,social_1x1_v1.png,social_1x1_v1.meta.json,website|social|newsletter
IoT,blog,25_when_edge_processing_is_worth_it_in_brownfield_iot,hero,IoT/Blog/25_when_edge_processing_is_worth_it_in_brownfield_iot/image-prompts.md,explicit,generate_now,P1,false,true,IoT/Blog/25_when_edge_processing_is_worth_it_in_brownfield_iot/assets/images,hero_16x9_v1.png,hero_16x9_v1.meta.json,website|social|newsletter
IoT,blog,25_when_edge_processing_is_worth_it_in_brownfield_iot,analytical,IoT/Blog/25_when_edge_processing_is_worth_it_in_brownfield_iot/image-prompts.md,explicit,generate_now,P1,false,true,IoT/Blog/25_when_edge_processing_is_worth_it_in_brownfield_iot/assets/images,analytical_16x9_v1.png,analytical_16x9_v1.meta.json,website|newsletter
IoT,blog,25_when_edge_processing_is_worth_it_in_brownfield_iot,social,IoT/Blog/25_when_edge_processing_is_worth_it_in_brownfield_iot/image-prompts.md,explicit,generate_now,P1,false,true,IoT/Blog/25_when_edge_processing_is_worth_it_in_brownfield_iot/assets/images,social_1x1_v1.png,social_1x1_v1.meta.json,website|social|newsletter
IoT,blog,26_how_to_roll_out_iot_across_multiple_lines_without_losing_control,hero,IoT/Blog/26_how_to_roll_out_iot_across_multiple_lines_without_losing_control/image-prompts.md,explicit,generate_now,P1,false,true,IoT/Blog/26_how_to_roll_out_iot_across_multiple_lines_without_losing_control/assets/images,hero_16x9_v1.png,hero_16x9_v1.meta.json,website|social|newsletter
IoT,blog,26_how_to_roll_out_iot_across_multiple_lines_without_losing_control,analytical,IoT/Blog/26_how_to_roll_out_iot_across_multiple_lines_without_losing_control/image-prompts.md,explicit,generate_now,P1,false,true,IoT/Blog/26_how_to_roll_out_iot_across_multiple_lines_without_losing_control/assets/images,analytical_16x9_v1.png,analytical_16x9_v1.meta.json,website|newsletter
IoT,blog,26_how_to_roll_out_iot_across_multiple_lines_without_losing_control,social,IoT/Blog/26_how_to_roll_out_iot_across_multiple_lines_without_losing_control/image-prompts.md,explicit,generate_now,P1,false,true,IoT/Blog/26_how_to_roll_out_iot_across_multiple_lines_without_losing_control/assets/images,social_1x1_v1.png,social_1x1_v1.meta.json,website|social|newsletter
IoT,blog,27_what_to_do_when_operators_do_not_trust_iot_signals_yet,hero,IoT/Blog/27_what_to_do_when_operators_do_not_trust_iot_signals_yet/image-prompts.md,explicit,generate_now,P1,false,true,IoT/Blog/27_what_to_do_when_operators_do_not_trust_iot_signals_yet/assets/images,hero_16x9_v1.png,hero_16x9_v1.meta.json,website|social|newsletter
IoT,blog,27_what_to_do_when_operators_do_not_trust_iot_signals_yet,analytical,IoT/Blog/27_what_to_do_when_operators_do_not_trust_iot_signals_yet/image-prompts.md,explicit,generate_now,P1,false,true,IoT/Blog/27_what_to_do_when_operators_do_not_trust_iot_signals_yet/assets/images,analytical_16x9_v1.png,analytical_16x9_v1.meta.json,website|newsletter
IoT,blog,27_what_to_do_when_operators_do_not_trust_iot_signals_yet,social,IoT/Blog/27_what_to_do_when_operators_do_not_trust_iot_signals_yet/image-prompts.md,explicit,generate_now,P1,false,true,IoT/Blog/27_what_to_do_when_operators_do_not_trust_iot_signals_yet/assets/images,social_1x1_v1.png,social_1x1_v1.meta.json,website|social|newsletter
IoT,blog,28_how_to_reduce_false_alarms_in_iiot_systems,hero,IoT/Blog/28_how_to_reduce_false_alarms_in_iiot_systems/image-prompts.md,explicit,generate_now,P1,false,true,IoT/Blog/28_how_to_reduce_false_alarms_in_iiot_systems/assets/images,hero_16x9_v1.png,hero_16x9_v1.meta.json,website|social|newsletter
IoT,blog,28_how_to_reduce_false_alarms_in_iiot_systems,analytical,IoT/Blog/28_how_to_reduce_false_alarms_in_iiot_systems/image-prompts.md,explicit,generate_now,P1,false,true,IoT/Blog/28_how_to_reduce_false_alarms_in_iiot_systems/assets/images,analytical_16x9_v1.png,analytical_16x9_v1.meta.json,website|newsletter
IoT,blog,28_how_to_reduce_false_alarms_in_iiot_systems,social,IoT/Blog/28_how_to_reduce_false_alarms_in_iiot_systems/image-prompts.md,explicit,generate_now,P1,false,true,IoT/Blog/28_how_to_reduce_false_alarms_in_iiot_systems/assets/images,social_1x1_v1.png,social_1x1_v1.meta.json,website|social|newsletter
IoT,blog,29_when_to_expand_from_visibility_to_closed_loop_response,hero,IoT/Blog/29_when_to_expand_from_visibility_to_closed_loop_response/image-prompts.md,explicit,generate_now,P1,false,true,IoT/Blog/29_when_to_expand_from_visibility_to_closed_loop_response/assets/images,hero_16x9_v1.png,hero_16x9_v1.meta.json,website|social|newsletter
IoT,blog,29_when_to_expand_from_visibility_to_closed_loop_response,analytical,IoT/Blog/29_when_to_expand_from_visibility_to_closed_loop_response/image-prompts.md,explicit,generate_now,P1,false,true,IoT/Blog/29_when_to_expand_from_visibility_to_closed_loop_response/assets/images,analytical_16x9_v1.png,analytical_16x9_v1.meta.json,website|newsletter
IoT,blog,29_when_to_expand_from_visibility_to_closed_loop_response,social,IoT/Blog/29_when_to_expand_from_visibility_to_closed_loop_response/image-prompts.md,explicit,generate_now,P1,false,true,IoT/Blog/29_when_to_expand_from_visibility_to_closed_loop_response/assets/images,social_1x1_v1.png,social_1x1_v1.meta.json,website|social|newsletter
IoT,blog,30_how_to_go_from_one_successful_iot_pilot_to_a_plant_standard,hero,IoT/Blog/30_how_to_go_from_one_successful_iot_pilot_to_a_plant_standard/image-prompts.md,explicit,generate_now,P1,false,true,IoT/Blog/30_how_to_go_from_one_successful_iot_pilot_to_a_plant_standard/assets/images,hero_16x9_v1.png,hero_16x9_v1.meta.json,website|social|newsletter
IoT,blog,30_how_to_go_from_one_successful_iot_pilot_to_a_plant_standard,analytical,IoT/Blog/30_how_to_go_from_one_successful_iot_pilot_to_a_plant_standard/image-prompts.md,explicit,generate_now,P1,false,true,IoT/Blog/30_how_to_go_from_one_successful_iot_pilot_to_a_plant_standard/assets/images,analytical_16x9_v1.png,analytical_16x9_v1.meta.json,website|newsletter
IoT,blog,30_how_to_go_from_one_successful_iot_pilot_to_a_plant_standard,social,IoT/Blog/30_how_to_go_from_one_successful_iot_pilot_to_a_plant_standard/image-prompts.md,explicit,generate_now,P1,false,true,IoT/Blog/30_how_to_go_from_one_successful_iot_pilot_to_a_plant_standard/assets/images,social_1x1_v1.png,social_1x1_v1.meta.json,website|social|newsletter
IoT,blog,31_what_to_review_after_the_first_6_months_of_iot_rollout,hero,IoT/Blog/31_what_to_review_after_the_first_6_months_of_iot_rollout/image-prompts.md,explicit,generate_now,P1,false,true,IoT/Blog/31_what_to_review_after_the_first_6_months_of_iot_rollout/assets/images,hero_16x9_v1.png,hero_16x9_v1.meta.json,website|social|newsletter
IoT,blog,31_what_to_review_after_the_first_6_months_of_iot_rollout,analytical,IoT/Blog/31_what_to_review_after_the_first_6_months_of_iot_rollout/image-prompts.md,explicit,generate_now,P1,false,true,IoT/Blog/31_what_to_review_after_the_first_6_months_of_iot_rollout/assets/images,analytical_16x9_v1.png,analytical_16x9_v1.meta.json,website|newsletter
IoT,blog,31_what_to_review_after_the_first_6_months_of_iot_rollout,social,IoT/Blog/31_what_to_review_after_the_first_6_months_of_iot_rollout/image-prompts.md,explicit,generate_now,P1,false,true,IoT/Blog/31_what_to_review_after_the_first_6_months_of_iot_rollout/assets/images,social_1x1_v1.png,social_1x1_v1.meta.json,website|social|newsletter
IoT,blog,32_how_to_prove_iot_value_across_sites_without_forcing_one_template,hero,IoT/Blog/32_how_to_prove_iot_value_across_sites_without_forcing_one_template/image-prompts.md,explicit,generate_now,P1,false,true,IoT/Blog/32_how_to_prove_iot_value_across_sites_without_forcing_one_template/assets/images,hero_16x9_v1.png,hero_16x9_v1.meta.json,website|social|newsletter
IoT,blog,32_how_to_prove_iot_value_across_sites_without_forcing_one_template,analytical,IoT/Blog/32_how_to_prove_iot_value_across_sites_without_forcing_one_template/image-prompts.md,explicit,generate_now,P1,false,true,IoT/Blog/32_how_to_prove_iot_value_across_sites_without_forcing_one_template/assets/images,analytical_16x9_v1.png,analytical_16x9_v1.meta.json,website|newsletter
IoT,blog,32_how_to_prove_iot_value_across_sites_without_forcing_one_template,social,IoT/Blog/32_how_to_prove_iot_value_across_sites_without_forcing_one_template/image-prompts.md,explicit,generate_now,P1,false,true,IoT/Blog/32_how_to_prove_iot_value_across_sites_without_forcing_one_template/assets/images,social_1x1_v1.png,social_1x1_v1.meta.json,website|social|newsletter
IoT,blog,33_how_to_use_iot_data_in_shift_handover_without_creating_more_reporting,hero,IoT/Blog/33_how_to_use_iot_data_in_shift_handover_without_creating_more_reporting/image-prompts.md,explicit,generate_now,P1,false,true,IoT/Blog/33_how_to_use_iot_data_in_shift_handover_without_creating_more_reporting/assets/images,hero_16x9_v1.png,hero_16x9_v1.meta.json,website|social|newsletter
IoT,blog,33_how_to_use_iot_data_in_shift_handover_without_creating_more_reporting,analytical,IoT/Blog/33_how_to_use_iot_data_in_shift_handover_without_creating_more_reporting/image-prompts.md,explicit,generate_now,P1,false,true,IoT/Blog/33_how_to_use_iot_data_in_shift_handover_without_creating_more_reporting/assets/images,analytical_16x9_v1.png,analytical_16x9_v1.meta.json,website|newsletter
IoT,blog,33_how_to_use_iot_data_in_shift_handover_without_creating_more_reporting,social,IoT/Blog/33_how_to_use_iot_data_in_shift_handover_without_creating_more_reporting/image-prompts.md,explicit,generate_now,P1,false,true,IoT/Blog/33_how_to_use_iot_data_in_shift_handover_without_creating_more_reporting/assets/images,social_1x1_v1.png,social_1x1_v1.meta.json,website|social|newsletter
IoT,blog,34_when_iot_should_trigger_supervisor_escalation_and_when_it_should_not,hero,IoT/Blog/34_when_iot_should_trigger_supervisor_escalation_and_when_it_should_not/image-prompts.md,explicit,generate_now,P1,false,true,IoT/Blog/34_when_iot_should_trigger_supervisor_escalation_and_when_it_should_not/assets/images,hero_16x9_v1.png,hero_16x9_v1.meta.json,website|social|newsletter
IoT,blog,34_when_iot_should_trigger_supervisor_escalation_and_when_it_should_not,analytical,IoT/Blog/34_when_iot_should_trigger_supervisor_escalation_and_when_it_should_not/image-prompts.md,explicit,generate_now,P1,false,true,IoT/Blog/34_when_iot_should_trigger_supervisor_escalation_and_when_it_should_not/assets/images,analytical_16x9_v1.png,analytical_16x9_v1.meta.json,website|newsletter
IoT,blog,34_when_iot_should_trigger_supervisor_escalation_and_when_it_should_not,social,IoT/Blog/34_when_iot_should_trigger_supervisor_escalation_and_when_it_should_not/image-prompts.md,explicit,generate_now,P1,false,true,IoT/Blog/34_when_iot_should_trigger_supervisor_escalation_and_when_it_should_not/assets/images,social_1x1_v1.png,social_1x1_v1.meta.json,website|social|newsletter
IoT,blog,35_what_a_good_machine_state_model_looks_like_before_scaling_iot,hero,IoT/Blog/35_what_a_good_machine_state_model_looks_like_before_scaling_iot/image-prompts.md,explicit,generate_now,P1,false,true,IoT/Blog/35_what_a_good_machine_state_model_looks_like_before_scaling_iot/assets/images,hero_16x9_v1.png,hero_16x9_v1.meta.json,website|social|newsletter
IoT,blog,35_what_a_good_machine_state_model_looks_like_before_scaling_iot,analytical,IoT/Blog/35_what_a_good_machine_state_model_looks_like_before_scaling_iot/image-prompts.md,explicit,generate_now,P1,false,true,IoT/Blog/35_what_a_good_machine_state_model_looks_like_before_scaling_iot/assets/images,analytical_16x9_v1.png,analytical_16x9_v1.meta.json,website|newsletter
IoT,blog,35_what_a_good_machine_state_model_looks_like_before_scaling_iot,social,IoT/Blog/35_what_a_good_machine_state_model_looks_like_before_scaling_iot/image-prompts.md,explicit,generate_now,P1,false,true,IoT/Blog/35_what_a_good_machine_state_model_looks_like_before_scaling_iot/assets/images,social_1x1_v1.png,social_1x1_v1.meta.json,website|social|newsletter
IoT,blog,36_how_to_turn_iot_signals_into_maintenance_priorities_without_noise,hero,IoT/Blog/36_how_to_turn_iot_signals_into_maintenance_priorities_without_noise/image-prompts.md,explicit,generate_now,P1,false,true,IoT/Blog/36_how_to_turn_iot_signals_into_maintenance_priorities_without_noise/assets/images,hero_16x9_v1.png,hero_16x9_v1.meta.json,website|social|newsletter
IoT,blog,36_how_to_turn_iot_signals_into_maintenance_priorities_without_noise,analytical,IoT/Blog/36_how_to_turn_iot_signals_into_maintenance_priorities_without_noise/image-prompts.md,explicit,generate_now,P1,false,true,IoT/Blog/36_how_to_turn_iot_signals_into_maintenance_priorities_without_noise/assets/images,analytical_16x9_v1.png,analytical_16x9_v1.meta.json,website|newsletter
IoT,blog,36_how_to_turn_iot_signals_into_maintenance_priorities_without_noise,social,IoT/Blog/36_how_to_turn_iot_signals_into_maintenance_priorities_without_noise/image-prompts.md,explicit,generate_now,P1,false,true,IoT/Blog/36_how_to_turn_iot_signals_into_maintenance_priorities_without_noise/assets/images,social_1x1_v1.png,social_1x1_v1.meta.json,website|social|newsletter
IoT,blog,37_how_to_keep_an_iot_program_alive_when_the_first_champion_leaves,hero,IoT/Blog/37_how_to_keep_an_iot_program_alive_when_the_first_champion_leaves/image-prompts.md,explicit,generate_now,P1,false,true,IoT/Blog/37_how_to_keep_an_iot_program_alive_when_the_first_champion_leaves/assets/images,hero_16x9_v1.png,hero_16x9_v1.meta.json,website|social|newsletter
IoT,blog,37_how_to_keep_an_iot_program_alive_when_the_first_champion_leaves,analytical,IoT/Blog/37_how_to_keep_an_iot_program_alive_when_the_first_champion_leaves/image-prompts.md,explicit,generate_now,P1,false,true,IoT/Blog/37_how_to_keep_an_iot_program_alive_when_the_first_champion_leaves/assets/images,analytical_16x9_v1.png,analytical_16x9_v1.meta.json,website|newsletter
IoT,blog,37_how_to_keep_an_iot_program_alive_when_the_first_champion_leaves,social,IoT/Blog/37_how_to_keep_an_iot_program_alive_when_the_first_champion_leaves/image-prompts.md,explicit,generate_now,P1,false,true,IoT/Blog/37_how_to_keep_an_iot_program_alive_when_the_first_champion_leaves/assets/images,social_1x1_v1.png,social_1x1_v1.meta.json,website|social|newsletter
IoT,blog,38_what_to_standardize_across_sites_in_iot_and_what_to_leave_local,hero,IoT/Blog/38_what_to_standardize_across_sites_in_iot_and_what_to_leave_local/image-prompts.md,explicit,generate_now,P1,false,true,IoT/Blog/38_what_to_standardize_across_sites_in_iot_and_what_to_leave_local/assets/images,hero_16x9_v1.png,hero_16x9_v1.meta.json,website|social|newsletter
IoT,blog,38_what_to_standardize_across_sites_in_iot_and_what_to_leave_local,analytical,IoT/Blog/38_what_to_standardize_across_sites_in_iot_and_what_to_leave_local/image-prompts.md,explicit,generate_now,P1,false,true,IoT/Blog/38_what_to_standardize_across_sites_in_iot_and_what_to_leave_local/assets/images,analytical_16x9_v1.png,analytical_16x9_v1.meta.json,website|newsletter
IoT,blog,38_what_to_standardize_across_sites_in_iot_and_what_to_leave_local,social,IoT/Blog/38_what_to_standardize_across_sites_in_iot_and_what_to_leave_local/image-prompts.md,explicit,generate_now,P1,false,true,IoT/Blog/38_what_to_standardize_across_sites_in_iot_and_what_to_leave_local/assets/images,social_1x1_v1.png,social_1x1_v1.meta.json,website|social|newsletter
IoT,blog,39_how_to_use_iot_for_faster_problem_confirmation_on_the_shop_floor,hero,IoT/Blog/39_how_to_use_iot_for_faster_problem_confirmation_on_the_shop_floor/image-prompts.md,explicit,generate_now,P1,false,true,IoT/Blog/39_how_to_use_iot_for_faster_problem_confirmation_on_the_shop_floor/assets/images,hero_16x9_v1.png,hero_16x9_v1.meta.json,website|social|newsletter
IoT,blog,39_how_to_use_iot_for_faster_problem_confirmation_on_the_shop_floor,analytical,IoT/Blog/39_how_to_use_iot_for_faster_problem_confirmation_on_the_shop_floor/image-prompts.md,explicit,generate_now,P1,false,true,IoT/Blog/39_how_to_use_iot_for_faster_problem_confirmation_on_the_shop_floor/assets/images,analytical_16x9_v1.png,analytical_16x9_v1.meta.json,website|newsletter
IoT,blog,39_how_to_use_iot_for_faster_problem_confirmation_on_the_shop_floor,social,IoT/Blog/39_how_to_use_iot_for_faster_problem_confirmation_on_the_shop_floor/image-prompts.md,explicit,generate_now,P1,false,true,IoT/Blog/39_how_to_use_iot_for_faster_problem_confirmation_on_the_shop_floor/assets/images,social_1x1_v1.png,social_1x1_v1.meta.json,website|social|newsletter
IoT,blog,40_when_real_time_visibility_should_change_the_production_plan,hero,IoT/Blog/40_when_real_time_visibility_should_change_the_production_plan/image-prompts.md,explicit,generate_now,P1,false,true,IoT/Blog/40_when_real_time_visibility_should_change_the_production_plan/assets/images,hero_16x9_v1.png,hero_16x9_v1.meta.json,website|social|newsletter
IoT,blog,40_when_real_time_visibility_should_change_the_production_plan,analytical,IoT/Blog/40_when_real_time_visibility_should_change_the_production_plan/image-prompts.md,explicit,generate_now,P1,false,true,IoT/Blog/40_when_real_time_visibility_should_change_the_production_plan/assets/images,analytical_16x9_v1.png,analytical_16x9_v1.meta.json,website|newsletter
IoT,blog,40_when_real_time_visibility_should_change_the_production_plan,social,IoT/Blog/40_when_real_time_visibility_should_change_the_production_plan/image-prompts.md,explicit,generate_now,P1,false,true,IoT/Blog/40_when_real_time_visibility_should_change_the_production_plan/assets/images,social_1x1_v1.png,social_1x1_v1.meta.json,website|social|newsletter
IoT,blog,41_how_to_review_operator_overrides_in_iot_workflows,hero,IoT/Blog/41_how_to_review_operator_overrides_in_iot_workflows/image-prompts.md,explicit,generate_now,P1,false,true,IoT/Blog/41_how_to_review_operator_overrides_in_iot_workflows/assets/images,hero_16x9_v1.png,hero_16x9_v1.meta.json,website|social|newsletter
IoT,blog,41_how_to_review_operator_overrides_in_iot_workflows,analytical,IoT/Blog/41_how_to_review_operator_overrides_in_iot_workflows/image-prompts.md,explicit,generate_now,P1,false,true,IoT/Blog/41_how_to_review_operator_overrides_in_iot_workflows/assets/images,analytical_16x9_v1.png,analytical_16x9_v1.meta.json,website|newsletter
IoT,blog,41_how_to_review_operator_overrides_in_iot_workflows,social,IoT/Blog/41_how_to_review_operator_overrides_in_iot_workflows/image-prompts.md,explicit,generate_now,P1,false,true,IoT/Blog/41_how_to_review_operator_overrides_in_iot_workflows/assets/images,social_1x1_v1.png,social_1x1_v1.meta.json,website|social|newsletter
IoT,blog,42_what_iot_governance_should_look_like_after_the_first_year,hero,IoT/Blog/42_what_iot_governance_should_look_like_after_the_first_year/image-prompts.md,explicit,generate_now,P1,false,true,IoT/Blog/42_what_iot_governance_should_look_like_after_the_first_year/assets/images,hero_16x9_v1.png,hero_16x9_v1.meta.json,website|social|newsletter
IoT,blog,42_what_iot_governance_should_look_like_after_the_first_year,analytical,IoT/Blog/42_what_iot_governance_should_look_like_after_the_first_year/image-prompts.md,explicit,generate_now,P1,false,true,IoT/Blog/42_what_iot_governance_should_look_like_after_the_first_year/assets/images,analytical_16x9_v1.png,analytical_16x9_v1.meta.json,website|newsletter
IoT,blog,42_what_iot_governance_should_look_like_after_the_first_year,social,IoT/Blog/42_what_iot_governance_should_look_like_after_the_first_year/image-prompts.md,explicit,generate_now,P1,false,true,IoT/Blog/42_what_iot_governance_should_look_like_after_the_first_year/assets/images,social_1x1_v1.png,social_1x1_v1.meta.json,website|social|newsletter
IoT,blog,43_how_to_keep_iot_signal_definitions_consistent_across_shifts,hero,IoT/Blog/43_how_to_keep_iot_signal_definitions_consistent_across_shifts/image-prompts.md,explicit,generate_now,P1,false,true,IoT/Blog/43_how_to_keep_iot_signal_definitions_consistent_across_shifts/assets/images,hero_16x9_v1.png,hero_16x9_v1.meta.json,website|social|newsletter
IoT,blog,43_how_to_keep_iot_signal_definitions_consistent_across_shifts,analytical,IoT/Blog/43_how_to_keep_iot_signal_definitions_consistent_across_shifts/image-prompts.md,explicit,generate_now,P1,false,true,IoT/Blog/43_how_to_keep_iot_signal_definitions_consistent_across_shifts/assets/images,analytical_16x9_v1.png,analytical_16x9_v1.meta.json,website|newsletter
IoT,blog,43_how_to_keep_iot_signal_definitions_consistent_across_shifts,social,IoT/Blog/43_how_to_keep_iot_signal_definitions_consistent_across_shifts/image-prompts.md,explicit,generate_now,P1,false,true,IoT/Blog/43_how_to_keep_iot_signal_definitions_consistent_across_shifts/assets/images,social_1x1_v1.png,social_1x1_v1.meta.json,website|social|newsletter
IoT,blog,44_when_iot_alerts_should_create_work_orders_and_when_they_should_not,hero,IoT/Blog/44_when_iot_alerts_should_create_work_orders_and_when_they_should_not/image-prompts.md,explicit,generate_now,P1,false,true,IoT/Blog/44_when_iot_alerts_should_create_work_orders_and_when_they_should_not/assets/images,hero_16x9_v1.png,hero_16x9_v1.meta.json,website|social|newsletter
IoT,blog,44_when_iot_alerts_should_create_work_orders_and_when_they_should_not,analytical,IoT/Blog/44_when_iot_alerts_should_create_work_orders_and_when_they_should_not/image-prompts.md,explicit,generate_now,P1,false,true,IoT/Blog/44_when_iot_alerts_should_create_work_orders_and_when_they_should_not/assets/images,analytical_16x9_v1.png,analytical_16x9_v1.meta.json,website|newsletter
IoT,blog,44_when_iot_alerts_should_create_work_orders_and_when_they_should_not,social,IoT/Blog/44_when_iot_alerts_should_create_work_orders_and_when_they_should_not/image-prompts.md,explicit,generate_now,P1,false,true,IoT/Blog/44_when_iot_alerts_should_create_work_orders_and_when_they_should_not/assets/images,social_1x1_v1.png,social_1x1_v1.meta.json,website|social|newsletter
IoT,blog,45_what_an_executive_iot_scorecard_should_include_after_scale_up,hero,IoT/Blog/45_what_an_executive_iot_scorecard_should_include_after_scale_up/image-prompts.md,explicit,generate_now,P1,false,true,IoT/Blog/45_what_an_executive_iot_scorecard_should_include_after_scale_up/assets/images,hero_16x9_v1.png,hero_16x9_v1.meta.json,website|social|newsletter
IoT,blog,45_what_an_executive_iot_scorecard_should_include_after_scale_up,analytical,IoT/Blog/45_what_an_executive_iot_scorecard_should_include_after_scale_up/image-prompts.md,explicit,generate_now,P1,false,true,IoT/Blog/45_what_an_executive_iot_scorecard_should_include_after_scale_up/assets/images,analytical_16x9_v1.png,analytical_16x9_v1.meta.json,website|newsletter
IoT,blog,45_what_an_executive_iot_scorecard_should_include_after_scale_up,social,IoT/Blog/45_what_an_executive_iot_scorecard_should_include_after_scale_up/image-prompts.md,explicit,generate_now,P1,false,true,IoT/Blog/45_what_an_executive_iot_scorecard_should_include_after_scale_up/assets/images,social_1x1_v1.png,social_1x1_v1.meta.json,website|social|newsletter
IoT,blog,46_how_to_decide_which_iot_signals_deserve_edge_logic,hero,IoT/Blog/46_how_to_decide_which_iot_signals_deserve_edge_logic/image-prompts.md,explicit,generate_now,P1,false,true,IoT/Blog/46_how_to_decide_which_iot_signals_deserve_edge_logic/assets/images,hero_16x9_v1.png,hero_16x9_v1.meta.json,website|social|newsletter
IoT,blog,46_how_to_decide_which_iot_signals_deserve_edge_logic,analytical,IoT/Blog/46_how_to_decide_which_iot_signals_deserve_edge_logic/image-prompts.md,explicit,generate_now,P1,false,true,IoT/Blog/46_how_to_decide_which_iot_signals_deserve_edge_logic/assets/images,analytical_16x9_v1.png,analytical_16x9_v1.meta.json,website|newsletter
IoT,blog,46_how_to_decide_which_iot_signals_deserve_edge_logic,social,IoT/Blog/46_how_to_decide_which_iot_signals_deserve_edge_logic/image-prompts.md,explicit,generate_now,P1,false,true,IoT/Blog/46_how_to_decide_which_iot_signals_deserve_edge_logic/assets/images,social_1x1_v1.png,social_1x1_v1.meta.json,website|social|newsletter
IoT,blog,47_when_real_time_visibility_should_trigger_structured_problem_solving,hero,IoT/Blog/47_when_real_time_visibility_should_trigger_structured_problem_solving/image-prompts.md,explicit,generate_now,P1,false,true,IoT/Blog/47_when_real_time_visibility_should_trigger_structured_problem_solving/assets/images,hero_16x9_v1.png,hero_16x9_v1.meta.json,website|social|newsletter
IoT,blog,47_when_real_time_visibility_should_trigger_structured_problem_solving,analytical,IoT/Blog/47_when_real_time_visibility_should_trigger_structured_problem_solving/image-prompts.md,explicit,generate_now,P1,false,true,IoT/Blog/47_when_real_time_visibility_should_trigger_structured_problem_solving/assets/images,analytical_16x9_v1.png,analytical_16x9_v1.meta.json,website|newsletter
IoT,blog,47_when_real_time_visibility_should_trigger_structured_problem_solving,social,IoT/Blog/47_when_real_time_visibility_should_trigger_structured_problem_solving/image-prompts.md,explicit,generate_now,P1,false,true,IoT/Blog/47_when_real_time_visibility_should_trigger_structured_problem_solving/assets/images,social_1x1_v1.png,social_1x1_v1.meta.json,website|social|newsletter
IoT,blog,48_how_to_create_a_site_ready_iot_rollout_playbook_for_new_lines,hero,IoT/Blog/48_how_to_create_a_site_ready_iot_rollout_playbook_for_new_lines/image-prompts.md,explicit,generate_now,P1,false,true,IoT/Blog/48_how_to_create_a_site_ready_iot_rollout_playbook_for_new_lines/assets/images,hero_16x9_v1.png,hero_16x9_v1.meta.json,website|social|newsletter
IoT,blog,48_how_to_create_a_site_ready_iot_rollout_playbook_for_new_lines,analytical,IoT/Blog/48_how_to_create_a_site_ready_iot_rollout_playbook_for_new_lines/image-prompts.md,explicit,generate_now,P1,false,true,IoT/Blog/48_how_to_create_a_site_ready_iot_rollout_playbook_for_new_lines/assets/images,analytical_16x9_v1.png,analytical_16x9_v1.meta.json,website|newsletter
IoT,blog,48_how_to_create_a_site_ready_iot_rollout_playbook_for_new_lines,social,IoT/Blog/48_how_to_create_a_site_ready_iot_rollout_playbook_for_new_lines/image-prompts.md,explicit,generate_now,P1,false,true,IoT/Blog/48_how_to_create_a_site_ready_iot_rollout_playbook_for_new_lines/assets/images,social_1x1_v1.png,social_1x1_v1.meta.json,website|social|newsletter
IoT,blog,49_what_data_retention_and_traceability_should_look_like_in_iiot,hero,IoT/Blog/49_what_data_retention_and_traceability_should_look_like_in_iiot/image-prompts.md,explicit,generate_now,P1,false,true,IoT/Blog/49_what_data_retention_and_traceability_should_look_like_in_iiot/assets/images,hero_16x9_v1.png,hero_16x9_v1.meta.json,website|social|newsletter
IoT,blog,49_what_data_retention_and_traceability_should_look_like_in_iiot,analytical,IoT/Blog/49_what_data_retention_and_traceability_should_look_like_in_iiot/image-prompts.md,explicit,generate_now,P1,false,true,IoT/Blog/49_what_data_retention_and_traceability_should_look_like_in_iiot/assets/images,analytical_16x9_v1.png,analytical_16x9_v1.meta.json,website|newsletter
IoT,blog,49_what_data_retention_and_traceability_should_look_like_in_iiot,social,IoT/Blog/49_what_data_retention_and_traceability_should_look_like_in_iiot/image-prompts.md,explicit,generate_now,P1,false,true,IoT/Blog/49_what_data_retention_and_traceability_should_look_like_in_iiot/assets/images,social_1x1_v1.png,social_1x1_v1.meta.json,website|social|newsletter
IoT,blog,50_how_to_turn_iot_into_a_repeatable_operating_system_in_a_brownfield_factory,hero,IoT/Blog/50_how_to_turn_iot_into_a_repeatable_operating_system_in_a_brownfield_factory/image-prompts.md,explicit,generate_now,P1,false,true,IoT/Blog/50_how_to_turn_iot_into_a_repeatable_operating_system_in_a_brownfield_factory/assets/images,hero_16x9_v1.png,hero_16x9_v1.meta.json,website|social|newsletter
IoT,blog,50_how_to_turn_iot_into_a_repeatable_operating_system_in_a_brownfield_factory,analytical,IoT/Blog/50_how_to_turn_iot_into_a_repeatable_operating_system_in_a_brownfield_factory/image-prompts.md,explicit,generate_now,P1,false,true,IoT/Blog/50_how_to_turn_iot_into_a_repeatable_operating_system_in_a_brownfield_factory/assets/images,analytical_16x9_v1.png,analytical_16x9_v1.meta.json,website|newsletter
IoT,blog,50_how_to_turn_iot_into_a_repeatable_operating_system_in_a_brownfield_factory,social,IoT/Blog/50_how_to_turn_iot_into_a_repeatable_operating_system_in_a_brownfield_factory/image-prompts.md,explicit,generate_now,P1,false,true,IoT/Blog/50_how_to_turn_iot_into_a_repeatable_operating_system_in_a_brownfield_factory/assets/images,social_1x1_v1.png,social_1x1_v1.meta.json,website|social|newsletter
Marketplace,blog,01_why_most_automation_projects_never_start,hero,Marketplace/Blog/01_why_most_automation_projects_never_start/image-prompts.md,explicit,generate_now,P2,false,true,Marketplace/Blog/01_why_most_automation_projects_never_start/assets/images,hero_16x9_v1.png,hero_16x9_v1.meta.json,website|social|newsletter
Marketplace,blog,01_why_most_automation_projects_never_start,analytical,Marketplace/Blog/01_why_most_automation_projects_never_start/image-prompts.md,explicit,generate_now,P2,false,true,Marketplace/Blog/01_why_most_automation_projects_never_start/assets/images,analytical_16x9_v1.png,analytical_16x9_v1.meta.json,website|newsletter
Marketplace,blog,01_why_most_automation_projects_never_start,social,Marketplace/Blog/01_why_most_automation_projects_never_start/image-prompts.md,explicit,generate_now,P2,false,true,Marketplace/Blog/01_why_most_automation_projects_never_start/assets/images,social_1x1_v1.png,social_1x1_v1.meta.json,website|social|newsletter
Marketplace,blog,02_the_hidden_cost_of_manual_processes_in_manufacturing,hero,Marketplace/Blog/02_the_hidden_cost_of_manual_processes_in_manufacturing/image-prompts.md,explicit,generate_now,P2,false,true,Marketplace/Blog/02_the_hidden_cost_of_manual_processes_in_manufacturing/assets/images,hero_16x9_v1.png,hero_16x9_v1.meta.json,website|social|newsletter
Marketplace,blog,02_the_hidden_cost_of_manual_processes_in_manufacturing,analytical,Marketplace/Blog/02_the_hidden_cost_of_manual_processes_in_manufacturing/image-prompts.md,explicit,generate_now,P2,false,true,Marketplace/Blog/02_the_hidden_cost_of_manual_processes_in_manufacturing/assets/images,analytical_16x9_v1.png,analytical_16x9_v1.meta.json,website|newsletter
Marketplace,blog,02_the_hidden_cost_of_manual_processes_in_manufacturing,social,Marketplace/Blog/02_the_hidden_cost_of_manual_processes_in_manufacturing/image-prompts.md,explicit,generate_now,P2,false,true,Marketplace/Blog/02_the_hidden_cost_of_manual_processes_in_manufacturing/assets/images,social_1x1_v1.png,social_1x1_v1.meta.json,website|social|newsletter
Marketplace,blog,03_why_hiring_more_people_is_not_a_strategy_anymore,hero,Marketplace/Blog/03_why_hiring_more_people_is_not_a_strategy_anymore/image-prompts.md,explicit,generate_now,P2,false,true,Marketplace/Blog/03_why_hiring_more_people_is_not_a_strategy_anymore/assets/images,hero_16x9_v1.png,hero_16x9_v1.meta.json,website|social|newsletter
Marketplace,blog,03_why_hiring_more_people_is_not_a_strategy_anymore,analytical,Marketplace/Blog/03_why_hiring_more_people_is_not_a_strategy_anymore/image-prompts.md,explicit,generate_now,P2,false,true,Marketplace/Blog/03_why_hiring_more_people_is_not_a_strategy_anymore/assets/images,analytical_16x9_v1.png,analytical_16x9_v1.meta.json,website|newsletter
Marketplace,blog,03_why_hiring_more_people_is_not_a_strategy_anymore,social,Marketplace/Blog/03_why_hiring_more_people_is_not_a_strategy_anymore/image-prompts.md,explicit,generate_now,P2,false,true,Marketplace/Blog/03_why_hiring_more_people_is_not_a_strategy_anymore/assets/images,social_1x1_v1.png,social_1x1_v1.meta.json,website|social|newsletter
Marketplace,blog,04_what_automation_really_means_in_2026,hero,Marketplace/Blog/04_what_automation_really_means_in_2026/image-prompts.md,explicit,generate_now,P2,false,true,Marketplace/Blog/04_what_automation_really_means_in_2026/assets/images,hero_16x9_v1.png,hero_16x9_v1.meta.json,website|social|newsletter
Marketplace,blog,04_what_automation_really_means_in_2026,analytical,Marketplace/Blog/04_what_automation_really_means_in_2026/image-prompts.md,explicit,generate_now,P2,false,true,Marketplace/Blog/04_what_automation_really_means_in_2026/assets/images,analytical_16x9_v1.png,analytical_16x9_v1.meta.json,website|newsletter
Marketplace,blog,04_what_automation_really_means_in_2026,social,Marketplace/Blog/04_what_automation_really_means_in_2026/image-prompts.md,explicit,generate_now,P2,false,true,Marketplace/Blog/04_what_automation_really_means_in_2026/assets/images,social_1x1_v1.png,social_1x1_v1.meta.json,website|social|newsletter
Marketplace,blog,05_the_biggest_myths_about_industrial_automation,hero,Marketplace/Blog/05_the_biggest_myths_about_industrial_automation/image-prompts.md,explicit,generate_now,P2,false,true,Marketplace/Blog/05_the_biggest_myths_about_industrial_automation/assets/images,hero_16x9_v1.png,hero_16x9_v1.meta.json,website|social|newsletter
Marketplace,blog,05_the_biggest_myths_about_industrial_automation,analytical,Marketplace/Blog/05_the_biggest_myths_about_industrial_automation/image-prompts.md,explicit,generate_now,P2,false,true,Marketplace/Blog/05_the_biggest_myths_about_industrial_automation/assets/images,analytical_16x9_v1.png,analytical_16x9_v1.meta.json,website|newsletter
Marketplace,blog,05_the_biggest_myths_about_industrial_automation,social,Marketplace/Blog/05_the_biggest_myths_about_industrial_automation/image-prompts.md,explicit,generate_now,P2,false,true,Marketplace/Blog/05_the_biggest_myths_about_industrial_automation/assets/images,social_1x1_v1.png,social_1x1_v1.meta.json,website|social|newsletter
Marketplace,blog,06_why_automation_feels_overwhelming,hero,Marketplace/Blog/06_why_automation_feels_overwhelming/image-prompts.md,explicit,generate_now,P2,false,true,Marketplace/Blog/06_why_automation_feels_overwhelming/assets/images,hero_16x9_v1.png,hero_16x9_v1.meta.json,website|social|newsletter
Marketplace,blog,06_why_automation_feels_overwhelming,analytical,Marketplace/Blog/06_why_automation_feels_overwhelming/image-prompts.md,explicit,generate_now,P2,false,true,Marketplace/Blog/06_why_automation_feels_overwhelming/assets/images,analytical_16x9_v1.png,analytical_16x9_v1.meta.json,website|newsletter
Marketplace,blog,06_why_automation_feels_overwhelming,social,Marketplace/Blog/06_why_automation_feels_overwhelming/image-prompts.md,explicit,generate_now,P2,false,true,Marketplace/Blog/06_why_automation_feels_overwhelming/assets/images,social_1x1_v1.png,social_1x1_v1.meta.json,website|social|newsletter
Marketplace,blog,07_the_real_reason_plants_delay_automation_decisions,hero,Marketplace/Blog/07_the_real_reason_plants_delay_automation_decisions/image-prompts.md,explicit,generate_now,P2,false,true,Marketplace/Blog/07_the_real_reason_plants_delay_automation_decisions/assets/images,hero_16x9_v1.png,hero_16x9_v1.meta.json,website|social|newsletter
Marketplace,blog,07_the_real_reason_plants_delay_automation_decisions,analytical,Marketplace/Blog/07_the_real_reason_plants_delay_automation_decisions/image-prompts.md,explicit,generate_now,P2,false,true,Marketplace/Blog/07_the_real_reason_plants_delay_automation_decisions/assets/images,analytical_16x9_v1.png,analytical_16x9_v1.meta.json,website|newsletter
Marketplace,blog,07_the_real_reason_plants_delay_automation_decisions,social,Marketplace/Blog/07_the_real_reason_plants_delay_automation_decisions/image-prompts.md,explicit,generate_now,P2,false,true,Marketplace/Blog/07_the_real_reason_plants_delay_automation_decisions/assets/images,social_1x1_v1.png,social_1x1_v1.meta.json,website|social|newsletter
Marketplace,blog,08_how_to_identify_the_best_processes_to_automate_first,hero,Marketplace/Blog/08_how_to_identify_the_best_processes_to_automate_first/image-prompts.md,explicit,generate_now,P2,false,true,Marketplace/Blog/08_how_to_identify_the_best_processes_to_automate_first/assets/images,hero_16x9_v1.png,hero_16x9_v1.meta.json,website|social|newsletter
Marketplace,blog,08_how_to_identify_the_best_processes_to_automate_first,analytical,Marketplace/Blog/08_how_to_identify_the_best_processes_to_automate_first/image-prompts.md,explicit,generate_now,P2,false,true,Marketplace/Blog/08_how_to_identify_the_best_processes_to_automate_first/assets/images,analytical_16x9_v1.png,analytical_16x9_v1.meta.json,website|newsletter
Marketplace,blog,08_how_to_identify_the_best_processes_to_automate_first,social,Marketplace/Blog/08_how_to_identify_the_best_processes_to_automate_first/image-prompts.md,explicit,generate_now,P2,false,true,Marketplace/Blog/08_how_to_identify_the_best_processes_to_automate_first/assets/images,social_1x1_v1.png,social_1x1_v1.meta.json,website|social|newsletter
Marketplace,blog,09_how_to_compare_automation_vendors_effectively,hero,Marketplace/Blog/09_how_to_compare_automation_vendors_effectively/image-prompts.md,explicit,generate_now,P2,false,true,Marketplace/Blog/09_how_to_compare_automation_vendors_effectively/assets/images,hero_16x9_v1.png,hero_16x9_v1.meta.json,website|social|newsletter
Marketplace,blog,09_how_to_compare_automation_vendors_effectively,analytical,Marketplace/Blog/09_how_to_compare_automation_vendors_effectively/image-prompts.md,explicit,generate_now,P2,false,true,Marketplace/Blog/09_how_to_compare_automation_vendors_effectively/assets/images,analytical_16x9_v1.png,analytical_16x9_v1.meta.json,website|newsletter
Marketplace,blog,09_how_to_compare_automation_vendors_effectively,social,Marketplace/Blog/09_how_to_compare_automation_vendors_effectively/image-prompts.md,explicit,generate_now,P2,false,true,Marketplace/Blog/09_how_to_compare_automation_vendors_effectively/assets/images,social_1x1_v1.png,social_1x1_v1.meta.json,website|social|newsletter
Marketplace,blog,10_the_real_cost_of_automation,hero,Marketplace/Blog/10_the_real_cost_of_automation/image-prompts.md,explicit,generate_now,P2,false,true,Marketplace/Blog/10_the_real_cost_of_automation/assets/images,hero_16x9_v1.png,hero_16x9_v1.meta.json,website|social|newsletter
Marketplace,blog,10_the_real_cost_of_automation,analytical,Marketplace/Blog/10_the_real_cost_of_automation/image-prompts.md,explicit,generate_now,P2,false,true,Marketplace/Blog/10_the_real_cost_of_automation/assets/images,analytical_16x9_v1.png,analytical_16x9_v1.meta.json,website|newsletter
Marketplace,blog,10_the_real_cost_of_automation,social,Marketplace/Blog/10_the_real_cost_of_automation/image-prompts.md,explicit,generate_now,P2,false,true,Marketplace/Blog/10_the_real_cost_of_automation/assets/images,social_1x1_v1.png,social_1x1_v1.meta.json,website|social|newsletter
Marketplace,blog,11_how_to_run_an_automation_pilot_project,hero,Marketplace/Blog/11_how_to_run_an_automation_pilot_project/image-prompts.md,explicit,generate_now,P2,false,true,Marketplace/Blog/11_how_to_run_an_automation_pilot_project/assets/images,hero_16x9_v1.png,hero_16x9_v1.meta.json,website|social|newsletter
Marketplace,blog,11_how_to_run_an_automation_pilot_project,analytical,Marketplace/Blog/11_how_to_run_an_automation_pilot_project/image-prompts.md,explicit,generate_now,P2,false,true,Marketplace/Blog/11_how_to_run_an_automation_pilot_project/assets/images,analytical_16x9_v1.png,analytical_16x9_v1.meta.json,website|newsletter
Marketplace,blog,11_how_to_run_an_automation_pilot_project,social,Marketplace/Blog/11_how_to_run_an_automation_pilot_project/image-prompts.md,explicit,generate_now,P2,false,true,Marketplace/Blog/11_how_to_run_an_automation_pilot_project/assets/images,social_1x1_v1.png,social_1x1_v1.meta.json,website|social|newsletter
Marketplace,blog,12_how_to_reduce_risk_in_automation_projects,hero,Marketplace/Blog/12_how_to_reduce_risk_in_automation_projects/image-prompts.md,explicit,generate_now,P2,false,true,Marketplace/Blog/12_how_to_reduce_risk_in_automation_projects/assets/images,hero_16x9_v1.png,hero_16x9_v1.meta.json,website|social|newsletter
Marketplace,blog,12_how_to_reduce_risk_in_automation_projects,analytical,Marketplace/Blog/12_how_to_reduce_risk_in_automation_projects/image-prompts.md,explicit,generate_now,P2,false,true,Marketplace/Blog/12_how_to_reduce_risk_in_automation_projects/assets/images,analytical_16x9_v1.png,analytical_16x9_v1.meta.json,website|newsletter
Marketplace,blog,12_how_to_reduce_risk_in_automation_projects,social,Marketplace/Blog/12_how_to_reduce_risk_in_automation_projects/image-prompts.md,explicit,generate_now,P2,false,true,Marketplace/Blog/12_how_to_reduce_risk_in_automation_projects/assets/images,social_1x1_v1.png,social_1x1_v1.meta.json,website|social|newsletter
Marketplace,blog,13_when_not_to_automate_and_why_waiting_can_be_the_right_decision,hero,Marketplace/Blog/13_when_not_to_automate_and_why_waiting_can_be_the_right_decision/image-prompts.md,explicit,generate_now,P2,false,true,Marketplace/Blog/13_when_not_to_automate_and_why_waiting_can_be_the_right_decision/assets/images,hero_16x9_v1.png,hero_16x9_v1.meta.json,website|social|newsletter
Marketplace,blog,13_when_not_to_automate_and_why_waiting_can_be_the_right_decision,analytical,Marketplace/Blog/13_when_not_to_automate_and_why_waiting_can_be_the_right_decision/image-prompts.md,explicit,generate_now,P2,false,true,Marketplace/Blog/13_when_not_to_automate_and_why_waiting_can_be_the_right_decision/assets/images,analytical_16x9_v1.png,analytical_16x9_v1.meta.json,website|newsletter
Marketplace,blog,13_when_not_to_automate_and_why_waiting_can_be_the_right_decision,social,Marketplace/Blog/13_when_not_to_automate_and_why_waiting_can_be_the_right_decision/image-prompts.md,explicit,generate_now,P2,false,true,Marketplace/Blog/13_when_not_to_automate_and_why_waiting_can_be_the_right_decision/assets/images,social_1x1_v1.png,social_1x1_v1.meta.json,website|social|newsletter
Marketplace,blog,14_how_to_write_a_better_automation_challenge_brief,hero,Marketplace/Blog/14_how_to_write_a_better_automation_challenge_brief/image-prompts.md,explicit,generate_now,P2,false,true,Marketplace/Blog/14_how_to_write_a_better_automation_challenge_brief/assets/images,hero_16x9_v1.png,hero_16x9_v1.meta.json,website|social|newsletter
Marketplace,blog,14_how_to_write_a_better_automation_challenge_brief,analytical,Marketplace/Blog/14_how_to_write_a_better_automation_challenge_brief/image-prompts.md,explicit,generate_now,P2,false,true,Marketplace/Blog/14_how_to_write_a_better_automation_challenge_brief/assets/images,analytical_16x9_v1.png,analytical_16x9_v1.meta.json,website|newsletter
Marketplace,blog,14_how_to_write_a_better_automation_challenge_brief,social,Marketplace/Blog/14_how_to_write_a_better_automation_challenge_brief/image-prompts.md,explicit,generate_now,P2,false,true,Marketplace/Blog/14_how_to_write_a_better_automation_challenge_brief/assets/images,social_1x1_v1.png,social_1x1_v1.meta.json,website|social|newsletter
Marketplace,blog,15_what_to_include_in_an_automation_rfq_or_rfp,hero,Marketplace/Blog/15_what_to_include_in_an_automation_rfq_or_rfp/image-prompts.md,explicit,generate_now,P2,false,true,Marketplace/Blog/15_what_to_include_in_an_automation_rfq_or_rfp/assets/images,hero_16x9_v1.png,hero_16x9_v1.meta.json,website|social|newsletter
Marketplace,blog,15_what_to_include_in_an_automation_rfq_or_rfp,analytical,Marketplace/Blog/15_what_to_include_in_an_automation_rfq_or_rfp/image-prompts.md,explicit,generate_now,P2,false,true,Marketplace/Blog/15_what_to_include_in_an_automation_rfq_or_rfp/assets/images,analytical_16x9_v1.png,analytical_16x9_v1.meta.json,website|newsletter
Marketplace,blog,15_what_to_include_in_an_automation_rfq_or_rfp,social,Marketplace/Blog/15_what_to_include_in_an_automation_rfq_or_rfp/image-prompts.md,explicit,generate_now,P2,false,true,Marketplace/Blog/15_what_to_include_in_an_automation_rfq_or_rfp/assets/images,social_1x1_v1.png,social_1x1_v1.meta.json,website|social|newsletter
Marketplace,blog,16_how_to_compare_robot_integrators_oems_and_turnkey_suppliers,hero,Marketplace/Blog/16_how_to_compare_robot_integrators_oems_and_turnkey_suppliers/image-prompts.md,explicit,generate_now,P2,false,true,Marketplace/Blog/16_how_to_compare_robot_integrators_oems_and_turnkey_suppliers/assets/images,hero_16x9_v1.png,hero_16x9_v1.meta.json,website|social|newsletter
Marketplace,blog,16_how_to_compare_robot_integrators_oems_and_turnkey_suppliers,analytical,Marketplace/Blog/16_how_to_compare_robot_integrators_oems_and_turnkey_suppliers/image-prompts.md,explicit,generate_now,P2,false,true,Marketplace/Blog/16_how_to_compare_robot_integrators_oems_and_turnkey_suppliers/assets/images,analytical_16x9_v1.png,analytical_16x9_v1.meta.json,website|newsletter
Marketplace,blog,16_how_to_compare_robot_integrators_oems_and_turnkey_suppliers,social,Marketplace/Blog/16_how_to_compare_robot_integrators_oems_and_turnkey_suppliers/image-prompts.md,explicit,generate_now,P2,false,true,Marketplace/Blog/16_how_to_compare_robot_integrators_oems_and_turnkey_suppliers/assets/images,social_1x1_v1.png,social_1x1_v1.meta.json,website|social|newsletter
Marketplace,blog,17_what_a_good_automation_offer_should_make_visible,hero,Marketplace/Blog/17_what_a_good_automation_offer_should_make_visible/image-prompts.md,explicit,generate_now,P2,false,true,Marketplace/Blog/17_what_a_good_automation_offer_should_make_visible/assets/images,hero_16x9_v1.png,hero_16x9_v1.meta.json,website|social|newsletter
Marketplace,blog,17_what_a_good_automation_offer_should_make_visible,analytical,Marketplace/Blog/17_what_a_good_automation_offer_should_make_visible/image-prompts.md,explicit,generate_now,P2,false,true,Marketplace/Blog/17_what_a_good_automation_offer_should_make_visible/assets/images,analytical_16x9_v1.png,analytical_16x9_v1.meta.json,website|newsletter
Marketplace,blog,17_what_a_good_automation_offer_should_make_visible,social,Marketplace/Blog/17_what_a_good_automation_offer_should_make_visible/image-prompts.md,explicit,generate_now,P2,false,true,Marketplace/Blog/17_what_a_good_automation_offer_should_make_visible/assets/images,social_1x1_v1.png,social_1x1_v1.meta.json,website|social|newsletter
Marketplace,blog,18_when_to_standardize_and_when_to_customize_an_automation_project,hero,Marketplace/Blog/18_when_to_standardize_and_when_to_customize_an_automation_project/image-prompts.md,explicit,generate_now,P2,false,true,Marketplace/Blog/18_when_to_standardize_and_when_to_customize_an_automation_project/assets/images,hero_16x9_v1.png,hero_16x9_v1.meta.json,website|social|newsletter
Marketplace,blog,18_when_to_standardize_and_when_to_customize_an_automation_project,analytical,Marketplace/Blog/18_when_to_standardize_and_when_to_customize_an_automation_project/image-prompts.md,explicit,generate_now,P2,false,true,Marketplace/Blog/18_when_to_standardize_and_when_to_customize_an_automation_project/assets/images,analytical_16x9_v1.png,analytical_16x9_v1.meta.json,website|newsletter
Marketplace,blog,18_when_to_standardize_and_when_to_customize_an_automation_project,social,Marketplace/Blog/18_when_to_standardize_and_when_to_customize_an_automation_project/image-prompts.md,explicit,generate_now,P2,false,true,Marketplace/Blog/18_when_to_standardize_and_when_to_customize_an_automation_project/assets/images,social_1x1_v1.png,social_1x1_v1.meta.json,website|social|newsletter
Marketplace,blog,19_how_to_align_operations_engineering_and_procurement_before_automation_buying,hero,Marketplace/Blog/19_how_to_align_operations_engineering_and_procurement_before_automation_buying/image-prompts.md,explicit,generate_now,P2,false,true,Marketplace/Blog/19_how_to_align_operations_engineering_and_procurement_before_automation_buying/assets/images,hero_16x9_v1.png,hero_16x9_v1.meta.json,website|social|newsletter
Marketplace,blog,19_how_to_align_operations_engineering_and_procurement_before_automation_buying,analytical,Marketplace/Blog/19_how_to_align_operations_engineering_and_procurement_before_automation_buying/image-prompts.md,explicit,generate_now,P2,false,true,Marketplace/Blog/19_how_to_align_operations_engineering_and_procurement_before_automation_buying/assets/images,analytical_16x9_v1.png,analytical_16x9_v1.meta.json,website|newsletter
Marketplace,blog,19_how_to_align_operations_engineering_and_procurement_before_automation_buying,social,Marketplace/Blog/19_how_to_align_operations_engineering_and_procurement_before_automation_buying/image-prompts.md,explicit,generate_now,P2,false,true,Marketplace/Blog/19_how_to_align_operations_engineering_and_procurement_before_automation_buying/assets/images,social_1x1_v1.png,social_1x1_v1.meta.json,website|social|newsletter
Marketplace,blog,20_what_to_check_before_signing_an_automation_contract,hero,Marketplace/Blog/20_what_to_check_before_signing_an_automation_contract/image-prompts.md,explicit,generate_now,P2,false,true,Marketplace/Blog/20_what_to_check_before_signing_an_automation_contract/assets/images,hero_16x9_v1.png,hero_16x9_v1.meta.json,website|social|newsletter
Marketplace,blog,20_what_to_check_before_signing_an_automation_contract,analytical,Marketplace/Blog/20_what_to_check_before_signing_an_automation_contract/image-prompts.md,explicit,generate_now,P2,false,true,Marketplace/Blog/20_what_to_check_before_signing_an_automation_contract/assets/images,analytical_16x9_v1.png,analytical_16x9_v1.meta.json,website|newsletter
Marketplace,blog,20_what_to_check_before_signing_an_automation_contract,social,Marketplace/Blog/20_what_to_check_before_signing_an_automation_contract/image-prompts.md,explicit,generate_now,P2,false,true,Marketplace/Blog/20_what_to_check_before_signing_an_automation_contract/assets/images,social_1x1_v1.png,social_1x1_v1.meta.json,website|social|newsletter
Marketplace,blog,21_how_to_scope_an_automation_project_without_overcomplicating_it,hero,Marketplace/Blog/21_how_to_scope_an_automation_project_without_overcomplicating_it/image-prompts.md,explicit,generate_now,P2,false,true,Marketplace/Blog/21_how_to_scope_an_automation_project_without_overcomplicating_it/assets/images,hero_16x9_v1.png,hero_16x9_v1.meta.json,website|social|newsletter
Marketplace,blog,21_how_to_scope_an_automation_project_without_overcomplicating_it,analytical,Marketplace/Blog/21_how_to_scope_an_automation_project_without_overcomplicating_it/image-prompts.md,explicit,generate_now,P2,false,true,Marketplace/Blog/21_how_to_scope_an_automation_project_without_overcomplicating_it/assets/images,analytical_16x9_v1.png,analytical_16x9_v1.meta.json,website|newsletter
Marketplace,blog,21_how_to_scope_an_automation_project_without_overcomplicating_it,social,Marketplace/Blog/21_how_to_scope_an_automation_project_without_overcomplicating_it/image-prompts.md,explicit,generate_now,P2,false,true,Marketplace/Blog/21_how_to_scope_an_automation_project_without_overcomplicating_it/assets/images,social_1x1_v1.png,social_1x1_v1.meta.json,website|social|newsletter
Marketplace,blog,22_how_to_keep_automation_momentum_after_the_first_vendor_meetings,hero,Marketplace/Blog/22_how_to_keep_automation_momentum_after_the_first_vendor_meetings/image-prompts.md,explicit,generate_now,P2,false,true,Marketplace/Blog/22_how_to_keep_automation_momentum_after_the_first_vendor_meetings/assets/images,hero_16x9_v1.png,hero_16x9_v1.meta.json,website|social|newsletter
Marketplace,blog,22_how_to_keep_automation_momentum_after_the_first_vendor_meetings,analytical,Marketplace/Blog/22_how_to_keep_automation_momentum_after_the_first_vendor_meetings/image-prompts.md,explicit,generate_now,P2,false,true,Marketplace/Blog/22_how_to_keep_automation_momentum_after_the_first_vendor_meetings/assets/images,analytical_16x9_v1.png,analytical_16x9_v1.meta.json,website|newsletter
Marketplace,blog,22_how_to_keep_automation_momentum_after_the_first_vendor_meetings,social,Marketplace/Blog/22_how_to_keep_automation_momentum_after_the_first_vendor_meetings/image-prompts.md,explicit,generate_now,P2,false,true,Marketplace/Blog/22_how_to_keep_automation_momentum_after_the_first_vendor_meetings/assets/images,social_1x1_v1.png,social_1x1_v1.meta.json,website|social|newsletter
Marketplace,blog,23_how_to_check_automation_supplier_references_without_wasting_time,hero,Marketplace/Blog/23_how_to_check_automation_supplier_references_without_wasting_time/image-prompts.md,explicit,generate_now,P2,false,true,Marketplace/Blog/23_how_to_check_automation_supplier_references_without_wasting_time/assets/images,hero_16x9_v1.png,hero_16x9_v1.meta.json,website|social|newsletter
Marketplace,blog,23_how_to_check_automation_supplier_references_without_wasting_time,analytical,Marketplace/Blog/23_how_to_check_automation_supplier_references_without_wasting_time/image-prompts.md,explicit,generate_now,P2,false,true,Marketplace/Blog/23_how_to_check_automation_supplier_references_without_wasting_time/assets/images,analytical_16x9_v1.png,analytical_16x9_v1.meta.json,website|newsletter
Marketplace,blog,23_how_to_check_automation_supplier_references_without_wasting_time,social,Marketplace/Blog/23_how_to_check_automation_supplier_references_without_wasting_time/image-prompts.md,explicit,generate_now,P2,false,true,Marketplace/Blog/23_how_to_check_automation_supplier_references_without_wasting_time/assets/images,social_1x1_v1.png,social_1x1_v1.meta.json,website|social|newsletter
Marketplace,blog,24_when_to_use_a_shortlist_and_when_to_keep_more_suppliers_in_play,hero,Marketplace/Blog/24_when_to_use_a_shortlist_and_when_to_keep_more_suppliers_in_play/image-prompts.md,explicit,generate_now,P2,false,true,Marketplace/Blog/24_when_to_use_a_shortlist_and_when_to_keep_more_suppliers_in_play/assets/images,hero_16x9_v1.png,hero_16x9_v1.meta.json,website|social|newsletter
Marketplace,blog,24_when_to_use_a_shortlist_and_when_to_keep_more_suppliers_in_play,analytical,Marketplace/Blog/24_when_to_use_a_shortlist_and_when_to_keep_more_suppliers_in_play/image-prompts.md,explicit,generate_now,P2,false,true,Marketplace/Blog/24_when_to_use_a_shortlist_and_when_to_keep_more_suppliers_in_play/assets/images,analytical_16x9_v1.png,analytical_16x9_v1.meta.json,website|newsletter
Marketplace,blog,24_when_to_use_a_shortlist_and_when_to_keep_more_suppliers_in_play,social,Marketplace/Blog/24_when_to_use_a_shortlist_and_when_to_keep_more_suppliers_in_play/image-prompts.md,explicit,generate_now,P2,false,true,Marketplace/Blog/24_when_to_use_a_shortlist_and_when_to_keep_more_suppliers_in_play/assets/images,social_1x1_v1.png,social_1x1_v1.meta.json,website|social|newsletter
Marketplace,blog,25_what_fat_and_sat_should_actually_prove_before_go_live,hero,Marketplace/Blog/25_what_fat_and_sat_should_actually_prove_before_go_live/image-prompts.md,explicit,generate_now,P2,false,true,Marketplace/Blog/25_what_fat_and_sat_should_actually_prove_before_go_live/assets/images,hero_16x9_v1.png,hero_16x9_v1.meta.json,website|social|newsletter
Marketplace,blog,25_what_fat_and_sat_should_actually_prove_before_go_live,analytical,Marketplace/Blog/25_what_fat_and_sat_should_actually_prove_before_go_live/image-prompts.md,explicit,generate_now,P2,false,true,Marketplace/Blog/25_what_fat_and_sat_should_actually_prove_before_go_live/assets/images,analytical_16x9_v1.png,analytical_16x9_v1.meta.json,website|newsletter
Marketplace,blog,25_what_fat_and_sat_should_actually_prove_before_go_live,social,Marketplace/Blog/25_what_fat_and_sat_should_actually_prove_before_go_live/image-prompts.md,explicit,generate_now,P2,false,true,Marketplace/Blog/25_what_fat_and_sat_should_actually_prove_before_go_live/assets/images,social_1x1_v1.png,social_1x1_v1.meta.json,website|social|newsletter
Marketplace,blog,26_how_to_compare_automation_commercial_models_not_just_prices,hero,Marketplace/Blog/26_how_to_compare_automation_commercial_models_not_just_prices/image-prompts.md,explicit,generate_now,P2,false,true,Marketplace/Blog/26_how_to_compare_automation_commercial_models_not_just_prices/assets/images,hero_16x9_v1.png,hero_16x9_v1.meta.json,website|social|newsletter
Marketplace,blog,26_how_to_compare_automation_commercial_models_not_just_prices,analytical,Marketplace/Blog/26_how_to_compare_automation_commercial_models_not_just_prices/image-prompts.md,explicit,generate_now,P2,false,true,Marketplace/Blog/26_how_to_compare_automation_commercial_models_not_just_prices/assets/images,analytical_16x9_v1.png,analytical_16x9_v1.meta.json,website|newsletter
Marketplace,blog,26_how_to_compare_automation_commercial_models_not_just_prices,social,Marketplace/Blog/26_how_to_compare_automation_commercial_models_not_just_prices/image-prompts.md,explicit,generate_now,P2,false,true,Marketplace/Blog/26_how_to_compare_automation_commercial_models_not_just_prices/assets/images,social_1x1_v1.png,social_1x1_v1.meta.json,website|social|newsletter
Marketplace,blog,27_when_single_sourcing_is_smarter_than_running_a_full_supplier_beauty_contest,hero,Marketplace/Blog/27_when_single_sourcing_is_smarter_than_running_a_full_supplier_beauty_contest/image-prompts.md,explicit,generate_now,P2,false,true,Marketplace/Blog/27_when_single_sourcing_is_smarter_than_running_a_full_supplier_beauty_contest/assets/images,hero_16x9_v1.png,hero_16x9_v1.meta.json,website|social|newsletter
Marketplace,blog,27_when_single_sourcing_is_smarter_than_running_a_full_supplier_beauty_contest,analytical,Marketplace/Blog/27_when_single_sourcing_is_smarter_than_running_a_full_supplier_beauty_contest/image-prompts.md,explicit,generate_now,P2,false,true,Marketplace/Blog/27_when_single_sourcing_is_smarter_than_running_a_full_supplier_beauty_contest/assets/images,analytical_16x9_v1.png,analytical_16x9_v1.meta.json,website|newsletter
Marketplace,blog,27_when_single_sourcing_is_smarter_than_running_a_full_supplier_beauty_contest,social,Marketplace/Blog/27_when_single_sourcing_is_smarter_than_running_a_full_supplier_beauty_contest/image-prompts.md,explicit,generate_now,P2,false,true,Marketplace/Blog/27_when_single_sourcing_is_smarter_than_running_a_full_supplier_beauty_contest/assets/images,social_1x1_v1.png,social_1x1_v1.meta.json,website|social|newsletter
Marketplace,blog,28_what_internal_red_flags_should_pause_an_automation_buying_process,hero,Marketplace/Blog/28_what_internal_red_flags_should_pause_an_automation_buying_process/image-prompts.md,explicit,generate_now,P2,false,true,Marketplace/Blog/28_what_internal_red_flags_should_pause_an_automation_buying_process/assets/images,hero_16x9_v1.png,hero_16x9_v1.meta.json,website|social|newsletter
Marketplace,blog,28_what_internal_red_flags_should_pause_an_automation_buying_process,analytical,Marketplace/Blog/28_what_internal_red_flags_should_pause_an_automation_buying_process/image-prompts.md,explicit,generate_now,P2,false,true,Marketplace/Blog/28_what_internal_red_flags_should_pause_an_automation_buying_process/assets/images,analytical_16x9_v1.png,analytical_16x9_v1.meta.json,website|newsletter
Marketplace,blog,28_what_internal_red_flags_should_pause_an_automation_buying_process,social,Marketplace/Blog/28_what_internal_red_flags_should_pause_an_automation_buying_process/image-prompts.md,explicit,generate_now,P2,false,true,Marketplace/Blog/28_what_internal_red_flags_should_pause_an_automation_buying_process/assets/images,social_1x1_v1.png,social_1x1_v1.meta.json,website|social|newsletter
Marketplace,blog,29_how_to_prepare_your_plant_for_supplier_site_visits_and_discovery_workshops,hero,Marketplace/Blog/29_how_to_prepare_your_plant_for_supplier_site_visits_and_discovery_workshops/image-prompts.md,explicit,generate_now,P2,false,true,Marketplace/Blog/29_how_to_prepare_your_plant_for_supplier_site_visits_and_discovery_workshops/assets/images,hero_16x9_v1.png,hero_16x9_v1.meta.json,website|social|newsletter
Marketplace,blog,29_how_to_prepare_your_plant_for_supplier_site_visits_and_discovery_workshops,analytical,Marketplace/Blog/29_how_to_prepare_your_plant_for_supplier_site_visits_and_discovery_workshops/image-prompts.md,explicit,generate_now,P2,false,true,Marketplace/Blog/29_how_to_prepare_your_plant_for_supplier_site_visits_and_discovery_workshops/assets/images,analytical_16x9_v1.png,analytical_16x9_v1.meta.json,website|newsletter
Marketplace,blog,29_how_to_prepare_your_plant_for_supplier_site_visits_and_discovery_workshops,social,Marketplace/Blog/29_how_to_prepare_your_plant_for_supplier_site_visits_and_discovery_workshops/image-prompts.md,explicit,generate_now,P2,false,true,Marketplace/Blog/29_how_to_prepare_your_plant_for_supplier_site_visits_and_discovery_workshops/assets/images,social_1x1_v1.png,social_1x1_v1.meta.json,website|social|newsletter
Marketplace,blog,30_what_a_clean_handoff_from_selection_to_delivery_should_look_like,hero,Marketplace/Blog/30_what_a_clean_handoff_from_selection_to_delivery_should_look_like/image-prompts.md,explicit,generate_now,P2,false,true,Marketplace/Blog/30_what_a_clean_handoff_from_selection_to_delivery_should_look_like/assets/images,hero_16x9_v1.png,hero_16x9_v1.meta.json,website|social|newsletter
Marketplace,blog,30_what_a_clean_handoff_from_selection_to_delivery_should_look_like,analytical,Marketplace/Blog/30_what_a_clean_handoff_from_selection_to_delivery_should_look_like/image-prompts.md,explicit,generate_now,P2,false,true,Marketplace/Blog/30_what_a_clean_handoff_from_selection_to_delivery_should_look_like/assets/images,analytical_16x9_v1.png,analytical_16x9_v1.meta.json,website|newsletter
Marketplace,blog,30_what_a_clean_handoff_from_selection_to_delivery_should_look_like,social,Marketplace/Blog/30_what_a_clean_handoff_from_selection_to_delivery_should_look_like/image-prompts.md,explicit,generate_now,P2,false,true,Marketplace/Blog/30_what_a_clean_handoff_from_selection_to_delivery_should_look_like/assets/images,social_1x1_v1.png,social_1x1_v1.meta.json,website|social|newsletter
Marketplace,blog,31_how_to_validate_total_cost_of_ownership_in_automation_projects,hero,Marketplace/Blog/31_how_to_validate_total_cost_of_ownership_in_automation_projects/image-prompts.md,explicit,generate_now,P2,false,true,Marketplace/Blog/31_how_to_validate_total_cost_of_ownership_in_automation_projects/assets/images,hero_16x9_v1.png,hero_16x9_v1.meta.json,website|social|newsletter
Marketplace,blog,31_how_to_validate_total_cost_of_ownership_in_automation_projects,analytical,Marketplace/Blog/31_how_to_validate_total_cost_of_ownership_in_automation_projects/image-prompts.md,explicit,generate_now,P2,false,true,Marketplace/Blog/31_how_to_validate_total_cost_of_ownership_in_automation_projects/assets/images,analytical_16x9_v1.png,analytical_16x9_v1.meta.json,website|newsletter
Marketplace,blog,31_how_to_validate_total_cost_of_ownership_in_automation_projects,social,Marketplace/Blog/31_how_to_validate_total_cost_of_ownership_in_automation_projects/image-prompts.md,explicit,generate_now,P2,false,true,Marketplace/Blog/31_how_to_validate_total_cost_of_ownership_in_automation_projects/assets/images,social_1x1_v1.png,social_1x1_v1.meta.json,website|social|newsletter
Marketplace,blog,32_when_to_reopen_an_automation_decision_before_signing,hero,Marketplace/Blog/32_when_to_reopen_an_automation_decision_before_signing/image-prompts.md,explicit,generate_now,P2,false,true,Marketplace/Blog/32_when_to_reopen_an_automation_decision_before_signing/assets/images,hero_16x9_v1.png,hero_16x9_v1.meta.json,website|social|newsletter
Marketplace,blog,32_when_to_reopen_an_automation_decision_before_signing,analytical,Marketplace/Blog/32_when_to_reopen_an_automation_decision_before_signing/image-prompts.md,explicit,generate_now,P2,false,true,Marketplace/Blog/32_when_to_reopen_an_automation_decision_before_signing/assets/images,analytical_16x9_v1.png,analytical_16x9_v1.meta.json,website|newsletter
Marketplace,blog,32_when_to_reopen_an_automation_decision_before_signing,social,Marketplace/Blog/32_when_to_reopen_an_automation_decision_before_signing/image-prompts.md,explicit,generate_now,P2,false,true,Marketplace/Blog/32_when_to_reopen_an_automation_decision_before_signing/assets/images,social_1x1_v1.png,social_1x1_v1.meta.json,website|social|newsletter
Marketplace,blog,33_how_to_choose_the_right_internal_owner_for_an_automation_project,hero,Marketplace/Blog/33_how_to_choose_the_right_internal_owner_for_an_automation_project/image-prompts.md,explicit,generate_now,P2,false,true,Marketplace/Blog/33_how_to_choose_the_right_internal_owner_for_an_automation_project/assets/images,hero_16x9_v1.png,hero_16x9_v1.meta.json,website|social|newsletter
Marketplace,blog,33_how_to_choose_the_right_internal_owner_for_an_automation_project,analytical,Marketplace/Blog/33_how_to_choose_the_right_internal_owner_for_an_automation_project/image-prompts.md,explicit,generate_now,P2,false,true,Marketplace/Blog/33_how_to_choose_the_right_internal_owner_for_an_automation_project/assets/images,analytical_16x9_v1.png,analytical_16x9_v1.meta.json,website|newsletter
Marketplace,blog,33_how_to_choose_the_right_internal_owner_for_an_automation_project,social,Marketplace/Blog/33_how_to_choose_the_right_internal_owner_for_an_automation_project/image-prompts.md,explicit,generate_now,P2,false,true,Marketplace/Blog/33_how_to_choose_the_right_internal_owner_for_an_automation_project/assets/images,social_1x1_v1.png,social_1x1_v1.meta.json,website|social|newsletter
Marketplace,blog,34_when_to_run_a_paid_discovery_phase_before_full_automation_award,hero,Marketplace/Blog/34_when_to_run_a_paid_discovery_phase_before_full_automation_award/image-prompts.md,explicit,generate_now,P2,false,true,Marketplace/Blog/34_when_to_run_a_paid_discovery_phase_before_full_automation_award/assets/images,hero_16x9_v1.png,hero_16x9_v1.meta.json,website|social|newsletter
Marketplace,blog,34_when_to_run_a_paid_discovery_phase_before_full_automation_award,analytical,Marketplace/Blog/34_when_to_run_a_paid_discovery_phase_before_full_automation_award/image-prompts.md,explicit,generate_now,P2,false,true,Marketplace/Blog/34_when_to_run_a_paid_discovery_phase_before_full_automation_award/assets/images,analytical_16x9_v1.png,analytical_16x9_v1.meta.json,website|newsletter
Marketplace,blog,34_when_to_run_a_paid_discovery_phase_before_full_automation_award,social,Marketplace/Blog/34_when_to_run_a_paid_discovery_phase_before_full_automation_award/image-prompts.md,explicit,generate_now,P2,false,true,Marketplace/Blog/34_when_to_run_a_paid_discovery_phase_before_full_automation_award/assets/images,social_1x1_v1.png,social_1x1_v1.meta.json,website|social|newsletter
Marketplace,blog,35_what_change_order_risk_to_check_before_an_automation_project_starts,hero,Marketplace/Blog/35_what_change_order_risk_to_check_before_an_automation_project_starts/image-prompts.md,explicit,generate_now,P2,false,true,Marketplace/Blog/35_what_change_order_risk_to_check_before_an_automation_project_starts/assets/images,hero_16x9_v1.png,hero_16x9_v1.meta.json,website|social|newsletter
Marketplace,blog,35_what_change_order_risk_to_check_before_an_automation_project_starts,analytical,Marketplace/Blog/35_what_change_order_risk_to_check_before_an_automation_project_starts/image-prompts.md,explicit,generate_now,P2,false,true,Marketplace/Blog/35_what_change_order_risk_to_check_before_an_automation_project_starts/assets/images,analytical_16x9_v1.png,analytical_16x9_v1.meta.json,website|newsletter
Marketplace,blog,35_what_change_order_risk_to_check_before_an_automation_project_starts,social,Marketplace/Blog/35_what_change_order_risk_to_check_before_an_automation_project_starts/image-prompts.md,explicit,generate_now,P2,false,true,Marketplace/Blog/35_what_change_order_risk_to_check_before_an_automation_project_starts/assets/images,social_1x1_v1.png,social_1x1_v1.meta.json,website|social|newsletter
Marketplace,blog,36_how_to_set_acceptance_criteria_before_automation_delivery_begins,hero,Marketplace/Blog/36_how_to_set_acceptance_criteria_before_automation_delivery_begins/image-prompts.md,explicit,generate_now,P2,false,true,Marketplace/Blog/36_how_to_set_acceptance_criteria_before_automation_delivery_begins/assets/images,hero_16x9_v1.png,hero_16x9_v1.meta.json,website|social|newsletter
Marketplace,blog,36_how_to_set_acceptance_criteria_before_automation_delivery_begins,analytical,Marketplace/Blog/36_how_to_set_acceptance_criteria_before_automation_delivery_begins/image-prompts.md,explicit,generate_now,P2,false,true,Marketplace/Blog/36_how_to_set_acceptance_criteria_before_automation_delivery_begins/assets/images,analytical_16x9_v1.png,analytical_16x9_v1.meta.json,website|newsletter
Marketplace,blog,36_how_to_set_acceptance_criteria_before_automation_delivery_begins,social,Marketplace/Blog/36_how_to_set_acceptance_criteria_before_automation_delivery_begins/image-prompts.md,explicit,generate_now,P2,false,true,Marketplace/Blog/36_how_to_set_acceptance_criteria_before_automation_delivery_begins/assets/images,social_1x1_v1.png,social_1x1_v1.meta.json,website|social|newsletter
Marketplace,blog,37_when_an_incumbent_supplier_should_not_win_the_next_automation_project,hero,Marketplace/Blog/37_when_an_incumbent_supplier_should_not_win_the_next_automation_project/image-prompts.md,explicit,generate_now,P2,false,true,Marketplace/Blog/37_when_an_incumbent_supplier_should_not_win_the_next_automation_project/assets/images,hero_16x9_v1.png,hero_16x9_v1.meta.json,website|social|newsletter
Marketplace,blog,37_when_an_incumbent_supplier_should_not_win_the_next_automation_project,analytical,Marketplace/Blog/37_when_an_incumbent_supplier_should_not_win_the_next_automation_project/image-prompts.md,explicit,generate_now,P2,false,true,Marketplace/Blog/37_when_an_incumbent_supplier_should_not_win_the_next_automation_project/assets/images,analytical_16x9_v1.png,analytical_16x9_v1.meta.json,website|newsletter
Marketplace,blog,37_when_an_incumbent_supplier_should_not_win_the_next_automation_project,social,Marketplace/Blog/37_when_an_incumbent_supplier_should_not_win_the_next_automation_project/image-prompts.md,explicit,generate_now,P2,false,true,Marketplace/Blog/37_when_an_incumbent_supplier_should_not_win_the_next_automation_project/assets/images,social_1x1_v1.png,social_1x1_v1.meta.json,website|social|newsletter
Marketplace,blog,38_how_to_keep_procurement_speed_without_losing_technical_quality,hero,Marketplace/Blog/38_how_to_keep_procurement_speed_without_losing_technical_quality/image-prompts.md,explicit,generate_now,P2,false,true,Marketplace/Blog/38_how_to_keep_procurement_speed_without_losing_technical_quality/assets/images,hero_16x9_v1.png,hero_16x9_v1.meta.json,website|social|newsletter
Marketplace,blog,38_how_to_keep_procurement_speed_without_losing_technical_quality,analytical,Marketplace/Blog/38_how_to_keep_procurement_speed_without_losing_technical_quality/image-prompts.md,explicit,generate_now,P2,false,true,Marketplace/Blog/38_how_to_keep_procurement_speed_without_losing_technical_quality/assets/images,analytical_16x9_v1.png,analytical_16x9_v1.meta.json,website|newsletter
Marketplace,blog,38_how_to_keep_procurement_speed_without_losing_technical_quality,social,Marketplace/Blog/38_how_to_keep_procurement_speed_without_losing_technical_quality/image-prompts.md,explicit,generate_now,P2,false,true,Marketplace/Blog/38_how_to_keep_procurement_speed_without_losing_technical_quality/assets/images,social_1x1_v1.png,social_1x1_v1.meta.json,website|social|newsletter
Marketplace,blog,39_what_a_good_internal_business_case_for_automation_should_make_visible,hero,Marketplace/Blog/39_what_a_good_internal_business_case_for_automation_should_make_visible/image-prompts.md,explicit,generate_now,P2,false,true,Marketplace/Blog/39_what_a_good_internal_business_case_for_automation_should_make_visible/assets/images,hero_16x9_v1.png,hero_16x9_v1.meta.json,website|social|newsletter
Marketplace,blog,39_what_a_good_internal_business_case_for_automation_should_make_visible,analytical,Marketplace/Blog/39_what_a_good_internal_business_case_for_automation_should_make_visible/image-prompts.md,explicit,generate_now,P2,false,true,Marketplace/Blog/39_what_a_good_internal_business_case_for_automation_should_make_visible/assets/images,analytical_16x9_v1.png,analytical_16x9_v1.meta.json,website|newsletter
Marketplace,blog,39_what_a_good_internal_business_case_for_automation_should_make_visible,social,Marketplace/Blog/39_what_a_good_internal_business_case_for_automation_should_make_visible/image-prompts.md,explicit,generate_now,P2,false,true,Marketplace/Blog/39_what_a_good_internal_business_case_for_automation_should_make_visible/assets/images,social_1x1_v1.png,social_1x1_v1.meta.json,website|social|newsletter
Marketplace,blog,40_how_to_prepare_operations_for_automation_go_live_before_installation_starts,hero,Marketplace/Blog/40_how_to_prepare_operations_for_automation_go_live_before_installation_starts/image-prompts.md,explicit,generate_now,P2,false,true,Marketplace/Blog/40_how_to_prepare_operations_for_automation_go_live_before_installation_starts/assets/images,hero_16x9_v1.png,hero_16x9_v1.meta.json,website|social|newsletter
Marketplace,blog,40_how_to_prepare_operations_for_automation_go_live_before_installation_starts,analytical,Marketplace/Blog/40_how_to_prepare_operations_for_automation_go_live_before_installation_starts/image-prompts.md,explicit,generate_now,P2,false,true,Marketplace/Blog/40_how_to_prepare_operations_for_automation_go_live_before_installation_starts/assets/images,analytical_16x9_v1.png,analytical_16x9_v1.meta.json,website|newsletter
Marketplace,blog,40_how_to_prepare_operations_for_automation_go_live_before_installation_starts,social,Marketplace/Blog/40_how_to_prepare_operations_for_automation_go_live_before_installation_starts/image-prompts.md,explicit,generate_now,P2,false,true,Marketplace/Blog/40_how_to_prepare_operations_for_automation_go_live_before_installation_starts/assets/images,social_1x1_v1.png,social_1x1_v1.meta.json,website|social|newsletter
Marketplace,blog,41_when_to_bundle_multiple_automation_needs_into_one_buying_process_and_when_not_to,hero,Marketplace/Blog/41_when_to_bundle_multiple_automation_needs_into_one_buying_process_and_when_not_to/image-prompts.md,explicit,generate_now,P2,false,true,Marketplace/Blog/41_when_to_bundle_multiple_automation_needs_into_one_buying_process_and_when_not_to/assets/images,hero_16x9_v1.png,hero_16x9_v1.meta.json,website|social|newsletter
Marketplace,blog,41_when_to_bundle_multiple_automation_needs_into_one_buying_process_and_when_not_to,analytical,Marketplace/Blog/41_when_to_bundle_multiple_automation_needs_into_one_buying_process_and_when_not_to/image-prompts.md,explicit,generate_now,P2,false,true,Marketplace/Blog/41_when_to_bundle_multiple_automation_needs_into_one_buying_process_and_when_not_to/assets/images,analytical_16x9_v1.png,analytical_16x9_v1.meta.json,website|newsletter
Marketplace,blog,41_when_to_bundle_multiple_automation_needs_into_one_buying_process_and_when_not_to,social,Marketplace/Blog/41_when_to_bundle_multiple_automation_needs_into_one_buying_process_and_when_not_to/image-prompts.md,explicit,generate_now,P2,false,true,Marketplace/Blog/41_when_to_bundle_multiple_automation_needs_into_one_buying_process_and_when_not_to/assets/images,social_1x1_v1.png,social_1x1_v1.meta.json,website|social|newsletter
Marketplace,blog,42_how_to_run_a_final_internal_alignment_review_before_automation_kickoff,hero,Marketplace/Blog/42_how_to_run_a_final_internal_alignment_review_before_automation_kickoff/image-prompts.md,explicit,generate_now,P2,false,true,Marketplace/Blog/42_how_to_run_a_final_internal_alignment_review_before_automation_kickoff/assets/images,hero_16x9_v1.png,hero_16x9_v1.meta.json,website|social|newsletter
Marketplace,blog,42_how_to_run_a_final_internal_alignment_review_before_automation_kickoff,analytical,Marketplace/Blog/42_how_to_run_a_final_internal_alignment_review_before_automation_kickoff/image-prompts.md,explicit,generate_now,P2,false,true,Marketplace/Blog/42_how_to_run_a_final_internal_alignment_review_before_automation_kickoff/assets/images,analytical_16x9_v1.png,analytical_16x9_v1.meta.json,website|newsletter
Marketplace,blog,42_how_to_run_a_final_internal_alignment_review_before_automation_kickoff,social,Marketplace/Blog/42_how_to_run_a_final_internal_alignment_review_before_automation_kickoff/image-prompts.md,explicit,generate_now,P2,false,true,Marketplace/Blog/42_how_to_run_a_final_internal_alignment_review_before_automation_kickoff/assets/images,social_1x1_v1.png,social_1x1_v1.meta.json,website|social|newsletter
Marketplace,blog,43_how_to_decide_if_an_automation_project_is_ready_for_board_approval,hero,Marketplace/Blog/43_how_to_decide_if_an_automation_project_is_ready_for_board_approval/image-prompts.md,explicit,generate_now,P2,false,true,Marketplace/Blog/43_how_to_decide_if_an_automation_project_is_ready_for_board_approval/assets/images,hero_16x9_v1.png,hero_16x9_v1.meta.json,website|social|newsletter
Marketplace,blog,43_how_to_decide_if_an_automation_project_is_ready_for_board_approval,analytical,Marketplace/Blog/43_how_to_decide_if_an_automation_project_is_ready_for_board_approval/image-prompts.md,explicit,generate_now,P2,false,true,Marketplace/Blog/43_how_to_decide_if_an_automation_project_is_ready_for_board_approval/assets/images,analytical_16x9_v1.png,analytical_16x9_v1.meta.json,website|newsletter
Marketplace,blog,43_how_to_decide_if_an_automation_project_is_ready_for_board_approval,social,Marketplace/Blog/43_how_to_decide_if_an_automation_project_is_ready_for_board_approval/image-prompts.md,explicit,generate_now,P2,false,true,Marketplace/Blog/43_how_to_decide_if_an_automation_project_is_ready_for_board_approval/assets/images,social_1x1_v1.png,social_1x1_v1.meta.json,website|social|newsletter
Marketplace,blog,44_what_a_board_ready_automation_decision_packet_should_include,hero,Marketplace/Blog/44_what_a_board_ready_automation_decision_packet_should_include/image-prompts.md,explicit,generate_now,P2,false,true,Marketplace/Blog/44_what_a_board_ready_automation_decision_packet_should_include/assets/images,hero_16x9_v1.png,hero_16x9_v1.meta.json,website|social|newsletter
Marketplace,blog,44_what_a_board_ready_automation_decision_packet_should_include,analytical,Marketplace/Blog/44_what_a_board_ready_automation_decision_packet_should_include/image-prompts.md,explicit,generate_now,P2,false,true,Marketplace/Blog/44_what_a_board_ready_automation_decision_packet_should_include/assets/images,analytical_16x9_v1.png,analytical_16x9_v1.meta.json,website|newsletter
Marketplace,blog,44_what_a_board_ready_automation_decision_packet_should_include,social,Marketplace/Blog/44_what_a_board_ready_automation_decision_packet_should_include/image-prompts.md,explicit,generate_now,P2,false,true,Marketplace/Blog/44_what_a_board_ready_automation_decision_packet_should_include/assets/images,social_1x1_v1.png,social_1x1_v1.meta.json,website|social|newsletter
Marketplace,blog,45_when_to_freeze_scope_in_an_automation_purchase_and_when_not_to,hero,Marketplace/Blog/45_when_to_freeze_scope_in_an_automation_purchase_and_when_not_to/image-prompts.md,explicit,generate_now,P2,false,true,Marketplace/Blog/45_when_to_freeze_scope_in_an_automation_purchase_and_when_not_to/assets/images,hero_16x9_v1.png,hero_16x9_v1.meta.json,website|social|newsletter
Marketplace,blog,45_when_to_freeze_scope_in_an_automation_purchase_and_when_not_to,analytical,Marketplace/Blog/45_when_to_freeze_scope_in_an_automation_purchase_and_when_not_to/image-prompts.md,explicit,generate_now,P2,false,true,Marketplace/Blog/45_when_to_freeze_scope_in_an_automation_purchase_and_when_not_to/assets/images,analytical_16x9_v1.png,analytical_16x9_v1.meta.json,website|newsletter
Marketplace,blog,45_when_to_freeze_scope_in_an_automation_purchase_and_when_not_to,social,Marketplace/Blog/45_when_to_freeze_scope_in_an_automation_purchase_and_when_not_to/image-prompts.md,explicit,generate_now,P2,false,true,Marketplace/Blog/45_when_to_freeze_scope_in_an_automation_purchase_and_when_not_to/assets/images,social_1x1_v1.png,social_1x1_v1.meta.json,website|social|newsletter
Marketplace,blog,46_how_to_keep_supplier_clarifications_from_destroying_offer_comparability,hero,Marketplace/Blog/46_how_to_keep_supplier_clarifications_from_destroying_offer_comparability/image-prompts.md,explicit,generate_now,P2,false,true,Marketplace/Blog/46_how_to_keep_supplier_clarifications_from_destroying_offer_comparability/assets/images,hero_16x9_v1.png,hero_16x9_v1.meta.json,website|social|newsletter
Marketplace,blog,46_how_to_keep_supplier_clarifications_from_destroying_offer_comparability,analytical,Marketplace/Blog/46_how_to_keep_supplier_clarifications_from_destroying_offer_comparability/image-prompts.md,explicit,generate_now,P2,false,true,Marketplace/Blog/46_how_to_keep_supplier_clarifications_from_destroying_offer_comparability/assets/images,analytical_16x9_v1.png,analytical_16x9_v1.meta.json,website|newsletter
Marketplace,blog,46_how_to_keep_supplier_clarifications_from_destroying_offer_comparability,social,Marketplace/Blog/46_how_to_keep_supplier_clarifications_from_destroying_offer_comparability/image-prompts.md,explicit,generate_now,P2,false,true,Marketplace/Blog/46_how_to_keep_supplier_clarifications_from_destroying_offer_comparability/assets/images,social_1x1_v1.png,social_1x1_v1.meta.json,website|social|newsletter
Marketplace,blog,47_when_a_manufacturer_needs_a_formal_owner_side_pmo_for_automation_delivery,hero,Marketplace/Blog/47_when_a_manufacturer_needs_a_formal_owner_side_pmo_for_automation_delivery/image-prompts.md,explicit,generate_now,P2,false,true,Marketplace/Blog/47_when_a_manufacturer_needs_a_formal_owner_side_pmo_for_automation_delivery/assets/images,hero_16x9_v1.png,hero_16x9_v1.meta.json,website|social|newsletter
Marketplace,blog,47_when_a_manufacturer_needs_a_formal_owner_side_pmo_for_automation_delivery,analytical,Marketplace/Blog/47_when_a_manufacturer_needs_a_formal_owner_side_pmo_for_automation_delivery/image-prompts.md,explicit,generate_now,P2,false,true,Marketplace/Blog/47_when_a_manufacturer_needs_a_formal_owner_side_pmo_for_automation_delivery/assets/images,analytical_16x9_v1.png,analytical_16x9_v1.meta.json,website|newsletter
Marketplace,blog,47_when_a_manufacturer_needs_a_formal_owner_side_pmo_for_automation_delivery,social,Marketplace/Blog/47_when_a_manufacturer_needs_a_formal_owner_side_pmo_for_automation_delivery/image-prompts.md,explicit,generate_now,P2,false,true,Marketplace/Blog/47_when_a_manufacturer_needs_a_formal_owner_side_pmo_for_automation_delivery/assets/images,social_1x1_v1.png,social_1x1_v1.meta.json,website|social|newsletter
Marketplace,blog,48_what_a_good_manufacturer_side_mobilization_plan_should_include_after_award,hero,Marketplace/Blog/48_what_a_good_manufacturer_side_mobilization_plan_should_include_after_award/image-prompts.md,explicit,generate_now,P2,false,true,Marketplace/Blog/48_what_a_good_manufacturer_side_mobilization_plan_should_include_after_award/assets/images,hero_16x9_v1.png,hero_16x9_v1.meta.json,website|social|newsletter
Marketplace,blog,48_what_a_good_manufacturer_side_mobilization_plan_should_include_after_award,analytical,Marketplace/Blog/48_what_a_good_manufacturer_side_mobilization_plan_should_include_after_award/image-prompts.md,explicit,generate_now,P2,false,true,Marketplace/Blog/48_what_a_good_manufacturer_side_mobilization_plan_should_include_after_award/assets/images,analytical_16x9_v1.png,analytical_16x9_v1.meta.json,website|newsletter
Marketplace,blog,48_what_a_good_manufacturer_side_mobilization_plan_should_include_after_award,social,Marketplace/Blog/48_what_a_good_manufacturer_side_mobilization_plan_should_include_after_award/image-prompts.md,explicit,generate_now,P2,false,true,Marketplace/Blog/48_what_a_good_manufacturer_side_mobilization_plan_should_include_after_award/assets/images,social_1x1_v1.png,social_1x1_v1.meta.json,website|social|newsletter
Marketplace,blog,49_how_to_review_automation_project_risk_between_contract_award_and_go_live,hero,Marketplace/Blog/49_how_to_review_automation_project_risk_between_contract_award_and_go_live/image-prompts.md,explicit,generate_now,P2,false,true,Marketplace/Blog/49_how_to_review_automation_project_risk_between_contract_award_and_go_live/assets/images,hero_16x9_v1.png,hero_16x9_v1.meta.json,website|social|newsletter
Marketplace,blog,49_how_to_review_automation_project_risk_between_contract_award_and_go_live,analytical,Marketplace/Blog/49_how_to_review_automation_project_risk_between_contract_award_and_go_live/image-prompts.md,explicit,generate_now,P2,false,true,Marketplace/Blog/49_how_to_review_automation_project_risk_between_contract_award_and_go_live/assets/images,analytical_16x9_v1.png,analytical_16x9_v1.meta.json,website|newsletter
Marketplace,blog,49_how_to_review_automation_project_risk_between_contract_award_and_go_live,social,Marketplace/Blog/49_how_to_review_automation_project_risk_between_contract_award_and_go_live/image-prompts.md,explicit,generate_now,P2,false,true,Marketplace/Blog/49_how_to_review_automation_project_risk_between_contract_award_and_go_live/assets/images,social_1x1_v1.png,social_1x1_v1.meta.json,website|social|newsletter
Marketplace,blog,50_how_to_turn_automation_buying_into_a_repeatable_decision_system,hero,Marketplace/Blog/50_how_to_turn_automation_buying_into_a_repeatable_decision_system/image-prompts.md,explicit,generate_now,P2,false,true,Marketplace/Blog/50_how_to_turn_automation_buying_into_a_repeatable_decision_system/assets/images,hero_16x9_v1.png,hero_16x9_v1.meta.json,website|social|newsletter
Marketplace,blog,50_how_to_turn_automation_buying_into_a_repeatable_decision_system,analytical,Marketplace/Blog/50_how_to_turn_automation_buying_into_a_repeatable_decision_system/image-prompts.md,explicit,generate_now,P2,false,true,Marketplace/Blog/50_how_to_turn_automation_buying_into_a_repeatable_decision_system/assets/images,analytical_16x9_v1.png,analytical_16x9_v1.meta.json,website|newsletter
Marketplace,blog,50_how_to_turn_automation_buying_into_a_repeatable_decision_system,social,Marketplace/Blog/50_how_to_turn_automation_buying_into_a_repeatable_decision_system/image-prompts.md,explicit,generate_now,P2,false,true,Marketplace/Blog/50_how_to_turn_automation_buying_into_a_repeatable_decision_system/assets/images,social_1x1_v1.png,social_1x1_v1.meta.json,website|social|newsletter
Marketplace,blog,43_how_to_keep_automation_supplier_governance_clean_after_award,hero,Marketplace/Blog/_archive_marketplace_43_49_pre_collision_packages/43_how_to_keep_automation_supplier_governance_clean_after_award/image-prompts.md,explicit,exclude_from_active_batch,P2,true,false,Marketplace/Blog/_archive_marketplace_43_49_pre_collision_packages/43_how_to_keep_automation_supplier_governance_clean_after_award/assets/images,hero_16x9_v1.png,hero_16x9_v1.meta.json,website|social|newsletter
Marketplace,blog,43_how_to_keep_automation_supplier_governance_clean_after_award,analytical,Marketplace/Blog/_archive_marketplace_43_49_pre_collision_packages/43_how_to_keep_automation_supplier_governance_clean_after_award/image-prompts.md,explicit,exclude_from_active_batch,P2,true,false,Marketplace/Blog/_archive_marketplace_43_49_pre_collision_packages/43_how_to_keep_automation_supplier_governance_clean_after_award/assets/images,analytical_16x9_v1.png,analytical_16x9_v1.meta.json,website|newsletter
Marketplace,blog,43_how_to_keep_automation_supplier_governance_clean_after_award,social,Marketplace/Blog/_archive_marketplace_43_49_pre_collision_packages/43_how_to_keep_automation_supplier_governance_clean_after_award/image-prompts.md,explicit,exclude_from_active_batch,P2,true,false,Marketplace/Blog/_archive_marketplace_43_49_pre_collision_packages/43_how_to_keep_automation_supplier_governance_clean_after_award/assets/images,social_1x1_v1.png,social_1x1_v1.meta.json,website|social|newsletter
Marketplace,blog,44_when_to_pause_mobilization_before_an_automation_project_creates_rework,hero,Marketplace/Blog/_archive_marketplace_43_49_pre_collision_packages/44_when_to_pause_mobilization_before_an_automation_project_creates_rework/image-prompts.md,explicit,exclude_from_active_batch,P2,true,false,Marketplace/Blog/_archive_marketplace_43_49_pre_collision_packages/44_when_to_pause_mobilization_before_an_automation_project_creates_rework/assets/images,hero_16x9_v1.png,hero_16x9_v1.meta.json,website|social|newsletter
Marketplace,blog,44_when_to_pause_mobilization_before_an_automation_project_creates_rework,analytical,Marketplace/Blog/_archive_marketplace_43_49_pre_collision_packages/44_when_to_pause_mobilization_before_an_automation_project_creates_rework/image-prompts.md,explicit,exclude_from_active_batch,P2,true,false,Marketplace/Blog/_archive_marketplace_43_49_pre_collision_packages/44_when_to_pause_mobilization_before_an_automation_project_creates_rework/assets/images,analytical_16x9_v1.png,analytical_16x9_v1.meta.json,website|newsletter
Marketplace,blog,44_when_to_pause_mobilization_before_an_automation_project_creates_rework,social,Marketplace/Blog/_archive_marketplace_43_49_pre_collision_packages/44_when_to_pause_mobilization_before_an_automation_project_creates_rework/image-prompts.md,explicit,exclude_from_active_batch,P2,true,false,Marketplace/Blog/_archive_marketplace_43_49_pre_collision_packages/44_when_to_pause_mobilization_before_an_automation_project_creates_rework/assets/images,social_1x1_v1.png,social_1x1_v1.meta.json,website|social|newsletter
Marketplace,blog,45_what_buyers_should_reuse_from_the_last_automation_project_and_what_not_to,hero,Marketplace/Blog/_archive_marketplace_43_49_pre_collision_packages/45_what_buyers_should_reuse_from_the_last_automation_project_and_what_not_to/image-prompts.md,explicit,exclude_from_active_batch,P2,true,false,Marketplace/Blog/_archive_marketplace_43_49_pre_collision_packages/45_what_buyers_should_reuse_from_the_last_automation_project_and_what_not_to/assets/images,hero_16x9_v1.png,hero_16x9_v1.meta.json,website|social|newsletter
Marketplace,blog,45_what_buyers_should_reuse_from_the_last_automation_project_and_what_not_to,analytical,Marketplace/Blog/_archive_marketplace_43_49_pre_collision_packages/45_what_buyers_should_reuse_from_the_last_automation_project_and_what_not_to/image-prompts.md,explicit,exclude_from_active_batch,P2,true,false,Marketplace/Blog/_archive_marketplace_43_49_pre_collision_packages/45_what_buyers_should_reuse_from_the_last_automation_project_and_what_not_to/assets/images,analytical_16x9_v1.png,analytical_16x9_v1.meta.json,website|newsletter
Marketplace,blog,45_what_buyers_should_reuse_from_the_last_automation_project_and_what_not_to,social,Marketplace/Blog/_archive_marketplace_43_49_pre_collision_packages/45_what_buyers_should_reuse_from_the_last_automation_project_and_what_not_to/image-prompts.md,explicit,exclude_from_active_batch,P2,true,false,Marketplace/Blog/_archive_marketplace_43_49_pre_collision_packages/45_what_buyers_should_reuse_from_the_last_automation_project_and_what_not_to/assets/images,social_1x1_v1.png,social_1x1_v1.meta.json,website|social|newsletter
Marketplace,blog,46_how_to_create_a_repeatable_automation_buying_scorecard_for_future_projects,hero,Marketplace/Blog/_archive_marketplace_43_49_pre_collision_packages/46_how_to_create_a_repeatable_automation_buying_scorecard_for_future_projects/image-prompts.md,explicit,exclude_from_active_batch,P2,true,false,Marketplace/Blog/_archive_marketplace_43_49_pre_collision_packages/46_how_to_create_a_repeatable_automation_buying_scorecard_for_future_projects/assets/images,hero_16x9_v1.png,hero_16x9_v1.meta.json,website|social|newsletter
Marketplace,blog,46_how_to_create_a_repeatable_automation_buying_scorecard_for_future_projects,analytical,Marketplace/Blog/_archive_marketplace_43_49_pre_collision_packages/46_how_to_create_a_repeatable_automation_buying_scorecard_for_future_projects/image-prompts.md,explicit,exclude_from_active_batch,P2,true,false,Marketplace/Blog/_archive_marketplace_43_49_pre_collision_packages/46_how_to_create_a_repeatable_automation_buying_scorecard_for_future_projects/assets/images,analytical_16x9_v1.png,analytical_16x9_v1.meta.json,website|newsletter
Marketplace,blog,46_how_to_create_a_repeatable_automation_buying_scorecard_for_future_projects,social,Marketplace/Blog/_archive_marketplace_43_49_pre_collision_packages/46_how_to_create_a_repeatable_automation_buying_scorecard_for_future_projects/image-prompts.md,explicit,exclude_from_active_batch,P2,true,false,Marketplace/Blog/_archive_marketplace_43_49_pre_collision_packages/46_how_to_create_a_repeatable_automation_buying_scorecard_for_future_projects/assets/images,social_1x1_v1.png,social_1x1_v1.meta.json,website|social|newsletter
Marketplace,blog,47_when_a_manufacturer_should_build_an_approved_supplier_pattern_not_a_vendor_list,hero,Marketplace/Blog/_archive_marketplace_43_49_pre_collision_packages/47_when_a_manufacturer_should_build_an_approved_supplier_pattern_not_a_vendor_list/image-prompts.md,explicit,exclude_from_active_batch,P2,true,false,Marketplace/Blog/_archive_marketplace_43_49_pre_collision_packages/47_when_a_manufacturer_should_build_an_approved_supplier_pattern_not_a_vendor_list/assets/images,hero_16x9_v1.png,hero_16x9_v1.meta.json,website|social|newsletter
Marketplace,blog,47_when_a_manufacturer_should_build_an_approved_supplier_pattern_not_a_vendor_list,analytical,Marketplace/Blog/_archive_marketplace_43_49_pre_collision_packages/47_when_a_manufacturer_should_build_an_approved_supplier_pattern_not_a_vendor_list/image-prompts.md,explicit,exclude_from_active_batch,P2,true,false,Marketplace/Blog/_archive_marketplace_43_49_pre_collision_packages/47_when_a_manufacturer_should_build_an_approved_supplier_pattern_not_a_vendor_list/assets/images,analytical_16x9_v1.png,analytical_16x9_v1.meta.json,website|newsletter
Marketplace,blog,47_when_a_manufacturer_should_build_an_approved_supplier_pattern_not_a_vendor_list,social,Marketplace/Blog/_archive_marketplace_43_49_pre_collision_packages/47_when_a_manufacturer_should_build_an_approved_supplier_pattern_not_a_vendor_list/image-prompts.md,explicit,exclude_from_active_batch,P2,true,false,Marketplace/Blog/_archive_marketplace_43_49_pre_collision_packages/47_when_a_manufacturer_should_build_an_approved_supplier_pattern_not_a_vendor_list/assets/images,social_1x1_v1.png,social_1x1_v1.meta.json,website|social|newsletter
Marketplace,blog,48_what_a_good_pre_fat_alignment_pack_should_include,hero,Marketplace/Blog/_archive_marketplace_43_49_pre_collision_packages/48_what_a_good_pre_fat_alignment_pack_should_include/image-prompts.md,explicit,exclude_from_active_batch,P2,true,false,Marketplace/Blog/_archive_marketplace_43_49_pre_collision_packages/48_what_a_good_pre_fat_alignment_pack_should_include/assets/images,hero_16x9_v1.png,hero_16x9_v1.meta.json,website|social|newsletter
Marketplace,blog,48_what_a_good_pre_fat_alignment_pack_should_include,analytical,Marketplace/Blog/_archive_marketplace_43_49_pre_collision_packages/48_what_a_good_pre_fat_alignment_pack_should_include/image-prompts.md,explicit,exclude_from_active_batch,P2,true,false,Marketplace/Blog/_archive_marketplace_43_49_pre_collision_packages/48_what_a_good_pre_fat_alignment_pack_should_include/assets/images,analytical_16x9_v1.png,analytical_16x9_v1.meta.json,website|newsletter
Marketplace,blog,48_what_a_good_pre_fat_alignment_pack_should_include,social,Marketplace/Blog/_archive_marketplace_43_49_pre_collision_packages/48_what_a_good_pre_fat_alignment_pack_should_include/image-prompts.md,explicit,exclude_from_active_batch,P2,true,false,Marketplace/Blog/_archive_marketplace_43_49_pre_collision_packages/48_what_a_good_pre_fat_alignment_pack_should_include/assets/images,social_1x1_v1.png,social_1x1_v1.meta.json,website|social|newsletter
Marketplace,blog,49_how_to_review_automation_buying_decisions_after_go_live_without_blame_theater,hero,Marketplace/Blog/_archive_marketplace_43_49_pre_collision_packages/49_how_to_review_automation_buying_decisions_after_go_live_without_blame_theater/image-prompts.md,explicit,exclude_from_active_batch,P2,true,false,Marketplace/Blog/_archive_marketplace_43_49_pre_collision_packages/49_how_to_review_automation_buying_decisions_after_go_live_without_blame_theater/assets/images,hero_16x9_v1.png,hero_16x9_v1.meta.json,website|social|newsletter
Marketplace,blog,49_how_to_review_automation_buying_decisions_after_go_live_without_blame_theater,analytical,Marketplace/Blog/_archive_marketplace_43_49_pre_collision_packages/49_how_to_review_automation_buying_decisions_after_go_live_without_blame_theater/image-prompts.md,explicit,exclude_from_active_batch,P2,true,false,Marketplace/Blog/_archive_marketplace_43_49_pre_collision_packages/49_how_to_review_automation_buying_decisions_after_go_live_without_blame_theater/assets/images,analytical_16x9_v1.png,analytical_16x9_v1.meta.json,website|newsletter
Marketplace,blog,49_how_to_review_automation_buying_decisions_after_go_live_without_blame_theater,social,Marketplace/Blog/_archive_marketplace_43_49_pre_collision_packages/49_how_to_review_automation_buying_decisions_after_go_live_without_blame_theater/image-prompts.md,explicit,exclude_from_active_batch,P2,true,false,Marketplace/Blog/_archive_marketplace_43_49_pre_collision_packages/49_how_to_review_automation_buying_decisions_after_go_live_without_blame_theater/assets/images,social_1x1_v1.png,social_1x1_v1.meta.json,website|social|newsletter
Vector,blog,01_why_public_ai_is_a_security_risk_for_industrial_operations,hero,Vector/Blog/01_why_public_ai_is_a_security_risk_for_industrial_operations/image-prompts.md,explicit,generate_now,P1,false,true,Vector/Blog/01_why_public_ai_is_a_security_risk_for_industrial_operations/assets/images,hero_16x9_v1.png,hero_16x9_v1.meta.json,website|social|newsletter
Vector,blog,01_why_public_ai_is_a_security_risk_for_industrial_operations,analytical,Vector/Blog/01_why_public_ai_is_a_security_risk_for_industrial_operations/image-prompts.md,explicit,generate_now,P1,false,true,Vector/Blog/01_why_public_ai_is_a_security_risk_for_industrial_operations/assets/images,analytical_16x9_v1.png,analytical_16x9_v1.meta.json,website|newsletter
Vector,blog,01_why_public_ai_is_a_security_risk_for_industrial_operations,social,Vector/Blog/01_why_public_ai_is_a_security_risk_for_industrial_operations/image-prompts.md,explicit,generate_now,P1,false,true,Vector/Blog/01_why_public_ai_is_a_security_risk_for_industrial_operations/assets/images,social_1x1_v1.png,social_1x1_v1.meta.json,website|social|newsletter
Vector,blog,02_will_your_data_train_someone_elses_model_what_every_manufacturer_should_ask,hero,Vector/Blog/02_will_your_data_train_someone_elses_model_what_every_manufacturer_should_ask/image-prompts.md,explicit,generate_now,P1,false,true,Vector/Blog/02_will_your_data_train_someone_elses_model_what_every_manufacturer_should_ask/assets/images,hero_16x9_v1.png,hero_16x9_v1.meta.json,website|social|newsletter
Vector,blog,02_will_your_data_train_someone_elses_model_what_every_manufacturer_should_ask,analytical,Vector/Blog/02_will_your_data_train_someone_elses_model_what_every_manufacturer_should_ask/image-prompts.md,explicit,generate_now,P1,false,true,Vector/Blog/02_will_your_data_train_someone_elses_model_what_every_manufacturer_should_ask/assets/images,analytical_16x9_v1.png,analytical_16x9_v1.meta.json,website|newsletter
Vector,blog,02_will_your_data_train_someone_elses_model_what_every_manufacturer_should_ask,social,Vector/Blog/02_will_your_data_train_someone_elses_model_what_every_manufacturer_should_ask/image-prompts.md,explicit,generate_now,P1,false,true,Vector/Blog/02_will_your_data_train_someone_elses_model_what_every_manufacturer_should_ask/assets/images,social_1x1_v1.png,social_1x1_v1.meta.json,website|social|newsletter
Vector,blog,03_on_prem_vs_cloud_ai_for_manufacturing_what_actually_matters,hero,Vector/Blog/03_on_prem_vs_cloud_ai_for_manufacturing_what_actually_matters/image-prompts.md,explicit,generate_now,P1,false,true,Vector/Blog/03_on_prem_vs_cloud_ai_for_manufacturing_what_actually_matters/assets/images,hero_16x9_v1.png,hero_16x9_v1.meta.json,website|social|newsletter
Vector,blog,03_on_prem_vs_cloud_ai_for_manufacturing_what_actually_matters,analytical,Vector/Blog/03_on_prem_vs_cloud_ai_for_manufacturing_what_actually_matters/image-prompts.md,explicit,generate_now,P1,false,true,Vector/Blog/03_on_prem_vs_cloud_ai_for_manufacturing_what_actually_matters/assets/images,analytical_16x9_v1.png,analytical_16x9_v1.meta.json,website|newsletter
Vector,blog,03_on_prem_vs_cloud_ai_for_manufacturing_what_actually_matters,social,Vector/Blog/03_on_prem_vs_cloud_ai_for_manufacturing_what_actually_matters/image-prompts.md,explicit,generate_now,P1,false,true,Vector/Blog/03_on_prem_vs_cloud_ai_for_manufacturing_what_actually_matters/assets/images,social_1x1_v1.png,social_1x1_v1.meta.json,website|social|newsletter
Vector,blog,04_generic_llm_vs_industrial_ai_the_difference_is_bigger_than_accuracy,hero,Vector/Blog/04_generic_llm_vs_industrial_ai_the_difference_is_bigger_than_accuracy/image-prompts.md,explicit,generate_now,P1,false,true,Vector/Blog/04_generic_llm_vs_industrial_ai_the_difference_is_bigger_than_accuracy/assets/images,hero_16x9_v1.png,hero_16x9_v1.meta.json,website|social|newsletter
Vector,blog,04_generic_llm_vs_industrial_ai_the_difference_is_bigger_than_accuracy,analytical,Vector/Blog/04_generic_llm_vs_industrial_ai_the_difference_is_bigger_than_accuracy/image-prompts.md,explicit,generate_now,P1,false,true,Vector/Blog/04_generic_llm_vs_industrial_ai_the_difference_is_bigger_than_accuracy/assets/images,analytical_16x9_v1.png,analytical_16x9_v1.meta.json,website|newsletter
Vector,blog,04_generic_llm_vs_industrial_ai_the_difference_is_bigger_than_accuracy,social,Vector/Blog/04_generic_llm_vs_industrial_ai_the_difference_is_bigger_than_accuracy/image-prompts.md,explicit,generate_now,P1,false,true,Vector/Blog/04_generic_llm_vs_industrial_ai_the_difference_is_bigger_than_accuracy/assets/images,social_1x1_v1.png,social_1x1_v1.meta.json,website|social|newsletter
Vector,blog,05_why_factory_data_should_never_be_treated_like_generic_enterprise_data,hero,Vector/Blog/05_why_factory_data_should_never_be_treated_like_generic_enterprise_data/image-prompts.md,explicit,generate_now,P1,false,true,Vector/Blog/05_why_factory_data_should_never_be_treated_like_generic_enterprise_data/assets/images,hero_16x9_v1.png,hero_16x9_v1.meta.json,website|social|newsletter
Vector,blog,05_why_factory_data_should_never_be_treated_like_generic_enterprise_data,analytical,Vector/Blog/05_why_factory_data_should_never_be_treated_like_generic_enterprise_data/image-prompts.md,explicit,generate_now,P1,false,true,Vector/Blog/05_why_factory_data_should_never_be_treated_like_generic_enterprise_data/assets/images,analytical_16x9_v1.png,analytical_16x9_v1.meta.json,website|newsletter
Vector,blog,05_why_factory_data_should_never_be_treated_like_generic_enterprise_data,social,Vector/Blog/05_why_factory_data_should_never_be_treated_like_generic_enterprise_data/image-prompts.md,explicit,generate_now,P1,false,true,Vector/Blog/05_why_factory_data_should_never_be_treated_like_generic_enterprise_data/assets/images,social_1x1_v1.png,social_1x1_v1.meta.json,website|social|newsletter
Vector,blog,06_the_hidden_risk_of_uploading_layouts_costs_and_process_know_how_to_public_ai,hero,Vector/Blog/06_the_hidden_risk_of_uploading_layouts_costs_and_process_know_how_to_public_ai/image-prompts.md,explicit,generate_now,P1,false,true,Vector/Blog/06_the_hidden_risk_of_uploading_layouts_costs_and_process_know_how_to_public_ai/assets/images,hero_16x9_v1.png,hero_16x9_v1.meta.json,website|social|newsletter
Vector,blog,06_the_hidden_risk_of_uploading_layouts_costs_and_process_know_how_to_public_ai,analytical,Vector/Blog/06_the_hidden_risk_of_uploading_layouts_costs_and_process_know_how_to_public_ai/image-prompts.md,explicit,generate_now,P1,false,true,Vector/Blog/06_the_hidden_risk_of_uploading_layouts_costs_and_process_know_how_to_public_ai/assets/images,analytical_16x9_v1.png,analytical_16x9_v1.meta.json,website|newsletter
Vector,blog,06_the_hidden_risk_of_uploading_layouts_costs_and_process_know_how_to_public_ai,social,Vector/Blog/06_the_hidden_risk_of_uploading_layouts_costs_and_process_know_how_to_public_ai/image-prompts.md,explicit,generate_now,P1,false,true,Vector/Blog/06_the_hidden_risk_of_uploading_layouts_costs_and_process_know_how_to_public_ai/assets/images,social_1x1_v1.png,social_1x1_v1.meta.json,website|social|newsletter
Vector,blog,07_what_private_ai_really_means_in_a_manufacturing_environment,hero,Vector/Blog/07_what_private_ai_really_means_in_a_manufacturing_environment/image-prompts.md,explicit,generate_now,P1,false,true,Vector/Blog/07_what_private_ai_really_means_in_a_manufacturing_environment/assets/images,hero_16x9_v1.png,hero_16x9_v1.meta.json,website|social|newsletter
Vector,blog,07_what_private_ai_really_means_in_a_manufacturing_environment,analytical,Vector/Blog/07_what_private_ai_really_means_in_a_manufacturing_environment/image-prompts.md,explicit,generate_now,P1,false,true,Vector/Blog/07_what_private_ai_really_means_in_a_manufacturing_environment/assets/images,analytical_16x9_v1.png,analytical_16x9_v1.meta.json,website|newsletter
Vector,blog,07_what_private_ai_really_means_in_a_manufacturing_environment,social,Vector/Blog/07_what_private_ai_really_means_in_a_manufacturing_environment/image-prompts.md,explicit,generate_now,P1,false,true,Vector/Blog/07_what_private_ai_really_means_in_a_manufacturing_environment/assets/images,social_1x1_v1.png,social_1x1_v1.meta.json,website|social|newsletter
Vector,blog,08_how_to_evaluate_an_industrial_ai_vendor_without_getting_lost_in_buzzwords,hero,Vector/Blog/08_how_to_evaluate_an_industrial_ai_vendor_without_getting_lost_in_buzzwords/image-prompts.md,explicit,generate_now,P1,false,true,Vector/Blog/08_how_to_evaluate_an_industrial_ai_vendor_without_getting_lost_in_buzzwords/assets/images,hero_16x9_v1.png,hero_16x9_v1.meta.json,website|social|newsletter
Vector,blog,08_how_to_evaluate_an_industrial_ai_vendor_without_getting_lost_in_buzzwords,analytical,Vector/Blog/08_how_to_evaluate_an_industrial_ai_vendor_without_getting_lost_in_buzzwords/image-prompts.md,explicit,generate_now,P1,false,true,Vector/Blog/08_how_to_evaluate_an_industrial_ai_vendor_without_getting_lost_in_buzzwords/assets/images,analytical_16x9_v1.png,analytical_16x9_v1.meta.json,website|newsletter
Vector,blog,08_how_to_evaluate_an_industrial_ai_vendor_without_getting_lost_in_buzzwords,social,Vector/Blog/08_how_to_evaluate_an_industrial_ai_vendor_without_getting_lost_in_buzzwords/image-prompts.md,explicit,generate_now,P1,false,true,Vector/Blog/08_how_to_evaluate_an_industrial_ai_vendor_without_getting_lost_in_buzzwords/assets/images,social_1x1_v1.png,social_1x1_v1.meta.json,website|social|newsletter
Vector,blog,09_why_ai_governance_matters_more_in_factories_than_in_offices,hero,Vector/Blog/09_why_ai_governance_matters_more_in_factories_than_in_offices/image-prompts.md,explicit,generate_now,P1,false,true,Vector/Blog/09_why_ai_governance_matters_more_in_factories_than_in_offices/assets/images,hero_16x9_v1.png,hero_16x9_v1.meta.json,website|social|newsletter
Vector,blog,09_why_ai_governance_matters_more_in_factories_than_in_offices,analytical,Vector/Blog/09_why_ai_governance_matters_more_in_factories_than_in_offices/image-prompts.md,explicit,generate_now,P1,false,true,Vector/Blog/09_why_ai_governance_matters_more_in_factories_than_in_offices/assets/images,analytical_16x9_v1.png,analytical_16x9_v1.meta.json,website|newsletter
Vector,blog,09_why_ai_governance_matters_more_in_factories_than_in_offices,social,Vector/Blog/09_why_ai_governance_matters_more_in_factories_than_in_offices/image-prompts.md,explicit,generate_now,P1,false,true,Vector/Blog/09_why_ai_governance_matters_more_in_factories_than_in_offices/assets/images,social_1x1_v1.png,social_1x1_v1.meta.json,website|social|newsletter
Vector,blog,10_ai_that_recommends_is_useful_ai_that_decides_alone_is_dangerous,hero,Vector/Blog/10_ai_that_recommends_is_useful_ai_that_decides_alone_is_dangerous/image-prompts.md,explicit,generate_now,P1,false,true,Vector/Blog/10_ai_that_recommends_is_useful_ai_that_decides_alone_is_dangerous/assets/images,hero_16x9_v1.png,hero_16x9_v1.meta.json,website|social|newsletter
Vector,blog,10_ai_that_recommends_is_useful_ai_that_decides_alone_is_dangerous,analytical,Vector/Blog/10_ai_that_recommends_is_useful_ai_that_decides_alone_is_dangerous/image-prompts.md,explicit,generate_now,P1,false,true,Vector/Blog/10_ai_that_recommends_is_useful_ai_that_decides_alone_is_dangerous/assets/images,analytical_16x9_v1.png,analytical_16x9_v1.meta.json,website|newsletter
Vector,blog,10_ai_that_recommends_is_useful_ai_that_decides_alone_is_dangerous,social,Vector/Blog/10_ai_that_recommends_is_useful_ai_that_decides_alone_is_dangerous/image-prompts.md,explicit,generate_now,P1,false,true,Vector/Blog/10_ai_that_recommends_is_useful_ai_that_decides_alone_is_dangerous/assets/images,social_1x1_v1.png,social_1x1_v1.meta.json,website|social|newsletter
Vector,blog,11_the_real_cost_of_choosing_the_wrong_ai_deployment_model,hero,Vector/Blog/11_the_real_cost_of_choosing_the_wrong_ai_deployment_model/image-prompts.md,explicit,generate_now,P1,false,true,Vector/Blog/11_the_real_cost_of_choosing_the_wrong_ai_deployment_model/assets/images,hero_16x9_v1.png,hero_16x9_v1.meta.json,website|social|newsletter
Vector,blog,11_the_real_cost_of_choosing_the_wrong_ai_deployment_model,analytical,Vector/Blog/11_the_real_cost_of_choosing_the_wrong_ai_deployment_model/image-prompts.md,explicit,generate_now,P1,false,true,Vector/Blog/11_the_real_cost_of_choosing_the_wrong_ai_deployment_model/assets/images,analytical_16x9_v1.png,analytical_16x9_v1.meta.json,website|newsletter
Vector,blog,11_the_real_cost_of_choosing_the_wrong_ai_deployment_model,social,Vector/Blog/11_the_real_cost_of_choosing_the_wrong_ai_deployment_model/image-prompts.md,explicit,generate_now,P1,false,true,Vector/Blog/11_the_real_cost_of_choosing_the_wrong_ai_deployment_model/assets/images,social_1x1_v1.png,social_1x1_v1.meta.json,website|social|newsletter
Vector,blog,12_can_you_audit_your_ai_why_traceability_matters_in_industrial_decisions,hero,Vector/Blog/12_can_you_audit_your_ai_why_traceability_matters_in_industrial_decisions/image-prompts.md,explicit,generate_now,P1,false,true,Vector/Blog/12_can_you_audit_your_ai_why_traceability_matters_in_industrial_decisions/assets/images,hero_16x9_v1.png,hero_16x9_v1.meta.json,website|social|newsletter
Vector,blog,12_can_you_audit_your_ai_why_traceability_matters_in_industrial_decisions,analytical,Vector/Blog/12_can_you_audit_your_ai_why_traceability_matters_in_industrial_decisions/image-prompts.md,explicit,generate_now,P1,false,true,Vector/Blog/12_can_you_audit_your_ai_why_traceability_matters_in_industrial_decisions/assets/images,analytical_16x9_v1.png,analytical_16x9_v1.meta.json,website|newsletter
Vector,blog,12_can_you_audit_your_ai_why_traceability_matters_in_industrial_decisions,social,Vector/Blog/12_can_you_audit_your_ai_why_traceability_matters_in_industrial_decisions/image-prompts.md,explicit,generate_now,P1,false,true,Vector/Blog/12_can_you_audit_your_ai_why_traceability_matters_in_industrial_decisions/assets/images,social_1x1_v1.png,social_1x1_v1.meta.json,website|social|newsletter
Vector,blog,13_why_domain_knowledge_beats_bigger_generic_models_in_manufacturing,hero,Vector/Blog/13_why_domain_knowledge_beats_bigger_generic_models_in_manufacturing/image-prompts.md,explicit,generate_now,P1,false,true,Vector/Blog/13_why_domain_knowledge_beats_bigger_generic_models_in_manufacturing/assets/images,hero_16x9_v1.png,hero_16x9_v1.meta.json,website|social|newsletter
Vector,blog,13_why_domain_knowledge_beats_bigger_generic_models_in_manufacturing,analytical,Vector/Blog/13_why_domain_knowledge_beats_bigger_generic_models_in_manufacturing/image-prompts.md,explicit,generate_now,P1,false,true,Vector/Blog/13_why_domain_knowledge_beats_bigger_generic_models_in_manufacturing/assets/images,analytical_16x9_v1.png,analytical_16x9_v1.meta.json,website|newsletter
Vector,blog,13_why_domain_knowledge_beats_bigger_generic_models_in_manufacturing,social,Vector/Blog/13_why_domain_knowledge_beats_bigger_generic_models_in_manufacturing/image-prompts.md,explicit,generate_now,P1,false,true,Vector/Blog/13_why_domain_knowledge_beats_bigger_generic_models_in_manufacturing/assets/images,social_1x1_v1.png,social_1x1_v1.meta.json,website|social|newsletter
Vector,blog,14_what_it_means_to_train_an_ai_on_real_transformation_cases,hero,Vector/Blog/14_what_it_means_to_train_an_ai_on_real_transformation_cases/image-prompts.md,explicit,generate_now,P1,false,true,Vector/Blog/14_what_it_means_to_train_an_ai_on_real_transformation_cases/assets/images,hero_16x9_v1.png,hero_16x9_v1.meta.json,website|social|newsletter
Vector,blog,14_what_it_means_to_train_an_ai_on_real_transformation_cases,analytical,Vector/Blog/14_what_it_means_to_train_an_ai_on_real_transformation_cases/image-prompts.md,explicit,generate_now,P1,false,true,Vector/Blog/14_what_it_means_to_train_an_ai_on_real_transformation_cases/assets/images,analytical_16x9_v1.png,analytical_16x9_v1.meta.json,website|newsletter
Vector,blog,14_what_it_means_to_train_an_ai_on_real_transformation_cases,social,Vector/Blog/14_what_it_means_to_train_an_ai_on_real_transformation_cases/image-prompts.md,explicit,generate_now,P1,false,true,Vector/Blog/14_what_it_means_to_train_an_ai_on_real_transformation_cases/assets/images,social_1x1_v1.png,social_1x1_v1.meta.json,website|social|newsletter
Vector,blog,15_why_security_teams_block_ai_projects_and_when_theyre_right,hero,Vector/Blog/15_why_security_teams_block_ai_projects_and_when_theyre_right/image-prompts.md,explicit,generate_now,P1,false,true,Vector/Blog/15_why_security_teams_block_ai_projects_and_when_theyre_right/assets/images,hero_16x9_v1.png,hero_16x9_v1.meta.json,website|social|newsletter
Vector,blog,15_why_security_teams_block_ai_projects_and_when_theyre_right,analytical,Vector/Blog/15_why_security_teams_block_ai_projects_and_when_theyre_right/image-prompts.md,explicit,generate_now,P1,false,true,Vector/Blog/15_why_security_teams_block_ai_projects_and_when_theyre_right/assets/images,analytical_16x9_v1.png,analytical_16x9_v1.meta.json,website|newsletter
Vector,blog,15_why_security_teams_block_ai_projects_and_when_theyre_right,social,Vector/Blog/15_why_security_teams_block_ai_projects_and_when_theyre_right/image-prompts.md,explicit,generate_now,P1,false,true,Vector/Blog/15_why_security_teams_block_ai_projects_and_when_theyre_right/assets/images,social_1x1_v1.png,social_1x1_v1.meta.json,website|social|newsletter
Vector,blog,16_industrial_ai_without_data_sovereignty_is_a_strategic_mistake,hero,Vector/Blog/16_industrial_ai_without_data_sovereignty_is_a_strategic_mistake/image-prompts.md,explicit,generate_now,P1,false,true,Vector/Blog/16_industrial_ai_without_data_sovereignty_is_a_strategic_mistake/assets/images,hero_16x9_v1.png,hero_16x9_v1.meta.json,website|social|newsletter
Vector,blog,16_industrial_ai_without_data_sovereignty_is_a_strategic_mistake,analytical,Vector/Blog/16_industrial_ai_without_data_sovereignty_is_a_strategic_mistake/image-prompts.md,explicit,generate_now,P1,false,true,Vector/Blog/16_industrial_ai_without_data_sovereignty_is_a_strategic_mistake/assets/images,analytical_16x9_v1.png,analytical_16x9_v1.meta.json,website|newsletter
Vector,blog,16_industrial_ai_without_data_sovereignty_is_a_strategic_mistake,social,Vector/Blog/16_industrial_ai_without_data_sovereignty_is_a_strategic_mistake/image-prompts.md,explicit,generate_now,P1,false,true,Vector/Blog/16_industrial_ai_without_data_sovereignty_is_a_strategic_mistake/assets/images,social_1x1_v1.png,social_1x1_v1.meta.json,website|social|newsletter
Vector,blog,17_how_human_approval_layers_make_ai_safer_and_more_defensible,hero,Vector/Blog/17_how_human_approval_layers_make_ai_safer_and_more_defensible/image-prompts.md,explicit,generate_now,P1,false,true,Vector/Blog/17_how_human_approval_layers_make_ai_safer_and_more_defensible/assets/images,hero_16x9_v1.png,hero_16x9_v1.meta.json,website|social|newsletter
Vector,blog,17_how_human_approval_layers_make_ai_safer_and_more_defensible,analytical,Vector/Blog/17_how_human_approval_layers_make_ai_safer_and_more_defensible/image-prompts.md,explicit,generate_now,P1,false,true,Vector/Blog/17_how_human_approval_layers_make_ai_safer_and_more_defensible/assets/images,analytical_16x9_v1.png,analytical_16x9_v1.meta.json,website|newsletter
Vector,blog,17_how_human_approval_layers_make_ai_safer_and_more_defensible,social,Vector/Blog/17_how_human_approval_layers_make_ai_safer_and_more_defensible/image-prompts.md,explicit,generate_now,P1,false,true,Vector/Blog/17_how_human_approval_layers_make_ai_safer_and_more_defensible/assets/images,social_1x1_v1.png,social_1x1_v1.meta.json,website|social|newsletter
Vector,blog,18_the_enterprise_checklist_for_secure_ai_in_manufacturing,hero,Vector/Blog/18_the_enterprise_checklist_for_secure_ai_in_manufacturing/image-prompts.md,explicit,generate_now,P1,false,true,Vector/Blog/18_the_enterprise_checklist_for_secure_ai_in_manufacturing/assets/images,hero_16x9_v1.png,hero_16x9_v1.meta.json,website|social|newsletter
Vector,blog,18_the_enterprise_checklist_for_secure_ai_in_manufacturing,analytical,Vector/Blog/18_the_enterprise_checklist_for_secure_ai_in_manufacturing/image-prompts.md,explicit,generate_now,P1,false,true,Vector/Blog/18_the_enterprise_checklist_for_secure_ai_in_manufacturing/assets/images,analytical_16x9_v1.png,analytical_16x9_v1.meta.json,website|newsletter
Vector,blog,18_the_enterprise_checklist_for_secure_ai_in_manufacturing,social,Vector/Blog/18_the_enterprise_checklist_for_secure_ai_in_manufacturing/image-prompts.md,explicit,generate_now,P1,false,true,Vector/Blog/18_the_enterprise_checklist_for_secure_ai_in_manufacturing/assets/images,social_1x1_v1.png,social_1x1_v1.meta.json,website|social|newsletter
Vector,blog,19_what_makes_an_ai_model_deployment_ready_for_industry,hero,Vector/Blog/19_what_makes_an_ai_model_deployment_ready_for_industry/image-prompts.md,explicit,generate_now,P1,false,true,Vector/Blog/19_what_makes_an_ai_model_deployment_ready_for_industry/assets/images,hero_16x9_v1.png,hero_16x9_v1.meta.json,website|social|newsletter
Vector,blog,19_what_makes_an_ai_model_deployment_ready_for_industry,analytical,Vector/Blog/19_what_makes_an_ai_model_deployment_ready_for_industry/image-prompts.md,explicit,generate_now,P1,false,true,Vector/Blog/19_what_makes_an_ai_model_deployment_ready_for_industry/assets/images,analytical_16x9_v1.png,analytical_16x9_v1.meta.json,website|newsletter
Vector,blog,19_what_makes_an_ai_model_deployment_ready_for_industry,social,Vector/Blog/19_what_makes_an_ai_model_deployment_ready_for_industry/image-prompts.md,explicit,generate_now,P1,false,true,Vector/Blog/19_what_makes_an_ai_model_deployment_ready_for_industry/assets/images,social_1x1_v1.png,social_1x1_v1.meta.json,website|social|newsletter
Vector,blog,20_how_dbr77_vector_differs_from_chatgpt_wrappers_and_generic_copilots,hero,Vector/Blog/20_how_dbr77_vector_differs_from_chatgpt_wrappers_and_generic_copilots/image-prompts.md,explicit,generate_now,P1,false,true,Vector/Blog/20_how_dbr77_vector_differs_from_chatgpt_wrappers_and_generic_copilots/assets/images,hero_16x9_v1.png,hero_16x9_v1.meta.json,website|social|newsletter
Vector,blog,20_how_dbr77_vector_differs_from_chatgpt_wrappers_and_generic_copilots,analytical,Vector/Blog/20_how_dbr77_vector_differs_from_chatgpt_wrappers_and_generic_copilots/image-prompts.md,explicit,generate_now,P1,false,true,Vector/Blog/20_how_dbr77_vector_differs_from_chatgpt_wrappers_and_generic_copilots/assets/images,analytical_16x9_v1.png,analytical_16x9_v1.meta.json,website|newsletter
Vector,blog,20_how_dbr77_vector_differs_from_chatgpt_wrappers_and_generic_copilots,social,Vector/Blog/20_how_dbr77_vector_differs_from_chatgpt_wrappers_and_generic_copilots/image-prompts.md,explicit,generate_now,P1,false,true,Vector/Blog/20_how_dbr77_vector_differs_from_chatgpt_wrappers_and_generic_copilots/assets/images,social_1x1_v1.png,social_1x1_v1.meta.json,website|social|newsletter
Vector,blog,21_when_a_manufacturer_should_choose_private_ai_over_public_ai_convenience,hero,Vector/Blog/21_when_a_manufacturer_should_choose_private_ai_over_public_ai_convenience/image-prompts.md,explicit,generate_now,P1,false,true,Vector/Blog/21_when_a_manufacturer_should_choose_private_ai_over_public_ai_convenience/assets/images,hero_16x9_v1.png,hero_16x9_v1.meta.json,website|social|newsletter
Vector,blog,21_when_a_manufacturer_should_choose_private_ai_over_public_ai_convenience,analytical,Vector/Blog/21_when_a_manufacturer_should_choose_private_ai_over_public_ai_convenience/image-prompts.md,explicit,generate_now,P1,false,true,Vector/Blog/21_when_a_manufacturer_should_choose_private_ai_over_public_ai_convenience/assets/images,analytical_16x9_v1.png,analytical_16x9_v1.meta.json,website|newsletter
Vector,blog,21_when_a_manufacturer_should_choose_private_ai_over_public_ai_convenience,social,Vector/Blog/21_when_a_manufacturer_should_choose_private_ai_over_public_ai_convenience/image-prompts.md,explicit,generate_now,P1,false,true,Vector/Blog/21_when_a_manufacturer_should_choose_private_ai_over_public_ai_convenience/assets/images,social_1x1_v1.png,social_1x1_v1.meta.json,website|social|newsletter
Vector,blog,22_how_to_run_a_security_review_of_an_industrial_ai_vendor,hero,Vector/Blog/22_how_to_run_a_security_review_of_an_industrial_ai_vendor/image-prompts.md,explicit,generate_now,P1,false,true,Vector/Blog/22_how_to_run_a_security_review_of_an_industrial_ai_vendor/assets/images,hero_16x9_v1.png,hero_16x9_v1.meta.json,website|social|newsletter
Vector,blog,22_how_to_run_a_security_review_of_an_industrial_ai_vendor,analytical,Vector/Blog/22_how_to_run_a_security_review_of_an_industrial_ai_vendor/image-prompts.md,explicit,generate_now,P1,false,true,Vector/Blog/22_how_to_run_a_security_review_of_an_industrial_ai_vendor/assets/images,analytical_16x9_v1.png,analytical_16x9_v1.meta.json,website|newsletter
Vector,blog,22_how_to_run_a_security_review_of_an_industrial_ai_vendor,social,Vector/Blog/22_how_to_run_a_security_review_of_an_industrial_ai_vendor/image-prompts.md,explicit,generate_now,P1,false,true,Vector/Blog/22_how_to_run_a_security_review_of_an_industrial_ai_vendor/assets/images,social_1x1_v1.png,social_1x1_v1.meta.json,website|social|newsletter
Vector,blog,23_what_an_ai_deployment_boundary_should_include_in_manufacturing,hero,Vector/Blog/23_what_an_ai_deployment_boundary_should_include_in_manufacturing/image-prompts.md,explicit,generate_now,P1,false,true,Vector/Blog/23_what_an_ai_deployment_boundary_should_include_in_manufacturing/assets/images,hero_16x9_v1.png,hero_16x9_v1.meta.json,website|social|newsletter
Vector,blog,23_what_an_ai_deployment_boundary_should_include_in_manufacturing,analytical,Vector/Blog/23_what_an_ai_deployment_boundary_should_include_in_manufacturing/image-prompts.md,explicit,generate_now,P1,false,true,Vector/Blog/23_what_an_ai_deployment_boundary_should_include_in_manufacturing/assets/images,analytical_16x9_v1.png,analytical_16x9_v1.meta.json,website|newsletter
Vector,blog,23_what_an_ai_deployment_boundary_should_include_in_manufacturing,social,Vector/Blog/23_what_an_ai_deployment_boundary_should_include_in_manufacturing/image-prompts.md,explicit,generate_now,P1,false,true,Vector/Blog/23_what_an_ai_deployment_boundary_should_include_in_manufacturing/assets/images,social_1x1_v1.png,social_1x1_v1.meta.json,website|social|newsletter
Vector,blog,24_when_ai_outputs_need_human_approval_and_when_they_do_not,hero,Vector/Blog/24_when_ai_outputs_need_human_approval_and_when_they_do_not/image-prompts.md,explicit,generate_now,P1,false,true,Vector/Blog/24_when_ai_outputs_need_human_approval_and_when_they_do_not/assets/images,hero_16x9_v1.png,hero_16x9_v1.meta.json,website|social|newsletter
Vector,blog,24_when_ai_outputs_need_human_approval_and_when_they_do_not,analytical,Vector/Blog/24_when_ai_outputs_need_human_approval_and_when_they_do_not/image-prompts.md,explicit,generate_now,P1,false,true,Vector/Blog/24_when_ai_outputs_need_human_approval_and_when_they_do_not/assets/images,analytical_16x9_v1.png,analytical_16x9_v1.meta.json,website|newsletter
Vector,blog,24_when_ai_outputs_need_human_approval_and_when_they_do_not,social,Vector/Blog/24_when_ai_outputs_need_human_approval_and_when_they_do_not/image-prompts.md,explicit,generate_now,P1,false,true,Vector/Blog/24_when_ai_outputs_need_human_approval_and_when_they_do_not/assets/images,social_1x1_v1.png,social_1x1_v1.meta.json,website|social|newsletter
Vector,blog,25_how_to_compare_industrial_ai_training_policies_without_marketing_fog,hero,Vector/Blog/25_how_to_compare_industrial_ai_training_policies_without_marketing_fog/image-prompts.md,explicit,generate_now,P1,false,true,Vector/Blog/25_how_to_compare_industrial_ai_training_policies_without_marketing_fog/assets/images,hero_16x9_v1.png,hero_16x9_v1.meta.json,website|social|newsletter
Vector,blog,25_how_to_compare_industrial_ai_training_policies_without_marketing_fog,analytical,Vector/Blog/25_how_to_compare_industrial_ai_training_policies_without_marketing_fog/image-prompts.md,explicit,generate_now,P1,false,true,Vector/Blog/25_how_to_compare_industrial_ai_training_policies_without_marketing_fog/assets/images,analytical_16x9_v1.png,analytical_16x9_v1.meta.json,website|newsletter
Vector,blog,25_how_to_compare_industrial_ai_training_policies_without_marketing_fog,social,Vector/Blog/25_how_to_compare_industrial_ai_training_policies_without_marketing_fog/image-prompts.md,explicit,generate_now,P1,false,true,Vector/Blog/25_how_to_compare_industrial_ai_training_policies_without_marketing_fog/assets/images,social_1x1_v1.png,social_1x1_v1.meta.json,website|social|newsletter
Vector,blog,26_what_traceability_should_look_like_in_a_manufacturing_ai_system,hero,Vector/Blog/26_what_traceability_should_look_like_in_a_manufacturing_ai_system/image-prompts.md,explicit,generate_now,P1,false,true,Vector/Blog/26_what_traceability_should_look_like_in_a_manufacturing_ai_system/assets/images,hero_16x9_v1.png,hero_16x9_v1.meta.json,website|social|newsletter
Vector,blog,26_what_traceability_should_look_like_in_a_manufacturing_ai_system,analytical,Vector/Blog/26_what_traceability_should_look_like_in_a_manufacturing_ai_system/image-prompts.md,explicit,generate_now,P1,false,true,Vector/Blog/26_what_traceability_should_look_like_in_a_manufacturing_ai_system/assets/images,analytical_16x9_v1.png,analytical_16x9_v1.meta.json,website|newsletter
Vector,blog,26_what_traceability_should_look_like_in_a_manufacturing_ai_system,social,Vector/Blog/26_what_traceability_should_look_like_in_a_manufacturing_ai_system/image-prompts.md,explicit,generate_now,P1,false,true,Vector/Blog/26_what_traceability_should_look_like_in_a_manufacturing_ai_system/assets/images,social_1x1_v1.png,social_1x1_v1.meta.json,website|social|newsletter
Vector,blog,27_when_on_prem_ai_is_worth_the_complexity_and_when_it_is_not,hero,Vector/Blog/27_when_on_prem_ai_is_worth_the_complexity_and_when_it_is_not/image-prompts.md,explicit,generate_now,P1,false,true,Vector/Blog/27_when_on_prem_ai_is_worth_the_complexity_and_when_it_is_not/assets/images,hero_16x9_v1.png,hero_16x9_v1.meta.json,website|social|newsletter
Vector,blog,27_when_on_prem_ai_is_worth_the_complexity_and_when_it_is_not,analytical,Vector/Blog/27_when_on_prem_ai_is_worth_the_complexity_and_when_it_is_not/image-prompts.md,explicit,generate_now,P1,false,true,Vector/Blog/27_when_on_prem_ai_is_worth_the_complexity_and_when_it_is_not/assets/images,analytical_16x9_v1.png,analytical_16x9_v1.meta.json,website|newsletter
Vector,blog,27_when_on_prem_ai_is_worth_the_complexity_and_when_it_is_not,social,Vector/Blog/27_when_on_prem_ai_is_worth_the_complexity_and_when_it_is_not/image-prompts.md,explicit,generate_now,P1,false,true,Vector/Blog/27_when_on_prem_ai_is_worth_the_complexity_and_when_it_is_not/assets/images,social_1x1_v1.png,social_1x1_v1.meta.json,website|social|newsletter
Vector,blog,28_how_to_build_a_governed_pilot_for_industrial_ai_without_creating_shadow_it,hero,Vector/Blog/28_how_to_build_a_governed_pilot_for_industrial_ai_without_creating_shadow_it/image-prompts.md,explicit,generate_now,P1,false,true,Vector/Blog/28_how_to_build_a_governed_pilot_for_industrial_ai_without_creating_shadow_it/assets/images,hero_16x9_v1.png,hero_16x9_v1.meta.json,website|social|newsletter
Vector,blog,28_how_to_build_a_governed_pilot_for_industrial_ai_without_creating_shadow_it,analytical,Vector/Blog/28_how_to_build_a_governed_pilot_for_industrial_ai_without_creating_shadow_it/image-prompts.md,explicit,generate_now,P1,false,true,Vector/Blog/28_how_to_build_a_governed_pilot_for_industrial_ai_without_creating_shadow_it/assets/images,analytical_16x9_v1.png,analytical_16x9_v1.meta.json,website|newsletter
Vector,blog,28_how_to_build_a_governed_pilot_for_industrial_ai_without_creating_shadow_it,social,Vector/Blog/28_how_to_build_a_governed_pilot_for_industrial_ai_without_creating_shadow_it/image-prompts.md,explicit,generate_now,P1,false,true,Vector/Blog/28_how_to_build_a_governed_pilot_for_industrial_ai_without_creating_shadow_it/assets/images,social_1x1_v1.png,social_1x1_v1.meta.json,website|social|newsletter
Vector,blog,29_what_a_cto_should_ask_before_connecting_ai_to_factory_systems,hero,Vector/Blog/29_what_a_cto_should_ask_before_connecting_ai_to_factory_systems/image-prompts.md,explicit,generate_now,P1,false,true,Vector/Blog/29_what_a_cto_should_ask_before_connecting_ai_to_factory_systems/assets/images,hero_16x9_v1.png,hero_16x9_v1.meta.json,website|social|newsletter
Vector,blog,29_what_a_cto_should_ask_before_connecting_ai_to_factory_systems,analytical,Vector/Blog/29_what_a_cto_should_ask_before_connecting_ai_to_factory_systems/image-prompts.md,explicit,generate_now,P1,false,true,Vector/Blog/29_what_a_cto_should_ask_before_connecting_ai_to_factory_systems/assets/images,analytical_16x9_v1.png,analytical_16x9_v1.meta.json,website|newsletter
Vector,blog,29_what_a_cto_should_ask_before_connecting_ai_to_factory_systems,social,Vector/Blog/29_what_a_cto_should_ask_before_connecting_ai_to_factory_systems/image-prompts.md,explicit,generate_now,P1,false,true,Vector/Blog/29_what_a_cto_should_ask_before_connecting_ai_to_factory_systems/assets/images,social_1x1_v1.png,social_1x1_v1.meta.json,website|social|newsletter
Vector,blog,30_how_to_turn_secure_industrial_ai_into_a_repeatable_operating_capability,hero,Vector/Blog/30_how_to_turn_secure_industrial_ai_into_a_repeatable_operating_capability/image-prompts.md,explicit,generate_now,P1,false,true,Vector/Blog/30_how_to_turn_secure_industrial_ai_into_a_repeatable_operating_capability/assets/images,hero_16x9_v1.png,hero_16x9_v1.meta.json,website|social|newsletter
Vector,blog,30_how_to_turn_secure_industrial_ai_into_a_repeatable_operating_capability,analytical,Vector/Blog/30_how_to_turn_secure_industrial_ai_into_a_repeatable_operating_capability/image-prompts.md,explicit,generate_now,P1,false,true,Vector/Blog/30_how_to_turn_secure_industrial_ai_into_a_repeatable_operating_capability/assets/images,analytical_16x9_v1.png,analytical_16x9_v1.meta.json,website|newsletter
Vector,blog,30_how_to_turn_secure_industrial_ai_into_a_repeatable_operating_capability,social,Vector/Blog/30_how_to_turn_secure_industrial_ai_into_a_repeatable_operating_capability/image-prompts.md,explicit,generate_now,P1,false,true,Vector/Blog/30_how_to_turn_secure_industrial_ai_into_a_repeatable_operating_capability/assets/images,social_1x1_v1.png,social_1x1_v1.meta.json,website|social|newsletter
Vector,blog,31_when_ai_security_claims_are_too_vague_for_industrial_buyers,hero,Vector/Blog/31_when_ai_security_claims_are_too_vague_for_industrial_buyers/image-prompts.md,explicit,generate_now,P1,false,true,Vector/Blog/31_when_ai_security_claims_are_too_vague_for_industrial_buyers/assets/images,hero_16x9_v1.png,hero_16x9_v1.meta.json,website|social|newsletter
Vector,blog,31_when_ai_security_claims_are_too_vague_for_industrial_buyers,analytical,Vector/Blog/31_when_ai_security_claims_are_too_vague_for_industrial_buyers/image-prompts.md,explicit,generate_now,P1,false,true,Vector/Blog/31_when_ai_security_claims_are_too_vague_for_industrial_buyers/assets/images,analytical_16x9_v1.png,analytical_16x9_v1.meta.json,website|newsletter
Vector,blog,31_when_ai_security_claims_are_too_vague_for_industrial_buyers,social,Vector/Blog/31_when_ai_security_claims_are_too_vague_for_industrial_buyers/image-prompts.md,explicit,generate_now,P1,false,true,Vector/Blog/31_when_ai_security_claims_are_too_vague_for_industrial_buyers/assets/images,social_1x1_v1.png,social_1x1_v1.meta.json,website|social|newsletter
Vector,blog,32_how_to_classify_factory_use_cases_by_ai_risk_before_adoption,hero,Vector/Blog/32_how_to_classify_factory_use_cases_by_ai_risk_before_adoption/image-prompts.md,explicit,generate_now,P1,false,true,Vector/Blog/32_how_to_classify_factory_use_cases_by_ai_risk_before_adoption/assets/images,hero_16x9_v1.png,hero_16x9_v1.meta.json,website|social|newsletter
Vector,blog,32_how_to_classify_factory_use_cases_by_ai_risk_before_adoption,analytical,Vector/Blog/32_how_to_classify_factory_use_cases_by_ai_risk_before_adoption/image-prompts.md,explicit,generate_now,P1,false,true,Vector/Blog/32_how_to_classify_factory_use_cases_by_ai_risk_before_adoption/assets/images,analytical_16x9_v1.png,analytical_16x9_v1.meta.json,website|newsletter
Vector,blog,32_how_to_classify_factory_use_cases_by_ai_risk_before_adoption,social,Vector/Blog/32_how_to_classify_factory_use_cases_by_ai_risk_before_adoption/image-prompts.md,explicit,generate_now,P1,false,true,Vector/Blog/32_how_to_classify_factory_use_cases_by_ai_risk_before_adoption/assets/images,social_1x1_v1.png,social_1x1_v1.meta.json,website|social|newsletter
Vector,blog,33_what_a_private_ai_architecture_review_should_decide_before_rollout,hero,Vector/Blog/33_what_a_private_ai_architecture_review_should_decide_before_rollout/image-prompts.md,explicit,generate_now,P1,false,true,Vector/Blog/33_what_a_private_ai_architecture_review_should_decide_before_rollout/assets/images,hero_16x9_v1.png,hero_16x9_v1.meta.json,website|social|newsletter
Vector,blog,33_what_a_private_ai_architecture_review_should_decide_before_rollout,analytical,Vector/Blog/33_what_a_private_ai_architecture_review_should_decide_before_rollout/image-prompts.md,explicit,generate_now,P1,false,true,Vector/Blog/33_what_a_private_ai_architecture_review_should_decide_before_rollout/assets/images,analytical_16x9_v1.png,analytical_16x9_v1.meta.json,website|newsletter
Vector,blog,33_what_a_private_ai_architecture_review_should_decide_before_rollout,social,Vector/Blog/33_what_a_private_ai_architecture_review_should_decide_before_rollout/image-prompts.md,explicit,generate_now,P1,false,true,Vector/Blog/33_what_a_private_ai_architecture_review_should_decide_before_rollout/assets/images,social_1x1_v1.png,social_1x1_v1.meta.json,website|social|newsletter
Vector,blog,34_when_a_manufacturer_should_isolate_ai_by_site_business_unit_or_workflow,hero,Vector/Blog/34_when_a_manufacturer_should_isolate_ai_by_site_business_unit_or_workflow/image-prompts.md,explicit,generate_now,P1,false,true,Vector/Blog/34_when_a_manufacturer_should_isolate_ai_by_site_business_unit_or_workflow/assets/images,hero_16x9_v1.png,hero_16x9_v1.meta.json,website|social|newsletter
Vector,blog,34_when_a_manufacturer_should_isolate_ai_by_site_business_unit_or_workflow,analytical,Vector/Blog/34_when_a_manufacturer_should_isolate_ai_by_site_business_unit_or_workflow/image-prompts.md,explicit,generate_now,P1,false,true,Vector/Blog/34_when_a_manufacturer_should_isolate_ai_by_site_business_unit_or_workflow/assets/images,analytical_16x9_v1.png,analytical_16x9_v1.meta.json,website|newsletter
Vector,blog,34_when_a_manufacturer_should_isolate_ai_by_site_business_unit_or_workflow,social,Vector/Blog/34_when_a_manufacturer_should_isolate_ai_by_site_business_unit_or_workflow/image-prompts.md,explicit,generate_now,P1,false,true,Vector/Blog/34_when_a_manufacturer_should_isolate_ai_by_site_business_unit_or_workflow/assets/images,social_1x1_v1.png,social_1x1_v1.meta.json,website|social|newsletter
Vector,blog,35_how_to_write_non_negotiable_ai_requirements_into_enterprise_procurement,hero,Vector/Blog/35_how_to_write_non_negotiable_ai_requirements_into_enterprise_procurement/image-prompts.md,explicit,generate_now,P1,false,true,Vector/Blog/35_how_to_write_non_negotiable_ai_requirements_into_enterprise_procurement/assets/images,hero_16x9_v1.png,hero_16x9_v1.meta.json,website|social|newsletter
Vector,blog,35_how_to_write_non_negotiable_ai_requirements_into_enterprise_procurement,analytical,Vector/Blog/35_how_to_write_non_negotiable_ai_requirements_into_enterprise_procurement/image-prompts.md,explicit,generate_now,P1,false,true,Vector/Blog/35_how_to_write_non_negotiable_ai_requirements_into_enterprise_procurement/assets/images,analytical_16x9_v1.png,analytical_16x9_v1.meta.json,website|newsletter
Vector,blog,35_how_to_write_non_negotiable_ai_requirements_into_enterprise_procurement,social,Vector/Blog/35_how_to_write_non_negotiable_ai_requirements_into_enterprise_procurement/image-prompts.md,explicit,generate_now,P1,false,true,Vector/Blog/35_how_to_write_non_negotiable_ai_requirements_into_enterprise_procurement/assets/images,social_1x1_v1.png,social_1x1_v1.meta.json,website|social|newsletter
Vector,blog,36_what_an_industrial_ai_incident_response_model_should_include,hero,Vector/Blog/36_what_an_industrial_ai_incident_response_model_should_include/image-prompts.md,explicit,generate_now,P1,false,true,Vector/Blog/36_what_an_industrial_ai_incident_response_model_should_include/assets/images,hero_16x9_v1.png,hero_16x9_v1.meta.json,website|social|newsletter
Vector,blog,36_what_an_industrial_ai_incident_response_model_should_include,analytical,Vector/Blog/36_what_an_industrial_ai_incident_response_model_should_include/image-prompts.md,explicit,generate_now,P1,false,true,Vector/Blog/36_what_an_industrial_ai_incident_response_model_should_include/assets/images,analytical_16x9_v1.png,analytical_16x9_v1.meta.json,website|newsletter
Vector,blog,36_what_an_industrial_ai_incident_response_model_should_include,social,Vector/Blog/36_what_an_industrial_ai_incident_response_model_should_include/image-prompts.md,explicit,generate_now,P1,false,true,Vector/Blog/36_what_an_industrial_ai_incident_response_model_should_include/assets/images,social_1x1_v1.png,social_1x1_v1.meta.json,website|social|newsletter
Vector,blog,37_when_factory_knowledge_should_not_be_exposed_to_generic_ai_tools,hero,Vector/Blog/37_when_factory_knowledge_should_not_be_exposed_to_generic_ai_tools/image-prompts.md,explicit,generate_now,P1,false,true,Vector/Blog/37_when_factory_knowledge_should_not_be_exposed_to_generic_ai_tools/assets/images,hero_16x9_v1.png,hero_16x9_v1.meta.json,website|social|newsletter
Vector,blog,37_when_factory_knowledge_should_not_be_exposed_to_generic_ai_tools,analytical,Vector/Blog/37_when_factory_knowledge_should_not_be_exposed_to_generic_ai_tools/image-prompts.md,explicit,generate_now,P1,false,true,Vector/Blog/37_when_factory_knowledge_should_not_be_exposed_to_generic_ai_tools/assets/images,analytical_16x9_v1.png,analytical_16x9_v1.meta.json,website|newsletter
Vector,blog,37_when_factory_knowledge_should_not_be_exposed_to_generic_ai_tools,social,Vector/Blog/37_when_factory_knowledge_should_not_be_exposed_to_generic_ai_tools/image-prompts.md,explicit,generate_now,P1,false,true,Vector/Blog/37_when_factory_knowledge_should_not_be_exposed_to_generic_ai_tools/assets/images,social_1x1_v1.png,social_1x1_v1.meta.json,website|social|newsletter
Vector,blog,38_how_to_evaluate_ai_subprocessors_and_data_paths_in_manufacturing,hero,Vector/Blog/38_how_to_evaluate_ai_subprocessors_and_data_paths_in_manufacturing/image-prompts.md,explicit,generate_now,P1,false,true,Vector/Blog/38_how_to_evaluate_ai_subprocessors_and_data_paths_in_manufacturing/assets/images,hero_16x9_v1.png,hero_16x9_v1.meta.json,website|social|newsletter
Vector,blog,38_how_to_evaluate_ai_subprocessors_and_data_paths_in_manufacturing,analytical,Vector/Blog/38_how_to_evaluate_ai_subprocessors_and_data_paths_in_manufacturing/image-prompts.md,explicit,generate_now,P1,false,true,Vector/Blog/38_how_to_evaluate_ai_subprocessors_and_data_paths_in_manufacturing/assets/images,analytical_16x9_v1.png,analytical_16x9_v1.meta.json,website|newsletter
Vector,blog,38_how_to_evaluate_ai_subprocessors_and_data_paths_in_manufacturing,social,Vector/Blog/38_how_to_evaluate_ai_subprocessors_and_data_paths_in_manufacturing/image-prompts.md,explicit,generate_now,P1,false,true,Vector/Blog/38_how_to_evaluate_ai_subprocessors_and_data_paths_in_manufacturing/assets/images,social_1x1_v1.png,social_1x1_v1.meta.json,website|social|newsletter
Vector,blog,39_what_a_secure_human_in_the_loop_design_should_look_like_for_industrial_ai,hero,Vector/Blog/39_what_a_secure_human_in_the_loop_design_should_look_like_for_industrial_ai/image-prompts.md,explicit,generate_now,P1,false,true,Vector/Blog/39_what_a_secure_human_in_the_loop_design_should_look_like_for_industrial_ai/assets/images,hero_16x9_v1.png,hero_16x9_v1.meta.json,website|social|newsletter
Vector,blog,39_what_a_secure_human_in_the_loop_design_should_look_like_for_industrial_ai,analytical,Vector/Blog/39_what_a_secure_human_in_the_loop_design_should_look_like_for_industrial_ai/image-prompts.md,explicit,generate_now,P1,false,true,Vector/Blog/39_what_a_secure_human_in_the_loop_design_should_look_like_for_industrial_ai/assets/images,analytical_16x9_v1.png,analytical_16x9_v1.meta.json,website|newsletter
Vector,blog,39_what_a_secure_human_in_the_loop_design_should_look_like_for_industrial_ai,social,Vector/Blog/39_what_a_secure_human_in_the_loop_design_should_look_like_for_industrial_ai/image-prompts.md,explicit,generate_now,P1,false,true,Vector/Blog/39_what_a_secure_human_in_the_loop_design_should_look_like_for_industrial_ai/assets/images,social_1x1_v1.png,social_1x1_v1.meta.json,website|social|newsletter
Vector,blog,40_how_to_scale_industrial_ai_without_losing_deployment_control,hero,Vector/Blog/40_how_to_scale_industrial_ai_without_losing_deployment_control/image-prompts.md,explicit,generate_now,P1,false,true,Vector/Blog/40_how_to_scale_industrial_ai_without_losing_deployment_control/assets/images,hero_16x9_v1.png,hero_16x9_v1.meta.json,website|social|newsletter
Vector,blog,40_how_to_scale_industrial_ai_without_losing_deployment_control,analytical,Vector/Blog/40_how_to_scale_industrial_ai_without_losing_deployment_control/image-prompts.md,explicit,generate_now,P1,false,true,Vector/Blog/40_how_to_scale_industrial_ai_without_losing_deployment_control/assets/images,analytical_16x9_v1.png,analytical_16x9_v1.meta.json,website|newsletter
Vector,blog,40_how_to_scale_industrial_ai_without_losing_deployment_control,social,Vector/Blog/40_how_to_scale_industrial_ai_without_losing_deployment_control/image-prompts.md,explicit,generate_now,P1,false,true,Vector/Blog/40_how_to_scale_industrial_ai_without_losing_deployment_control/assets/images,social_1x1_v1.png,social_1x1_v1.meta.json,website|social|newsletter
Vector,blog,41_when_ai_governance_should_become_a_board_level_issue_in_manufacturing,hero,Vector/Blog/41_when_ai_governance_should_become_a_board_level_issue_in_manufacturing/image-prompts.md,explicit,generate_now,P1,false,true,Vector/Blog/41_when_ai_governance_should_become_a_board_level_issue_in_manufacturing/assets/images,hero_16x9_v1.png,hero_16x9_v1.meta.json,website|social|newsletter
Vector,blog,41_when_ai_governance_should_become_a_board_level_issue_in_manufacturing,analytical,Vector/Blog/41_when_ai_governance_should_become_a_board_level_issue_in_manufacturing/image-prompts.md,explicit,generate_now,P1,false,true,Vector/Blog/41_when_ai_governance_should_become_a_board_level_issue_in_manufacturing/assets/images,analytical_16x9_v1.png,analytical_16x9_v1.meta.json,website|newsletter
Vector,blog,41_when_ai_governance_should_become_a_board_level_issue_in_manufacturing,social,Vector/Blog/41_when_ai_governance_should_become_a_board_level_issue_in_manufacturing/image-prompts.md,explicit,generate_now,P1,false,true,Vector/Blog/41_when_ai_governance_should_become_a_board_level_issue_in_manufacturing/assets/images,social_1x1_v1.png,social_1x1_v1.meta.json,website|social|newsletter
Vector,blog,42_what_a_manufacturer_should_require_in_an_ai_audit_export,hero,Vector/Blog/42_what_a_manufacturer_should_require_in_an_ai_audit_export/image-prompts.md,explicit,generate_now,P1,false,true,Vector/Blog/42_what_a_manufacturer_should_require_in_an_ai_audit_export/assets/images,hero_16x9_v1.png,hero_16x9_v1.meta.json,website|social|newsletter
Vector,blog,42_what_a_manufacturer_should_require_in_an_ai_audit_export,analytical,Vector/Blog/42_what_a_manufacturer_should_require_in_an_ai_audit_export/image-prompts.md,explicit,generate_now,P1,false,true,Vector/Blog/42_what_a_manufacturer_should_require_in_an_ai_audit_export/assets/images,analytical_16x9_v1.png,analytical_16x9_v1.meta.json,website|newsletter
Vector,blog,42_what_a_manufacturer_should_require_in_an_ai_audit_export,social,Vector/Blog/42_what_a_manufacturer_should_require_in_an_ai_audit_export/image-prompts.md,explicit,generate_now,P1,false,true,Vector/Blog/42_what_a_manufacturer_should_require_in_an_ai_audit_export/assets/images,social_1x1_v1.png,social_1x1_v1.meta.json,website|social|newsletter
Vector,blog,43_how_to_decide_which_factory_workflows_are_safe_enough_for_ai_assistance,hero,Vector/Blog/43_how_to_decide_which_factory_workflows_are_safe_enough_for_ai_assistance/image-prompts.md,explicit,generate_now,P1,false,true,Vector/Blog/43_how_to_decide_which_factory_workflows_are_safe_enough_for_ai_assistance/assets/images,hero_16x9_v1.png,hero_16x9_v1.meta.json,website|social|newsletter
Vector,blog,43_how_to_decide_which_factory_workflows_are_safe_enough_for_ai_assistance,analytical,Vector/Blog/43_how_to_decide_which_factory_workflows_are_safe_enough_for_ai_assistance/image-prompts.md,explicit,generate_now,P1,false,true,Vector/Blog/43_how_to_decide_which_factory_workflows_are_safe_enough_for_ai_assistance/assets/images,analytical_16x9_v1.png,analytical_16x9_v1.meta.json,website|newsletter
Vector,blog,43_how_to_decide_which_factory_workflows_are_safe_enough_for_ai_assistance,social,Vector/Blog/43_how_to_decide_which_factory_workflows_are_safe_enough_for_ai_assistance/image-prompts.md,explicit,generate_now,P1,false,true,Vector/Blog/43_how_to_decide_which_factory_workflows_are_safe_enough_for_ai_assistance/assets/images,social_1x1_v1.png,social_1x1_v1.meta.json,website|social|newsletter
Vector,blog,44_when_an_industrial_ai_program_should_pause_before_scaling_further,hero,Vector/Blog/44_when_an_industrial_ai_program_should_pause_before_scaling_further/image-prompts.md,explicit,generate_now,P1,false,true,Vector/Blog/44_when_an_industrial_ai_program_should_pause_before_scaling_further/assets/images,hero_16x9_v1.png,hero_16x9_v1.meta.json,website|social|newsletter
Vector,blog,44_when_an_industrial_ai_program_should_pause_before_scaling_further,analytical,Vector/Blog/44_when_an_industrial_ai_program_should_pause_before_scaling_further/image-prompts.md,explicit,generate_now,P1,false,true,Vector/Blog/44_when_an_industrial_ai_program_should_pause_before_scaling_further/assets/images,analytical_16x9_v1.png,analytical_16x9_v1.meta.json,website|newsletter
Vector,blog,44_when_an_industrial_ai_program_should_pause_before_scaling_further,social,Vector/Blog/44_when_an_industrial_ai_program_should_pause_before_scaling_further/image-prompts.md,explicit,generate_now,P1,false,true,Vector/Blog/44_when_an_industrial_ai_program_should_pause_before_scaling_further/assets/images,social_1x1_v1.png,social_1x1_v1.meta.json,website|social|newsletter
Vector,blog,45_what_a_secure_ai_change_control_process_should_include,hero,Vector/Blog/45_what_a_secure_ai_change_control_process_should_include/image-prompts.md,explicit,generate_now,P1,false,true,Vector/Blog/45_what_a_secure_ai_change_control_process_should_include/assets/images,hero_16x9_v1.png,hero_16x9_v1.meta.json,website|social|newsletter
Vector,blog,45_what_a_secure_ai_change_control_process_should_include,analytical,Vector/Blog/45_what_a_secure_ai_change_control_process_should_include/image-prompts.md,explicit,generate_now,P1,false,true,Vector/Blog/45_what_a_secure_ai_change_control_process_should_include/assets/images,analytical_16x9_v1.png,analytical_16x9_v1.meta.json,website|newsletter
Vector,blog,45_what_a_secure_ai_change_control_process_should_include,social,Vector/Blog/45_what_a_secure_ai_change_control_process_should_include/image-prompts.md,explicit,generate_now,P1,false,true,Vector/Blog/45_what_a_secure_ai_change_control_process_should_include/assets/images,social_1x1_v1.png,social_1x1_v1.meta.json,website|social|newsletter
Vector,blog,46_how_to_compare_private_api_isolated_tenant_and_on_prem_ai_without_confusion,hero,Vector/Blog/46_how_to_compare_private_api_isolated_tenant_and_on_prem_ai_without_confusion/image-prompts.md,explicit,generate_now,P1,false,true,Vector/Blog/46_how_to_compare_private_api_isolated_tenant_and_on_prem_ai_without_confusion/assets/images,hero_16x9_v1.png,hero_16x9_v1.meta.json,website|social|newsletter
Vector,blog,46_how_to_compare_private_api_isolated_tenant_and_on_prem_ai_without_confusion,analytical,Vector/Blog/46_how_to_compare_private_api_isolated_tenant_and_on_prem_ai_without_confusion/image-prompts.md,explicit,generate_now,P1,false,true,Vector/Blog/46_how_to_compare_private_api_isolated_tenant_and_on_prem_ai_without_confusion/assets/images,analytical_16x9_v1.png,analytical_16x9_v1.meta.json,website|newsletter
Vector,blog,46_how_to_compare_private_api_isolated_tenant_and_on_prem_ai_without_confusion,social,Vector/Blog/46_how_to_compare_private_api_isolated_tenant_and_on_prem_ai_without_confusion/image-prompts.md,explicit,generate_now,P1,false,true,Vector/Blog/46_how_to_compare_private_api_isolated_tenant_and_on_prem_ai_without_confusion/assets/images,social_1x1_v1.png,social_1x1_v1.meta.json,website|social|newsletter
Vector,blog,47_when_ai_policy_documents_fail_and_operating_rules_should_replace_them,hero,Vector/Blog/47_when_ai_policy_documents_fail_and_operating_rules_should_replace_them/image-prompts.md,explicit,generate_now,P1,false,true,Vector/Blog/47_when_ai_policy_documents_fail_and_operating_rules_should_replace_them/assets/images,hero_16x9_v1.png,hero_16x9_v1.meta.json,website|social|newsletter
Vector,blog,47_when_ai_policy_documents_fail_and_operating_rules_should_replace_them,analytical,Vector/Blog/47_when_ai_policy_documents_fail_and_operating_rules_should_replace_them/image-prompts.md,explicit,generate_now,P1,false,true,Vector/Blog/47_when_ai_policy_documents_fail_and_operating_rules_should_replace_them/assets/images,analytical_16x9_v1.png,analytical_16x9_v1.meta.json,website|newsletter
Vector,blog,47_when_ai_policy_documents_fail_and_operating_rules_should_replace_them,social,Vector/Blog/47_when_ai_policy_documents_fail_and_operating_rules_should_replace_them/image-prompts.md,explicit,generate_now,P1,false,true,Vector/Blog/47_when_ai_policy_documents_fail_and_operating_rules_should_replace_them/assets/images,social_1x1_v1.png,social_1x1_v1.meta.json,website|social|newsletter
Vector,blog,48_what_a_multi_site_industrial_ai_rollout_should_standardize_first,hero,Vector/Blog/48_what_a_multi_site_industrial_ai_rollout_should_standardize_first/image-prompts.md,explicit,generate_now,P1,false,true,Vector/Blog/48_what_a_multi_site_industrial_ai_rollout_should_standardize_first/assets/images,hero_16x9_v1.png,hero_16x9_v1.meta.json,website|social|newsletter
Vector,blog,48_what_a_multi_site_industrial_ai_rollout_should_standardize_first,analytical,Vector/Blog/48_what_a_multi_site_industrial_ai_rollout_should_standardize_first/image-prompts.md,explicit,generate_now,P1,false,true,Vector/Blog/48_what_a_multi_site_industrial_ai_rollout_should_standardize_first/assets/images,analytical_16x9_v1.png,analytical_16x9_v1.meta.json,website|newsletter
Vector,blog,48_what_a_multi_site_industrial_ai_rollout_should_standardize_first,social,Vector/Blog/48_what_a_multi_site_industrial_ai_rollout_should_standardize_first/image-prompts.md,explicit,generate_now,P1,false,true,Vector/Blog/48_what_a_multi_site_industrial_ai_rollout_should_standardize_first/assets/images,social_1x1_v1.png,social_1x1_v1.meta.json,website|social|newsletter
Vector,blog,49_how_to_review_industrial_ai_risk_after_the_first_90_days,hero,Vector/Blog/49_how_to_review_industrial_ai_risk_after_the_first_90_days/image-prompts.md,explicit,generate_now,P1,false,true,Vector/Blog/49_how_to_review_industrial_ai_risk_after_the_first_90_days/assets/images,hero_16x9_v1.png,hero_16x9_v1.meta.json,website|social|newsletter
Vector,blog,49_how_to_review_industrial_ai_risk_after_the_first_90_days,analytical,Vector/Blog/49_how_to_review_industrial_ai_risk_after_the_first_90_days/image-prompts.md,explicit,generate_now,P1,false,true,Vector/Blog/49_how_to_review_industrial_ai_risk_after_the_first_90_days/assets/images,analytical_16x9_v1.png,analytical_16x9_v1.meta.json,website|newsletter
Vector,blog,49_how_to_review_industrial_ai_risk_after_the_first_90_days,social,Vector/Blog/49_how_to_review_industrial_ai_risk_after_the_first_90_days/image-prompts.md,explicit,generate_now,P1,false,true,Vector/Blog/49_how_to_review_industrial_ai_risk_after_the_first_90_days/assets/images,social_1x1_v1.png,social_1x1_v1.meta.json,website|social|newsletter
Vector,blog,50_how_to_build_a_manufacturing_ai_governance_system_that_survives_scale,hero,Vector/Blog/50_how_to_build_a_manufacturing_ai_governance_system_that_survives_scale/image-prompts.md,explicit,generate_now,P1,false,true,Vector/Blog/50_how_to_build_a_manufacturing_ai_governance_system_that_survives_scale/assets/images,hero_16x9_v1.png,hero_16x9_v1.meta.json,website|social|newsletter
Vector,blog,50_how_to_build_a_manufacturing_ai_governance_system_that_survives_scale,analytical,Vector/Blog/50_how_to_build_a_manufacturing_ai_governance_system_that_survives_scale/image-prompts.md,explicit,generate_now,P1,false,true,Vector/Blog/50_how_to_build_a_manufacturing_ai_governance_system_that_survives_scale/assets/images,analytical_16x9_v1.png,analytical_16x9_v1.meta.json,website|newsletter
Vector,blog,50_how_to_build_a_manufacturing_ai_governance_system_that_survives_scale,social,Vector/Blog/50_how_to_build_a_manufacturing_ai_governance_system_that_survives_scale/image-prompts.md,explicit,generate_now,P1,false,true,Vector/Blog/50_how_to_build_a_manufacturing_ai_governance_system_that_survives_scale/assets/images,social_1x1_v1.png,social_1x1_v1.meta.json,website|social|newsletter
