product,slug,title,persona,stage,problem,promise,lp_section,bridge,knowledge_layer,primary_keyword
Consultify,01_why_traditional_consulting_is_broken,Why Traditional Consulting Is Broken,Owner / President,Awareness,"strategic work is separated from execution, so money is spent without durable outcomes","modern transformation needs a system that connects analysis, governance, ROI, and execution",AI And Decision Making,Governance And ROI,Layer 2: Problem Deep Dives,traditional consulting is broken
Consultify,02_10_questions_before_buying_ai_consulting_platform,10 Questions to Ask Before Buying an AI Consulting Platform,Owner / President / CFO,Decision,buyers evaluating AI consulting tools often get distracted by impressive demos and miss the system requirements that determine real transformation value,"the right buying decision starts with questions about execution, governance, ROI, security, and practical fit, not only AI capability",AI And Decision Making,Governance And ROI,Layer 4: Decision Support,ai consulting platform
Consultify,03_first_30_minutes_in_consultify,Your First 30 Minutes in Consultify,Owner / President / Change Leader,Activation,new users often lose momentum in strategic platforms because the first session feels like setup instead of progress,"in the first 30 minutes, a user should move from raw context to a usable diagnostic, an initial roadmap, and a leadership-ready output",Execution And Rollout,AI And Decision Making,Layer 5: Execution And Transformation,consultify tutorial
Consultify,04_roi_calculator_guide,How to Calculate the Real ROI of AI Consulting,CFO / Owner / President,Decision,"many leaders evaluate consulting and AI strategy tools without a disciplined financial model, which makes the buying decision feel abstract or political","the ROI of AI consulting can be modeled clearly when buyers compare cost, speed, expected value, and execution continuity instead of looking only at subscription price",Governance And ROI,AI And Decision Making,Layer 4: Decision Support,roi of ai consulting
Consultify,05_ai_driven_swot,AI-Driven SWOT: A Better Way to Pressure-Test Strategy,Owner / President / Change Leader,Consideration,"traditional SWOT exercises are often too static, too generic, and too disconnected from real decisions to be strategically useful","AI-driven SWOT becomes valuable when it helps teams challenge assumptions faster, connect evidence to strategic choices, and move from observation to action",AI And Decision Making,Governance And ROI,Layer 5: Execution And Transformation,ai driven swot
Consultify,06_scenario_planning,"Scenario Planning for Leaders Who Need Better Decisions, Not Futurism",Owner / President / CFO,Consideration,many organizations treat scenario planning as a theoretical exercise instead of a practical way to reduce decision risk under uncertainty,"better scenario planning helps leadership test choices before committing resources, compare implications clearly, and make stronger decisions when the future is not stable",AI And Decision Making,Governance And ROI,Layer 4: Decision Support,scenario planning
Consultify,07_competitive_intelligence,"Competitive Intelligence Should Improve Decisions, Not Just Monitoring",Owner / President / Strategy Leader,Consideration,"many companies gather competitive information, but too little of it changes strategic choices, timing, or resource allocation","competitive intelligence becomes valuable when it helps leadership interpret the market faster, challenge assumptions, and act before competitors define the next move",AI And Decision Making,Governance And ROI,Layer 5: Execution And Transformation,competitive intelligence
Consultify,08_strategic_alignment,Strategic Alignment Is Not Agreement. It Is Execution Clarity.,Owner / President / COO,Consideration,"many organizations believe they are aligned because the strategy is communicated, while execution still fragments across teams, priorities, and assumptions","real strategic alignment happens when people understand not only the direction, but also what matters now, what they own, and how decisions connect to shared outcomes",Execution And Rollout,Governance And ROI,Layer 5: Execution And Transformation,strategic alignment
Consultify,09_data_first_strategy,Data-First Strategy: Why Better Decisions Start Before the Board Meeting,Owner / President / CFO,Consideration,"many strategies are still built on partial visibility, delayed reporting, and leadership opinion rather than sufficiently structured evidence","a data-first strategy does not remove judgment, but gives leadership a stronger basis for prioritization, trade-offs, and execution",AI And Decision Making,Governance And ROI,Layer 4: Decision Support,data first strategy
Consultify,10_decision_latency,Decision Latency Is a Strategic Cost Most Leaders Still Underestimate,Owner / President / COO,Consideration,many organizations focus on decision quality but fail to measure how much value is lost when important decisions move too slowly through the system,"reducing decision latency helps leadership protect timing, convert insight into action faster, and avoid the hidden financial cost of delayed strategic movement",AI And Decision Making,Execution And Rollout,Layer 2: Problem Deep Dives,decision latency
Consultify,11_strategic_reporting,"Strategic Reporting Should Drive Decisions, Not Just Summaries",CFO / Owner / President,Consideration,"many organizations produce strategic reports that describe activity but do too little to improve decisions, accountability, or course correction","strong strategic reporting should make priorities, deviations, ownership, and financial implications clearer enough to change action while there is still time",AI And Decision Making,Governance And ROI,Layer 1: Field Reality,strategic reporting
Consultify,12_okr_management,OKR Management Fails When It Stays Outside Execution,COO / Change Leader / Owner,Consideration,"many organizations adopt OKRs as a planning framework but fail to connect them to ownership, execution discipline, and strategic reality","OKR management becomes useful when objectives, initiatives, and accountability stay connected inside one operating system instead of living in separate planning rituals",Governance And ROI,Execution And Rollout,Layer 2: Problem Deep Dives,okr management
Consultify,13_why_board_updates_should_come_from_live_transformation_systems,Why Board Updates Should Come From Live Transformation Systems,CFO / Owner / President,Decision,"many organizations still build board updates through manual synthesis, late reporting, and slide assembly, which weakens confidence, slows response, and turns governance into presentation work","board updates become more useful when they come from a live transformation system that already holds priorities, ownership, ROI logic, and execution reality",Governance And ROI,Execution And Rollout,Layer 4: Decision Support,board updates should come from live transformation systems
Consultify,14_why_strategy_workshops_fail_without_execution_system,Why Strategy Workshops Fail Without an Execution System,COO / change leader / owner,Consideration,"many organizations invest in strategy workshops that create alignment in the room, but lose force quickly because priorities, ownership, ROI logic, and follow-through remain outside a live system",strategy workshops become more valuable when they feed directly into an execution system instead of ending as one more strategic artifact,Execution And Rollout,Governance And ROI,Layer 2: Problem Deep Dives,strategy workshops fail without execution system
Consultify,15_how_to_keep_transformation_roi_visible_after_kickoff,How to Keep Transformation ROI Visible After Kickoff,CFO / COO / Owner,Decision,"many transformation programs begin with a plausible ROI case, but lose financial visibility after kickoff, which weakens governance, slows intervention, and makes value harder to defend later","transformation ROI should stay visible after kickoff through one live system that connects assumptions, initiative status, deviations, and actual impact",Governance And ROI,Execution And Rollout,Layer 4: Decision Support,keep transformation roi visible after kickoff
Consultify,16_why_steering_committees_fail_when_the_system_is_static,Why Steering Committees Fail When the System Is Static,Owner / COO / transformation sponsor,Consideration,"many steering committees still review transformation through static decks and delayed summaries, which makes intervention slow, accountability weak, and governance performative instead of useful","steering committees become more effective when they operate from a live system that shows priorities, deviations, ownership, and financial logic in time to act",Governance And ROI,Execution And Rollout,Layer 2: Problem Deep Dives,steering committees fail when the system is static
Consultify,17_why_transformation_programs_need_one_source_of_truth,Why Transformation Programs Need One Source of Truth,COO / transformation sponsor / owner,Consideration,"many transformation programs still run across separate decks, trackers, meeting notes, and reporting files, which weakens ownership, slows governance, and makes it hard to know what is actually true","transformation programs become more controllable when priorities, initiatives, ROI logic, ownership, and reporting live inside one source of truth",Execution And Rollout,Governance And ROI,Layer 2: Problem Deep Dives,transformation programs need one source of truth
Consultify,18_how_to_turn_leadership_decisions_into_owned_initiatives,How to Turn Leadership Decisions Into Owned Initiatives,COO / owner / transformation leader,Decision,"many important leadership decisions never become well-owned initiatives, which creates delay, ambiguity, and a false sense that the organization has already moved when it has only agreed in principle","leadership decisions create value only when they are translated quickly into owned initiatives with clear logic, governance, and follow-through",Execution And Rollout,Governance And ROI,Layer 3: Solution Logic,turn leadership decisions into owned initiatives
Consultify,19_why_transformation_portfolios_fail_without_live_prioritization,Why Transformation Portfolios Fail Without Live Prioritization,Owner / COO / transformation sponsor,Consideration,"many organizations run large transformation portfolios with too many active initiatives, weak reprioritization, and not enough visibility into what should move, pause, or stop as reality changes",transformation portfolios become stronger when prioritization stays live inside one system instead of being fixed in quarterly documents and static leadership assumptions,Governance And ROI,Execution And Rollout,Layer 5: Execution And Transformation,transformation portfolios fail without live prioritization
Consultify,20_how_to_keep_leadership_alignment_after_the_offsite,How to Keep Leadership Alignment After the Offsite,Owner / President / COO,Consideration,"many leadership offsites create temporary clarity and energy, but the alignment fades quickly once executives return to fragmented execution, competing agendas, and separate reporting rhythms","leadership alignment lasts only when the decisions, priorities, ownership, and review logic from the offsite continue inside a live operating system",Execution And Rollout,Governance And ROI,Layer 3: Solution Logic,keep leadership alignment after the offsite
Consultify,21_how_to_defend_transformation_investment_with_live_value_evidence,How to Defend Transformation Investment With Live Value Evidence,CFO / Owner / transformation sponsor,Decision,"many transformation investments become harder to defend once pressure rises, because leadership still relies on old approval logic instead of live evidence showing what value is real, delayed, or at risk","transformation investment is easier to defend when value evidence stays live inside the same system that tracks initiatives, assumptions, drift, and actual outcomes",Governance And ROI,AI And Decision Making,Layer 4: Decision Support,defend transformation investment with live value evidence
Consultify,22_what_monthly_transformation_reviews_should_actually_decide,What Monthly Transformation Reviews Should Actually Decide,COO / transformation sponsor / owner,Consideration,"many monthly transformation reviews still function as status meetings, which consumes leadership time without improving priorities, intervention quality, or transformation control","monthly transformation reviews become valuable when they are designed to decide what changes next, not only to summarize what already happened",Governance And ROI,Execution And Rollout,Layer 5: Execution And Transformation,what monthly transformation reviews should actually decide
Consultify,23_how_to_run_quarterly_transformation_resets_without_losing_momentum,How to Run Quarterly Transformation Resets Without Losing Momentum,COO / transformation sponsor / portfolio owner,Consideration,"quarterly checkpoints often turn into full replanning theater or passive readouts, which stalls teams, blurs ownership, and makes the portfolio feel like it restarts every ninety days",a quarterly transformation reset can protect momentum when it re-anchors a small set of decisions and constraints instead of reopening everything at once,Governance And ROI,Execution And Rollout,Layer 5: Execution And Transformation,quarterly transformation reset without losing momentum
Consultify,24_what_a_transformation_pmo_should_track_every_week,What a Transformation PMO Should Track Every Week,Transformation PMO lead / portfolio office head / program director,Evaluation,"weekly PMO cadences often collapse into slide churn and status collection, which hides drift until it is expensive and weakens the link between governance and delivery","a weekly PMO view becomes decision-useful when it tracks a short list of signals that predict intervention, not a long list of activities that only describe motion",Execution And Rollout,Governance And ROI,Layer 5: Execution And Transformation,transformation PMO weekly tracking
Consultify,25_how_to_cut_dead_initiatives_without_political_drift,How to Cut Dead Initiatives Without Political Drift,Portfolio owner / transformation sponsor / COO,Consideration,"dead initiatives survive because stopping work is treated as personal defeat, which turns portfolio hygiene into politics and makes the transformation portfolio heavier than the organization can execute","you can stop weak initiatives without political drift when stopping uses visible rules, recorded trade-offs, and sponsor-led closure instead of hallway negotiations",Governance And ROI,Execution And Rollout,Layer 1: Field Reality,stop transformation initiatives without politics
Consultify,26_when_to_replan_a_transformation_portfolio_and_when_to_hold_course,When to Replan a Transformation Portfolio and When to Hold Course,CFO / transformation sponsor / portfolio steering lead,Consideration,"leadership oscillates between frozen commitment and chaotic replanning, which trains the organization to either ignore the plan or distrust every new version","portfolio steering becomes steadier when replanning is triggered by explicit evidence thresholds instead of mood, pressure, or a fresh strategy workshop",Governance And ROI,Execution And Rollout,Layer 3: Solution Logic,when to replan transformation portfolio
Consultify,27_how_to_make_strategy_assumptions_visible_before_the_board_review,How to Make Strategy Assumptions Visible Before the Board Review,Strategy lead / board liaison / transformation sponsor,Awareness,"board reviews often compress months of ambiguity into a short narrative, which forces directors to judge outcomes without seeing the assumptions that actually drove commitments","board-ready transformation governance improves when assumptions are published early as testable claims with owners, evidence plans, and explicit downside cases",Governance And ROI,AI And Decision Making,Layer 3: Solution Logic,strategy assumptions board review
Consultify,28_why_transformation_capacity_breaks_before_strategy_does,Why Transformation Capacity Breaks Before Strategy Does,COO / CHRO partner / transformation sponsor,Awareness,"leadership keeps refining strategy language while delivery capacity quietly collapses, which makes the portfolio look aligned on paper and impossible in practice",recognizing capacity as the earlier constraint helps sponsors intervene before the strategy narrative becomes a blame magnet for teams who were never resourced to execute it,Governance And ROI,Execution And Rollout,Layer 2: Problem Deep Dives,transformation capacity versus strategy
Consultify,29_how_to_link_transformation_initiatives_to_budget_reality,How to Link Transformation Initiatives to Budget Reality,CFO / PMO lead / transformation sponsor,Evaluation,"transformation portfolios often float above budget mechanics, which creates surprise cash asks, weak trade-offs, and initiatives that survive because they are politically sticky rather than financially grounded","initiatives become governable when each one has a visible budget lane, a cash timing profile, and an explicit decision rule for overruns",Governance And ROI,Execution And Rollout,Layer 3: Solution Logic,transformation initiatives budget linkage
Consultify,30_what_executive_sponsors_should_never_delegate_in_transformation,What Executive Sponsors Should Never Delegate in Transformation,Executive sponsor / CEO / board-facing owner,Consideration,"sponsors often delegate transformation ownership in ways that look efficient, which fragments accountability and turns governance into theater because nobody with authority remains visibly responsible for trade-offs","transformation control improves when sponsors keep a short non-delegable list: trade-offs, stop decisions, cross-functional deadlocks, integrity of the value story, and escalation to the board",Governance And ROI,Execution And Rollout,Layer 1: Field Reality,executive sponsor transformation delegation
Consultify,31_how_to_build_a_live_transformation_risk_register,How to Build a Live Transformation Risk Register,Risk owner / transformation PMO / program director,Evaluation,"risk registers often die in static spreadsheets after approval, which means leadership reviews risks as paperwork while real issues show up late as surprises in delivery and finance","a live risk register works when each risk has an owner, a measurable trigger, a response playbook, and a visible link to initiatives and decisions",Governance And ROI,Execution And Rollout,Layer 3: Solution Logic,live transformation risk register
Consultify,32_when_a_transformation_program_needs_intervention_not_more_reporting,"When a Transformation Program Needs Intervention, Not More Reporting",Transformation owner / sponsor / board-facing lead,Consideration,"struggling programs often get more reporting layers, which increases administrative load without changing ownership, decisions, or the constraints that caused drift in the first place","you can recognize intervention moments early by watching decision latency, repeated scope rewrites, budget variance without portfolio response, and risks that keep reappearing under new names",Execution And Rollout,Governance And ROI,Layer 1: Field Reality,transformation program intervention versus reporting
Consultify,33_how_to_design_a_sponsor_cadence_that_actually_changes_transformation_outcomes,How to Design a Sponsor Cadence That Actually Changes Transformation Outcomes,Executive sponsor / transformation owner / board-facing lead,Consideration,"sponsor calendars fill with passive updates, which preserves visibility while decision latency, ownership gaps, and portfolio trade-offs stay unresolved","a sponsor cadence works when each touchpoint has a decision intent, a pre-read bar, and a visible record of consequences, not when it optimizes for attendance and slide polish",Governance And ROI,Execution And Rollout,Layer 3: Solution Logic,transformation sponsor cadence design
Consultify,34_when_a_transformation_portfolio_should_stop_funding_an_initiative,When a Transformation Portfolio Should Stop Funding an Initiative,CFO / portfolio sponsor / transformation steering owner,Decision,"weak portfolios keep funding initiatives to avoid sponsor conflict, which burns capacity and delays honest portfolio trade-offs while green plans hide structural failure","you can stop or defund with discipline when value proof breaks, capacity is irrecoverable, dependency deadlocks persist past escalation, or governance cannot secure ownership",Governance And ROI,Execution And Rollout,Layer 4: Decision Support,stop funding transformation initiative
Consultify,35_what_a_good_escalation_path_looks_like_in_cross_functional_programs,What a Good Escalation Path Looks Like in Cross-Functional Programs,Program director / transformation PMO lead / interface owner,Consideration,"cross-functional conflicts stall inside working teams because escalation is vague, which increases decision latency and turns every issue into a sponsor surprise or a political side deal","a good escalation path names levels, time limits, evidence standards, default actions, and decision owners so deadlocks convert into portfolio choices on a predictable clock",Execution And Rollout,Governance And ROI,Layer 1: Field Reality,cross functional program escalation path
Consultify,36_how_to_reduce_governance_debt_in_large_transformation_programs,How to Reduce Governance Debt in Large Transformation Programs,Transformation PMO lead / chief of staff to sponsor / portfolio operations head,Evaluation,"large programs accumulate forums, templates, and approval chains that made sense once, which raises governance load, slows decisions, and hides weak ownership behind busy calendars","you can retire governance debt by merging duplicate forums, enforcing decision SLAs, standardizing minimum evidence, and measuring governance load per outcome delivered",Governance And ROI,AI And Decision Making,Layer 1: Field Reality,transformation governance debt
Consultify,37_when_transformation_metrics_start_driving_the_wrong_behavior,When Transformation Metrics Start Driving the Wrong Behavior,CFO / transformation sponsor / metrics owner,Awareness,"well-intended KPIs reward activity volume and green status, which pushes teams to optimize narratives, hide dependency risk, and defer hard portfolio trade-offs while leadership loses value proof","you can detect metric misalignment early by watching gaming patterns, local optimization, rising governance load, and divergence between reported progress and trailing outcomes",Governance And ROI,Execution And Rollout,Layer 1: Field Reality,transformation metrics wrong incentives
Consultify,38_how_to_keep_strategy_reviews_from_turning_into_narrative_theater,How to Keep Strategy Reviews from Turning into Narrative Theater,Strategy owner / transformation sponsor / board-facing lead,Consideration,"annual or quarterly strategy reviews often become polished storyline sessions, which feels senior while decision latency, portfolio trade-offs, and value proof stay soft","strategy reviews stay operational when they force explicit choices on assumptions, capital waves, capability bets, and stop-doing lists backed by comparable scenarios",AI And Decision Making,Governance And ROI,Layer 3: Solution Logic,strategy review transformation governance
Consultify,39_what_executives_should_require_before_approving_the_next_wave_of_change,What Executives Should Require Before Approving the Next Wave of Change,CEO / executive sponsor / board-facing transformation lead,Decision,"the next wave of change often gets approved on momentum and narrative confidence, which loads capacity before value proof, ownership, and dependency risk are honest","executives can gate the next wave with a short evidence standard that covers value proof, capacity, governance load, risk response readiness, and portfolio trade-offs already recorded",Governance And ROI,AI And Decision Making,Layer 4: Decision Support,approve next wave transformation
Consultify,40_how_to_prove_transformation_value_before_the_full_program_finishes,How to Prove Transformation Value Before the Full Program Finishes,Transformation owner / finance partner / sponsor,Evaluation,"value proof is often deferred to the end state, which leaves sponsors deciding on faith while decision latency, scope churn, and portfolio risk accumulate without trailing evidence","you can prove value early with staged proof ladders that tie initiatives to measurable trailing outcomes, controlled experiments, and finance-grade variance explanations",Governance And ROI,AI And Decision Making,Layer 1: Field Reality,prove transformation value early
Consultify,41_when_a_transformation_team_is_overloaded_even_if_the_plan_looks_green,When a Transformation Team Is Overloaded Even If the Plan Looks Green,Transformation PMO lead / delivery lead / sponsor,Consideration,"plans can stay green while queues, decision latency, and hidden workstreams compress the team, which erodes execution discipline and value proof before risks show up in milestone charts","you can detect overload early by measuring decision queues, rework rates, cross-initiative context switching, governance hours, and sponsor dependency on a small number of named individuals",Governance And ROI,Execution And Rollout,Layer 5: Execution And Transformation,transformation team overload green status
Consultify,42_how_to_reset_transformation_control_after_a_missed_quarter,How to Reset Transformation Control After a Missed Quarter,Transformation sponsor / program director / CFO-facing lead,Evaluation,"a missed quarter often triggers narrative defense and reporting inflation, which delays the portfolio trade-offs, ownership resets, and governance changes that actually restore execution discipline","you can reset control with a short stabilization sequence that separates delivery truth from plans, forces explicit trade-offs, and tightens review cadence until decision latency falls",Governance And ROI,Execution And Rollout,Layer 3: Solution Logic,reset transformation control missed quarter
Consultify,43_how_to_define_decision_rights_in_a_transformation_operating_system,How to Define Decision Rights in a Transformation Operating System,Transformation governance lead / enterprise architect / COO office partner,Consideration,"steering forums review narratives, but decision rights stay implicit, so decision latency rises, escalations multiply, and sponsors absorb work that should be systematized","you can install a lightweight decision-rights map that ties decision types to accountable roles, time-boxes, and records without building another bureaucracy layer",Execution And Rollout,Governance And ROI,Layer 1: Field Reality,transformation decision rights
Consultify,44_what_a_board_ready_transformation_packet_should_include_every_time,What a Board-Ready Transformation Packet Should Include Every Time,CFO / transformation sponsor / head of strategy reporting to the board,Decision,"board meetings absorb narrative decks while missing comparable value proof, explicit assumption ledger deltas, and portfolio trade-offs that justify the next funding wave",you can standardize a compact packet that boards can scrutinize in one sitting and that ties execution reality to governance choices,Governance And ROI,Execution And Rollout,Layer 4: Decision Support,board ready transformation packet
Consultify,45_when_to_rewrite_a_transformation_business_case_and_when_not_to,When to Rewrite a Transformation Business Case and When Not To,Transformation sponsor / finance partner / portfolio owner,Consideration,"teams rewrite business cases after every shock, burning capacity and resetting governance conversations instead of updating assumptions and decision records",you get a simple rule set for full rewrite versus controlled assumption update so sponsors protect focus and value proof stays comparable,Governance And ROI,AI And Decision Making,Layer 3: Solution Logic,transformation business case rewrite
Consultify,46_how_to_manage_transformation_assumptions_without_spreadsheet_chaos,How to Manage Transformation Assumptions Without Spreadsheet Chaos,Transformation PMO lead / enterprise architect / sponsor chief of staff,Evaluation,"assumptions scatter across workbooks, slide footnotes, and email, so reviews rehearse debates instead of testing hypotheses and recording interventions","you can run a single assumption ledger with owners, test plans, and status that scales with portfolio complexity",AI And Decision Making,Governance And ROI,Layer 1: Field Reality,transformation assumption ledger
Consultify,47_what_a_good_transformation_capacity_model_should_make_visible,What a Good Transformation Capacity Model Should Make Visible,Transformation COO / portfolio lead / HR business partner supporting change,Awareness,"plans stay green while named people carry impossible loads, so execution slips and sponsors misread the problem as motivation instead of capacity math","you can define a capacity model that exposes role load, contention, and governance drag in the same view as delivery milestones",Governance And ROI,Execution And Rollout,Layer 2: Problem Deep Dives,transformation capacity model
Consultify,48_when_change_exhaustion_is_a_governance_problem_not_a_people_problem,"When Change Exhaustion Is a Governance Problem, Not a People Problem",Executive sponsor / transformation lead working with HR partners,Evaluation,"fatigue gets framed as engagement failure while governance load, decision latency, and portfolio churn stay unmeasured, so fixes target communications instead of system design",you can diagnose exhaustion with governance signals and intervene with portfolio and cadence changes that restore execution discipline,Governance And ROI,Execution And Rollout,Layer 5: Execution And Transformation,change exhaustion transformation governance
Consultify,49_how_to_keep_a_transformation_pmo_from_becoming_a_reporting_factory,How to Keep a Transformation PMO From Becoming a Reporting Factory,Transformation PMO director / transformation office lead,Evaluation,"PMO teams drown in slide refresh cycles and status assembly, which crowds out dependency clearing, risk intervention, and decision preparation for sponsors","you can invert the PMO operating model so reporting is a byproduct of live records and the team sells decision quality, not deck volume",Execution And Rollout,Governance And ROI,Layer 2: Problem Deep Dives,transformation PMO reporting factory
Consultify,50_how_to_turn_transformation_management_into_a_repeatable_operating_system,How to Turn Transformation Management Into a Repeatable Operating System,Executive sponsor / transformation lead accountable for multi-year change,Decision,"each wave reinvents governance, tooling, and reporting, which raises governance load and destroys comparability of value proof across years","you can define a repeatable operating system with stable objects (portfolio, assumptions, risks, decisions, capacity, value proof) and predictable review cadence",Execution And Rollout,Governance And ROI,Layer 2: Problem Deep Dives,transformation operating system
IoT,01_why_factories_still_dont_use_machine_data,Why Factories Still Underuse Their Machine Data,Plant Manager,Awareness,"factories generate data, but too little of it reaches the people who need it in time to improve the shift","real operational control starts when machine data becomes visible, usable, and actionable in real time",Downtime And OEE,AI And Decision Making,Layer 2: Problem Deep Dives,machine data in manufacturing
IoT,02_what_data_should_you_collect_from_machines,What Data Should You Collect from Machines?,Plant Manager / Operations Leader,Awareness,many plants either collect too little machine data to improve operations or collect too much without a clear model for action,"the right machine data set is not the biggest one, but the one that helps the plant detect losses, explain deviations, and respond within the same shift",AI And Decision Making,Downtime And OEE,Layer 2: Problem Deep Dives,what data should you collect from machines
IoT,03_from_sensors_to_decisions,From Sensors to Decisions: How Industrial Data Actually Flows,Plant Manager / Operations Leader,Awareness / Consideration,"many plants collect signals, but the path from raw data to operational action is broken or too slow",industrial data becomes valuable only when the flow from signal to context to escalation is designed as one system,AI And Decision Making,Execution And Rollout,Layer 4: Decision Support,from sensors to decisions
IoT,04_machine_data_is_useless_without_context,Machine Data Is Useless Without Context,Plant Manager / Operations Leader,Awareness / Consideration,"factories often collect machine signals, but cannot explain what actually happened or what should happen next","machine data becomes operationally useful only when it is connected to human, process, and business context",AI And Decision Making,Downtime And OEE,Layer 2: Problem Deep Dives,machine data is useless without context
IoT,05_edge_vs_cloud_in_manufacturing,Edge vs Cloud in Manufacturing: What Actually Works,Plant Manager / Operations Leader,Awareness / Consideration,many teams frame edge versus cloud as a technical battle instead of an operational architecture decision,"in manufacturing, the best answer is rarely edge only or cloud only, but the right split between local response and scalable visibility",AI And Decision Making,Execution And Rollout,Layer 2: Problem Deep Dives,edge vs cloud in manufacturing
IoT,06_how_to_start_iiot_without_breaking_production,How to Start IIoT Without Breaking Production,Plant Manager / Operations Leader,Consideration,"many manufacturers delay IIoT because they expect heavy integration, line disruption, and operational risk","the safest way to start IIoT is not a full transformation project, but a narrow pilot that proves value on a real line without destabilizing production",Execution And Rollout,Downtime And OEE,Layer 3: Solution Logic,how to start IIoT without breaking production
IoT,07_how_to_reduce_downtime_by_30_using_real_time_data,How to Reduce Downtime Faster with Real-Time Data,Plant Manager / Operations Leader,Consideration,"many plants measure downtime after the fact, which makes response too slow to prevent repeat losses","real-time data can reduce downtime materially when it helps the plant identify causes faster, escalate faster, and react within the same shift",Downtime And OEE,Execution And Rollout,Layer 3: Solution Logic,reduce downtime by 30 using real-time data
IoT,08_the_hidden_costs_of_not_measuring_production_properly,The Hidden Costs of Not Measuring Production Properly,Plant Manager / Operations Leader,Consideration,"many plants think the cost of weak production measurement is only reporting inconvenience, while the real cost is operational and financial","poor measurement creates hidden losses in downtime, quality, pace, labor response, and decision-making that compound every day",Downtime And OEE,AI And Decision Making,Layer 2: Problem Deep Dives,hidden costs of not measuring production properly
IoT,09_oee_is_not_enough,OEE Is Not Enough: What You Should Measure Instead,Plant Manager / Operations Leader,Consideration,"many plants rely on OEE as the main performance lens, even though OEE alone cannot explain or drive the actions needed for improvement","OEE is useful, but factories need a broader measurement system that includes context, response, and operational flow",Downtime And OEE,AI And Decision Making,Layer 1: Field Reality,OEE is not enough
IoT,10_why_your_maintenance_strategy_is_failing,Why Your Maintenance Strategy Is Failing,Plant Manager / Operations Leader,Consideration,"many maintenance programs still react too late because they run on delayed signals, weak context, and poor escalation","maintenance improves when machine visibility, reason capture, and response logic are connected early enough to change the shift",Downtime And OEE,Execution And Rollout,Layer 2: Problem Deep Dives,why your maintenance strategy is failing
IoT,11_real_time_production_visibility_in_practice,Real-Time Production Visibility in Practice,Plant Manager / Operations Leader,Consideration,"many teams talk about real-time visibility abstractly, but do not define what it should actually look like on the floor","real-time production visibility is not a dashboard concept, but a working operational window for operators, supervisors, maintenance, and management",Downtime And OEE,Execution And Rollout,Layer 2: Problem Deep Dives,real-time production visibility in practice
IoT,12_5_operational_problems_every_factory_has,5 Operational Problems That Usually Share One Root Cause,Plant Manager / Operations Leader,Consideration,"factories often treat operational pain points as separate issues, while many share the same underlying visibility and response gap","the most common factory problems become easier to solve when the plant can see issues earlier, capture context, and trigger action during the shift",Downtime And OEE,Execution And Rollout,Layer 1: Field Reality,5 operational problems every factory has
IoT,13_7_mistakes_companies_make_when_implementing_iot,7 Mistakes Companies Make When Implementing IIoT,Plant Manager / Operations Leader,Consideration,many companies delay or damage IIoT value because they treat implementation as a technology rollout instead of an operational change loop,"IIoT implementation works better when the first phase stays narrow, practical, and tied to one real operating problem",Execution And Rollout,AI And Decision Making,Layer 2: Problem Deep Dives,mistakes companies make when implementing iot
IoT,14_from_pilot_to_scale_how_to_roll_out_iiot_without_losing_control,From Pilot to Scale: How to Roll Out IIoT Without Losing Control,Plant Manager / COO / Operations Leader,Decision,many manufacturers prove IIoT on one line and then lose momentum or control when rollout expands beyond the first pilot,IIoT rollout scales better when the plant expands a proven operating loop step by step instead of turning a pilot into a rushed plant-wide program,Execution And Rollout,AI And Decision Making,Layer 5: Execution And Transformation,how to roll out IIoT from pilot to scale
IoT,15_how_to_build_a_business_case_for_iiot_in_a_brownfield_factory,How to Build a Business Case for IIoT in a Brownfield Factory,Plant Manager / COO / CFO,Decision,"many manufacturers know IIoT could improve visibility and response, but struggle to build a credible business case in brownfield conditions where systems, machines, and losses are uneven","a stronger IIoT business case starts with one real operating problem, one measurable loss pattern, and one proof path the plant can validate before scale",Execution And Rollout,Downtime And OEE,Layer 4: Decision Support,business case for IIoT
IoT,16_what_to_measure_in_the_first_90_days_of_iiot_rollout,What to Measure in the First 90 Days of IIoT Rollout,Plant Manager / Operations Leader / COO,Decision,"many manufacturers launch IIoT pilots but track the wrong indicators in the first phase, which makes it harder to prove operational value and decide what to scale","the first 90 days of IIoT rollout should measure whether one operating loop is becoming clearer, faster, and more repeatable rather than whether the plant has simply connected more assets",Execution And Rollout,Downtime And OEE,Layer 5: Execution And Transformation,first 90 days of IIoT rollout
IoT,17_how_to_choose_the_right_first_iiot_use_case,How to Choose the Right First IIoT Use Case,Plant Manager / COO / Operations Leader,Decision,"many manufacturers want to start IIoT but choose the first use case based on visibility, internal politics, or technology preference instead of operational leverage","the right first IIoT use case is usually the one with a repeated loss pattern, a clear response gap, and a practical path to prove better control in a limited scope",Execution And Rollout,Downtime And OEE,Layer 3: Solution Logic,first IIoT use case
IoT,18_who_should_own_iiot_rollout_inside_the_factory,Who Should Own IIoT Rollout Inside the Factory,COO / Plant Manager / Operations Leader,Decision,"many IIoT rollouts slow down because ownership is spread across IT, operations, maintenance, and leadership without one clear operating owner for the first loop","stronger IIoT rollout happens when one accountable owner leads a cross-functional loop with clear rules for response, escalation, review, and next-step decisions",Execution And Rollout,AI And Decision Making,Layer 5: Execution And Transformation,IIoT rollout ownership
IoT,19_why_iiot_alerts_fail_on_the_shop_floor_and_what_works_instead,Why IIoT Alerts Fail on the Shop Floor and What Works Instead,Plant Manager / Operations Leader / Maintenance Leader,Decision,"many IIoT rollouts produce alerts, but the alert layer does not improve response because the signals are noisy, poorly routed, or disconnected from ownership and escalation logic","IIoT alerts become useful when they are tied to one clear response path, one ownership model, and one review habit instead of being treated as notification volume",Downtime And OEE,Execution And Rollout,Layer 4: Decision Support,IIoT alerts
IoT,20_how_to_review_iiot_value_after_the_first_pilot,How to Review IIoT Value After the First Pilot,COO / Plant Manager / CFO,Decision,"many manufacturers finish an IIoT pilot but do not know how to review value credibly, so the next decision gets shaped by optimism, politics, or weak ROI theater instead of operating proof","a stronger post-pilot review checks whether one operating loop became more visible, faster, more disciplined, and more scalable before the plant tries to justify full rollout",Execution And Rollout,Downtime And OEE,Layer 4: Decision Support,review IIoT value after pilot
IoT,21_what_the_first_30_days_of_iiot_should_look_like_in_a_brownfield_factory,What the First 30 Days of IIoT Should Look Like in a Brownfield Factory,Plant Manager / Operations Leader / COO,Decision,"many manufacturers start IIoT pilots in brownfield conditions but enter the first 30 days without a clear operating sequence, which creates noise, uncertainty, and weak proof","the first 30 days of IIoT work better when the plant follows a narrow sequence focused on signal trust, context capture, response habits, and short review cycles rather than broad rollout ambition",Execution And Rollout,Downtime And OEE,Layer 5: Execution And Transformation,first 30 days of IIoT
IoT,22_when_to_integrate_iiot_with_mes_erp_and_cmms_and_when_to_wait,"When to Integrate IIoT with MES, ERP, and CMMS and When to Wait",COO / Plant Manager / CTO,Decision,"many manufacturers assume IIoT value depends on early integration with MES, ERP, or CMMS, which often slows the first phase and makes proof harder to achieve","stronger IIoT rollout usually proves one operating loop first and integrates broader systems later, once the plant knows what data, workflow, and ownership logic actually matter",AI And Decision Making,Execution And Rollout,Layer 3: Solution Logic,IIoT MES ERP CMMS integration
IoT,23_what_machine_data_should_trigger_action_and_what_should_not,What Machine Data Should Trigger Action and What Should Not,Plant Manager / Reliability Lead / Operations Director,Consideration,"brownfield IoT often floods teams with signals, so every spike feels urgent and the floor learns to ignore the stack","a simple decision framework so only machine-backed conditions that change the next safe action earn alerts, while everything else stays visibility-only",AI And Decision Making,Downtime And OEE,Layer 2: Problem Deep Dives,machine data IoT action rules
IoT,24_how_to_improve_machine_data_quality_before_scaling_iot,How to Improve Machine Data Quality Before Scaling IoT,Engineering Manager / OT Lead / Plant IT sponsor,Consideration,"teams scale connectivity and dashboards before clocks, units, naming, and sampling line up, so downstream decisions inherit silent error",a short quality ladder you can run during pilot so scale multiplies signal integrity instead of confusion,Downtime And OEE,AI And Decision Making,Layer 3: Solution Logic,machine data quality IoT
IoT,25_when_edge_processing_is_worth_it_in_brownfield_iot,When Edge Processing Is Worth It in Brownfield IoT,CTO / Plant IT / OT security sponsor,Decision,"teams debate edge versus cloud abstractly while the plant actually needs latency, uptime, and boundary control under real network pain",a decision matrix that tells you when edge is worth cost and complexity in retrofit-heavy environments,AI And Decision Making,Execution And Rollout,Layer 4: Decision Support,edge processing brownfield IoT
IoT,26_how_to_roll_out_iot_across_multiple_lines_without_losing_control,How to Roll Out IoT Across Multiple Lines Without Losing Control,Plant Manager / Program sponsor / Continuous improvement lead,Adoption,"second and third lines copy the pilot in name only, so tagging, ownership, and review rhythms diverge quietly",a replication kit and governance rhythm that keeps speed without turning each line into a custom science project,Execution And Rollout,AI And Decision Making,Layer 5: Execution And Transformation,multi-line IoT rollout
IoT,27_what_to_do_when_operators_do_not_trust_iot_signals_yet,What to Do When Operators Do Not Trust IoT Signals Yet,Operations Manager / Shift lead / HR-trained frontline sponsor,Nurture / Adoption,"leadership declares IoT live while the floor treats signals as ""computer guesses"" and reverts to habit","a trust ladder that pairs physical verification, transparent thresholds, and bounded promises until credibility compounds",Execution And Rollout,AI And Decision Making,Layer 3: Solution Logic,operator trust industrial IoT
IoT,28_how_to_reduce_false_alarms_in_iiot_systems,How to Reduce False Alarms in IIoT Systems,Reliability Manager / Maintenance planner / OT engineer,Adoption,"alarm counts look like ""activity"" while the floor learns to mute channels and real faults hide in the noise","a disciplined false-alarm reduction loop: corroboration, hysteresis, duty cycles, and accountable tuning",Downtime And OEE,AI And Decision Making,Layer 3: Solution Logic,reduce false alarms IIoT
IoT,29_when_to_expand_from_visibility_to_closed_loop_response,When to Expand from Visibility to Closed-Loop Response,Plant Manager / Engineering lead / Safety and quality sponsor,Decision,"leadership wants automation headlines while the plant still lacks trusted signals, owners, and rollback discipline",a gated expansion model that moves from see to act only when human loops have proven judgment under load,AI And Decision Making,Execution And Rollout,Layer 3: Solution Logic,closed loop industrial IoT
IoT,30_how_to_go_from_one_successful_iot_pilot_to_a_plant_standard,How to Go from One Successful IoT Pilot to a Plant Standard,Program sponsor / Plant director / Continuous improvement lead,Adoption,"the pilot wins a presentation while the plant lacks a standard package, training path, and funding rhythm for replication","a practical standardization path: freeze the pattern, fund copies, measure replication quality, and govern drift",Execution And Rollout,AI And Decision Making,Layer 3: Solution Logic,IoT pilot to standard manufacturing
IoT,31_what_to_review_after_the_first_6_months_of_iot_rollout,What to Review After the First 6 Months of IoT Rollout,Plant director / Finance partner / Program sponsor,Decision / Adoption,"six months of activity passes without a structured review, so budgets and trust decisions rely on anecdotes","a six-month review agenda with evidence categories so leadership can renew, adjust, or pause with clarity",Execution And Rollout,Downtime And OEE,Layer 5: Execution And Transformation,IoT rollout six month review
IoT,32_how_to_prove_iot_value_across_sites_without_forcing_one_template,How to Prove IoT Value Across Sites Without Forcing One Template,VP Operations / Group manufacturing lead / Digital transformation sponsor,Decision,"headquarters pushes a single IoT template while sites differ in assets, maturity, and political readiness, so proof fragments or fake compliance appears","a multi-site proof model: shared outcomes, flexible patterns, common evidence rules, and transparent exceptions",Execution And Rollout,Downtime And OEE,Layer 3: Solution Logic,multi-site IoT value proof
IoT,33_how_to_use_iot_data_in_shift_handover_without_creating_more_reporting,How to Use IoT Data in Shift Handover Without Creating More Reporting,Shift lead / Production supervisor / Plant operations manager,Consideration,handover still runs on verbal memory and static sheets while IoT adds streams nobody wants to re-type into another report,"a tight handover pattern: three live facts, one open risk, one confirmed next action, all grounded in machine state without a new reporting stack",AI And Decision Making,Execution And Rollout,Layer 1: Field Reality,IoT shift handover manufacturing
IoT,34_when_iot_should_trigger_supervisor_escalation_and_when_it_should_not,When IoT Should Trigger Supervisor Escalation and When It Should Not,Production supervisor / Area manager / Plant operations lead,Consideration,"supervisors get pulled into every yellow blip, so escalation becomes noise and the floor stops treating alerts as serious","a supervisor escalation policy: which machine-backed conditions interrupt leadership, which stay with the line, and how overrides change the rule",AI And Decision Making,Execution And Rollout,Layer 2: Problem Deep Dives,IoT supervisor escalation manufacturing
IoT,35_what_a_good_machine_state_model_looks_like_before_scaling_iot,What a Good Machine State Model Looks Like Before Scaling IoT,Manufacturing engineer / OT systems lead / Reliability engineer,Evaluation,"teams scale sensors before they agree what ""running well"" means in machine language, so every site invents its own labels under pressure","a minimal state model you can govern: stable states, allowed transitions, evidence for each transition, and explicit unknowns",Downtime And OEE,AI And Decision Making,Layer 1: Field Reality,machine state model industrial IoT
IoT,36_how_to_turn_iot_signals_into_maintenance_priorities_without_noise,How to Turn IoT Signals into Maintenance Priorities Without Noise,Maintenance manager / Reliability lead / Planner,Consideration,"every new sensor trend becomes a P1 ticket, so technicians chase data and backlog the work that actually protects output","a maintenance priority ladder fed by IoT: evidence rules, joint triage with operations, and a hard cap on concurrent ""urgent"" IoT items",Downtime And OEE,AI And Decision Making,Layer 1: Field Reality,IoT maintenance prioritization
IoT,37_how_to_keep_an_iot_program_alive_when_the_first_champion_leaves,How to Keep an IoT Program Alive When the First Champion Leaves,Plant manager / IT-OT sponsor / Program owner,Adoption,"the first champion carried informal decisions, vendor relationships, and operator trust, so the program looks personal instead of institutional","a continuity kit: documented decisions, shared ownership, operator-validated signal rules, and budget line items that survive a personnel change",Execution And Rollout,Downtime And OEE,Layer 5: Execution And Transformation,IoT program continuity manufacturing
IoT,38_what_to_standardize_across_sites_in_iot_and_what_to_leave_local,What to Standardize Across Sites in IoT and What to Leave Local,Group manufacturing director / Digital operations lead / Enterprise architect,Decision,"central teams push uniform dashboards while sites need honest variance in assets, staffing, and integration paths, so standards feel fake or blocking","a clean split: non-negotiable group standards for security, evidence, and escalation logic, plus explicit local freedom for sensor maps, job plans, and training rhythm",Execution And Rollout,AI And Decision Making,Layer 4: Decision Support,standardize IoT across manufacturing sites
IoT,39_how_to_use_iot_for_faster_problem_confirmation_on_the_shop_floor,How to Use IoT for Faster Problem Confirmation on the Shop Floor,Line supervisor / Process engineer / Quality technician,Consideration,"teams debate whether the machine is actually wrong or the story is wrong, so minutes burn while production waits on opinions","a confirmation workflow: live signals plus a short physical check list, agreed corroboration rules, and a single ""confirmed / not confirmed"" outcome for the next action",Downtime And OEE,Execution And Rollout,Layer 1: Field Reality,IoT problem confirmation shop floor
IoT,40_when_real_time_visibility_should_change_the_production_plan,When Real-Time Visibility Should Change the Production Plan,Production planner / Operations manager / Supply chain interface,Decision,"planners distrust shop-floor stories, while IoT can show drift too late if it is not tied to planning governance, so either nothing changes or everything changes chaotically","a decision gate: which real-time conditions authorize a plan change, who approves, within what time window, and what evidence standard applies",Downtime And OEE,AI And Decision Making,Layer 4: Decision Support,real-time visibility production planning manufacturing
IoT,41_how_to_review_operator_overrides_in_iot_workflows,How to Review Operator Overrides in IoT Workflows,Operations supervisor / EHS partner / Engineering lead,Consideration,"overrides accumulate silently, audits discover them late, and operators learn that bypass is easier than fixing the underlying signal or process","a review rhythm: what gets logged, how expiries work, who approves extensions, and how reviews tie to standards and training",AI And Decision Making,Execution And Rollout,Layer 1: Field Reality,operator override review industrial IoT
IoT,42_what_iot_governance_should_look_like_after_the_first_year,What IoT Governance Should Look Like After the First Year,Plant director / IT-OT sponsor / Continuous improvement lead,Adoption,"year one is excitement and pilots, year two is when informal rules crack under audits, turnover, and real integration pressure","a year-two governance pack: cadence, ownership, standards map, evidence rules, and explicit scale criteria that survive normal plant chaos",Execution And Rollout,AI And Decision Making,Layer 5: Execution And Transformation,IoT governance after first year manufacturing
IoT,43_how_to_keep_iot_signal_definitions_consistent_across_shifts,How to Keep IoT Signal Definitions Consistent Across Shifts,Engineering lead / Continuous improvement lead / Shift operations sponsor,Consideration,"each shift names states differently, rounds timestamps differently, and interprets thresholds in conversation, so handover becomes opinion instead of evidence","a shared signal dictionary plus handover rules that stay stable when people, vendors, or screens change",AI And Decision Making,Execution And Rollout,Layer 1: Field Reality,IoT signal definitions consistent across shifts manufacturing
IoT,44_when_iot_alerts_should_create_work_orders_and_when_they_should_not,When IoT Alerts Should Create Work Orders and When They Should Not,Maintenance planner / Reliability engineer / CMMS owner with operations partnership,Trial,"CMMS floods with auto-generated tickets that technicians ignore, while real failures still arrive as verbal escalations","a routing matrix: which alerts become work orders, which become watch items, and which only enrich existing jobs",AI And Decision Making,Execution And Rollout,Layer 5: Execution And Transformation,when IoT alerts should create work orders manufacturing
IoT,45_what_an_executive_iot_scorecard_should_include_after_scale_up,What an Executive IoT Scorecard Should Include After Scale-Up,Plant director / COO / Group manufacturing leader,Decision,"after scale-up, leadership sees pretty utilization charts while the floor still argues about signal truth, integration debt, and override patterns","a scorecard built from evidence categories: connectivity truth, signal quality, operational impact, governance health, and honest integration status",AI And Decision Making,Execution And Rollout,Layer 4: Decision Support,executive IoT scorecard after scale manufacturing
IoT,46_how_to_decide_which_iot_signals_deserve_edge_logic,How to Decide Which IoT Signals Deserve Edge Logic,IT-OT architect / Controls lead / Plant systems engineer,Consideration,"teams either push everything to the cloud for convenience or lock logic into PLCs without visibility, and neither path scales cleanly in brownfield","a decision grid: latency, safety, bandwidth, autonomy during outages, and maintainability determine where logic lives",AI And Decision Making,Execution And Rollout,Layer 1: Field Reality,which IoT signals need edge computing manufacturing
IoT,47_when_real_time_visibility_should_trigger_structured_problem_solving,When Real-Time Visibility Should Trigger Structured Problem Solving,Production manager / Shift manager / Continuous improvement lead,Decision,"teams see the anomaly on screen but revert to hallway decisions, so the same failure mode returns next week with no evidence trail","a trigger map: which real-time conditions open a structured loop, who owns the charter, and how IoT evidence attaches to the record",Downtime And OEE,Execution And Rollout,Layer 4: Decision Support,real-time visibility structured problem solving manufacturing
IoT,48_how_to_create_a_site_ready_iot_rollout_playbook_for_new_lines,How to Create a Site-Ready IoT Rollout Playbook for New Lines,Project owner / Engineering manager / IT-OT rollout lead,Decision,"each new line reinvents connectivity, training, and handover, so scale feels like a sequence of hero projects instead of a repeatable factory motion","a site-ready playbook: brownfield constraints, signal scope, pilot cutover, handover package, and governance hooks in one checklist owners can execute",Execution And Rollout,AI And Decision Making,Layer 5: Execution And Transformation,IoT rollout playbook new production line manufacturing
IoT,49_what_data_retention_and_traceability_should_look_like_in_iiot,What Data Retention and Traceability Should Look Like in IIoT,Quality manager / IT-OT security partner / Regulatory-facing operations lead,Adoption,"plants collect everything and keep it forever, or keep nothing and cannot reconstruct a customer complaint week, so audits become panic exports","a retention map tied to signal class, a traceability chain from machine event to human action, and honest storage boundaries",AI And Decision Making,Execution And Rollout,Layer 4: Decision Support,IIoT data retention traceability manufacturing
IoT,50_how_to_turn_iot_into_a_repeatable_operating_system_in_a_brownfield_factory,How to Turn IoT into a Repeatable Operating System in a Brownfield Factory,Plant director / Transformation sponsor / Head of manufacturing engineering,Adoption,"IoT lives as a project office, a vendor relationship, and a set of screens, but it never becomes the way the plant runs day to day","an operating system pattern: cadence, roles, signal truth, escalation, integration honesty, and proof that survives turnover",Execution And Rollout,AI And Decision Making,Layer 1: Field Reality,IoT operating system brownfield factory manufacturing
IRIS,01_why_dashboards_dont_fix_factories,Why Dashboards Don’t Fix Factories,Plant Manager,Awareness,visibility without action still leaves plants reactive and fragmented,"factories improve when insight is connected to ownership, tasking, and execution",Governance And ROI,Execution And Rollout,Layer 4: Decision Support,why dashboards do not fix factories
IRIS,02_what_a_plant_operating_system_actually_means,What a Plant Operating System Actually Means,COO / Plant Director,Awareness,"many manufacturers hear terms like MES, platform, AI layer, or digital transformation stack, but still lack a clear model for what an operating system for the plant should actually do","a plant operating system is useful when it becomes the unified layer that connects data, decisions, tasking, and cross-functional execution",Governance And ROI,AI And Decision Making,Layer 2: Problem Deep Dives,what a plant operating system actually means
IRIS,03_why_mes_alone_is_no_longer_enough,Why MES Alone Is No Longer Enough,COO / Plant Manager,Awareness,"many manufacturers still think MES should be the center of operational control, even though modern plants need broader execution across production, warehouse, quality, maintenance, and tasking","MES still matters, but plants now need a wider operating layer that closes execution gaps across functions",Governance And ROI,Execution And Rollout,Layer 2: Problem Deep Dives,why mes alone is no longer enough
IRIS,04_from_insight_to_task_to_action_closing_the_execution_loop,From Insight to Task to Action: Closing the Execution Loop,Plant Manager / Operations Director,Consideration,"many factories can detect issues, but still lose time because insight does not automatically turn into ownership, action, and tracked follow-up",operational performance improves when the system closes the loop from signal to task to action instead of stopping at analysis,Execution And Rollout,AI And Decision Making,Layer 5: Execution And Transformation,closing the execution loop in manufacturing
IRIS,05_why_plants_still_run_on_spreadsheets,Why Plants Still Run on Spreadsheets,Plant Manager / COO,Consideration,"many factories have multiple systems, yet still depend on spreadsheets because formal tools do not cover cross-functional coordination, shared definitions, and daily decision flow well enough",plants stop relying on spreadsheets when one operating layer becomes easier and more useful than manual workarounds,Governance And ROI,Execution And Rollout,Layer 2: Problem Deep Dives,why plants still run on spreadsheets
IRIS,06_ai_native_operations_what_that_should_mean_in_practice,AI-Native Operations: What That Should Mean in Practice,COO / CTO / Plant Director,Consideration,"many industrial buyers hear `AI-native` in product messaging, but the term is often vague and disconnected from real plant execution",AI-native operations should mean AI working inside the operating loop of the plant and not sitting on top as a cosmetic feature layer,Governance And ROI,AI And Decision Making,Layer 5: Execution And Transformation,ai-native operations in manufacturing
IRIS,07_how_to_unify_mes_wms_qms_and_cmms_without_replacing_everything,"How to Unify MES, WMS, QMS, and CMMS Without Replacing Everything",COO / CTO / Operations Transformation Lead,Consideration,"many manufacturers know their systems are fragmented, but fear that fixing the problem means a massive rip-and-replace program",operational unification can start by creating one shared operating layer above existing systems instead of replacing everything at once,Execution And Rollout,Governance And ROI,Layer 3: Solution Logic,unify mes wms qms and cmms without replacing everything
IRIS,08_why_hidden_definitions_kill_kpi_alignment,Why Hidden Definitions Kill KPI Alignment,COO / Plant Director / Continuous Improvement Leader,Consideration,"many factories believe they have KPI discipline, but different teams still use different definitions, which quietly destroys trust, alignment, and decision speed","KPI alignment improves when the plant shares one operational truth, not just one dashboard view",Governance And ROI,Execution And Rollout,Layer 2: Problem Deep Dives,hidden definitions kill kpi alignment
IRIS,09_the_cost_of_siloed_operational_systems,The Cost of Siloed Operational Systems,COO / CFO / Plant Director,Consideration,"many factories accept fragmented operational systems as normal, without fully seeing how much speed, trust, and decision quality they lose because of those silos","the real cost of silos is not just software inefficiency, but slower and weaker execution across the plant",Governance And ROI,Execution And Rollout,Layer 4: Decision Support,cost of siloed operational systems
IRIS,10_how_human_approval_makes_industrial_ai_more_useful,How Human Approval Makes Industrial AI More Useful,COO / CTO / Plant Director,Decision,"many buyers assume industrial AI becomes valuable only when it removes humans from the loop, even though that often reduces trust and practical usability in factory environments","industrial AI becomes more useful when human approval is built into the workflow, creating faster action without losing judgment or accountability",Execution And Rollout,AI And Decision Making,Layer 4: Decision Support,human approval makes industrial ai more useful
IRIS,11_how_to_build_a_real_time_kpi_system_for_your_factory,How to Build a Real-Time KPI System for Your Factory,Plant Manager,Consideration,"many factories have KPIs, but they do not have a real-time KPI system that drives aligned action across operations","a strong KPI system is not a dashboard project first. It is an operating logic that connects live truth, ownership, and response",Execution And Rollout,Governance And ROI,Layer 3: Solution Logic,real time kpi system factory
IRIS,12_oee_is_not_enough_what_you_should_measure_instead,OEE Is Not Enough - What You Should Measure Instead,Plant Manager,Awareness,"many factories rely too heavily on OEE as the main operational metric, even though it rarely explains where decision quality and execution actually break down","plants need a broader operating view that includes response, flow, ownership, and follow-through instead of treating OEE as the whole truth",Governance And ROI,Execution And Rollout,Layer 1: Field Reality,oee is not enough
IRIS,13_how_to_manage_maintenance_with_data,How to Manage Maintenance with Data,Maintenance Manager,Consideration,"many maintenance teams collect data, but still run reactive workflows because insight, ownership, and action remain disconnected","data improves maintenance only when it changes routing, prioritization, and response inside daily execution",Execution And Rollout,Governance And ROI,Layer 3: Solution Logic,manage maintenance with data
IRIS,14_warehouse_optimization_using_real_time_data,Warehouse Optimization Using Real-Time Data,Warehouse Manager,Consideration,"many factories still run warehouse decisions on delayed updates, fragmented systems, and manual coordination, which creates shortages, waiting time, and handoff friction across the plant","real-time data improves warehouse performance only when it helps the plant detect shortage risk earlier, route the next move faster, and close material-flow loops with less friction",Execution And Rollout,Governance And ROI,Layer 5: Execution And Transformation,warehouse optimization using real time data
IRIS,15_production_planning_vs_reality_why_aps_fails,Production Planning vs Reality - Why APS Fails,Operations Director,Consideration,"many factories invest in planning systems, but still struggle because static plans cannot keep up with live disruptions, ownership gaps, and cross-functional execution delays",planning becomes more useful only when the plant can continuously compare plan to reality and route decisions fast enough to respond,Governance And ROI,Execution And Rollout,Layer 2: Problem Deep Dives,production planning vs reality why aps fails
IRIS,16_how_to_connect_all_factory_systems_into_one_brain,How to Create One Shared Operating Layer Across Factory Systems,COO / CTO / Operations Transformation Lead,Consideration,"many factories have multiple operational systems, but still lack one shared layer that turns fragmented events into coordinated cross-functional response","factories do not need one giant replacement project to work more coherently; they need one shared operating layer for truth, context, ownership, and execution across existing systems",Governance And ROI,AI And Decision Making,Layer 3: Solution Logic,connect all factory systems into one brain
IRIS,17_from_reporting_to_decision_making_systems,From Reporting to Decision-Making Systems,COO / Plant Director,Decision,"many factories have reporting layers, but still cannot respond with enough speed and discipline because reports describe the past without driving the next move","modern plants need systems that do more than report; they need systems that interpret reality, route ownership, and help decisions turn into execution",Governance And ROI,AI And Decision Making,Layer 4: Decision Support,from reporting to decision making systems
IRIS,18_the_end_of_manual_production_control,Why Manual Production Control Stops Scaling,Plant Manager,Decision,"many factories still keep production moving through manual coordination, but that model becomes less reliable as system inputs, cross-functional dependencies, and response pressure increase","production control becomes more durable when the plant moves from person-dependent chasing to one execution model built on shared truth, routed ownership, and tracked follow-through",Governance And ROI,Execution And Rollout,Layer 4: Decision Support,the end of manual production control
IRIS,19_how_to_evaluate_a_plant_operating_system_for_a_real_factory,How to Evaluate a Plant Operating System for a Real Factory,COO / CTO / Transformation Leader,Decision,"many buyers hear strong platform claims, but struggle to tell whether a plant operating system will improve real execution or simply add one more software layer","buyers should evaluate a plant operating system by its ability to unify truth, route action, and close loops across real factory workflows",Governance And ROI,AI And Decision Making,Layer 3: Solution Logic,evaluate a plant operating system for a real factory
IRIS,20_why_ai_in_factory_operations_fails_without_one_execution_layer,Why AI in Factory Operations Fails Without One Execution Layer,COO / CTO / Innovation Lead,Decision,many factories add AI on top of fragmented operations and then wonder why recommendations do not translate into measurable operating improvement,"AI becomes operationally useful only when it works inside one execution layer that connects truth, ownership, and follow-through across the plant",AI And Decision Making,Governance And ROI,Layer 4: Decision Support,why ai in factory operations fails without one execution layer
IRIS,21_how_ai_is_changing_factory_operations_when_execution_is_connected,How AI Is Changing Factory Operations When Execution Is Connected,Plant Director / COO,Awareness,"teams hear a lot about AI, but struggle to describe what actually changes on the shop floor when intelligence is wired into real response, ownership, and follow-through","a concrete picture of the operating shifts that appear only when AI is connected to one execution layer, not parked in isolated analytics tools",AI And Decision Making,Execution And Rollout,Layer 1: Field Reality,how ai is changing factory operations when execution is connected
IRIS,22_what_an_ai_agent_can_do_in_a_factory_today,What an AI Agent Can Do in a Factory Today,Operations Manager / Engineering Manager,Consideration,"buyers hear ""agent"" language from vendors, but need a grounded scope list that matches real constraints: safety, approvals, traceability, and existing systems","a practical boundary map of what an AI agent can reliably support now, what still belongs to humans, and what requires a unified execution layer to work at all",AI And Decision Making,Execution And Rollout,Layer 1: Field Reality,what an ai agent can do in a factory today
IRIS,23_from_humans_to_ai_assisted_operations_what_changes_first,From Humans to AI-Assisted Operations: What Changes First,Plant Manager / Continuous Improvement Lead,Consideration,"teams fear a vague ""replacement"" narrative and delay useful adoption because they cannot sequence what should change first in roles, routines, and systems","a practical sequencing model for the first operational shifts: visibility discipline, ownership clarity, workflow standardization, then AI assistance on top",Execution And Rollout,AI And Decision Making,Layer 5: Execution And Transformation,from humans to ai assisted operations what changes first
IRIS,24_autonomous_factory_myth_or_operating_reality,Autonomous Factory: Myth or Operating Reality,COO / CTO / Board-facing operations leader,Awareness,"leadership is pulled between fear narratives and vendor hype, without a grounded definition of what autonomy can mean in regulated, staffed, capital-intensive operations","a precise split between myth-grade autonomy claims and realistic autonomy patterns that still require governance, approvals, and human ownership",AI And Decision Making,Governance And ROI,Layer 4: Decision Support,autonomous factory myth or reality
IRIS,25_how_to_build_ai_assisted_factory_operations_step_by_step,How to Build AI-Assisted Factory Operations Step by Step,Program Owner / Plant IT-OT Lead / COO sponsor,Decision,"AI programs stall because teams try to scale intelligence before they stabilize execution mechanics, ownership, and measurement","an eight-step path from baseline discipline to measured AI assistance inside one operational workflow, with explicit gates and proof criteria",Execution And Rollout,AI And Decision Making,Layer 3: Solution Logic,how to build ai assisted factory operations step by step
IRIS,26_when_ai_should_recommend_and_when_humans_should_decide_in_operations,When AI Should Recommend and When Humans Should Decide in Operations,Quality Director / Operations Director / Engineering Manager,Decision,"plants either over-trust models or ban AI entirely, because they lack a simple decision-rights map tied to risk, traceability, and accountability","a clear decision-rights framework using risk class, reversibility, and regulatory exposure, plus how to implement it as approval thresholds in workflows",AI And Decision Making,Execution And Rollout,Layer 4: Decision Support,when should ai recommend versus humans decide manufacturing
IRIS,27_why_factories_need_one_decision_layer_before_more_ai_models,Why Factories Need One Decision Layer Before More AI Models,CTO / VP Operations / Digital Transformation Sponsor,Decision,"organizations buy additional models and copilots while priorities still fragment across inboxes, creating more confident contradictions instead of faster closure","a clear argument for stabilizing one decision layer for prioritization, conflict resolution, and execution routing before expanding model count",AI And Decision Making,Governance And ROI,Layer 3: Solution Logic,one decision layer before more ai models manufacturing
IRIS,28_how_ai_can_prioritize_factory_issues_across_functions,How AI Can Prioritize Factory Issues Across Functions,Plant Manager / Operations Excellence Lead,Consideration,"cross-functional issues compete for attention using different languages, and the plant loses time arguing about urgency instead of executing","a practical method to combine signals, apply a transparent rubric, and route prioritized work with human confirmation at defined thresholds",AI And Decision Making,Execution And Rollout,Layer 1: Field Reality,ai prioritize factory issues across functions
IRIS,29_what_makes_factory_ai_trustworthy_for_operations_leaders,What Makes Factory AI Trustworthy for Operations Leaders,Plant Director / VP Operations / Quality and Safety Leadership,Decision,"leaders support innovation in principle, but cannot defend AI to the shop floor without traceability, bounded actions, and measurable operating outcomes","a leader checklist for trustworthy industrial AI: grounded outputs, explicit limits, audit trails, human gates, and proof tied to cycle metrics",AI And Decision Making,Governance And ROI,Layer 1: Field Reality,trustworthy factory ai for operations leaders
IRIS,30_how_to_roll_out_ai_assisted_operations_without_disrupting_the_plant,How to Roll Out AI-Assisted Operations Without Disrupting the Plant,Transformation PMO / Plant Manager / IT-OT Lead,Decision,"AI rollouts create friction when they change daily rhythms, split attention, or introduce parallel systems during peak production pressure","a rollout pattern that runs alongside production: shadow mode, narrow workflow scope, shift-based training, fallback procedures, and explicit change windows",Execution And Rollout,AI And Decision Making,Layer 5: Execution And Transformation,roll out ai assisted operations without disrupting plant
IRIS,31_how_ai_and_digital_twin_work_together_in_factory_decisions,How AI and Digital Twin Work Together in Factory Decisions,VP Operations / Plant Director / Engineering and IT Sponsor,Consideration,"teams treat digital twin and AI as competing ""innovation projects"" instead of a paired loop: simulate options, then execute and learn in one operating record","a plain split of roles, handoffs, and ownership so twin outputs become actionable tasks, thresholds, and follow-through instead of slide decks",AI And Decision Making,Governance And ROI,Layer 2: Problem Deep Dives,ai and digital twin manufacturing decisions
IRIS,32_why_ai_without_operational_data_still_fails_in_manufacturing,Why AI Without Operational Data Still Fails in Manufacturing,Plant IT-OT Lead / Data Owner / Program Sponsor,Awareness,"teams ship models on curated datasets while the plant still runs on partial logs, late entries, and conflicting definitions, so assistance cannot close loops","a blunt checklist of what counts as operational data for factory AI, and why missing pieces turn assistants into expensive summarizers",Governance And ROI,AI And Decision Making,Layer 2: Problem Deep Dives,ai without operational data manufacturing
IRIS,33_how_ai_can_reduce_downtime_when_response_loops_exist,How AI Can Reduce Downtime When Response Loops Exist,Plant Manager / Maintenance Manager / Operations Excellence Lead,Consideration,"plants collect downtime signals but lose minutes in handoffs, unclear ownership, and slow approvals, so analytics never becomes shorter stops","a concrete picture of the response loop AI can accelerate, plus where AI adds nothing without tasking and thresholds",Execution And Rollout,AI And Decision Making,Layer 2: Problem Deep Dives,ai reduce manufacturing downtime response loops
IRIS,34_the_rise_of_decision_automation_in_manufacturing,The Rise of Decision Automation in Manufacturing,COO / VP Operations / Plant Director,Awareness,"leadership hears ""automation"" as robots, while the bigger shift is automating prioritization, routing, and repeat decisions inside execution workflows","a sober definition of decision automation, what should remain human, and how to spot theater versus operational change",AI And Decision Making,Governance And ROI,Layer 2: Problem Deep Dives,decision automation manufacturing
IRIS,35_what_factory_jobs_change_first_in_ai_assisted_operations,What Factory Jobs Change First in AI-Assisted Operations,HR Business Partner / Plant Manager / Union-Engaged Operations Lead,Consideration,"workforce planning stalls on fear narratives because leaders cannot describe which tasks gain speed, which gain scrutiny, and which stay physically unchanged","a role-based map of early changes focused on coordination, verification, and closure work, not generic ""AI replaces operators"" claims",Execution And Rollout,AI And Decision Making,Layer 2: Problem Deep Dives,factory jobs change ai assisted operations
IRIS,36_when_ai_should_watch_advise_or_act_in_the_factory,"When AI Should Watch, Advise, or Act in the Factory",Operations Director / IT-OT Architect / Quality and Safety Lead,Decision,"plants toggle between ""AI does nothing"" and ""AI does too much"" because they never publish operational modes tied to thresholds and accountability","a three-mode framework (watch, advise, act) mapped to signals, reversibility, and approval paths, separate from generic autonomy debates",AI And Decision Making,Execution And Rollout,Layer 1: Field Reality,watch advise act industrial ai
IRIS,37_how_to_govern_ai_decisions_across_shifts_and_functions,How to Govern AI Decisions Across Shifts and Functions,Plant Director / Transformation PMO / Quality Systems Owner,Decision,"AI governance documents live in IT while night shift runs with different habits, and quality, maintenance, and logistics each interpret ""assist"" differently","a practical governance grid: ownership, change control, shift handoffs, and exception paths that make AI rules operable 24/7",Governance And ROI,AI And Decision Making,Layer 3: Solution Logic,govern ai decisions manufacturing shifts
IRIS,38_how_to_scale_ai_assistance_without_losing_operational_control,How to Scale AI Assistance Without Losing Operational Control,VP Operations / Plant Manager / IT-OT Program Lead,Decision,"successful pilots get pressure to ""turn it on everywhere,"" which spreads thin ownership, inconsistent thresholds, and silent workarounds","a scale playbook with expansion caps, control tests, and kill criteria so growth preserves response discipline and auditability",Execution And Rollout,Governance And ROI,Layer 3: Solution Logic,scale ai assistance manufacturing control
IRIS,39_what_a_human_approval_policy_should_look_like_in_factory_ai,What a Human Approval Policy Should Look Like in Factory AI,Quality Systems Manager / Plant Manager / Legal and Compliance Partner,Decision,"teams rely on informal habits for when a human must sign, which breaks under shift change, vacation coverage, and audit questions","a policy skeleton you can publish: scope, thresholds, evidence, escalation, records, and training tied to workflows, not model names",Governance And ROI,AI And Decision Making,Layer 1: Field Reality,human approval policy factory ai
IRIS,40_how_to_review_ai_assisted_operations_after_the_first_90_days,How to Review AI-Assisted Operations After the First 90 Days,Program Owner / Plant Director / Continuous Improvement Sponsor,Decision,"ninety-day reviews become slide retrospectives without decisions because teams never tie the review to closure metrics, overrides, and scope boundaries","a review agenda with required evidence, four explicit decisions, and a thirty-day action list tied to owners",Execution And Rollout,Governance And ROI,Layer 5: Execution And Transformation,review ai assisted operations 90 days
IRIS,41_how_to_design_an_exception_handling_model_for_ai_assisted_operations,How to Design an Exception Handling Model for AI-Assisted Operations,Operations Architect / Plant Engineering Lead / Quality Systems Owner,Consideration,"AI assistance increases event volume, but plants still route exceptions through informal chats, so response ownership and closure loops stay unclear","a compact exception model with typed paths, thresholds, approvals, and audit fields that supervisors can run under load",AI And Decision Making,Execution And Rollout,Layer 3: Solution Logic,exception handling model ai assisted manufacturing
IRIS,42_when_a_factory_needs_one_operational_arbiter_for_conflicting_signals,When a Factory Needs One Operational Arbiter for Conflicting Signals,Plant Manager / Operations Director / Chief Engineer,Decision,"production, quality, maintenance, and logistics each receive plausible AI-ranked priorities, so the floor waits for informal negotiation instead of executing","clear criteria for appointing a single arbiter role, decision rights, time limits, and how the arbiter records overrides without breaking follow-through",AI And Decision Making,Governance And ROI,Layer 1: Field Reality,operational arbiter manufacturing ai signals
IRIS,43_how_to_build_a_cross_site_playbook_for_ai_assisted_factory_operations,How to Build a Cross-Site Playbook for AI-Assisted Factory Operations,VP Operations / Regional Manufacturing Director / Program PMO Lead,Adoption,"each site improvises modes, thresholds, and training, so corporate cannot compare outcomes or reuse safe patterns","a playbook with global non-negotiables, local adaptation zones, evidence standards, and a quarterly sync rhythm that preserves follow-through",Execution And Rollout,Governance And ROI,Layer 5: Execution And Transformation,cross site playbook manufacturing ai operations
IRIS,44_what_an_executive_ai_operations_scorecard_should_include_and_ignore,What an Executive AI Operations Scorecard Should Include and Ignore,COO / Plant P&L Owner / VP Supply Chain,Evaluation,leadership sees model demos and adoption percentages while the plant still loses hours to unclear ownership and slow closure,"a short scorecard that ties AI assistance to response, throughput protection, audit readiness, and human follow-through, while filtering vanity metrics",Governance And ROI,AI And Decision Making,Layer 5: Execution And Transformation,executive scorecard ai manufacturing operations
IRIS,45_when_to_keep_ai_assistance_inside_one_workflow_and_when_to_connect_more,When to Keep AI Assistance Inside One Workflow and When to Connect More,Continuous Improvement Lead / MES Owner / Warehouse Systems Lead,Consideration,"teams either isolate assistance in a narrow pilot forever, or connect everything at once and lose traceability on ownership and approvals","a decision grid based on data maturity, SLA risk, change-control load, and audit needs so scope moves in controlled steps",AI And Decision Making,Execution And Rollout,Layer 1: Field Reality,expand ai workflows manufacturing gradually
IRIS,46_how_to_create_audit_ready_records_for_ai_assisted_factory_decisions,How to Create Audit-Ready Records for AI-Assisted Factory Decisions,Quality Manager / Regulatory Affairs / Plant IT-OT Lead,Decision,"auditors and customers ask ""who decided, on what basis, with what data,"" while assisted actions live in chat logs and screenshots","a minimum record schema, retention rules, and review cadence that holds up under scrutiny without paralyzing operators",AI And Decision Making,Governance And ROI,Layer 4: Decision Support,audit ready ai manufacturing records
IRIS,47_what_data_ownership_should_look_like_in_an_ai_native_plant_operating_system,What Data Ownership Should Look Like in an AI-Native Plant Operating System,CIO / IT-OT Architect / Data Governance Lead,Consideration,"""everyone owns data"" means no one fixes definitions, refresh failures, or lineage gaps when models and rules multiply","a practical ownership map for source systems, curated operational definitions, assistance outputs, and audit trails with explicit RACI",Governance And ROI,Execution And Rollout,Layer 5: Execution And Transformation,data ownership manufacturing ai operations
IRIS,48_when_vendor_ai_tools_should_feed_the_execution_layer_and_when_not_to,When Vendor AI Tools Should Feed the Execution Layer and When Not To,Procurement / Plant Engineering / IT-OT Integration Lead,Evaluation,"attractive vendor copilots create parallel task channels that bypass approvals, training, and audit fields the plant already defined","a decision matrix on contracts, data handling, latency, ownership, and closure hooks so vendor tools strengthen execution instead of fragmenting it",AI And Decision Making,Governance And ROI,Layer 4: Decision Support,vendor ai tools manufacturing integration
IRIS,49_how_to_keep_human_accountability_clear_in_ai_assisted_shift_management,How to Keep Human Accountability Clear in AI-Assisted Shift Management,Shift Manager / Production Supervisor / Union Partner or Works Council Liaison,Decision,"when assistance suggests or routes work, day-to-day accountability blurs between ""the system said"" and ""I decided,"" especially across handoffs","named accountability per shift slice for claims, approvals, overrides, and closures with simple language operators can repeat",Execution And Rollout,Governance And ROI,Layer 1: Field Reality,shift accountability manufacturing ai assistance
IRIS,50_what_full_operational_closure_should_look_like_in_an_ai_native_factory,What Full Operational Closure Should Look Like in an AI-Native Factory,Plant Director / Continuous Improvement Sponsor / Customer Quality Lead,Adoption,"plants celebrate assisted visibility while work orders, holds, and exceptions stay open with fuzzy endings that break customer and audit trust","a closure definition that spans production, warehouse, quality, maintenance, and tasking with measurable gates and a single execution record",Execution And Rollout,AI And Decision Making,Layer 5: Execution And Transformation,operational closure manufacturing ai
DT,01_digital_twin_not_3d_model_decision_engine,"Digital Twin as a Decision Engine, Not a Prettier Model",CFO / Chairman,Awareness,"many leaders still confuse digital twin with visualization, which hides its real strategic value","the value of a digital twin is decision-grade scenario testing before money, layout, or service levels are committed",Layout And Flow,Governance And ROI,Layer 3: Solution Logic,digital twin in manufacturing
DT,02_why_capex_decisions_should_be_simulated_before_they_are_approved,Why CAPEX Decisions Should Be Simulated Before They Are Approved,CFO / CEO / COO,Consideration,"many CAPEX decisions are still approved using static assumptions, spreadsheets, and presentations instead of testing how the investment will behave in operational reality","simulation improves CAPEX quality by exposing trade-offs, constraints, and scenario risk before money is committed",CAPEX And Investment,Governance And ROI,Layer 2: Problem Deep Dives,capex decisions should be simulated before approval
DT,03_before_you_buy_a_robot_simulate_it_first,"Before You Buy a Robot, Simulate It First",COO / Industrial Engineering Lead / CFO,Consideration,many automation decisions still start from vendor interest or technical ambition instead of testing whether the robot will improve the whole operational system,"simulation helps manufacturers validate whether robotization actually improves flow, throughput, and ROI before capital is committed",CAPEX And Investment,Layout And Flow,Layer 1: Field Reality,before you buy a robot simulate it first
DT,04_why_most_digital_twins_fail,Why Most Digital Twins Fail,COO / CTO / Transformation Lead,Consideration,"many Digital Twin initiatives underdeliver because they are treated as visualization projects, over-scoped transformation bets, or data-perfection programs rather than decision systems","Digital Twin projects succeed when they start from real decisions, manageable scope, and progressive data maturity",Governance And ROI,Layout And Flow,Layer 2: Problem Deep Dives,why most digital twins fail
DT,05_how_to_compare_layout_variants_without_guesswork,How to Compare Layout Variants Without Guesswork,COO / Industrial Engineering Lead / Plant Director,Consideration,"many layout decisions are still made through visual preference, local intuition, or incomplete spreadsheet logic instead of scenario-tested operational comparison",Digital Twin helps teams compare layout variants through measurable outcomes instead of assumption-heavy debate,Layout And Flow,CAPEX And Investment,Layer 3: Solution Logic,compare layout variants without guesswork
DT,06_from_manual_inputs_to_live_data_a_practical_digital_twin_roadmap,From Manual Inputs to Live Data: A Practical Digital Twin Roadmap,CTO / IT & OT Lead / COO,Consideration,"many teams delay digital twin adoption because they think value starts only after full live integration, while the real opportunity is to begin with available inputs and mature progressively","a usable roadmap ties each integration step to a decision that gets sharper, not to a generic connectivity finish line",Governance And ROI,Layout And Flow,Layer 5: Execution And Transformation,practical digital twin roadmap from manual inputs to live data
DT,07_how_simulation_reduces_change_risk_in_production_and_logistics,How Simulation Reduces Change Risk in Production and Logistics,COO / Logistics Leader / Plant Director,Consideration,"changes in production and logistics are often implemented with too much hidden uncertainty, which leads to disruption, rework, and weaker stakeholder confidence",simulation moves interaction risk into a controlled test before the live system pays for a wrong move,Layout And Flow,Governance And ROI,Layer 1: Field Reality,simulation reduces change risk in production and logistics
DT,08_digital_twin_vs_cad_what_decision_makers_need_to_know,Digital Twin and CAD: Complementary Roles in Design and Approval,CEO / CFO / COO,Consideration,"many decision-makers still confuse CAD and digital twin, which leads them to underestimate the decision value of simulation and scenario testing",CAD freezes design intent; a decision-grade twin tests how that intent behaves under load before spend and floor time lock in,Layout And Flow,CAPEX And Investment,Layer 1: Field Reality,digital twin vs cad what decision makers need to know
DT,09_how_cfos_can_use_simulation_to_validate_roi,How CFOs Can Use Simulation to Validate ROI,CFO / CEO / Investment Committee,Decision,ROI cases for operational investments are often built on static assumptions that look solid financially but remain too weak operationally,simulation gives CFOs a stronger way to validate ROI by testing how assumptions behave before capital is committed,CAPEX And Investment,Governance And ROI,Layer 4: Decision Support,how cfos can use simulation to validate roi
DT,10_the_cost_of_rework_when_you_skip_scenario_testing,The Cost of Rework When You Skip Scenario Testing,COO / CFO / Plant Director,Decision,"many organizations still treat scenario testing as optional analysis, even though skipping it often pushes cost and risk into redesign, delay, and operational correction later",scenario testing reduces rework by exposing weak assumptions before physical change locks the organization into expensive adjustments,CAPEX And Investment,Governance And ROI,Layer 4: Decision Support,cost of rework when you skip scenario testing
DT,11_how_to_identify_bottlenecks_before_they_happen,How to Identify Bottlenecks Before They Happen,COO / Industrial Engineering Lead / Plant Director,Consideration,"many manufacturers only recognize bottlenecks after output slips, queues build, or teams begin firefighting, even though the real decision value lies in seeing constraints before they become operational pain",Digital Twin helps teams identify emerging bottlenecks earlier by testing system behavior before the change hits reality,Layout And Flow,Governance And ROI,Layer 3: Solution Logic,identify bottlenecks before they happen
DT,12_simulation_vs_reality_why_your_factory_planning_is_still_wrong,Why Factory Plans Often Break Under Real Flow and Variability,COO / Plant Director / Industrial Engineering Lead,Consideration,"many planning decisions still rely on simplified assumptions that look reasonable in static reviews but break under real variability, interaction, and operational pressure",disciplined simulation closes the gap between plan and behavior before weak assumptions turn into physical rework,Layout And Flow,Governance And ROI,Layer 2: Problem Deep Dives,simulation vs reality factory planning
DT,13_five_scenarios_every_factory_should_simulate,5 Scenarios Every Factory Should Simulate,COO / Plant Director / Industrial Engineering Lead,Consideration,"many factories talk about simulation in abstract terms, but do not know which decisions are important enough to test before they commit time, layout, labor, or capital",the fastest way to make Digital Twin practical is to start with a short list of high-value scenarios that reduce risk and improve decision quality,CAPEX And Investment,Layout And Flow,Layer 5: Execution And Transformation,scenarios every factory should simulate
DT,14_digital_twin_for_workforce_optimization,Digital Twin for Workforce Optimization,COO / Operations Director / Industrial Engineering Lead,Consideration,"workforce decisions are often made through rough staffing assumptions, manual balancing, and local experience, even though labor configuration has major impact on throughput, waiting time, and operating cost","Digital Twin helps teams test workforce scenarios before they commit to shift, staffing, and allocation changes in reality",Layout And Flow,Governance And ROI,Layer 5: Execution And Transformation,digital twin for workforce optimization
DT,15_how_digital_twin_reduces_capex_risk,How Digital Twin Reduces CAPEX Risk,CFO / COO / CEO,Decision,"CAPEX projects often look convincing at approval stage, but still carry hidden operational risk because assumptions were never tested against realistic system behavior","Digital Twin reduces CAPEX risk by exposing weak assumptions, hidden bottlenecks, and downside scenarios before capital is committed",CAPEX And Investment,Governance And ROI,Layer 4: Decision Support,how digital twin reduces capex risk
DT,16_from_static_layout_to_living_factory_model,From Static Layout to Living Factory Model,COO / Plant Director / Industrial Engineering Lead,Consideration,"many factories still make layout and flow decisions from static drawings that show structure, but not how the system behaves once demand, movement, and variability begin to interact",Digital Twin helps teams move from static layout thinking to a living factory model that supports better decisions before physical change happens,Layout And Flow,Governance And ROI,Layer 3: Solution Logic,from static layout to living factory model
DT,17_how_to_use_simulation_for_continuous_improvement,How to Use Simulation for Continuous Improvement,COO / Continuous Improvement Leader / Plant Director,Consideration,"many continuous-improvement efforts still depend on local observation and after-the-fact analysis, which slows down learning and makes change quality inconsistent across the factory","simulation helps continuous improvement teams test changes before rollout, so improvement becomes more disciplined, faster, and easier to defend",Layout And Flow,Governance And ROI,Layer 1: Field Reality,simulation for continuous improvement
DT,18_the_roi_of_digital_twin_in_12_months,The ROI of Digital Twin in 12 Months,CFO / CEO / COO,Decision,"many leaders assume Digital Twin is strategically interesting but too long-term to justify near-term investment, which weakens urgency even when the value can appear much earlier","Digital Twin can generate measurable ROI within 12 months when it is applied to high-value decisions around layout, flow, bottlenecks, and CAPEX risk",CAPEX And Investment,Governance And ROI,Layer 4: Decision Support,roi of digital twin in 12 months
DT,19_how_to_build_a_digital_twin_business_case_without_guesswork,How to Build a Digital Twin Business Case Without Guesswork,CFO / COO / transformation leader,Decision,"many Digital Twin business cases still rely on broad strategic language or optimistic assumptions instead of connecting the investment to one tested, high-value factory decision","a stronger Digital Twin business case starts with one expensive decision, tests the scenario behind it, and translates that into credible operational and financial value",CAPEX And Investment,Governance And ROI,Layer 4: Decision Support,digital twin business case without guesswork
DT,20_how_to_run_your_first_simulation_project,How to Run Your First Simulation Project,COO / plant leader / industrial engineering lead,Decision,"many manufacturers believe the first Digital Twin project must be large, data-heavy, and technically complex, which delays adoption and prevents them from proving value quickly","the first simulation project should be small, decision-focused, and scoped around one high-value question the factory needs to answer now",Governance And ROI,CAPEX And Investment,Layer 5: Execution And Transformation,how to run your first simulation project
DT,21_when_a_factory_should_simulate_before_it_reconfigures_flow,When a Factory Should Simulate Before It Reconfigures Flow,COO / plant manager / industrial engineering lead,Consideration,"flow reconfiguration is often approved from drawings and meetings, then corrected expensively on the floor because interactions and variability were never stress-tested","simulation belongs ahead of flow changes whenever the move crosses bottlenecks, shared resources, or demand variability that static plans cannot represent",Layout And Flow,CAPEX And Investment,Layer 5: Execution And Transformation,simulate factory flow before reconfiguration
DT,22_how_to_test_capacity_decisions_before_the_next_demand_shift,How to Test Capacity Decisions Before the Next Demand Shift,COO / head of planning / operations director aligned with S&OP,Consideration,"capacity decisions are often made from spreadsheets and average load, then surprised by mix spikes, ramp curves, or constraint migration when demand moves",a compact method to stress-test capacity choices with scenarios so the next demand shift does not become an unplanned firefight,Layout And Flow,CAPEX And Investment,Layer 1: Field Reality,test capacity decisions before demand change
DT,23_what_to_simulate_before_expanding_a_production_line,What to Simulate Before Expanding a Production Line,plant director / industrial engineering lead / program sponsor,Decision,"line expansion is often sized from static capacity math and vendor proposals, while the real risk sits in coupling, ramp behavior, and how the new segment behaves under mix and variability","a compact simulation scope that tests expansion decisions before concrete, staffing, and supplier commitments lock in",Layout And Flow,CAPEX And Investment,Layer 1: Field Reality,simulate production line expansion
DT,24_how_to_compare_capex_options_when_every_scenario_looks_plausible,How to Compare CAPEX Options When Every Scenario Looks Plausible,CFO / COO / capital committee sponsor,Decision,"when every CAPEX storyline passes a spreadsheet sniff test, teams default to politics, vendor charisma, or incremental habit instead of testing which option survives stress and downside cases","a disciplined comparison method that breaks ties between plausible CAPEX paths using explicit stress tests, sensitivity rules, and disqualifying failure modes",CAPEX And Investment,Governance And ROI,Layer 4: Decision Support,compare CAPEX scenarios manufacturing
DT,25_when_manual_factory_decisions_become_too_expensive_to_trust,When Manual Factory Decisions Become Too Expensive to Trust,CEO / COO / transformation sponsor,Awareness,"experienced teams can still make expensive flow, capacity, and CAPEX calls from memory, meetings, and static plans because the organization has not priced the cost of being wrong under real variability","clear signals that manual decision habits have crossed the line from fast to costly, and what to do next without turning the plant into a science project",CAPEX And Investment,Governance And ROI,Layer 2: Problem Deep Dives,factory decision making risk
DT,26_how_to_use_digital_twin_for_brownfield_change_planning,How to Use Digital Twin for Brownfield Change Planning,engineering program lead / operations PM / plant modernization owner,Consideration,"brownfield projects combine live production, partial shutdowns, and legacy constraints, so static plans miss how temporary flows, reroutes, and shared resources behave under pressure","a practical planning sequence that uses Digital Twin as a scenario-testing layer for phased moves, safety buffers, and service risk before crews execute on a running site",Layout And Flow,Governance And ROI,Layer 1: Field Reality,brownfield factory simulation planning
DT,27_what_a_good_simulation_input_set_looks_like_before_live_integration,What a Good Simulation Input Set Looks Like Before Live Integration,digital transformation lead / IT-OT partner / engineering manager evaluating maturity path,Evaluation,"teams delay simulation because they believe live data integration is mandatory, while the bigger failure mode is vague inputs that cannot support a real decision comparison","a concrete input-set standard that is good enough to test scenarios, trace assumptions, and justify the next integration step without pretending the plant is fully instrumented",Governance And ROI,Layout And Flow,Layer 1: Field Reality,digital twin simulation inputs
DT,28_how_to_sequence_factory_changes_with_less_operational_risk,How to Sequence Factory Changes With Less Operational Risk,COO / plant manager / transformation PMO,Decision,"factories often stack changes in optimistic calendars, which creates hidden coupling, unstable WIP, and emergency rework when phases overlap in reality","a sequencing method that uses dependency clarity, stabilization gates, and scenario testing to reduce operational risk without freezing improvement",Layout And Flow,Governance And ROI,Layer 4: Decision Support,factory change sequencing risk
DT,29_when_to_use_digital_twin_for_network_and_intralogistics_decisions,When to Use Digital Twin for Network and Intralogistics Decisions,supply chain director / logistics manager / plant COO with network scope,Consideration,"intralogistics and network choices are often optimized for average lanes and static storage assumptions, while real service risk comes from variability, dock coupling, and multi-site contention","clear criteria for when scenario testing should inform layout of warehouses, milk runs, buffer placement, and cross-site allocation before capital and contracts commit",Layout And Flow,CAPEX And Investment,Layer 1: Field Reality,intralogistics simulation manufacturing
DT,30_how_to_turn_simulation_outputs_into_executive_decisions,How to Turn Simulation Outputs Into Executive Decisions,COO / CFO / executive committee participant,Decision,"simulation work often stops at technical charts, so leadership approves from habit or politics because the bridge from model output to decision record was never built","a compact governance pattern that converts scenario results into an executive-ready choice with explicit trade-offs, assumptions, and next actions",Governance And ROI,CAPEX And Investment,Layer 4: Decision Support,executive decision simulation manufacturing
DT,31_how_to_use_digital_twin_in_capex_stage_gates,How to Use Digital Twin in CAPEX Stage Gates,capital project sponsor / engineering director with finance counterpart,Decision,"stage-gate reviews often treat CAPEX as a document exercise, so simulation arrives too late or in the wrong form to change what gets funded","a gate-by-gate map of what scenario evidence should exist before each approval, so capital moves forward with traceable de-risking instead of narrative momentum",CAPEX And Investment,Governance And ROI,Layer 4: Decision Support,digital twin capital stage gates manufacturing
DT,32_when_a_simulation_result_is_strong_enough_to_act_on,When a Simulation Result Is Strong Enough to Act On,plant manager / operations director balancing speed and safety,Consideration,teams either freeze waiting for perfect data or act on pretty charts that collapse under the first real-world shock,"a practical strength test that separates ""directionally useful"" from ""commitment-ready"" so you move when evidence supports it and pause when it does not",Governance And ROI,CAPEX And Investment,Layer 5: Execution And Transformation,when to trust factory simulation results
DT,33_how_to_use_digital_twin_for_factory_change_governance,How to Use Digital Twin for Factory Change Governance,COO / head of operations engineering with quality and maintenance stakeholders,Decision,"change boards approve tasks and budgets while the real risk lives in interaction effects between layout, flow, staffing, and supply timing",a governance pattern that attaches scenario evidence to change decisions so approvals explain what was tested and what would force a reopen,Governance And ROI,Layout And Flow,Layer 2: Problem Deep Dives,digital twin change management manufacturing
DT,34_what_a_good_sensitivity_analysis_should_show_before_approval,What a Good Sensitivity Analysis Should Show Before Approval,industrial engineer / project engineer presenting to finance and operations sponsors,Consideration,sensitivity slides often show colorful tornado charts without explaining which levers actually move the decision or who owns them,"a clear standard for what sensitivity must expose before sign-off so approvers see consequence, ownership, and failure order, not decoration",CAPEX And Investment,Governance And ROI,Layer 2: Problem Deep Dives,manufacturing sensitivity analysis approval
DT,35_how_to_test_supplier_and_ramp_risk_in_factory_simulation,How to Test Supplier and Ramp Risk in Factory Simulation,supply chain lead with plant operations counterpart,Consideration,supplier delays and slow ramps are treated as one-off excuses instead of repeatable scenario inputs that change layout and staffing decisions,"a scenario pattern that models inbound variability and learning curves as first-class inputs so you see queue, constraint, and cash effects before you commit",CAPEX And Investment,Layout And Flow,Layer 3: Solution Logic,supplier risk manufacturing simulation
DT,36_when_to_simulate_phased_rollouts_instead_of_full_cutovers,When to Simulate Phased Rollouts Instead of Full Cutovers,program manager / operations lead planning major line or system changes,Consideration,"teams default to big-bang cutovers because phased plans look slower on paper, even when simulation would show lower service risk and cleaner learning curves",a decision grid that tells you when phased rollouts deserve scenario work and what signals to compare against a single cutover plan,Governance And ROI,Layout And Flow,Layer 5: Execution And Transformation,phased rollout factory simulation
DT,37_how_to_use_digital_twin_in_monthly_operations_reviews,How to Use Digital Twin in Monthly Operations Reviews,plant manager / site operations lead running recurring performance forums,Adoption,"monthly reviews drift into backward-looking KPI arguments while forward risks from layout, flow, and upcoming changes stay off the agenda","a tight agenda pattern that uses Digital Twin as a forward-looking decision lens alongside last month reality, without turning the meeting into a model demo",Governance And ROI,Layout And Flow,Layer 5: Execution And Transformation,monthly operations review digital twin
DT,38_what_to_compare_before_you_expand_capacity_in_a_brownfield_factory,What to Compare Before You Expand Capacity in a Brownfield Factory,"COO / plant director weighing footprint, equipment, and intralogistics investments",Decision,"brownfield expansion debates mix floor space, equipment, and labor fixes in one conversation, so the winning story is often the easiest slide, not the least fragile under stress","a comparison checklist that forces layout, flow, constraint, and cash signals into one table before you expand walls or buy machines",CAPEX And Investment,Layout And Flow,Layer 4: Decision Support,brownfield factory capacity expansion simulation
DT,39_how_to_package_simulation_evidence_for_board_level_decisions,How to Package Simulation Evidence for Board-Level Decisions,CFO / board-facing sponsor preparing a capital or transformation decision,Decision,"boards see polished narratives and sparse backup, so directors cannot trace how scenario work supports the motion and what would reopen it","an evidence bundle structure that is short for the room, deep in the appendix, and explicit about assumptions, limits, and invalidation logic",Governance And ROI,CAPEX And Investment,Layer 3: Solution Logic,board presentation factory simulation evidence
DT,40_when_to_refresh_a_digital_twin_model_after_operational_change,When to Refresh a Digital Twin Model After Operational Change,digital twin owner / industrial engineering lead responsible for model currency,Consideration,"models drift quietly after go-live while teams still cite old scenario outputs, creating false confidence in planning meetings",a trigger list and lightweight refresh sequence so the twin stays a trustworthy decision system as the plant evolves,Governance And ROI,Layout And Flow,Layer 2: Problem Deep Dives,digital twin model refresh manufacturing
DT,41_how_to_decide_when_a_simulation_is_good_enough_for_capital_commitment,How to Decide When a Simulation Is Good Enough for Capital Commitment,"VP operations / finance sponsor approving CAPEX tied to layout, flow, or capacity change",Decision,"teams want a green light, but ""good enough"" is undefined, so approvals rest on narrative confidence instead of bounded evidence","a capital-readiness gate that ties simulation quality to decision risk, not to model beauty or animation polish",CAPEX And Investment,Governance And ROI,Layer 3: Solution Logic,simulation good enough capital approval manufacturing
DT,42_what_a_factory_scenario_library_should_look_like_after_the_first_projects,What a Factory Scenario Library Should Look Like After the First Projects,digital twin program lead / industrial engineering manager scaling simulation beyond pilots,Adoption,"early wins live in personal folders, so the next site or project restarts discovery instead of reusing disciplined scenario logic","a lightweight library pattern that turns one-off runs into a reusable scenario-testing environment for layout, flow, and CAPEX decisions",Governance And ROI,Layout And Flow,Layer 5: Execution And Transformation,factory digital twin scenario library
DT,43_how_to_retire_weak_options_early_in_digital_twin_decision_cycles,How to Retire Weak Options Early in Digital Twin Decision Cycles,project sponsor / solution architect running multi-option layout or flow programs,Evaluation,"teams keep every idea alive to avoid conflict, so late-stage meetings recycle dead options and compress real analysis time","explicit early-exit rules that use Digital Twin as a scenario-testing environment to kill weak paths with evidence, not politics",Governance And ROI,CAPEX And Investment,Layer 2: Problem Deep Dives,digital twin option down selection manufacturing
DT,44_when_to_use_digital_twin_in_post_investment_reviews_and_when_not_to,When to Use Digital Twin in Post-Investment Reviews and When Not To,CFO / transformation lead running post-investment reviews after CAPEX or major change,Consideration,reviews default to spend variance and timelines while the operating thesis that justified the investment stays unexamined,a clear when-to-use map so Digital Twin supports honest post-investment learning without becoming forensic theater,Governance And ROI,CAPEX And Investment,Layer 3: Solution Logic,post investment review digital twin manufacturing
DT,45_how_to_assign_model_ownership_across_engineering_operations_and_finance,"How to Assign Model Ownership Across Engineering, Operations, and Finance",COO / chief engineer establishing governance for a plant or network digital twin,Consideration,"the model becomes ""IT's project"" or ""engineering's hobby"" because no function owns assumptions, refresh, and decision use",a simple RACI-style split that keeps Digital Twin a decision system with accountable inputs and approved outputs,Governance And ROI,Layout And Flow,Layer 2: Problem Deep Dives,digital twin governance manufacturing RACI
DT,46_what_an_executive_simulation_review_should_decide_in_30_minutes,What an Executive Simulation Review Should Decide in 30 Minutes,CEO / COO / board member receiving digital twin evidence in a tight calendar slot,Decision,"executive blocks become model tours or technical deep dives, so no decision moves and capital timelines slip","a 30-minute agenda that forces one or two clear decisions from scenario outputs, not admiration of visuals",Governance And ROI,CAPEX And Investment,Layer 1: Field Reality,executive factory simulation review agenda
DT,47_when_to_link_digital_twin_to_real_time_data_and_when_static_is_enough,When to Link Digital Twin to Real-Time Data and When Static Is Enough,plant IT / digital twin architect choosing integration depth,Consideration,"teams treat live feeds as maturity proof, triggering expensive integrations before decisions actually need them",a decision-first rule set so Digital Twin stays a scenario-testing environment without unnecessary real-time complexity,Governance And ROI,Layout And Flow,Layer 2: Problem Deep Dives,digital twin real time data manufacturing when
DT,48_how_to_compare_resilience_not_just_throughput_in_factory_scenarios,"How to Compare Resilience, Not Just Throughput, in Factory Scenarios",operations director / supply chain lead stress-testing footprint and flow choices,Evaluation,"scenario reviews optimize average output while fragility under disruption, mix swings, and recovery time stays invisible until a crisis",a resilience lens that sits beside throughput so Digital Twin remains a decision system for real operating risk,Layout And Flow,CAPEX And Investment,Layer 3: Solution Logic,factory simulation resilience scenarios manufacturing
DT,49_what_a_reusable_factory_assumption_ledger_should_include,What a Reusable Factory Assumption Ledger Should Include,digital twin steward / industrial engineer maintaining cross-project model truth,Adoption,"assumptions live in slide footnotes and private chats, so every new scenario restarts arguments about what was ""agreed last time""",a compact ledger pattern that makes Digital Twin a traceable decision system across gates and refreshes,Governance And ROI,CAPEX And Investment,Layer 5: Execution And Transformation,factory simulation assumption ledger manufacturing
DT,50_how_to_turn_digital_twin_into_a_repeatable_capex_decision_system,How to Turn Digital Twin Into a Repeatable CAPEX Decision System,VP transformation / head of engineering and capex forum owner,Decision,"each investment cycle reinvents workshops, stress stories, and evidence packaging, so the organization never builds compound learning","an operating pattern that makes Digital Twin the default scenario-testing environment for layout, flow, and capital choices",CAPEX And Investment,Governance And ROI,Layer 3: Solution Logic,digital twin CAPEX decision system manufacturing
Marketplace,01_why_most_automation_projects_never_start,Why Most Automation Projects Never Start,Purchasing Director,Awareness,automation projects stall long before implementation because sourcing and decision-making are too fragmented,"automation starts faster when challenge definition, comparison, and vendor flow are structured from day one",Automation And Sourcing,CAPEX And Investment,Layer 2: Problem Deep Dives,why automation projects fail to start
Marketplace,02_the_hidden_cost_of_manual_processes_in_manufacturing,The Hidden Cost of Manual Processes in Manufacturing,Operations Leader / Purchasing Director,Awareness,"manual processes often look cheaper than automation because their real cost is spread across labor, delays, inconsistency, and decision friction","manufacturers make better automation decisions when they measure the full operational cost of staying manual, not only the visible labor line",CAPEX And Investment,Automation And Sourcing,Layer 2: Problem Deep Dives,hidden cost of manual processes in manufacturing
Marketplace,03_why_hiring_more_people_is_not_a_strategy_anymore,Why Adding More People Stops Working as a Growth Strategy,Operations Leader / Plant Director,Awareness,"manufacturers still respond to capacity pressure by adding labor, even when labor-based scaling is becoming slower, riskier, and less predictable","hiring can still be necessary, but it is rarely a durable growth strategy for repetitive, unstable, or margin-sensitive operations",Automation And Sourcing,CAPEX And Investment,Layer 2: Problem Deep Dives,why hiring more people is not a strategy anymore
Marketplace,04_what_automation_really_means_in_2026,What Automation Really Means for Manufacturers Now,Operations Leader / Executive Buyer,Awareness,"many manufacturers still hear `automation` as a vague mix of robots, hype, and vendor messaging rather than as a practical business decision","automation should be understood as process redesign, decision clarity, and execution workflow rather than only as buying robotic hardware",Automation And Sourcing,CAPEX And Investment,Layer 5: Execution And Transformation,what automation really means in 2026
Marketplace,05_the_biggest_myths_about_industrial_automation,The Biggest Myths About Industrial Automation,Operations Leader / Executive Buyer,Awareness,many automation decisions are delayed by outdated beliefs rather than by real technical or business constraints,industrial automation becomes easier to evaluate when manufacturers separate myths from decision-relevant reality,Automation And Sourcing,CAPEX And Investment,Layer 2: Problem Deep Dives,biggest myths about industrial automation
Marketplace,06_why_automation_feels_overwhelming,Why Automation Feels Overwhelming,Purchasing Director / Operations Buyer,Awareness,"many manufacturers feel stuck not because there is no path to automate, but because the market presents too many options without enough decision structure",automation starts to feel manageable when the buyer moves from technology overload to a clear challenge and comparison workflow,Automation And Sourcing,Execution And Rollout,Layer 2: Problem Deep Dives,why automation feels overwhelming
Marketplace,07_the_real_reason_plants_delay_automation_decisions,The Real Reason Plants Delay Automation Decisions,Operations Leader / Purchasing Director,Consideration,"plants often explain automation delay as caution, timing, or budget discipline, while the real cause is usually a weak decision path","automation decisions move faster when the plant reduces ambiguity around challenge definition, comparison, ownership, and trust",Automation And Sourcing,CAPEX And Investment,Layer 5: Execution And Transformation,real reason plants delay automation decisions
Marketplace,08_how_to_identify_the_best_processes_to_automate_first,How to Identify the Best Processes to Automate First,Operations Leader / Plant Director,Consideration,"many manufacturers want to automate, but do not know which process should be the first and therefore lose momentum before a project starts","the best first automation target is not the most exciting process, but the one with the clearest pain, repeatability, and business case for structured vendor comparison",Automation And Sourcing,CAPEX And Investment,Layer 3: Solution Logic,identify the best processes to automate first
Marketplace,09_how_to_compare_automation_vendors_effectively,How to Compare Automation Vendors Effectively,Purchasing Director / Operations Buyer,Consideration,"many automation buying teams receive multiple offers, but cannot compare them cleanly because scope, assumptions, and risk are presented inconsistently",vendor comparison becomes faster and more defensible when buyers compare structured fields instead of sales narratives,Automation And Sourcing,CAPEX And Investment,Layer 4: Decision Support,compare automation vendors effectively
Marketplace,10_the_real_cost_of_automation,The Real Cost of Automation,Executive Buyer / Purchasing Director,Consideration,"many manufacturers evaluate automation through visible capex alone and miss the broader time, integration, and risk economics that shape the real project cost",the real cost of automation becomes clearer when buyers separate hardware price from total project reality and compare it against the cost of staying manual,CAPEX And Investment,Automation And Sourcing,Layer 5: Execution And Transformation,real cost of automation
Marketplace,11_how_to_run_an_automation_pilot_project,How to Run an Automation Pilot Project,Operations Leader / Executive Sponsor,Decision,"many manufacturers want to start with a pilot, but define it too broadly or too vaguely, which creates delay, confusion, and weak learning","an automation pilot works when it is scoped as a decision tool, not as a mini version of a full transformation",Execution And Rollout,Automation And Sourcing,Layer 5: Execution And Transformation,run an automation pilot project
Marketplace,12_how_to_reduce_risk_in_automation_projects,How to Reduce Risk in Automation Projects,Executive Sponsor / Plant Director,Decision,"automation risk is often treated as something that appears during implementation, even though much of it is created earlier through weak scope, hidden assumptions, and poor comparison",automation projects become lower-risk when buyers structure the decision path before they structure the deployment,CAPEX And Investment,Execution And Rollout,Layer 4: Decision Support,reduce risk in automation projects
Marketplace,13_when_not_to_automate_and_why_waiting_can_be_the_right_decision,When Not to Automate (and Why Waiting Can Be the Right Decision),Plant Director / Operations Sponsor,Awareness,"manufacturers feel pressure to automate quickly, even when inputs, ownership, or process stability are not ready, which creates expensive false starts","a calm decision framework for postponing automation without losing credibility, while protecting capital and operational stability",Automation And Sourcing,CAPEX And Investment,Layer 2: Problem Deep Dives,when not to automate manufacturing
Marketplace,14_how_to_write_a_better_automation_challenge_brief,How to Write a Better Automation Challenge Brief,Project Owner / Engineering Lead,Consideration,"manufacturers invite proposals before the challenge is legible, which produces incomparable offers and slow decisions","a one to two page brief pattern that makes scope, constraints, and success criteria visible before integrators respond",Automation And Sourcing,CAPEX And Investment,Layer 1: Field Reality,automation challenge brief
Marketplace,15_what_to_include_in_an_automation_rfq_or_rfp,What to Include in an Automation RFQ or RFP,Procurement Lead / Technical Buyer,Consideration,"RFQ packs are often incomplete or uneven, which forces suppliers to price different realities and destroys comparability",a practical RFQ/RFP contents map that standardizes what must be visible before offers are evaluated,Automation And Sourcing,CAPEX And Investment,Layer 3: Solution Logic,automation RFQ contents
Marketplace,16_how_to_compare_robot_integrators_oems_and_turnkey_suppliers,"How to Compare Robot Integrators, OEMs, and Turnkey Suppliers",Buyer Committee / Engineering and Procurement Leadership,Decision,"manufacturers compare suppliers as if they were one category, even though delivery models, risk ownership, and change mechanics differ materially","a comparison framework that maps supplier types to what they optimize for, what they expose, and what the buyer must own",Automation And Sourcing,CAPEX And Investment,Layer 4: Decision Support,compare robot integrators vs OEM
Marketplace,17_what_a_good_automation_offer_should_make_visible,What a Good Automation Offer Should Make Visible,Technical Evaluator / Sponsor,Evaluation,"strong sales narratives hide missing scope, hidden assumptions, and unclear commitments, which only surface after the project is politically committed",a buyer checklist of visibility standards that separate a defensible offer from a polished story,CAPEX And Investment,Automation And Sourcing,Layer 1: Field Reality,evaluate automation proposal
Marketplace,18_when_to_standardize_and_when_to_customize_an_automation_project,When to Standardize and When to Customize an Automation Project,Engineering Manager / Plant Leadership,Decision,"teams oscillate between ""buy standard"" and ""build custom"" without a clear trade-off model, which produces late rework and political conflict","a practical decision grid that ties standardization versus customization to variability, integration load, and operational ownership",CAPEX And Investment,Execution And Rollout,Layer 1: Field Reality,standard vs custom automation
Marketplace,19_how_to_align_operations_engineering_and_procurement_before_automation_buying,"How to Align Operations, Engineering, and Procurement Before Automation Buying",Executive Sponsor / Cross-Functional Project Lead,Consideration,"automation buying fails early when each function optimizes for different success metrics, producing contradictory briefs and uncomparable vendor conversations",a lightweight alignment sequence that creates one decision narrative before RFQs and demos consume calendar time,Automation And Sourcing,Execution And Rollout,Layer 3: Solution Logic,align teams for automation procurement
Marketplace,20_what_to_check_before_signing_an_automation_contract,What to Check Before Signing an Automation Contract,Sponsor / Procurement and Engineering Leadership,Decision,"contracts get signed with optimistic scope language, weak change rules, and fuzzy acceptance, which turns disagreements into expensive disputes","a pre-signature inspection list focused on scope, assumptions, milestones, acceptance, and change mechanics",CAPEX And Investment,Execution And Rollout,Layer 4: Decision Support,automation contract checklist
Marketplace,21_how_to_scope_an_automation_project_without_overcomplicating_it,How to Scope an Automation Project Without Overcomplicating It,Project Owner / Engineering Lead,Consideration,"teams either under-scope and invite guesses, or over-scope and stall, both of which slow decisions and weaken offer comparability",a minimum sufficient scope method that stays small enough to ship internally but rich enough to compare suppliers fairly,Automation And Sourcing,CAPEX And Investment,Layer 1: Field Reality,scope automation project
Marketplace,22_how_to_keep_automation_momentum_after_the_first_vendor_meetings,How to Keep Automation Momentum After the First Vendor Meetings,Project Manager / Buyer Owner,Consideration to Decision transition,"early vendor meetings create energy, then teams lose weeks to unstructured follow-up, duplicate questions, and silent internal drift",a post-meeting operating rhythm that converts conversations into comparable artifacts and dated decisions,Automation And Sourcing,Execution And Rollout,Layer 4: Decision Support,automation vendor meeting follow up
Marketplace,23_how_to_check_automation_supplier_references_without_wasting_time,How to Check Automation Supplier References Without Wasting Time,Engineering Director / Buyer Owner,Consideration (evaluation and trust building),"reference calls become pleasant stories that do not reduce risk, or they expand into an unbounded research project","a bounded reference protocol that produces comparable evidence and clear pass, probe, or fail signals",Automation And Sourcing,CAPEX And Investment,Layer 1: Field Reality,automation supplier reference check
Marketplace,24_when_to_use_a_shortlist_and_when_to_keep_more_suppliers_in_play,When to Use a Shortlist and When to Keep More Suppliers in Play,Procurement Lead / Buyer Owner,Consideration (process design for comparability),"teams either over-invite suppliers and drown in noise, or over-shortlist too early and lose negotiating reality","a simple decision gate that matches supplier count to uncertainty, comparability needs, and internal alignment",Automation And Sourcing,CAPEX And Investment,Layer 3: Solution Logic,automation supplier shortlist
Marketplace,25_what_fat_and_sat_should_actually_prove_before_go_live,What FAT and SAT Should Actually Prove Before Go-Live,Quality / Engineering Manager (manufacturer-side owner),Decision to delivery handoff (pre go-live assurance),FAT and SAT drift into ceremonial walkthroughs that sign paperwork but do not reduce operational risk,a manufacturer-first acceptance framework that ties evidence to what must be true on the first real production week,Execution And Rollout,CAPEX And Investment,Layer 5: Execution And Transformation,FAT SAT automation acceptance
Marketplace,26_how_to_compare_automation_commercial_models_not_just_prices,"How to Compare Automation Commercial Models, Not Just Prices",CFO / Plant Manager (economic owner),Consideration to Decision (commercial comparability),"teams compare headline totals while missing who owns risk, change, downtime, and lifecycle cash flows","a comparison grid that makes commercial structure as visible as price, without pretending finance replaces engineering truth",CAPEX And Investment,Automation And Sourcing,Layer 4: Decision Support,automation commercial model comparison
Marketplace,27_when_single_sourcing_is_smarter_than_running_a_full_supplier_beauty_contest,When Single Sourcing Is Smarter Than Running a Full Supplier Beauty Contest,Plant Director / Buyer Owner,Consideration (procurement strategy under constraints),policy-driven multi-bid processes delay decisions without improving comparability when the problem is already constrained,"clear criteria for when directed selection is rational, ethical, and faster without abandoning proof discipline",Automation And Sourcing,CAPEX And Investment,Layer 1: Field Reality,single sourcing automation manufacturing
Marketplace,28_what_internal_red_flags_should_pause_an_automation_buying_process,What Internal Red Flags Should Pause an Automation Buying Process,COO / Steering sponsor,"Awareness to Consideration (governance and go, no-go)","teams push sourcing forward while internal misalignment guarantees late rework, supplier distrust, and contract regret",a short red-flag list that authorizes a pause without turning buying into analysis paralysis,Automation And Sourcing,Execution And Rollout,Layer 5: Execution And Transformation,pause automation procurement
Marketplace,29_how_to_prepare_your_plant_for_supplier_site_visits_and_discovery_workshops,How to Prepare Your Plant for Supplier Site Visits and Discovery Workshops,Plant Manager / Project Manager,Consideration (discovery that produces comparable inputs),"supplier visits produce impressions and photos, but not the constraints and samples that make proposals comparable",a pre-visit pack and workshop agenda that turns plant time into structured facts suppliers can price responsibly,Automation And Sourcing,Execution And Rollout,Layer 1: Field Reality,supplier site visit preparation manufacturing
Marketplace,30_what_a_clean_handoff_from_selection_to_delivery_should_look_like,What a Clean Handoff From Selection to Delivery Should Look Like,Project Manager / Operations sponsor,Decision to delivery (execution transition),"selection winners arrive on site while operations, IT, and maintenance still think the project is ""procurement's thing""","a handoff package and meeting rhythm that makes ownership, interfaces, and acceptance continuity explicit",Execution And Rollout,Automation And Sourcing,Layer 5: Execution And Transformation,automation project handoff manufacturing
Marketplace,31_how_to_validate_total_cost_of_ownership_in_automation_projects,How to Validate Total Cost of Ownership in Automation Projects,Finance partner / Plant Manager,Consideration to Decision (economic validation),"TCO spreadsheets look precise while hiding assumptions about uptime, labor, change orders, and service reality",a TCO validation method that separates capex from operating cash effects and forces explicit assumptions you can audit,CAPEX And Investment,Automation And Sourcing,Layer 1: Field Reality,automation total cost of ownership
Marketplace,32_when_to_reopen_an_automation_decision_before_signing,When to Reopen an Automation Decision Before Signing,Buyer Owner / Legal and technical approvers,Decision (final gate before commitment),"teams treat selection as finished and contract review as paperwork, missing late facts that change risk, price, or feasibility",a reopening rule set that protects decisions without encouraging endless churn,CAPEX And Investment,Automation And Sourcing,Layer 1: Field Reality,reopen supplier decision before signing
Marketplace,33_how_to_choose_the_right_internal_owner_for_an_automation_project,How to Choose the Right Internal Owner for an Automation Project,Plant sponsor / program lead with budget authority,Consideration (early structuring before market engagement),"diffused ownership turns vendor conversations into parallel threads, weak comparability, and late surprises at approval gates","a practical owner-selection rule set tied to scope, risk, interfaces, and decision rights",Execution And Rollout,Automation And Sourcing,Layer 1: Field Reality,automation project owner manufacturing
Marketplace,34_when_to_run_a_paid_discovery_phase_before_full_automation_award,When to Run a Paid Discovery Phase Before Full Automation Award,Buyer owner / capex sponsor balancing technical uncertainty and calendar pressure,Evaluation (between qualified interest and full contract award),"plants either skip paid discovery and lock price on guesses, or run endless free workshops that never produce comparability","clear triggers for a bounded paid discovery phase with deliverables that feed award, not theater",Automation And Sourcing,CAPEX And Investment,Layer 3: Solution Logic,paid discovery automation manufacturing
Marketplace,35_what_change_order_risk_to_check_before_an_automation_project_starts,What Change Order Risk to Check Before an Automation Project Starts,Procurement lead / legal and technical approvers,Decision (contract and baseline discipline),"teams sign optimistic baselines, then fight over what counts as a change, who pays, and whether schedule slips are excusable","a pre-start change-order risk map tied to scope interfaces, assumptions, access, and latent defects",CAPEX And Investment,Execution And Rollout,Layer 4: Decision Support,automation change order risk manufacturing
Marketplace,36_how_to_set_acceptance_criteria_before_automation_delivery_begins,How to Set Acceptance Criteria Before Automation Delivery Begins,Engineering and quality leadership / technical buyer,Consideration to Evaluation (specification and award inputs),acceptance is treated as a late commissioning argument instead of a written contract against which delivery is planned,"a bounded method to define acceptance objects, evidence, and sequence before mobilization",Execution And Rollout,CAPEX And Investment,Layer 2: Problem Deep Dives,automation acceptance criteria manufacturing
Marketplace,37_when_an_incumbent_supplier_should_not_win_the_next_automation_project,When an Incumbent Supplier Should Not Win the Next Automation Project,Sponsor / executive steering and integrator governance,Evaluation to Decision (award logic and strategic control),relationship inertia and switching cost fear turn repeat buying into default single sourcing without fresh comparability,explicit non-emotional criteria for when the incumbent path is unsafe for the next scope,Automation And Sourcing,CAPEX And Investment,Layer 5: Execution And Transformation,incumbent integrator automation decision
Marketplace,38_how_to_keep_procurement_speed_without_losing_technical_quality,How to Keep Procurement Speed Without Losing Technical Quality,Procurement lead with engineering and operations partners,Consideration to Evaluation (process design for comparability),"speed tactics compress documentation and review, which feels fast until integration truth arrives late and reworks the schedule",operating rules that preserve technical depth inside timeboxed gates instead of skipping it,Automation And Sourcing,Execution And Rollout,Layer 3: Solution Logic,fast automation procurement manufacturing
Marketplace,39_what_a_good_internal_business_case_for_automation_should_make_visible,What a Good Internal Business Case for Automation Should Make Visible,Sponsor / finance partner with operations leadership,Awareness to Consideration (investment clarity before market engagement),"business cases hide assumptions inside a single ROI number, which collapses the moment throughput, mix, or staffing truth moves","a visible business case structure that separates cash, risk, time, and ownership so approvals are real",CAPEX And Investment,Automation And Sourcing,Layer 3: Solution Logic,automation business case manufacturing
Marketplace,40_how_to_prepare_operations_for_automation_go_live_before_installation_starts,How to Prepare Operations for Automation Go-Live Before Installation Starts,Plant manager / operations leadership with maintenance and training partners,Evaluation to Adoption (readiness while delivery is still upstream),operations is treated as a recipient of commissioning instead of a co-owner of acceptance and cutover risk,"a readiness checklist that runs parallel to installation, not after it",Execution And Rollout,Automation And Sourcing,Layer 2: Problem Deep Dives,automation go-live readiness manufacturing
Marketplace,41_when_to_bundle_multiple_automation_needs_into_one_buying_process_and_when_not_to,When to Bundle Multiple Automation Needs Into One Buying Process and When Not To,Sponsor / portfolio owner across lines and capex cycles,Consideration to Evaluation (portfolio shaping before RFQ design),"bundling reduces transaction count but often destroys comparability, hides weak scopes, and couples schedules that should stay independent","a decision grid for bundle versus split based on interfaces, risk coupling, and award logic",Automation And Sourcing,CAPEX And Investment,Layer 3: Solution Logic,bundle automation projects procurement
Marketplace,42_how_to_run_a_final_internal_alignment_review_before_automation_kickoff,How to Run a Final Internal Alignment Review Before Automation Kickoff,Buyer owner with cross-functional approvers,Decision (last internal gate before supplier mobilization),"teams sign contracts while still holding different mental models of scope, acceptance, and operational ownership","a timeboxed alignment review that produces a signed internal record, not another meeting",Execution And Rollout,Automation And Sourcing,Layer 5: Execution And Transformation,automation kickoff alignment manufacturing
Marketplace,43_how_to_decide_if_an_automation_project_is_ready_for_board_approval,How to Decide if an Automation Project Is Ready for Board Approval,Plant director / CFO sponsor with board exposure,Consideration (capital gate before commitment),"teams ask the board for money while comparability, ownership, and acceptance logic are still implicit",a readiness gate you can defend in a fifteen-minute board conversation without hiding open risks,CAPEX And Investment,Execution And Rollout,Layer 4: Decision Support,automation project board approval manufacturing
Marketplace,44_what_a_board_ready_automation_decision_packet_should_include,What a Board-Ready Automation Decision Packet Should Include,Finance partner / program sponsor assembling committee materials,Decision (capital documentation),"board packs recycle vendor slides and hide award logic, acceptance, and plant obligations",a repeatable packet structure that survives questions without a side meeting,CAPEX And Investment,Automation And Sourcing,Layer 4: Decision Support,automation board packet manufacturing
Marketplace,45_when_to_freeze_scope_in_an_automation_purchase_and_when_not_to,When to Freeze Scope in an Automation Purchase and When Not To,Procurement lead with technical counterpart,Evaluation (offer normalization),"teams freeze scope too early and bake in wrong assumptions, or never freeze and lose comparability","a simple freeze rule tied to evaluation phase, not to optimism",CAPEX And Investment,Execution And Rollout,Layer 3: Solution Logic,freeze scope automation procurement
Marketplace,46_how_to_keep_supplier_clarifications_from_destroying_offer_comparability,How to Keep Supplier Clarifications From Destroying Offer Comparability,Buyer owner running a multi-supplier evaluation,Evaluation (offer comparison),clarifications become private threads that change scope asymmetrically,a clarification protocol that preserves a single comparison spine,Automation And Sourcing,CAPEX And Investment,Layer 2: Problem Deep Dives,supplier clarifications RFP comparability
Marketplace,47_when_a_manufacturer_needs_a_formal_owner_side_pmo_for_automation_delivery,When a Manufacturer Needs a Formal Owner-Side PMO for Automation Delivery,Plant director or program sponsor after award,Decision to delivery (execution governance),the integrator runs a project plan while the plant runs three incompatible informal plans,clear triggers for standing up owner-side PMO without bureaucracy for its own sake,Execution And Rollout,CAPEX And Investment,Layer 5: Execution And Transformation,owner side PMO automation manufacturing
Marketplace,48_what_a_good_manufacturer_side_mobilization_plan_should_include_after_award,What a Good Manufacturer-Side Mobilization Plan Should Include After Award,Operations sponsor owning post-award readiness,Delivery (mobilization),suppliers mobilize while the plant still treats the project as a future problem,"a manufacturer-side mobilization plan that names dates, owners, and dependencies the integrator cannot carry for you",Execution And Rollout,CAPEX And Investment,Layer 2: Problem Deep Dives,manufacturer mobilization plan automation
Marketplace,49_how_to_review_automation_project_risk_between_contract_award_and_go_live,How to Review Automation Project Risk Between Contract Award and Go-Live,Risk owner or program sponsor between award and commissioning,Delivery (risk governance window),risk reviews stop at signature while the real drift happens during integration,a repeating review rhythm that connects contract language to floor evidence,Execution And Rollout,CAPEX And Investment,Layer 3: Solution Logic,automation project risk review manufacturing
Marketplace,50_how_to_turn_automation_buying_into_a_repeatable_decision_system,How to Turn Automation Buying Into a Repeatable Decision System,COO or head of procurement running multiple automation threads,Adoption (operating model),"every project reinvents templates, fights, and supplier chaos","a lightweight system of record for decisions, not a heavier process for its own sake",CAPEX And Investment,Automation And Sourcing,Layer 4: Decision Support,repeatable automation procurement system
Vector,01_why_public_ai_is_a_security_risk_for_industrial_operations,Why Public AI Is a Security Risk for Industrial Operations,CTO,Awareness,many industrial teams underestimate how dangerous generic public AI can be when used with sensitive operational data,"industrial AI must protect data, reasoning, deployment boundaries, and human accountability",AI And Decision Making,Governance And ROI,Layer 4: Decision Support,ai security risk in manufacturing
Vector,02_will_your_data_train_someone_elses_model_what_every_manufacturer_should_ask,Will Your Data Train Someone Else's Model? What Every Manufacturer Should Ask,CTO,Awareness,many manufacturers use AI without understanding whether their data can improve someone else's model or leave the intended control boundary,"buyers should treat training policy and deployment architecture as core buying criteria, not legal footnotes",Execution And Rollout,Governance And ROI,Layer 3: Solution Logic,will your data train someone elses model
Vector,03_on_prem_vs_cloud_ai_for_manufacturing_what_actually_matters,On-Prem vs Cloud AI for Manufacturing: What Actually Matters,CTO,Consideration,"many buyers compare on-prem and cloud AI through infrastructure preference instead of decision risk, governance, and deployment fit","the right deployment model depends on control requirements, not trend pressure",Execution And Rollout,Governance And ROI,Layer 2: Problem Deep Dives,on prem vs cloud ai manufacturing
Vector,04_generic_llm_vs_industrial_ai_the_difference_is_bigger_than_accuracy,Generic LLM vs Industrial AI: The Difference Is Bigger Than Accuracy,CTO,Consideration,"teams judge industrial AI against generic LLMs using fluency, benchmark scores, or single-turn answer quality instead of whether the capability can survive real plant accountability","the decisive gap is governed industrial fitness and consequence handling, not how accurate or articulate a reply sounds in isolation",AI And Decision Making,Execution And Rollout,Layer 2: Problem Deep Dives,generic llm vs industrial ai
Vector,05_why_factory_data_should_never_be_treated_like_generic_enterprise_data,Why Factory Data Should Never Be Treated Like Generic Enterprise Data,CTO,Awareness,many AI deployments inherit office-data assumptions even though factory data carries different operational and competitive consequences,"manufacturers need a stricter AI standard because factory data behaves like decision infrastructure, not ordinary business content",Execution And Rollout,Governance And ROI,Layer 2: Problem Deep Dives,factory data ai manufacturing
Vector,06_the_hidden_risk_of_uploading_layouts_costs_and_process_know_how_to_public_ai,"The Hidden Risk of Uploading Layouts, Costs, and Process Know-How to Public AI",CTO,Awareness,"teams often share sensitive operational material with public AI because the workflow feels informal, even though the content carries real strategic value",what looks like harmless experimentation can quietly expose the core logic of how a factory operates,AI And Decision Making,Execution And Rollout,Layer 4: Decision Support,uploading factory data to public ai risk
Vector,07_what_private_ai_really_means_in_a_manufacturing_environment,"What ""Private AI"" Really Means in a Manufacturing Environment",CTO,Consideration,"many vendors use the term ""private AI"" loosely, leaving buyers with weak clarity on what is actually private and what is not","manufacturers should define private AI through control, deployment boundaries, training policy, and governance rather than marketing language",Execution And Rollout,Governance And ROI,Layer 2: Problem Deep Dives,private ai manufacturing
Vector,08_how_to_evaluate_an_industrial_ai_vendor_without_getting_lost_in_buzzwords,How to Evaluate an Industrial AI Vendor Without Getting Lost in Buzzwords,CTO,Consideration,"industrial buyers often hear polished AI language but get too little clarity on deployment, training policy, domain fit, and governance",manufacturers need a clear evaluation lens that cuts through marketing and protects buying quality,AI And Decision Making,Governance And ROI,Layer 4: Decision Support,evaluate industrial ai vendor
Vector,09_why_ai_governance_matters_more_in_factories_than_in_offices,Why AI Governance Matters More in Factories Than in Offices,CTO,Consideration,many organizations apply office-style AI governance assumptions to industrial environments where outputs can shape high-consequence operational decisions,"manufacturers need stronger governance because factory AI affects decisions with real cost, stability, and execution implications",Governance And ROI,AI And Decision Making,Layer 2: Problem Deep Dives,ai governance manufacturing
Vector,10_ai_that_recommends_is_useful_ai_that_decides_alone_is_dangerous,AI That Recommends Is Useful. AI That Decides Alone Is Dangerous,CTO,Consideration,many AI narratives overpromise autonomy in environments where decision consequence still requires human judgment and accountability,"manufacturers should value AI as decision support first, because unsupported autonomy can increase risk faster than it creates value",AI And Decision Making,Execution And Rollout,Layer 2: Problem Deep Dives,ai recommends vs decides alone manufacturing
Vector,11_the_real_cost_of_choosing_the_wrong_ai_deployment_model,The Real Cost of Choosing the Wrong AI Deployment Model,CTO,Consideration,"many teams compare AI deployment models through speed or infrastructure cost while ignoring the organizational, governance, and adoption cost of weak deployment fit","the wrong deployment model creates hidden cost far beyond hosting, especially in high-consequence industrial environments",Governance And ROI,Execution And Rollout,Layer 3: Solution Logic,wrong ai deployment model cost
Vector,12_can_you_audit_your_ai_why_traceability_matters_in_industrial_decisions,Can You Audit Your AI? Why Traceability Matters in Industrial Decisions,CTO,Consideration,"many AI workflows are adopted without enough visibility into how outputs were produced, reviewed, and used in consequential industrial decisions","manufacturers need traceability because decision support without auditability becomes difficult to trust, defend, and improve",Governance And ROI,AI And Decision Making,Layer 4: Decision Support,audit ai manufacturing
Vector,13_why_domain_knowledge_beats_bigger_generic_models_in_manufacturing,Why Domain Knowledge Beats Bigger Generic Models in Manufacturing,CTO,Consideration,"many buyers treat headline model size or benchmark prestige as a proxy for manufacturing performance, even when the work is anchored in plant-specific definitions, constraints, and evidence","in manufacturing, domain-grounded fit and reference fidelity often matter more than raw scale, because useful answers must align with your internal truth, not only with fluent general language",AI And Decision Making,Governance And ROI,Layer 3: Solution Logic,domain knowledge vs generic models manufacturing
Vector,14_what_it_means_to_train_an_ai_on_real_transformation_cases,What It Means to Train an AI on Real Transformation Cases,CTO,Consideration,many AI vendors claim industrial relevance without explaining what kind of real-world experience actually shaped the model,manufacturers should care about whether an AI system learned from real transformation logic rather than generic internet-style patterns,AI And Decision Making,Governance And ROI,Layer 2: Problem Deep Dives,train ai on real transformation cases
Vector,15_why_security_teams_block_ai_projects_and_when_theyre_right,Why Security Teams Block AI Projects - And When They're Right,CTO,Consideration,"business teams often see security objections as friction, while security teams often see real exposure that has not been designed out of the AI initiative","manufacturers should treat security resistance as a signal to improve deployment fit, governance, and data handling rather than as an obstacle to bypass",Governance And ROI,Execution And Rollout,Layer 4: Decision Support,why security teams block ai projects
Vector,16_industrial_ai_without_data_sovereignty_is_a_strategic_mistake,Industrial AI Without Data Sovereignty Is a Strategic Mistake,CTO,Consideration,"many AI initiatives focus on usefulness first and leave data sovereignty vague, even though control over industrial knowledge is a strategic issue rather than only a technical one","manufacturers should treat data sovereignty as part of competitive control, deployment strategy, and long-term decision security",Execution And Rollout,Governance And ROI,Layer 2: Problem Deep Dives,industrial ai data sovereignty
Vector,17_how_human_approval_layers_make_ai_safer_and_more_defensible,How Human Approval Layers Make AI Safer and More Defensible,CTO,Consideration,"many AI narratives frame human approval as inefficiency, even though review layers are often what make industrial AI governable and credible",manufacturers should treat human approval as a design strength that reduces risk and improves defensibility in consequential workflows,Execution And Rollout,AI And Decision Making,Layer 1: Field Reality,human approval industrial ai
Vector,18_the_enterprise_checklist_for_secure_ai_in_manufacturing,The Enterprise Checklist for Secure AI in Manufacturing,CTO,Decision,"many enterprise buyers know they need secure industrial AI but lack a concise checklist for evaluating deployment, governance, and data control before adoption",manufacturers can reduce buying risk by using a practical enterprise checklist that covers the minimum conditions for serious AI deployment,Governance And ROI,Execution And Rollout,Layer 3: Solution Logic,secure ai manufacturing checklist
Vector,19_what_makes_an_ai_model_deployment_ready_for_industry,"What Makes an AI Model ""Deployment-Ready"" for Industry",CTO,Decision,"many AI products look promising in demos but are not actually ready for industrial deployment where control, governance, and consequence matter","manufacturers should define deployment-ready AI through operational fit, not only model capability",Execution And Rollout,Governance And ROI,Layer 3: Solution Logic,deployment ready ai industry
Vector,20_how_dbr77_vector_differs_from_chatgpt_wrappers_and_generic_copilots,How DBR77 Vector Differs from ChatGPT Wrappers and Generic Copilots,CTO,Decision,many buyers struggle to distinguish serious industrial AI from generic copilots or thin wrappers around public-model convenience,"manufacturers should evaluate Vector as an industrial decision layer built around control, governance, and domain fit rather than generic conversational packaging",AI And Decision Making,Execution And Rollout,Layer 1: Field Reality,dbr77 vector vs generic copilots
Vector,21_when_a_manufacturer_should_choose_private_ai_over_public_ai_convenience,When a Manufacturer Should Choose Private AI Over Public AI Convenience,CTO / COO,Awareness,"teams default to public AI for speed, then discover data exposure, weak governance, and deployment mismatch when work touches real factory knowledge",manufacturers can decide early whether convenience is appropriate or whether private industrial AI is the responsible default for a given workflow class,AI And Decision Making,Execution And Rollout,Layer 2: Problem Deep Dives,private ai vs public ai manufacturing
Vector,22_how_to_run_a_security_review_of_an_industrial_ai_vendor,How to Run a Security Review of an Industrial AI Vendor,CTO / CISO-aligned executive,Consideration,"security reviews of AI vendors often stall on vague assurances because teams lack a structured review sequence tied to deployment, data flow, and training policy","manufacturers can run a credible vendor security review using a repeatable sequence that produces evidence, not slide claims",Governance And ROI,Execution And Rollout,Layer 4: Decision Support,industrial ai vendor security review
Vector,23_what_an_ai_deployment_boundary_should_include_in_manufacturing,What an AI Deployment Boundary Should Include in Manufacturing,CTO / enterprise architect,Consideration,"teams talk about ""private AI"" without a shared definition of what the deployment boundary actually protects, which creates false confidence during pilots","manufacturers can define a deployment boundary as a concrete set of controls covering runtime location, data paths, access, egress, retention, and integration rules",Execution And Rollout,Governance And ROI,Layer 5: Execution And Transformation,ai deployment boundary manufacturing
Vector,24_when_ai_outputs_need_human_approval_and_when_they_do_not,When AI Outputs Need Human Approval and When They Do Not,COO / head of operations,Consideration,teams oscillate between banning AI or trusting it too much because they lack a simple decision rule for approval gates,manufacturers can separate low-risk AI assistance from high-consequence decisions using a consequence-based approval matrix tied to systems and spend,Execution And Rollout,AI And Decision Making,Layer 1: Field Reality,human approval industrial ai
Vector,25_how_to_compare_industrial_ai_training_policies_without_marketing_fog,How to Compare Industrial AI Training Policies Without Marketing Fog,CTO / procurement sponsor,Consideration,"training policy language is often vague, which lets vendors hide default-on data use behind friendly privacy pages","buyers can compare training policies using a fixed vocabulary that separates defaults, scope, retention, subprocessors, and technical enforcement",Governance And ROI,AI And Decision Making,Layer 4: Decision Support,ai training policy comparison manufacturing
Vector,26_what_traceability_should_look_like_in_a_manufacturing_ai_system,What Traceability Should Look Like in a Manufacturing AI System,quality / IT governance lead,Consideration,"teams ask for traceability but accept logs that cannot reconstruct a decision under stress, which fails audits and post-incident reviews","manufacturers can specify traceability as a minimum record set linking inputs, model version, prompts, outputs, reviewers, and system actions",Governance And ROI,Execution And Rollout,Layer 5: Execution And Transformation,manufacturing ai traceability
Vector,27_when_on_prem_ai_is_worth_the_complexity_and_when_it_is_not,When On-Prem AI Is Worth the Complexity and When It Is Not,CTO / infrastructure owner,Consideration,"on-prem AI is often chosen for symbolic control or avoided for convenience, without a disciplined trade-off model tied to real constraints","manufacturers can decide when on-premise industrial AI is worth operational burden using data sensitivity, regulatory posture, integration depth, latency needs, and internal capability",Execution And Rollout,Governance And ROI,Layer 5: Execution And Transformation,on-prem ai manufacturing decision
Vector,28_how_to_build_a_governed_pilot_for_industrial_ai_without_creating_shadow_it,How to Build a Governed Pilot for Industrial AI Without Creating Shadow IT,program sponsor / digital factory lead,Decision,"pilots often start as unofficial tool trials that bypass security and integration rules, which later collapse under scale or audit pressure","manufacturers can run a fast pilot that still has an explicit charter, data class, deployment boundary, logging plan, and exit criteria so it stays legitimate",Execution And Rollout,Governance And ROI,Layer 3: Solution Logic,governed ai pilot manufacturing
Vector,29_what_a_cto_should_ask_before_connecting_ai_to_factory_systems,What a CTO Should Ask Before Connecting AI to Factory Systems,CTO,Decision,"AI-to-factory integrations are often sold as simple APIs, while real risk sits in credentials, write authority, data lineage, and failure modes","CTOs can use a focused question set covering identity, scope, side effects, monitoring, rollback, and ownership before any production coupling",Execution And Rollout,AI And Decision Making,Layer 1: Field Reality,ai integration manufacturing cto checklist
Vector,30_how_to_turn_secure_industrial_ai_into_a_repeatable_operating_capability,How to Turn Secure Industrial AI Into a Repeatable Operating Capability,COO / transformation program lead,Adoption,"successful AI pilots rarely become repeatable operations because ownership, metrics, and governance cadence are left implicit after the first win","manufacturers can institutionalize secure industrial AI through defined roles, quarterly risk reviews, vendor controls, training standards, and integration lifecycle rules",Governance And ROI,Execution And Rollout,Layer 5: Execution And Transformation,industrial ai operating model manufacturing
Vector,31_when_ai_security_claims_are_too_vague_for_industrial_buyers,When AI Security Claims Are Too Vague for Industrial Buyers,CTO / head of information security,Consideration,"vendor language around ""enterprise-grade,"" ""private,"" and ""secure"" often hides unclear training policy, data paths, and deployment facts that matter in factories","buyers can translate marketing claims into concrete questions about boundaries, subprocessors, logging, and model governance before shortlisting vendors",AI And Decision Making,Governance And ROI,Layer 4: Decision Support,industrial ai vendor security evaluation
Vector,32_how_to_classify_factory_use_cases_by_ai_risk_before_adoption,How to Classify Factory Use Cases by AI Risk Before Adoption,COO / plant director,Awareness,"teams label every AI idea as urgent, which hides differences in data sensitivity, automation depth, and blast radius if the model is wrong","a simple risk tier framework aligns adoption pace with deployment boundaries, approval depth, and integration discipline",AI And Decision Making,Governance And ROI,Layer 3: Solution Logic,manufacturing ai risk classification
Vector,33_what_a_private_ai_architecture_review_should_decide_before_rollout,What a Private AI Architecture Review Should Decide Before Rollout,CTO / enterprise architect,Decision,"rollouts stall or get blocked when architecture decisions are deferred to after the contract, leaving data paths and approval models undefined","a focused architecture review produces signed decisions on boundaries, identity, logging, training policy, and integration contracts before production traffic",Execution And Rollout,Governance And ROI,Layer 5: Execution And Transformation,private ai architecture review manufacturing
Vector,34_when_a_manufacturer_should_isolate_ai_by_site_business_unit_or_workflow,"When a Manufacturer Should Isolate AI by Site, Business Unit, or Workflow",COO / IT director,Consideration,"a single shared AI tenant feels efficient until cross-site data mixing, conflicting policies, or one incident forces a painful split","clear isolation rules align blast radius, compliance boundaries, and operational ownership with how the factory network actually runs",Execution And Rollout,Governance And ROI,Layer 5: Execution And Transformation,manufacturing ai tenant isolation
Vector,35_how_to_write_non_negotiable_ai_requirements_into_enterprise_procurement,How to Write Non-Negotiable AI Requirements Into Enterprise Procurement,procurement lead with IT and legal partners,Decision,"RFPs copy generic security language that vendors can satisfy with checkbox answers while leaving training, subprocessors, and data paths undefined","a tight requirements annex makes training policy, deployment boundaries, audit rights, and incident duties enforceable before signature",Governance And ROI,AI And Decision Making,Layer 4: Decision Support,enterprise ai procurement requirements manufacturing
Vector,36_what_an_industrial_ai_incident_response_model_should_include,What an Industrial AI Incident Response Model Should Include,CISO / plant IT and operations security lead,Adoption,"generic IT incident playbooks omit model-specific failures such as data drift in prompts, poisoned context, or unsafe recommendations that nearly reached execution","a manufacturing AI IR model adds detection categories, escalation paths, containment steps, vendor duties, and evidence preservation tuned to inference pipelines and factory integrations",Governance And ROI,Execution And Rollout,Layer 3: Solution Logic,manufacturing ai incident response
Vector,37_when_factory_knowledge_should_not_be_exposed_to_generic_ai_tools,When Factory Knowledge Should Not Be Exposed to Generic AI Tools,CTO / plant engineering lead,Awareness,"convenience workflows train teams to paste layouts, yields, supplier issues, and unreleased changes into tools built for consumer trust models",a clear policy map separates what can be summarized in approved channels from what must stay inside controlled industrial AI boundaries,AI And Decision Making,Execution And Rollout,Layer 1: Field Reality,manufacturing data generic ai policy
Vector,38_how_to_evaluate_ai_subprocessors_and_data_paths_in_manufacturing,How to Evaluate AI Subprocessors and Data Paths in Manufacturing,CTO / security architect,Consideration,"buyers focus on the primary vendor logo while embeddings, moderation, logging, or analytics hops silently cross extra legal and technical boundaries",a repeatable subprocessor and data-path review exposes every hop from plant systems to storage and back,Governance And ROI,Execution And Rollout,Layer 3: Solution Logic,ai subprocessor evaluation manufacturing
Vector,39_what_a_secure_human_in_the_loop_design_should_look_like_for_industrial_ai,What a Secure Human-in-the-Loop Design Should Look Like for Industrial AI,head of quality / digital factory lead,Decision,"""human approval"" becomes a rubber stamp when roles, evidence packs, and logging do not make the human decision defensible","a secure HITL pattern ties approvals to scoped actions, trace bundles, timeouts, and escalation without turning operators into click-through bottlenecks",Execution And Rollout,AI And Decision Making,Layer 1: Field Reality,human in the loop industrial ai manufacturing
Vector,40_how_to_scale_industrial_ai_without_losing_deployment_control,How to Scale Industrial AI Without Losing Deployment Control,COO / VP operations technology,Adoption,"more sites and workflows mean informal exceptions multiply until nobody can state which deployment mode, model version, or integration path is actually live","control scales when standards, exception registers, and promotion pipelines stay as visible as production OEE dashboards",Governance And ROI,Execution And Rollout,Layer 5: Execution And Transformation,scale industrial ai deployment control
Vector,41_when_ai_governance_should_become_a_board_level_issue_in_manufacturing,When AI Governance Should Become a Board-Level Issue in Manufacturing,CEO / board risk sponsor / CFO with enterprise risk remit,Awareness,"plant-led AI pilots create material exposure before anyone with fiduciary duty has a clear picture of deployment boundaries, data paths, or approval models","a small set of board-visible triggers turns vague ""AI concern"" into a governed program with explicit accountability",Governance And ROI,AI And Decision Making,Layer 1: Field Reality,manufacturing AI governance board level
Vector,42_what_a_manufacturer_should_require_in_an_ai_audit_export,What a Manufacturer Should Require in an AI Audit Export,CISO / head of IT audit / quality and regulatory affairs lead,Consideration,"vendors ship marketing attestations while operations need reconstructable evidence of configuration, data paths, and change history","a defined audit export turns subjective ""trust us"" into inspectable artifacts your team can reconcile to architecture diagrams",Governance And ROI,Execution And Rollout,Layer 1: Field Reality,manufacturing AI audit export
Vector,43_how_to_decide_which_factory_workflows_are_safe_enough_for_ai_assistance,How to Decide Which Factory Workflows Are Safe Enough for AI Assistance,plant manager / engineering manager / continuous improvement director,Consideration,"teams want speed from AI while safety, quality, and labor agreements require clear boundaries on what assistance means in practice",a repeatable scoring model moves debates from opinion to signed workflow classes with approval rules,AI And Decision Making,Execution And Rollout,Layer 1: Field Reality,factory workflow AI safety classification
Vector,44_when_an_industrial_ai_program_should_pause_before_scaling_further,When an Industrial AI Program Should Pause Before Scaling Further,program sponsor / VP digital transformation / head of manufacturing IT,Adoption,"early wins create pressure to replicate before deployment truth, logging, and approval models are stable",explicit pause criteria protect credibility and prevent multi-site amplification of a silent defect,Governance And ROI,Execution And Rollout,Layer 5: Execution And Transformation,pause industrial AI scaling
Vector,45_what_a_secure_ai_change_control_process_should_include,What a Secure AI Change Control Process Should Include,CTO / enterprise architect / IT operations leader,Decision,"AI systems change weekly through prompts, connectors, and model routes while factories expect the same rigor as MES or PLC changes",a tight change model keeps innovation speed inside visible gates without treating every tweak like a waterfall release,Governance And ROI,Execution And Rollout,Layer 1: Field Reality,manufacturing AI change control
Vector,46_how_to_compare_private_api_isolated_tenant_and_on_prem_ai_without_confusion,"How to Compare Private API, Isolated Tenant, and On-Prem AI Without Confusion",CTO / infrastructure lead / procurement counsel,Consideration,"vendors reuse words like private and isolated while data paths, admin access, and training boundaries differ materially",a comparison grid anchored to control questions removes label confusion and supports defensible shortlists,Execution And Rollout,Governance And ROI,Layer 3: Solution Logic,private API vs isolated tenant AI manufacturing
Vector,47_when_ai_policy_documents_fail_and_operating_rules_should_replace_them,When AI Policy Documents Fail and Operating Rules Should Replace Them,COO / chief of staff to CEO / head of internal controls,Awareness,"polished policies sit unread while teams route real work through browsers, shadow integrations, and informal prompts","operating rules turn intent into observable behaviors, tickets, and metrics that plants can execute",Governance And ROI,Execution And Rollout,Layer 2: Problem Deep Dives,manufacturing AI policy operating rules
Vector,48_what_a_multi_site_industrial_ai_rollout_should_standardize_first,What a Multi-Site Industrial AI Rollout Should Standardize First,VP operations technology / enterprise program director / regional manufacturing lead,Adoption,"teams rush to replicate use cases while each site invents its own deployment story, identity model, and logging posture",a short priority stack standardizes what must be identical before local adaptation adds value,Execution And Rollout,Governance And ROI,Layer 5: Execution And Transformation,multi-site industrial AI rollout standardization
Vector,49_how_to_review_industrial_ai_risk_after_the_first_90_days,How to Review Industrial AI Risk After the First Ninety Days,program security lead / operational risk officer / head of manufacturing excellence,Adoption,"launch excitement fades into steady state where drift, exceptions, and informal shortcuts quietly rewrite the real architecture",a disciplined ninety-day review converts early assumptions into measured posture and a forward roadmap,Governance And ROI,Execution And Rollout,Layer 5: Execution And Transformation,industrial AI risk review 90 days
Vector,50_how_to_build_a_manufacturing_ai_governance_system_that_survives_scale,How to Build a Manufacturing AI Governance System That Survives Scale,CTO / COO / chief digital officer with P and L or capex influence,Decision,"point solutions and pilot heroes do not convert into a system that still works after headcount churn, vendor turnover, and multi-site expansion","durable governance ties together deployment boundaries, workflow classes, change control, evidence exports, and executive metrics in one operating loop",Governance And ROI,Execution And Rollout,Layer 4: Decision Support,manufacturing AI governance system scale
