
 RUN  v4.1.8 /Users/piotrwisniewski/Developer/codex-wt/kpi-1-u41-20260916


 RUN  v4.1.8 /Users/piotrwisniewski/Developer/codex-wt/kpi-1-u41-20260916

 × tests/resultsVnext/kpi/day199.kpiToolSections.component.test.tsx > day199 KPI tool scorecards and history wiring > renders an honest empty state for scorecards returned by the reverse lookup 1023ms
   → Unable to find an element by: [data-testid="results-vnext-kpi-tool-page"]

Ignored nodes: comments, script, style
[36m<body>[39m
  [36m<div />[39m
[36m</body>[39m

Ignored nodes: comments, script, style
[36m<html[39m
  [33mdir[39m=[32m"ltr"[39m
  [33mlang[39m=[32m"en"[39m
[36m>[39m
  [36m<head />[39m
  [36m<body>[39m
    [36m<div />[39m
  [36m</body>[39m
[36m</html>[39m
 × tests/resultsVnext/kpi/day199.kpiToolSections.component.test.tsx > day199 KPI tool scorecards and history wiring > renders scorecard data returned by the reverse lookup 1009ms
   → Unable to find an element by: [data-testid="results-vnext-kpi-tool-page"]

Ignored nodes: comments, script, style
[36m<body>[39m
  [36m<div />[39m
[36m</body>[39m

Ignored nodes: comments, script, style
[36m<html[39m
  [33mdir[39m=[32m"ltr"[39m
  [33mlang[39m=[32m"en"[39m
[36m>[39m
  [36m<head />[39m
  [36m<body>[39m
    [36m<div />[39m
  [36m</body>[39m
[36m</html>[39m
 × tests/resultsVnext/kpi/day199.kpiToolSections.component.test.tsx > day199 KPI tool scorecards and history wiring > renders an honest empty state for KPI history 1010ms
   → Unable to find an element by: [data-testid="results-vnext-kpi-tool-page"]

Ignored nodes: comments, script, style
[36m<body>[39m
  [36m<div />[39m
[36m</body>[39m

Ignored nodes: comments, script, style
[36m<html[39m
  [33mdir[39m=[32m"ltr"[39m
  [33mlang[39m=[32m"en"[39m
[36m>[39m
  [36m<head />[39m
  [36m<body>[39m
    [36m<div />[39m
  [36m</body>[39m
[36m</html>[39m
 × tests/resultsVnext/kpi/day199.kpiToolSections.component.test.tsx > day199 KPI tool scorecards and history wiring > renders immutable KPI history entries 1008ms
   → Unable to find an element by: [data-testid="results-vnext-kpi-tool-page"]

Ignored nodes: comments, script, style
[36m<body>[39m
  [36m<div />[39m
[36m</body>[39m

Ignored nodes: comments, script, style
[36m<html[39m
  [33mdir[39m=[32m"ltr"[39m
  [33mlang[39m=[32m"en"[39m
[36m>[39m
  [36m<head />[39m
  [36m<body>[39m
    [36m<div />[39m
  [36m</body>[39m
[36m</html>[39m
 ❯ tests/resultsVnext/kpi/day199.kpiToolSections.component.test.tsx (4 tests | 4 failed) 4052ms
     × renders an honest empty state for scorecards returned by the reverse lookup 1023ms
     × renders scorecard data returned by the reverse lookup 1009ms
     × renders an honest empty state for KPI history 1010ms
     × renders immutable KPI history entries 1008ms
 ✓ tests/components/ResultsVNext/KpiTrzyPoziomy.test.tsx > KPI — trzy poziomy: tabela raportów → raport → karta N > POZIOM 1: /results/kpi to TABELA RAPORTÓW z okresem, stanem i otwartymi działaniami 108ms
 ✓ tests/components/ResultsVNext/KpiTrzyPoziomy.test.tsx > KPI — trzy poziomy: tabela raportów → raport → karta N > POZIOM 1: pigułka „Wszystkie wskaźniki" ZNIKA — płaska lista nie jest punktem wejścia 40ms
 ✓ tests/components/ResultsVNext/KpiTrzyPoziomy.test.tsx > KPI — trzy poziomy: tabela raportów → raport → karta N > POZIOM 1 → 2: dwuklik otwiera RAPORT pod /scorecards/:id (nie pod usuniętym adresem) 43ms
 ✓ tests/components/ResultsVNext/KpiTrzyPoziomy.test.tsx > KPI — trzy poziomy: tabela raportów → raport → karta N > MUTACJA (b): trasa siatki kafelków poziomu 2 nie istnieje w konfiguracji 0ms
 ✓ tests/components/ResultsVNext/KpiTrzyPoziomy.test.tsx > KPI — trzy poziomy: tabela raportów → raport → karta N > POZIOM 2: raport to TABELA mierników — grupa obszaru, para CEL/Rezultat, YTD i STAN 36ms
 ✓ tests/components/ResultsVNext/KpiTrzyPoziomy.test.tsx > KPI — trzy poziomy: tabela raportów → raport → karta N > POZIOM 2 → 3: dwuklik w miernik otwiera KARTĘ N z zapamiętanym raportem 24ms
 × tests/components/ResultsVNext/KpiTrzyPoziomy.test.tsx > KPI — trzy poziomy: tabela raportów → raport → karta N > POZIOM 3: karta N ma DOKŁADNIE trzystopniową ścieżkę, w tej kolejności 1006ms
   → Unable to find an element by: [data-testid="results-vnext-kpi-tool-page"]

Ignored nodes: comments, script, style
[36m<body>[39m
  [36m<div />[39m
[36m</body>[39m

Ignored nodes: comments, script, style
[36m<html[39m
  [33mdir[39m=[32m"ltr"[39m
  [33mlang[39m=[32m"en"[39m
[36m>[39m
  [36m<head />[39m
  [36m<body>[39m
    [36m<div />[39m
  [36m</body>[39m
[36m</html>[39m
 × tests/components/ResultsVNext/KpiTrzyPoziomy.test.tsx > KPI — trzy poziomy: tabela raportów → raport → karta N > POZIOM 3: adres bez parametru dalej działa — stopień raportu z REALNEJ przynależności 1005ms
   → Unable to find an element by: [data-testid="results-vnext-kpi-tool-page"]

Ignored nodes: comments, script, style
[36m<body>[39m
  [36m<div />[39m
[36m</body>[39m

Ignored nodes: comments, script, style
[36m<html[39m
  [33mdir[39m=[32m"ltr"[39m
  [33mlang[39m=[32m"en"[39m
[36m>[39m
  [36m<head />[39m
  [36m<body>[39m
    [36m<div />[39m
  [36m</body>[39m
[36m</html>[39m
 × tests/components/ResultsVNext/KpiTrzyPoziomy.test.tsx > KPI — trzy poziomy: tabela raportów → raport → karta N > MUTACJA (c): raport stoi MIĘDZY rejestrem a miernikiem, nie pod miernikiem 1005ms
   → Unable to find an element by: [data-testid="results-vnext-kpi-tool-page"]

Ignored nodes: comments, script, style
[36m<body>[39m
  [36m<div />[39m
[36m</body>[39m

Ignored nodes: comments, script, style
[36m<html[39m
  [33mdir[39m=[32m"ltr"[39m
  [33mlang[39m=[32m"en"[39m
[36m>[39m
  [36m<head />[39m
  [36m<body>[39m
    [36m<div />[39m
  [36m</body>[39m
[36m</html>[39m
 ❯ tests/components/ResultsVNext/KpiTrzyPoziomy.test.tsx (9 tests | 3 failed) 3270ms
     ✓ POZIOM 1: /results/kpi to TABELA RAPORTÓW z okresem, stanem i otwartymi działaniami 108ms
     ✓ POZIOM 1: pigułka „Wszystkie wskaźniki" ZNIKA — płaska lista nie jest punktem wejścia 40ms
     ✓ POZIOM 1 → 2: dwuklik otwiera RAPORT pod /scorecards/:id (nie pod usuniętym adresem) 43ms
     ✓ MUTACJA (b): trasa siatki kafelków poziomu 2 nie istnieje w konfiguracji 0ms
     ✓ POZIOM 2: raport to TABELA mierników — grupa obszaru, para CEL/Rezultat, YTD i STAN 36ms
     ✓ POZIOM 2 → 3: dwuklik w miernik otwiera KARTĘ N z zapamiętanym raportem 24ms
     × POZIOM 3: karta N ma DOKŁADNIE trzystopniową ścieżkę, w tej kolejności 1006ms
     × POZIOM 3: adres bez parametru dalej działa — stopień raportu z REALNEJ przynależności 1005ms
     × MUTACJA (c): raport stoi MIĘDZY rejestrem a miernikiem, nie pod miernikiem 1005ms
 ✓ tests/unit/results-okr/okrTrzyPoziomy.test.tsx > OKR — TRZY poziomy (SSOT §1, korekta P7K §4/§6) > każdy poziom ma własny, podlinkowalny adres, a niższy zawiera wyższy 1ms
 ✓ tests/unit/results-okr/okrTrzyPoziomy.test.tsx > OKR — TRZY poziomy (SSOT §1, korekta P7K §4/§6) > CZWARTEGO poziomu nie ma: żaden kanoniczny adres nie prowadzi do osobnej strony rezultatu 0ms
 ✓ tests/unit/results-okr/okrTrzyPoziomy.test.tsx > OKR — TRZY poziomy (SSOT §1, korekta P7K §4/§6) > czwarty poziom nie istnieje jako plik (strony KR usunięte, nie tylko odlinkowane) 0ms
 ✓ tests/unit/results-okr/okrTrzyPoziomy.test.tsx > OKR — TRZY poziomy (SSOT §1, korekta P7K §4/§6) > trasy poziomów są zadeklarowane w routeConfig (nie tylko w komponentach) 0ms
 ✓ tests/unit/results-okr/okrTrzyPoziomy.test.tsx > OKR — TRZY poziomy (SSOT §1, korekta P7K §4/§6) > stary adres rezultatu PRZEKIEROWUJE na kartę celu (a nie otwiera strony) 18ms
 × tests/unit/results-okr/okrTrzyPoziomy.test.tsx > Poziom 1 — TABELA RAPORTÓW OKR > renderuje tabelę raportów na realnych kolumnach — każda kolumna ma etykietę 76ms
   → Unable to find an element with the text: NAZWA. This could be because the text is broken up by multiple elements. In this case, you can provide a function for your text matcher to make your matcher more flexible.

Ignored nodes: comments, script, style
[36m<body>[39m
  [36m<div>[39m
    [36m<div[39m
      [33mclass[39m=[32m"h-full"[39m
      [33mdata-domain[39m=[32m"okr"[39m
      [33mdata-testid[39m=[32m"results-vnext-okr-registry-shell"[39m
    [36m>[39m
      [36m<div[39m
        [33mclass[39m=[32m"flex flex-col h-full bg-c-bg text-c-text"[39m
      [36m>[39m
        [36m<div[39m
          [33mclass[39m=[32m"bg-white dark:bg-navy-900 border-b border-slate-200/60 dark:border-white/5"[39m
        [36m>[39m
          [36m<div[39m
            [33mclass[39m=[32m"flex items-center px-4 py-3 gap-3 justify-between"[39m
          [36m>[39m
            [36m<div[39m
              [33mclass[39m=[32m"flex min-w-0 items-center gap-3"[39m
            [36m>[39m
              [36m<button[39m
                [33maria-disabled[39m=[32m"false"[39m
                [33maria-expanded[39m=[32m"false"[39m
                [33maria-label[39m=[32m"Search"[39m
                [33mclass[39m=[32m"h-9 w-9 inline-flex items-center justify-center rounded-full transition-colors duration-150 border text-slate-500 dark:text-slate-400 border-slate-200/70 dark:border-white/[0.06] hover:bg-slate-100/70 dark:hover:bg-white/[0.05]"[39m
                [33mtitle[39m=[32m"Search"[39m
                [33mtype[39m=[32m"button"[39m
              [36m>[39m
                [36m<svg[39m
                  [33maria-hidden[39m=[32m"true"[39m
                  [33mclass[39m=[32m"lucide lucide-search"[39m
                  [33mfill[39m=[32m"none"[39m
                  [33mheight[39m=[32m"18"[39m
                  [33mstroke[39m=[32m"currentColor"[39m
                  [33mstroke-linecap[39m=[32m"round"[39m
                  [33mstroke-linejoin[39m=[32m"round"[39m
                  [33mstroke-width[39m=[32m"2"[39m
                  [33mviewBox[39m=[32m"0 0 24 24"[39m
                  [33mwidth[39m=[32m"18"[39m
                  [33mxmlns[39m=[32m"http://www.w3.org/2000/svg"[39m
                [36m>[39m
                  [36m<path[39m
                    [33md[39m=[32m"m21 21-4.34-4.34"[39m
                  [36m/>[39m
                  [36m<circle[39m
                    [33mcx[39m=[32m"11"[39m
                    [33mcy[39m=[32m"11"[39m
                    [33mr[39m=[32m"8"[39m
                  [36m/>[39m
                [36m</svg>[39m
              [36m</button>[39m
              [36m<div[39m
                [33maria-label[39m=[32m"Module sections"[39m
                [33mclass[39m=[32m"app-table-scrollbar flex min-w-0 items-center gap-1.5 overflow-x-auto whitespace-nowrap"[39m
                [33mrole[39m=[32m"tablist"[39m
              [36m>[39m
                [36m<button[39m
                  [33maria-selected[39m=[32m"false"[39m
                  [33mclass[39m=[32m"inline-flex h-9 items-center gap-2 rounded-full border px-3 text-sm font-medium transition-colors duration-150 whitespace-nowrap active:scale-[0.98] focus-visible:outline-none focus-visible:ring-2 focus-visible:ring-c-focus focus-visible:ring-offset-1 ring-offset-white dark:ring-offset-navy-900 border-slate-200/70 bg-white/70 text-slate-700 hover:bg-state-hover dark:border-white/[0.06] dark:bg-white/[0.04] dark:text-slate-300"[39m
                  [33mrole[39m=[32m"tab"[39m
                  [33mtype[39m=[32m"button"[39m
                [36m>[39m
                  [36m<span>[39m
                    [0mKPI[0m
                  [36m</span>[39m
                [36m</button>[39m
                [36m<button[39m
                  [33maria-selected[39m=[32m"true"[39m
                  [33mclass[39m=[32m"inline-flex h-9 items-center gap-2 rounded-full border px-3 text-sm font-medium transition-colors duration-150 whitespace-nowrap active:scale-[0.98] focus-visible:outline-none focus-visible:ring-2 focus-visible:ring-c-focus focus-visible:ring-offset-1 ring-offset-white dark:ring-offset-navy-900 border-slate-300 bg-state-selected text-slate-900 dark:border-white/25 dark:text-slate-100"[39m
                  [33mrole[39m=[32m"tab"[39m
                  [33mtype[39m=[32m"button"[39m
                [36m>[39m
                  [36m<span>[39m
                    [0mOKR[0m
                  [36m</span>[39m
                [36m</button>[39m
                [36m<button[39m
                  [33maria-selected[39m=[32m"false"[39m
                  [33mclass[39m=[32m"inline-flex h-9 items-center gap-2 rounded-full border px-3 text-sm font-medium transition-colors duration-150 whitespace-nowrap active:scale-[0.98] focus-visible:outline-none focus-visible:ring-2 focus-visible:ring-c-focus focus-visible:ring-offset-1 ring-offset-white dark:ring-offset-navy-900 border-slate-200/70 bg-white/70 text-slate-700 hover:bg-state-hover dark:border-white/[0.06] dark:bg-white/[0.04] dark:text-slate-300"[39m
                  [33mrole[39m=[32m"tab"[39m
                  [33mtype[39m=[32m"button"[39m
                [36m>[39m
                  [36m<span>[39m
                    [0mROI[0m
                  [36m</span>[39m
                [36m</button>[39m
                [36m<button[39m
                  [33maria-selected[39m=[32m"false"[39m
                  [33mclass[39m=[32m"inline-flex h-9 items-center gap-2 rounded-full border px-3 text-sm font-medium transition-colors duration-150 whitespace-nowrap active:scale-[0.98] focus-visible:outline-none focus-visible:ring-2 focus-visible:ring-c-focus focus-visible:ring-offset-1 ring-offset-white dark:ring-offset-navy-900 border-slate-200/70 bg-white/70 text-slate-700 hover:bg-state-hover dark:border-white/[0.06] dark:bg-white/[0.04] dark:text-slate-300"[39m
                  [33mrole[39m=[32m"tab"[39m
                  [33mtype[39m=[32m"button"[39m
                [36m>[39m
                  [36m<span>[39m
                    [0mManagement reports[0m
                  [36m</span>[39m
                [36m</button>[39m
                [36m<button[39m
                  [33maria-selected[39m=[32m"false"[39m
                  [33mclass[39m=[32m"inline-flex h-9 items-center gap-2 rounded-full border px-3 text-sm font-medium transition-colors duration-150 whitespace-nowrap active:scale-[0.98] focus-visible:outline-none focus-visible:ring-2 focus-visible:ring-c-focus focus-visible:ring-offset-1 ring-offset-white dark:ring-offset-navy-900 border-slate-200/70 bg-white/70 text-slate-700 hover:bg-state-hover dark:border-white/[0.06] dark:bg-white/[0.04] dark:text-slate-300"[39m
                  [33mrole[39m=[32m"tab"[39m
                  [33mtype[39m=[32m"button"[39m
                [36m>[39m
                  [36m<span>[39m
                    [0mArchive[0m
                  [36m</span>[39m
                [36m</button>[39m
              [36m</div>[39m
            [36m</div>[39m
    ...
 ✓ tests/unit/results-okr/okrTrzyPoziomy.test.tsx > Poziom 2 — RAPORT OKR (tabela rezultatów grupowana temat → cel) > grupuje po temacie, pokazuje rezultat z właścicielem i wchodzi w kartę celu 49ms
 ✓ tests/unit/results-okr/okrTrzyPoziomy.test.tsx > Poziom 2 — RAPORT OKR (tabela rezultatów grupowana temat → cel) > ma akcję „Dodaj cel" i filtr właściciela (Menu 3 wg SSOT §3) 26ms
 × tests/unit/results-okr/okrTrzyPoziomy.test.tsx > Poziom 3 — karta celu z rezultatami JAKO SEKCJĄ > renderuje pięć sekcji (w tym „Check-iny") i przycisk check-inu na bloku rezultatu 1004ms
   → Unable to find an element by: [data-testid="results-vnext-okr-objective-card-page"]

Ignored nodes: comments, script, style
[36m<body>[39m
  [36m<div />[39m
[36m</body>[39m

Ignored nodes: comments, script, style
[36m<html[39m
  [33mdir[39m=[32m"ltr"[39m
  [33mlang[39m=[32m"en"[39m
[36m>[39m
  [36m<head />[39m
  [36m<body>[39m
    [36m<div />[39m
  [36m</body>[39m
[36m</html>[39m
 × tests/unit/results-okr/okrTrzyPoziomy.test.tsx > Poziom 3 — karta celu z rezultatami JAKO SEKCJĄ > okruszek wraca do RAPORTU (poziom 2), nie do powłoki administracyjnej zestawu 1005ms
   → Unable to find an element by: [data-testid="okr-objective-card-panel-open-report"]

Ignored nodes: comments, script, style
[36m<body>[39m
  [36m<div />[39m
[36m</body>[39m

Ignored nodes: comments, script, style
[36m<html[39m
  [33mdir[39m=[32m"ltr"[39m
  [33mlang[39m=[32m"en"[39m
[36m>[39m
  [36m<head />[39m
  [36m<body>[39m
    [36m<div />[39m
  [36m</body>[39m
[36m</html>[39m
 ✓ tests/unit/results-okr/okrTrzyPoziomy.test.tsx > Regresja crashu kolumn Kluczowego Rezultatu > każda komórka kolumn KR renderuje się bez wyjątku (crash `shortOkrId is not defined`) 11ms
 ✓ tests/unit/results-okr/okrTrzyPoziomy.test.tsx > Regresja crashu kolumn Kluczowego Rezultatu > komórki renderują się także gdy nazwiska NIE DA SIĘ rozwiązać (ta gałąź wybuchała) 4ms
 ✓ tests/unit/results-okr/okrTrzyPoziomy.test.tsx > Regresja crashu kolumn Kluczowego Rezultatu > kolumna „Właściciel" pokazuje nazwisko, nigdy surowego identyfikatora 1ms
 ✓ tests/unit/results-okr/okrTrzyPoziomy.test.tsx > Regresja crashu kolumn Kluczowego Rezultatu > podgląd KR buduje się i renderuje bez wyjątku 5ms
 ❯ tests/unit/results-okr/okrTrzyPoziomy.test.tsx (14 tests | 3 failed) 2204ms
     ✓ każdy poziom ma własny, podlinkowalny adres, a niższy zawiera wyższy 1ms
     ✓ CZWARTEGO poziomu nie ma: żaden kanoniczny adres nie prowadzi do osobnej strony rezultatu 0ms
     ✓ czwarty poziom nie istnieje jako plik (strony KR usunięte, nie tylko odlinkowane) 0ms
     ✓ trasy poziomów są zadeklarowane w routeConfig (nie tylko w komponentach) 0ms
     ✓ stary adres rezultatu PRZEKIEROWUJE na kartę celu (a nie otwiera strony) 18ms
     × renderuje tabelę raportów na realnych kolumnach — każda kolumna ma etykietę 76ms
     ✓ grupuje po temacie, pokazuje rezultat z właścicielem i wchodzi w kartę celu 49ms
     ✓ ma akcję „Dodaj cel" i filtr właściciela (Menu 3 wg SSOT §3) 26ms
     × renderuje pięć sekcji (w tym „Check-iny") i przycisk check-inu na bloku rezultatu 1004ms
     × okruszek wraca do RAPORTU (poziom 2), nie do powłoki administracyjnej zestawu 1005ms
     ✓ każda komórka kolumn KR renderuje się bez wyjątku (crash `shortOkrId is not defined`) 11ms
     ✓ komórki renderują się także gdy nazwiska NIE DA SIĘ rozwiązać (ta gałąź wybuchała) 4ms
     ✓ kolumna „Właściciel" pokazuje nazwisko, nigdy surowego identyfikatora 1ms
     ✓ podgląd KR buduje się i renderuje bez wyjątku 5ms
 × tests/components/ResultsVNext/roi/RoiCaseToolPage.test.tsx > RoiCaseToolPage — /results/roi/cases/:roiCaseId (klasa L full tool, deep link) > renders the honest disabled-flag empty state when roiRegistry flag is OFF (default) 1024ms
   → Unable to find an element by: [data-testid="results-vnext-roi-tool-disabled"]

Ignored nodes: comments, script, style
[36m<body>[39m
  [36m<div>[39m
    [36m<div[39m
      [33mclass[39m=[32m"h-full"[39m
      [33mdata-testid[39m=[32m"results-vnext-roi-tool-page"[39m
    [36m>[39m
      [36m<div[39m
        [33mclass[39m=[32m"flex h-full min-h-0 flex-col bg-c-bg"[39m
        [33mdata-testid[39m=[32m"roi-case-card"[39m
      [36m>[39m
        [36m<div[39m
          [33mclass[39m=[32m"px-6 pt-3"[39m
        [36m>[39m
          [36m<nav[39m
            [33maria-label[39m=[32m"Breadcrumb"[39m
            [33mclass[39m=[32m"mx-auto flex max-w-6xl min-w-0 items-center gap-1.5"[39m
          [36m>[39m
            [36m<button[39m
              [33mclass[39m=[32m"text-sm font-medium text-c-text-muted hover:text-c-text transition-colors truncate"[39m
              [33mtype[39m=[32m"button"[39m
            [36m>[39m
              [0mRejestr ROI[0m
            [36m</button>[39m
            [36m<svg[39m
              [33maria-hidden[39m=[32m"true"[39m
              [33mclass[39m=[32m"lucide lucide-chevron-right shrink-0 text-c-text-muted"[39m
              [33mfill[39m=[32m"none"[39m
              [33mheight[39m=[32m"14"[39m
              [33mstroke[39m=[32m"currentColor"[39m
              [33mstroke-linecap[39m=[32m"round"[39m
              [33mstroke-linejoin[39m=[32m"round"[39m
              [33mstroke-width[39m=[32m"2"[39m
              [33mviewBox[39m=[32m"0 0 24 24"[39m
              [33mwidth[39m=[32m"14"[39m
              [33mxmlns[39m=[32m"http://www.w3.org/2000/svg"[39m
            [36m>[39m
              [36m<path[39m
                [33md[39m=[32m"m9 18 6-6-6-6"[39m
              [36m/>[39m
            [36m</svg>[39m
            [36m<span[39m
              [33mclass[39m=[32m"text-sm font-semibold text-c-text truncate"[39m
            [36m>[39m
              [0mAutomatyzacja linii pakowania[0m
            [36m</span>[39m
          [36m</nav>[39m
        [36m</div>[39m
        [36m<div[39m
          [33mclass[39m=[32m"min-h-0 flex-1"[39m
        [36m>[39m
          [36m<div[39m
            [33mclass[39m=[32m"h-full min-h-0 flex"[39m
          [36m>[39m
            [36m<div[39m
              [33mclass[39m=[32m"flex-1 min-w-0 h-full min-h-0 overflow-y-auto bg-gradient-to-br from-slate-100 via-slate-50 to-slate-100 dark:from-navy-950 dark:via-navy-900 dark:to-navy-950"[39m
            [36m>[39m
              [36m<div[39m
                [33mclass[39m=[32m"sticky top-0 z-30 bg-c-bg/90 pb-2 backdrop-blur-xl px-6 pt-4"[39m
              [36m>[39m
                [36m<div[39m
                  [33mclass[39m=[32m"max-w-6xl mx-auto"[39m
                [36m>[39m
                  [36m<div[39m
                    [33mclass[39m=[32m"col-span-full border border-c-border bg-c-surface-raised/90 backdrop-blur-xl rounded-2xl overflow-hidden shadow-elevation-1"[39m
                    [33mdata-nmode-header[39m=[32m"true"[39m
                    [33mstyle[39m=[32m"opacity: 1; transform: none;"[39m
                  [36m>[39m
                    [36m<div[39m
                      [33mclass[39m=[32m"flex flex-wrap items-center gap-3 px-5 py-3 lg:flex-nowrap lg:gap-4"[39m
                    [36m>[39m
                      [36m<button[39m
                        [33maria-label[39m=[32m"Wstecz"[39m
                        [33mclass[39m=[32m"p-2 -ml-2 rounded-xl text-c-text-secondary hover:bg-state-hover transition-all duration-150 focus-visible:outline-none focus-visible:ring-2 focus-visible:ring-[color:var(--c-focus)]"[39m
                        [33mtabindex[39m=[32m"0"[39m
                        [33mtitle[39m=[32m"Wstecz"[39m
                      [36m>[39m
                        [36m<svg[39m
                          [33maria-hidden[39m=[32m"true"[39m
                          [33mclass[39m=[32m"lucide lucide-chevron-left"[39m
                          [33mfill[39m=[32m"none"[39m
                          [33mheight[39m=[32m"20"[39m
                          [33mstroke[39m=[32m"currentColor"[39m
                          [33mstroke-linecap[39m=[32m"round"[39m
                          [33mstroke-linejoin[39m=[32m"round"[39m
                          [33mstroke-width[39m=[32m"2"[39m
                          [33mviewBox[39m=[32m"0 0 24 24"[39m
                          [33mwidth[39m=[32m"20"[39m
                          [33mxmlns[39m=[32m"http://www.w3.org/2000/svg"[39m
                        [36m>[39m
                          [36m<path[39m
                            [33md[39m=[32m"m15 18-6-6 6-6"[39m
                          [36m/>[39m
                        [36m</svg>[39m
                      [36m</button>[39m
                      [36m<div[39m
                        [33mclass[39m=[32m"flex-1 min-w-0 flex flex-wrap items-center gap-2.5"[39m
                      [36m>[39m
                        [36m<span[39m
                          [33mclass[39m=[32m"min-w-0 truncate text-xl font-bold text-c-text"[39m
                          [33mtitle[39m=[32m"Automatyzacja linii pakowania"[39m
                        [36m>[39m
                          [0mAutomatyzacja linii pakowania[0m
                        [36m</span>[39m
                        [36m<span[39m
                          [33mclass[39m=[32m"inline-flex shrink-0 items-center h-5 px-2 rounded-md text-[11px] font-medium whitespace-nowrap bg-[color-mix(in_srgb,var(--c-info)_15%,transparent)] text-c-info"[39m
                        [36m>[39m
                          [0mModelowanie[0m
                        [36m</span>[39m
                      [36m</div>[39m
                      [36m<div[39m
                        [33mclass[39m=[32m"flex flex-wrap items-center justify-end gap-2 shrink-0"[39m
                      [36m>[39m
                        [36m<div[39m
                          [33mclass[39m=[32m"relative shrink-0"[39m
                        [36m>[39m
                          [36m<button[39m
                            [33maria-expanded[39m=[32m"false"[39m
                            [33maria-haspopup[39m=[32m"menu"[39m
                            [33maria-label[39m=[32m"sharedComponents.nModeHeader.moreActions"[39m
                            [33mclass[39m=[32m"p-2 rounded-xl text-c-text-secondary hover:bg-state-hover transition-colors focus-visible:outline-none focus-visible:ring-2 focus-visible:ring-[color:var(--c-focus)]"[39m
                            [33mtitle[39m=[32m"sharedComponents.nModeHeader.moreActions"[39m
                            [33mtype[39m=[32m"button"[39m
                          [36m>[39m
                            [36m<svg[39m
                              [33maria-hidden[39m=[32m"true"[39m
                              [33mclass[39m=[3...

Ignored nodes: comments, script, style
[36m<body>[39m
  [36m<div>[39m
    [36m<div[39m
      [33mclass[39m=[32m"h-full"[39m
      [33mdata-testid[39m=[32m"results-vnext-roi-tool-page"[39m
    [36m>[39m
      [36m<div[39m
        [33mclass[39m=[32m"flex h-full min-h-0 flex-col bg-c-bg"[39m
        [33mdata-testid[39m=[32m"roi-case-card"[39m
      [36m>[39m
        [36m<div[39m
          [33mclass[39m=[32m"px-6 pt-3"[39m
        [36m>[39m
          [36m<nav[39m
            [33maria-label[39m=[32m"Breadcrumb"[39m
            [33mclass[39m=[32m"mx-auto flex max-w-6xl min-w-0 items-center gap-1.5"[39m
          [36m>[39m
            [36m<button[39m
              [33mclass[39m=[32m"text-sm font-medium text-c-text-muted hover:text-c-text transition-colors truncate"[39m
              [33mtype[39m=[32m"button"[39m
            [36m>[39m
              [0mRejestr ROI[0m
            [36m</button>[39m
            [36m<svg[39m
              [33maria-hidden[39m=[32m"true"[39m
              [33mclass[39m=[32m"lucide lucide-chevron-right shrink-0 text-c-text-muted"[39m
              [33mfill[39m=[32m"none"[39m
              [33mheight[39m=[32m"14"[39m
              [33mstroke[39m=[32m"currentColor"[39m
              [33mstroke-linecap[39m=[32m"round"[39m
              [33mstroke-linejoin[39m=[32m"round"[39m
              [33mstroke-width[39m=[32m"2"[39m
              [33mviewBox[39m=[32m"0 0 24 24"[39m
              [33mwidth[39m=[32m"14"[39m
              [33mxmlns[39m=[32m"http://www.w3.org/2000/svg"[39m
            [36m>[39m
              [36m<path[39m
                [33md[39m=[32m"m9 18 6-6-6-6"[39m
              [36m/>[39m
            [36m</svg>[39m
            [36m<span[39m
              [33mclass[39m=[32m"text-sm font-semibold text-c-text truncate"[39m
            [36m>[39m
              [0mAutomatyzacja linii pakowania[0m
            [36m</span>[39m
          [36m</nav>[39m
        [36m</div>[39m
        [36m<div[39m
          [33mclass[39m=[32m"min-h-0 flex-1"[39m
        [36m>[39m
          [36m<div[39m
            [33mclass[39m=[32m"h-full min-h-0 flex"[39m
          [36m>[39m
            [36m<div[39m
              [33mclass[39m=[32m"flex-1 min-w-0 h-full min-h-0 overflow-y-auto bg-gradient-to-br from-slate-100 via-slate-50 to-slate-100 dark:from-navy-950 dark:via-navy-900 dark:to-navy-950"[39m
            [36m>[39m
              [36m<div[39m
                [33mclass[39m=[32m"sticky top-0 z-30 bg-c-bg/90 pb-2 backdrop-blur-xl px-6 pt-4"[39m
              [36m>[39m
                [36m<div[39m
                  [33mclass[39m=[32m"max-w-6xl mx-auto"[39m
                [36m>[39m
                  [36m<div[39m
                    [33mclass[39m=[32m"col-span-full border border-c-border bg-c-surface-raised/90 backdrop-blur-xl rounded-2xl overflow-hidden shadow-elevation-1"[39m
                    [33mdata-nmode-header[39m=[32m"true"[39m
                    [33mstyle[39m=[32m"opacity: 1; transform: none;"[39m
                  [36m>[39m
                    [36m<div[39m
                      [33mclass[39m=[32m"flex flex-wrap items-center gap-3 px-5 py-3 lg:flex-nowrap lg:gap-4"[39m
                    [36m>[39m
                      [36m<button[39m
                        [33maria-label[39m=[32m"Wstecz"[39m
                        [33mclass[39m=[32m"p-2 -ml-2 rounded-xl text-c-text-secondary hover:bg-state-hover transition-all duration-150 focus-visible:outline-none focus-visible:ring-2 focus-visible:ring-[color:var(--c-focus)]"[39m
                        [33mtabindex[39m=[32m"0"[39m
                        [33mtitle[39m=[32m"Wstecz"[39m
                      [36m>[39m
                        [36m<svg[39m
                          [33maria-hidden[39m=[32m"true"[39m
                          [33mclass[39m=[32m"lucide lucide-chevron-left"[39m
                          [33mfill[39m=[32m"none"[39m
                          [33mheight[39m=[32m"20"[39m
                          [33mstroke[39m=[32m"currentColor"[39m
                          [33mstroke-linecap[39m=[32m"round"[39m
                          [33mstroke-linejoin[39m=[32m"round"[39m
                          [33mstroke-width[39m=[32m"2"[39m
                          [33mviewBox[39m=[32m"0 0 24 24"[39m
                          [33mwidth[39m=[32m"20"[39m
                          [33mxmlns[39m=[32m"http://www.w3.org/2000/svg"[39m
                        [36m>[39m
                          [36m<path[39m
                            [33md[39m=[32m"m15 18-6-6 6-6"[39m
                          [36m/>[39m
                        [36m</svg>[39m
                      [36m</button>[39m
                      [36m<div[39m
                        [33mclass[39m=[32m"flex-1 min-w-0 flex flex-wrap items-center gap-2.5"[39m
                      [36m>[39m
                        [36m<span[39m
                          [33mclass[39m=[32m"min-w-0 truncate text-xl font-bold text-c-text"[39m
                          [33mtitle[39m=[32m"Automatyzacja linii pakowania"[39m
                        [36m>[39m
                          [0mAutomatyzacja linii pakowania[0m
                        [36m</span>[39m
                        [36m<span[39m
                          [33mclass[39m=[32m"inline-flex shrink-0 items-center h-5 px-2 rounded-md text-[11px] font-medium whitespace-nowrap bg-[color-mix(in_srgb,var(--c-info)_15%,transparent)] text-c-info"[39m
                        [36m>[39m
                          [0mModelowanie[0m
                        [36m</span>[39m
                      [36m</div>[39m
                      [36m<div[39m
                        [33mclass[39m=[32m"flex flex-wrap items-center justify-end gap-2 shrink-0"[39m
                      [36m>[39m
                        [36m<div[39m
                          [33mclass[39m=[32m"relative shrink-0"[39m
                        [36m>[39m
                          [36m<button[39m
                            [33maria-expanded[39m=[32m"false"[39m
                            [33maria-haspopup[39m=[32m"menu"[39m
                            [33maria-label[39m=[32m"sharedComponents.nModeHeader.moreActions"[39m
                            [33mclass[39m=[32m"p-2 rounded-xl text-c-text-secondary hover:bg-state-hover transition-colors focus-visible:outline-none focus-visible:ring-2 focus-visible:ring-[color:var(--c-focus)]"[39m
                            [33mtitle[39m=[32m"sharedComponents.nModeHeader.moreActions"[39m
                            [33mtype[39m=[32m"button"[39m
                          [36m>[39m
                            [36m<svg[39m
                              [33maria-hidden[39m=[32m"true"[39m
                              [33mclass[39m=[3...
 ✓ tests/components/ResultsVNext/roi/RoiCaseToolPage.test.tsx > RoiCaseToolPage — /results/roi/cases/:roiCaseId (klasa L full tool, deep link) > cold direct-URL load: fetches the case by id (no prior registry visit) and renders it 28ms
 ✓ tests/components/ResultsVNext/roi/RoiCaseToolPage.test.tsx > RoiCaseToolPage — /results/roi/cases/:roiCaseId (klasa L full tool, deep link) > breadcrumb "back to registry" requests navigation to ROUTES.RESULTS_ROI.ROOT 80ms
 ✓ tests/components/ResultsVNext/roi/RoiCaseToolPage.test.tsx > RoiCaseToolPage — /results/roi/cases/:roiCaseId (klasa L full tool, deep link) > shows an honest error state with Retry when the case fetch fails (non-404), and Retry re-fetches 37ms
 ✓ tests/components/ResultsVNext/roi/RoiCaseToolPage.test.tsx > RoiCaseToolPage — /results/roi/cases/:roiCaseId (klasa L full tool, deep link) > deep link to a nonexistent (or cross-org — same 404, D06/D07) case id renders the forbidden state, never a blank screen 4ms
 ❯ tests/components/ResultsVNext/roi/RoiCaseToolPage.test.tsx (5 tests | 1 failed) 1175ms
     × renders the honest disabled-flag empty state when roiRegistry flag is OFF (default) 1024ms
     ✓ cold direct-URL load: fetches the case by id (no prior registry visit) and renders it 28ms
     ✓ breadcrumb "back to registry" requests navigation to ROUTES.RESULTS_ROI.ROOT 80ms
     ✓ shows an honest error state with Retry when the case fetch fails (non-404), and Retry re-fetches 37ms
     ✓ deep link to a nonexistent (or cross-org — same 404, D06/D07) case id renders the forbidden state, never a blank screen 4ms
 × tests/components/ResultsVNext/okr/OkrSetToolPage.test.tsx > OkrSetToolPage — /results/okr/sets/:okrSetId (klasa L full workspace, deep link) > renders the honest disabled-flag empty state when okrRegistry flag is OFF (default) 1021ms
   → Unable to find an element by: [data-testid="results-vnext-okr-tool-disabled"]

Ignored nodes: comments, script, style
[36m<body>[39m
  [36m<div>[39m
    [36m<div[39m
      [33mclass[39m=[32m"h-full"[39m
      [33mdata-testid[39m=[32m"results-vnext-okr-tool-page"[39m
    [36m>[39m
      [36m<div[39m
        [33mclass[39m=[32m"h-full"[39m
        [33mdata-testid[39m=[32m"results-vnext-okr-set-workspace"[39m
      [36m>[39m
        [36m<div[39m
          [33mclass[39m=[32m"flex flex-col h-full bg-c-bg text-c-text"[39m
        [36m>[39m
          [36m<div[39m
            [33mclass[39m=[32m"flex items-center justify-between gap-3 px-4 py-3 bg-white dark:bg-navy-900 border-b border-slate-200/60 dark:border-white/[0.05]"[39m
          [36m>[39m
            [36m<nav[39m
              [33maria-label[39m=[32m"Breadcrumb"[39m
              [33mclass[39m=[32m"flex min-w-0 items-center gap-1.5"[39m
            [36m>[39m
              [36m<button[39m
                [33mclass[39m=[32m"text-sm font-medium text-c-text-muted hover:text-c-text transition-colors truncate"[39m
                [33mtype[39m=[32m"button"[39m
              [36m>[39m
                [0mZestawy OKR[0m
              [36m</button>[39m
              [36m<svg[39m
                [33maria-hidden[39m=[32m"true"[39m
                [33mclass[39m=[32m"lucide lucide-chevron-right shrink-0 text-c-text-muted"[39m
                [33mfill[39m=[32m"none"[39m
                [33mheight[39m=[32m"14"[39m
                [33mstroke[39m=[32m"currentColor"[39m
                [33mstroke-linecap[39m=[32m"round"[39m
                [33mstroke-linejoin[39m=[32m"round"[39m
                [33mstroke-width[39m=[32m"2"[39m
                [33mviewBox[39m=[32m"0 0 24 24"[39m
                [33mwidth[39m=[32m"14"[39m
                [33mxmlns[39m=[32m"http://www.w3.org/2000/svg"[39m
              [36m>[39m
                [36m<path[39m
                  [33md[39m=[32m"m9 18 6-6-6-6"[39m
                [36m/>[39m
              [36m</svg>[39m
              [36m<span[39m
                [33mclass[39m=[32m"text-sm font-semibold text-c-text truncate"[39m
              [36m>[39m
                [0mOKR Zespołu Operacji Q3[0m
              [36m</span>[39m
            [36m</nav>[39m
          [36m</div>[39m
          [36m<div[39m
            [33mclass[39m=[32m"bg-white dark:bg-navy-900 border-b border-slate-200/60 dark:border-white/5"[39m
          [36m>[39m
            [36m<div[39m
              [33mclass[39m=[32m"flex items-center px-4 py-3 gap-3 justify-between"[39m
            [36m>[39m
              [36m<div[39m
                [33mclass[39m=[32m"flex min-w-0 items-center gap-3"[39m
              [36m>[39m
                [36m<button[39m
                  [33maria-disabled[39m=[32m"false"[39m
                  [33maria-expanded[39m=[32m"false"[39m
                  [33maria-label[39m=[32m"Search"[39m
                  [33mclass[39m=[32m"h-9 w-9 inline-flex items-center justify-center rounded-full transition-colors duration-150 border text-slate-500 dark:text-slate-400 border-slate-200/70 dark:border-white/[0.06] hover:bg-slate-100/70 dark:hover:bg-white/[0.05]"[39m
                  [33mtitle[39m=[32m"Search"[39m
                  [33mtype[39m=[32m"button"[39m
                [36m>[39m
                  [36m<svg[39m
                    [33maria-hidden[39m=[32m"true"[39m
                    [33mclass[39m=[32m"lucide lucide-search"[39m
                    [33mfill[39m=[32m"none"[39m
                    [33mheight[39m=[32m"18"[39m
                    [33mstroke[39m=[32m"currentColor"[39m
                    [33mstroke-linecap[39m=[32m"round"[39m
                    [33mstroke-linejoin[39m=[32m"round"[39m
                    [33mstroke-width[39m=[32m"2"[39m
                    [33mviewBox[39m=[32m"0 0 24 24"[39m
                    [33mwidth[39m=[32m"18"[39m
                    [33mxmlns[39m=[32m"http://www.w3.org/2000/svg"[39m
                  [36m>[39m
                    [36m<path[39m
                      [33md[39m=[32m"m21 21-4.34-4.34"[39m
                    [36m/>[39m
                    [36m<circle[39m
                      [33mcx[39m=[32m"11"[39m
                      [33mcy[39m=[32m"11"[39m
                      [33mr[39m=[32m"8"[39m
                    [36m/>[39m
                  [36m</svg>[39m
                [36m</button>[39m
                [36m<div[39m
                  [33maria-label[39m=[32m"Module sections"[39m
                  [33mclass[39m=[32m"app-table-scrollbar flex min-w-0 items-center gap-1.5 overflow-x-auto whitespace-nowrap"[39m
                  [33mrole[39m=[32m"tablist"[39m
                [36m>[39m
                  [36m<button[39m
                    [33maria-selected[39m=[32m"true"[39m
                    [33mclass[39m=[32m"inline-flex h-9 items-center gap-2 rounded-full border px-3 text-sm font-medium transition-colors duration-150 whitespace-nowrap active:scale-[0.98] focus-visible:outline-none focus-visible:ring-2 focus-visible:ring-c-focus focus-visible:ring-offset-1 ring-offset-white dark:ring-offset-navy-900 border-slate-300 bg-state-selected text-slate-900 dark:border-white/25 dark:text-slate-100"[39m
                    [33mrole[39m=[32m"tab"[39m
                    [33mtype[39m=[32m"button"[39m
                  [36m>[39m
                    [36m<span>[39m
                      [0mPrzegląd[0m
                    [36m</span>[39m
                  [36m</button>[39m
                  [36m<button[39m
                    [33maria-selected[39m=[32m"false"[39m
                    [33mclass[39m=[32m"inline-flex h-9 items-center gap-2 rounded-full border px-3 text-sm font-medium transition-colors duration-150 whitespace-nowrap active:scale-[0.98] focus-visible:outline-none focus-visible:ring-2 focus-visible:ring-c-focus focus-visible:ring-offset-1 ring-offset-white dark:ring-offset-navy-900 border-slate-200/70 bg-white/70 text-slate-700 hover:bg-state-hover dark:border-white/[0.06] dark:bg-white/[0.04] dark:text-slate-300"[39m
                    [33mrole[39m=[32m"tab"[39m
                    [33mtype[39m=[32m"button"[39m
                  [36m>[39m
                    [36m<span>[39m
                      [0mCele i Kluczowe Rezultaty[0m
                    [36m</span>[39m
                  [36m</button>[39m
                  [36m<button[39m
                    [33maria-selected[39m=[32m"false"[39m
                    [33mclass[39m=[32m"inline-flex h-9 items-center gap-2 rounded-full border px-3 text-sm font-medium transition-colors duration-150 whitespace-nowrap active:scale-[0.98] focus-visible:outline-none focus-visible:ring-2 focus-visible:ring-c-focus focus-visible:ring-offset-1 ring-offset-white dark:ring-offset-navy-900 border-slate-200/70 bg-white/70 text-slate-700 h...

Ignored nodes: comments, script, style
[36m<body>[39m
  [36m<div>[39m
    [36m<div[39m
      [33mclass[39m=[32m"h-full"[39m
      [33mdata-testid[39m=[32m"results-vnext-okr-tool-page"[39m
    [36m>[39m
      [36m<div[39m
        [33mclass[39m=[32m"h-full"[39m
        [33mdata-testid[39m=[32m"results-vnext-okr-set-workspace"[39m
      [36m>[39m
        [36m<div[39m
          [33mclass[39m=[32m"flex flex-col h-full bg-c-bg text-c-text"[39m
        [36m>[39m
          [36m<div[39m
            [33mclass[39m=[32m"flex items-center justify-between gap-3 px-4 py-3 bg-white dark:bg-navy-900 border-b border-slate-200/60 dark:border-white/[0.05]"[39m
          [36m>[39m
            [36m<nav[39m
              [33maria-label[39m=[32m"Breadcrumb"[39m
              [33mclass[39m=[32m"flex min-w-0 items-center gap-1.5"[39m
            [36m>[39m
              [36m<button[39m
                [33mclass[39m=[32m"text-sm font-medium text-c-text-muted hover:text-c-text transition-colors truncate"[39m
                [33mtype[39m=[32m"button"[39m
              [36m>[39m
                [0mZestawy OKR[0m
              [36m</button>[39m
              [36m<svg[39m
                [33maria-hidden[39m=[32m"true"[39m
                [33mclass[39m=[32m"lucide lucide-chevron-right shrink-0 text-c-text-muted"[39m
                [33mfill[39m=[32m"none"[39m
                [33mheight[39m=[32m"14"[39m
                [33mstroke[39m=[32m"currentColor"[39m
                [33mstroke-linecap[39m=[32m"round"[39m
                [33mstroke-linejoin[39m=[32m"round"[39m
                [33mstroke-width[39m=[32m"2"[39m
                [33mviewBox[39m=[32m"0 0 24 24"[39m
                [33mwidth[39m=[32m"14"[39m
                [33mxmlns[39m=[32m"http://www.w3.org/2000/svg"[39m
              [36m>[39m
                [36m<path[39m
                  [33md[39m=[32m"m9 18 6-6-6-6"[39m
                [36m/>[39m
              [36m</svg>[39m
              [36m<span[39m
                [33mclass[39m=[32m"text-sm font-semibold text-c-text truncate"[39m
              [36m>[39m
                [0mOKR Zespołu Operacji Q3[0m
              [36m</span>[39m
            [36m</nav>[39m
          [36m</div>[39m
          [36m<div[39m
            [33mclass[39m=[32m"bg-white dark:bg-navy-900 border-b border-slate-200/60 dark:border-white/5"[39m
          [36m>[39m
            [36m<div[39m
              [33mclass[39m=[32m"flex items-center px-4 py-3 gap-3 justify-between"[39m
            [36m>[39m
              [36m<div[39m
                [33mclass[39m=[32m"flex min-w-0 items-center gap-3"[39m
              [36m>[39m
                [36m<button[39m
                  [33maria-disabled[39m=[32m"false"[39m
                  [33maria-expanded[39m=[32m"false"[39m
                  [33maria-label[39m=[32m"Search"[39m
                  [33mclass[39m=[32m"h-9 w-9 inline-flex items-center justify-center rounded-full transition-colors duration-150 border text-slate-500 dark:text-slate-400 border-slate-200/70 dark:border-white/[0.06] hover:bg-slate-100/70 dark:hover:bg-white/[0.05]"[39m
                  [33mtitle[39m=[32m"Search"[39m
                  [33mtype[39m=[32m"button"[39m
                [36m>[39m
                  [36m<svg[39m
                    [33maria-hidden[39m=[32m"true"[39m
                    [33mclass[39m=[32m"lucide lucide-search"[39m
                    [33mfill[39m=[32m"none"[39m
                    [33mheight[39m=[32m"18"[39m
                    [33mstroke[39m=[32m"currentColor"[39m
                    [33mstroke-linecap[39m=[32m"round"[39m
                    [33mstroke-linejoin[39m=[32m"round"[39m
                    [33mstroke-width[39m=[32m"2"[39m
                    [33mviewBox[39m=[32m"0 0 24 24"[39m
                    [33mwidth[39m=[32m"18"[39m
                    [33mxmlns[39m=[32m"http://www.w3.org/2000/svg"[39m
                  [36m>[39m
                    [36m<path[39m
                      [33md[39m=[32m"m21 21-4.34-4.34"[39m
                    [36m/>[39m
                    [36m<circle[39m
                      [33mcx[39m=[32m"11"[39m
                      [33mcy[39m=[32m"11"[39m
                      [33mr[39m=[32m"8"[39m
                    [36m/>[39m
                  [36m</svg>[39m
                [36m</button>[39m
                [36m<div[39m
                  [33maria-label[39m=[32m"Module sections"[39m
                  [33mclass[39m=[32m"app-table-scrollbar flex min-w-0 items-center gap-1.5 overflow-x-auto whitespace-nowrap"[39m
                  [33mrole[39m=[32m"tablist"[39m
                [36m>[39m
                  [36m<button[39m
                    [33maria-selected[39m=[32m"true"[39m
                    [33mclass[39m=[32m"inline-flex h-9 items-center gap-2 rounded-full border px-3 text-sm font-medium transition-colors duration-150 whitespace-nowrap active:scale-[0.98] focus-visible:outline-none focus-visible:ring-2 focus-visible:ring-c-focus focus-visible:ring-offset-1 ring-offset-white dark:ring-offset-navy-900 border-slate-300 bg-state-selected text-slate-900 dark:border-white/25 dark:text-slate-100"[39m
                    [33mrole[39m=[32m"tab"[39m
                    [33mtype[39m=[32m"button"[39m
                  [36m>[39m
                    [36m<span>[39m
                      [0mPrzegląd[0m
                    [36m</span>[39m
                  [36m</button>[39m
                  [36m<button[39m
                    [33maria-selected[39m=[32m"false"[39m
                    [33mclass[39m=[32m"inline-flex h-9 items-center gap-2 rounded-full border px-3 text-sm font-medium transition-colors duration-150 whitespace-nowrap active:scale-[0.98] focus-visible:outline-none focus-visible:ring-2 focus-visible:ring-c-focus focus-visible:ring-offset-1 ring-offset-white dark:ring-offset-navy-900 border-slate-200/70 bg-white/70 text-slate-700 hover:bg-state-hover dark:border-white/[0.06] dark:bg-white/[0.04] dark:text-slate-300"[39m
                    [33mrole[39m=[32m"tab"[39m
                    [33mtype[39m=[32m"button"[39m
                  [36m>[39m
                    [36m<span>[39m
                      [0mCele i Kluczowe Rezultaty[0m
                    [36m</span>[39m
                  [36m</button>[39m
                  [36m<button[39m
                    [33maria-selected[39m=[32m"false"[39m
                    [33mclass[39m=[32m"inline-flex h-9 items-center gap-2 rounded-full border px-3 text-sm font-medium transition-colors duration-150 whitespace-nowrap active:scale-[0.98] focus-visible:outline-none focus-visible:ring-2 focus-visible:ring-c-focus focus-visible:ring-offset-1 ring-offset-white dark:ring-offset-navy-900 border-slate-200/70 bg-white/70 text-slate-700 h...
 ✓ tests/components/ResultsVNext/okr/OkrSetToolPage.test.tsx > OkrSetToolPage — /results/okr/sets/:okrSetId (klasa L full workspace, deep link) > cold direct-URL load: fetches the set by id (no prior registry visit) and renders the workspace 26ms
 ✓ tests/components/ResultsVNext/okr/OkrSetToolPage.test.tsx > OkrSetToolPage — /results/okr/sets/:okrSetId (klasa L full workspace, deep link) > breadcrumb "back to registry" requests navigation to ROUTES.RESULTS_OKR.ROOT 76ms
 ✓ tests/components/ResultsVNext/okr/OkrSetToolPage.test.tsx > OkrSetToolPage — /results/okr/sets/:okrSetId (klasa L full workspace, deep link) > shows an honest error state with Retry when the set fetch fails (non-404), and Retry re-fetches 32ms
 ✓ tests/components/ResultsVNext/okr/OkrSetToolPage.test.tsx > OkrSetToolPage — /results/okr/sets/:okrSetId (klasa L full workspace, deep link) > deep link to a nonexistent (or cross-org — same 404, D06/D07) set id renders the forbidden state, never a blank screen 5ms
 ❯ tests/components/ResultsVNext/okr/OkrSetToolPage.test.tsx (5 tests | 1 failed) 1162ms
     × renders the honest disabled-flag empty state when okrRegistry flag is OFF (default) 1021ms
     ✓ cold direct-URL load: fetches the set by id (no prior registry visit) and renders the workspace 26ms
     ✓ breadcrumb "back to registry" requests navigation to ROUTES.RESULTS_OKR.ROOT 76ms
     ✓ shows an honest error state with Retry when the set fetch fails (non-404), and Retry re-fetches 32ms
     ✓ deep link to a nonexistent (or cross-org — same 404, D06/D07) set id renders the forbidden state, never a blank screen 5ms
 ✓ src/components/ResultsVNext/__tests__/resultsVNextLegacyArchiveWiring.test.tsx > Archiwum (resultsLegacyArchive) — wołacz wiring > flaga OFF (domyślnie) — zero zmiany zachowania > brak zakładki "legacy" w getResultsDomainTabs() 2ms
 ✓ src/components/ResultsVNext/__tests__/resultsVNextLegacyArchiveWiring.test.tsx > Archiwum (resultsLegacyArchive) — wołacz wiring > flaga OFF (domyślnie) — zero zmiany zachowania > ROI: panel NIE jest montowany, nawet z ?resultsView=legacy już w URL 56ms
 ✓ src/components/ResultsVNext/__tests__/resultsVNextLegacyArchiveWiring.test.tsx > Archiwum (resultsLegacyArchive) — wołacz wiring > flaga OFF (domyślnie) — zero zmiany zachowania > OKR: panel NIE jest montowany, nawet z ?resultsView=legacy już w URL 21ms
 ✓ src/components/ResultsVNext/__tests__/resultsVNextLegacyArchiveWiring.test.tsx > Archiwum (resultsLegacyArchive) — wołacz wiring > flaga OFF (domyślnie) — zero zmiany zachowania > KPI: panel NIE jest montowany, nawet z ?resultsView=legacy już w URL 22ms
 ✓ src/components/ResultsVNext/__tests__/resultsVNextLegacyArchiveWiring.test.tsx > Archiwum (resultsLegacyArchive) — wołacz wiring > flaga ON (localStorage ff.results_vnext_legacy_archive=1) + ?resultsView=legacy > zakładka "legacy" pojawia się w getResultsDomainTabs() 0ms
 ✓ src/components/ResultsVNext/__tests__/resultsVNextLegacyArchiveWiring.test.tsx > Archiwum (resultsLegacyArchive) — wołacz wiring > flaga ON (localStorage ff.results_vnext_legacy_archive=1) + ?resultsView=legacy > ROI: montuje ResultsVNextLegacyArchivePanel z domain="roi" 5ms
 ✓ src/components/ResultsVNext/__tests__/resultsVNextLegacyArchiveWiring.test.tsx > Archiwum (resultsLegacyArchive) — wołacz wiring > flaga ON (localStorage ff.results_vnext_legacy_archive=1) + ?resultsView=legacy > OKR: montuje ResultsVNextLegacyArchivePanel z domain="okr" 1ms
 × src/components/ResultsVNext/__tests__/resultsVNextLegacyArchiveWiring.test.tsx > Archiwum (resultsLegacyArchive) — wołacz wiring > flaga ON (localStorage ff.results_vnext_legacy_archive=1) + ?resultsView=legacy > KPI: montuje ResultsVNextLegacyArchivePanel z domain="kpi" 2ms
   → expected "vi.fn()" to be called 1 times, but got 2 times
 ✓ src/components/ResultsVNext/__tests__/resultsVNextLegacyArchiveWiring.test.tsx > Archiwum (resultsLegacyArchive) — wołacz wiring > flaga ON (localStorage ff.results_vnext_legacy_archive=1) + ?resultsView=legacy > ROI: BEZ ?resultsView=legacy w URL panel NIE jest montowany mimo włączonej flagi 21ms
 ✓ src/components/ResultsVNext/__tests__/resultsVNextLegacyArchiveWiring.test.tsx > Archiwum — profil demo NIE włącza zakładki przed akceptem > VITE_DEMO_ACCEPTANCE=1 włącza inne flagi Wyników, ale NIE resultsLegacyArchive 0ms
 ❯ src/components/ResultsVNext/__tests__/resultsVNextLegacyArchiveWiring.test.tsx (10 tests | 1 failed) 131ms
       ✓ brak zakładki "legacy" w getResultsDomainTabs() 2ms
       ✓ ROI: panel NIE jest montowany, nawet z ?resultsView=legacy już w URL 56ms
       ✓ OKR: panel NIE jest montowany, nawet z ?resultsView=legacy już w URL 21ms
       ✓ KPI: panel NIE jest montowany, nawet z ?resultsView=legacy już w URL 22ms
       ✓ zakładka "legacy" pojawia się w getResultsDomainTabs() 0ms
       ✓ ROI: montuje ResultsVNextLegacyArchivePanel z domain="roi" 5ms
       ✓ OKR: montuje ResultsVNextLegacyArchivePanel z domain="okr" 1ms
       × KPI: montuje ResultsVNextLegacyArchivePanel z domain="kpi" 2ms
       ✓ ROI: BEZ ?resultsView=legacy w URL panel NIE jest montowany mimo włączonej flagi 21ms
     ✓ VITE_DEMO_ACCEPTANCE=1 włącza inne flagi Wyników, ale NIE resultsLegacyArchive 0ms
 ✓ tests/resultsVnext/flagGateEnumeration.test.ts > Results VNext flag-gate enumeration > src/components/ResultsVNext/ResultsVNextRegistryRouteBase.tsx retains the declared gate 30ms
 ✓ tests/resultsVnext/flagGateEnumeration.test.ts > Results VNext flag-gate enumeration > src/components/ResultsVNext/ResultsKpiRegistryPage.tsx retains the declared gate 0ms
 ✓ tests/resultsVnext/flagGateEnumeration.test.ts > Results VNext flag-gate enumeration > src/components/ResultsVNext/ResultsOkrRegistryPage.tsx retains the declared gate 0ms
 ✓ tests/resultsVnext/flagGateEnumeration.test.ts > Results VNext flag-gate enumeration > src/components/ResultsVNext/ResultsRoiRegistryPage.tsx retains the declared gate 0ms
 ✓ tests/resultsVnext/flagGateEnumeration.test.ts > Results VNext flag-gate enumeration > src/components/ResultsVNext/kpiTool/KpiToolPage.tsx retains the declared gate 0ms
 ✓ tests/resultsVnext/flagGateEnumeration.test.ts > Results VNext flag-gate enumeration > src/components/ResultsVNext/kpiTool/KpiDeviationCaseSubview.tsx retains the declared gate 1ms
 ✓ tests/resultsVnext/flagGateEnumeration.test.ts > Results VNext flag-gate enumeration > src/components/ResultsVNext/kpiScorecards/ResultsKpiScorecardDetailPage.tsx retains the declared gate 0ms
 ✓ tests/resultsVnext/flagGateEnumeration.test.ts > Results VNext flag-gate enumeration > src/components/ResultsVNext/roi/RoiCaseToolPage.tsx retains the declared gate 0ms
 ✓ tests/resultsVnext/flagGateEnumeration.test.ts > Results VNext flag-gate enumeration > src/components/ResultsVNext/roi/ResultsRoiPirOutcomesPage.tsx retains the declared gate 0ms
 ✓ tests/resultsVnext/flagGateEnumeration.test.ts > Results VNext flag-gate enumeration > src/components/ResultsVNext/okr/OkrSetToolPage.tsx retains the declared gate 0ms
 ✓ tests/resultsVnext/flagGateEnumeration.test.ts > Results VNext flag-gate enumeration > src/components/ResultsVNext/okr/OkrProgramsPage.tsx retains the declared gate 0ms
 ✓ tests/resultsVnext/flagGateEnumeration.test.ts > Results VNext flag-gate enumeration > src/components/ResultsVNext/okr/OkrCyclesPage.tsx retains the declared gate 0ms
 × tests/resultsVnext/flagGateEnumeration.test.ts > Results VNext flag-gate enumeration > src/components/ResultsVNext/attention/ResultsAttentionPage.tsx retains the declared gate 2ms
   → ENOENT: no such file or directory, open '/Users/piotrwisniewski/Developer/codex-wt/kpi-1-u41-20260916/src/components/ResultsVNext/attention/ResultsAttentionPage.tsx'
 × tests/resultsVnext/flagGateEnumeration.test.ts > Results VNext flag-gate enumeration > src/components/ResultsVNext/attention/ResultsAttentionPage.tsx retains the declared gate 0ms
   → ENOENT: no such file or directory, open '/Users/piotrwisniewski/Developer/codex-wt/kpi-1-u41-20260916/src/components/ResultsVNext/attention/ResultsAttentionPage.tsx'
 × tests/resultsVnext/flagGateEnumeration.test.ts > Results VNext flag-gate enumeration > keeps the historical scorecards bypass mechanism isolated, unrouted, and prop-free 2ms
   → ENOENT: no such file or directory, open '/Users/piotrwisniewski/Developer/codex-wt/kpi-1-u41-20260916/src/components/ResultsVNext/attention/ResultsAttentionPage.tsx'
 ❯ tests/resultsVnext/flagGateEnumeration.test.ts (15 tests | 3 failed) 39ms
     ✓ src/components/ResultsVNext/ResultsVNextRegistryRouteBase.tsx retains the declared gate 30ms
     ✓ src/components/ResultsVNext/ResultsKpiRegistryPage.tsx retains the declared gate 0ms
     ✓ src/components/ResultsVNext/ResultsOkrRegistryPage.tsx retains the declared gate 0ms
     ✓ src/components/ResultsVNext/ResultsRoiRegistryPage.tsx retains the declared gate 0ms
     ✓ src/components/ResultsVNext/kpiTool/KpiToolPage.tsx retains the declared gate 0ms
     ✓ src/components/ResultsVNext/kpiTool/KpiDeviationCaseSubview.tsx retains the declared gate 1ms
     ✓ src/components/ResultsVNext/kpiScorecards/ResultsKpiScorecardDetailPage.tsx retains the declared gate 0ms
     ✓ src/components/ResultsVNext/roi/RoiCaseToolPage.tsx retains the declared gate 0ms
     ✓ src/components/ResultsVNext/roi/ResultsRoiPirOutcomesPage.tsx retains the declared gate 0ms
     ✓ src/components/ResultsVNext/okr/OkrSetToolPage.tsx retains the declared gate 0ms
     ✓ src/components/ResultsVNext/okr/OkrProgramsPage.tsx retains the declared gate 0ms
     ✓ src/components/ResultsVNext/okr/OkrCyclesPage.tsx retains the declared gate 0ms
     × src/components/ResultsVNext/attention/ResultsAttentionPage.tsx retains the declared gate 2ms
     × src/components/ResultsVNext/attention/ResultsAttentionPage.tsx retains the declared gate 0ms
     × keeps the historical scorecards bypass mechanism isolated, unrouted, and prop-free 2ms
 ✓ tests/resultsVnext/resultsVNextFeatureFlags.navigationPersist.test.ts > resultsVNextFeatureFlags — flag survives in-app navigation that drops the query string (RN-G6 task 1) > defaults to true (D-D default-on, non-production host) with no query, no localStorage, no env 30ms
 ✓ tests/resultsVnext/resultsVNextFeatureFlags.navigationPersist.test.ts > resultsVNextFeatureFlags — flag survives in-app navigation that drops the query string (RN-G6 task 1) > reads true from an explicit query param (existing behaviour, unchanged) 0ms
 ✓ tests/resultsVnext/resultsVNextFeatureFlags.navigationPersist.test.ts > resultsVNextFeatureFlags — flag survives in-app navigation that drops the query string (RN-G6 task 1) > THE FIX: an explicit query read persists to localStorage, so a later read with the query gone (simulating navigate() dropping it) still resolves true 0ms
 ✓ tests/resultsVnext/resultsVNextFeatureFlags.navigationPersist.test.ts > resultsVNextFeatureFlags — flag survives in-app navigation that drops the query string (RN-G6 task 1) > an explicit query value persists even across an entirely fresh isResultsVNextFlagEnabled call sequence (not just the one component instance) 0ms
 ✓ tests/resultsVnext/resultsVNextFeatureFlags.navigationPersist.test.ts > resultsVNextFeatureFlags — flag survives in-app navigation that drops the query string (RN-G6 task 1) > an explicit query FALSE also persists (URL always wins, and sticks after navigate) — not only the enable direction 0ms
 ✓ tests/resultsVnext/resultsVNextFeatureFlags.navigationPersist.test.ts > resultsVNextFeatureFlags — flag survives in-app navigation that drops the query string (RN-G6 task 1) > does NOT touch a DIFFERENT domain flag's localStorage key (per-domain isolation, master plan convention) 0ms
 × tests/resultsVnext/resultsVNextFeatureFlags.navigationPersist.test.ts > resultsVNextFeatureFlags — flag survives in-app navigation that drops the query string (RN-G6 task 1) > never changes a DIFFERENT domain's default (roiRegistry still resolves false) — this fix is about persistence of an explicit choice, not a new default-on 3ms
   → expected true to be false // Object.is equality
 ❯ tests/resultsVnext/resultsVNextFeatureFlags.navigationPersist.test.ts (7 tests | 1 failed) 36ms
     ✓ defaults to true (D-D default-on, non-production host) with no query, no localStorage, no env 30ms
     ✓ reads true from an explicit query param (existing behaviour, unchanged) 0ms
     ✓ THE FIX: an explicit query read persists to localStorage, so a later read with the query gone (simulating navigate() dropping it) still resolves true 0ms
     ✓ an explicit query value persists even across an entirely fresh isResultsVNextFlagEnabled call sequence (not just the one component instance) 0ms
     ✓ an explicit query FALSE also persists (URL always wins, and sticks after navigate) — not only the enable direction 0ms
     ✓ does NOT touch a DIFFERENT domain flag's localStorage key (per-domain isolation, master plan convention) 0ms
     × never changes a DIFFERENT domain's default (roiRegistry still resolves false) — this fix is about persistence of an explicit choice, not a new default-on 3ms
 × tests/components/ResultsVNext/ResultsVNextLegacyArchivePanel.test.tsx > ResultsVNextLegacyArchivePanel · błąd wczytywania (RN-G5 Zadanie 2) > NIE pokazuje surowego `body.error` z backendu — pokazuje przetłumaczalny, ogólny komunikat z retry 14ms
   → useLocation() may be used only in the context of a <Router> component.
 × tests/components/ResultsVNext/ResultsVNextLegacyArchivePanel.test.tsx > ResultsVNextLegacyArchivePanel · błąd wczytywania (RN-G5 Zadanie 2) > retry (Spróbuj ponownie) faktycznie ponawia wywołanie 1ms
   → useLocation() may be used only in the context of a <Router> component.
 × tests/components/ResultsVNext/ResultsVNextLegacyArchivePanel.test.tsx > ResultsVNextLegacyArchivePanel · błąd wczytywania (RN-G5 Zadanie 2) > a 403 (ABAC-style denial) dostaje ten sam OGÓLNY komunikat D06 — nie ujawnia szczegółu backendu 1ms
   → useLocation() may be used only in the context of a <Router> component.
 × tests/components/ResultsVNext/ResultsVNextLegacyArchivePanel.test.tsx > ResultsVNextLegacyArchivePanel · kebab „Usuń" na wierszu tylko-do-odczytu (RN-G5 Zadanie 1) > pozycja „Usuń" jest widoczna, DISABLED, i ma podany powód (D06) — nigdy ukryta ani aktywna 1ms
   → useLocation() may be used only in the context of a <Router> component.
 × tests/components/ResultsVNext/ResultsVNextLegacyArchivePanel.test.tsx > ResultsVNextLegacyArchivePanel · kebab „Usuń" na wierszu tylko-do-odczytu (RN-G5 Zadanie 1) > kliknięcie DISABLED „Usuń" nic nie robi (żadnego wywołania usuwania) 1ms
   → useLocation() may be used only in the context of a <Router> component.
 ❯ tests/components/ResultsVNext/ResultsVNextLegacyArchivePanel.test.tsx (5 tests | 5 failed) 20ms
     × NIE pokazuje surowego `body.error` z backendu — pokazuje przetłumaczalny, ogólny komunikat z retry 14ms
     × retry (Spróbuj ponownie) faktycznie ponawia wywołanie 1ms
     × a 403 (ABAC-style denial) dostaje ten sam OGÓLNY komunikat D06 — nie ujawnia szczegółu backendu 1ms
     × pozycja „Usuń" jest widoczna, DISABLED, i ma podany powód (D06) — nigdy ukryta ani aktywna 1ms
     × kliknięcie DISABLED „Usuń" nic nie robi (żadnego wywołania usuwania) 1ms
 ✓ tests/components/ResultsVNext/KpiToolPage.test.tsx > KpiToolPage — /results/kpi/:kpiId (klasa L full tool) > renders the honest disabled-flag empty state when kpiRegistry flag is OFF (localStorage override) 33ms
 × tests/components/ResultsVNext/KpiToolPage.test.tsx > KpiToolPage — /results/kpi/:kpiId (klasa L full tool) > golden flow renders with NO explicit flag override — this is now the default path 1005ms
   → Unable to find an element by: [data-testid="results-vnext-kpi-tool-page"]

Ignored nodes: comments, script, style
[36m<body>[39m
  [36m<div />[39m
[36m</body>[39m

Ignored nodes: comments, script, style
[36m<html[39m
  [33mdir[39m=[32m"ltr"[39m
  [33mlang[39m=[32m"en"[39m
[36m>[39m
  [36m<head />[39m
  [36m<body>[39m
    [36m<div />[39m
  [36m</body>[39m
[36m</html>[39m
 × tests/components/ResultsVNext/KpiToolPage.test.tsx > KpiToolPage — /results/kpi/:kpiId (klasa L full tool) > golden flow: loads the KPI, shows real latest measurement, performance+data-quality shown as two independent chips 1003ms
   → Unable to find an element by: [data-testid="results-vnext-kpi-tool-page"]

Ignored nodes: comments, script, style
[36m<body>[39m
  [36m<div />[39m
[36m</body>[39m

Ignored nodes: comments, script, style
[36m<html[39m
  [33mdir[39m=[32m"ltr"[39m
  [33mlang[39m=[32m"en"[39m
[36m>[39m
  [36m<head />[39m
  [36m<body>[39m
    [36m<div />[39m
  [36m</body>[39m
[36m</html>[39m
 × tests/components/ResultsVNext/KpiToolPage.test.tsx > KpiToolPage — /results/kpi/:kpiId (klasa L full tool) > enables activation when the current definition version is approved 1004ms
   → Unable to find role="button" and name "Aktywuj"

Ignored nodes: comments, script, style
[36m<body>[39m
  [36m<div />[39m
[36m</body>[39m

Ignored nodes: comments, script, style
[36m<body>[39m
  [36m<div />[39m
[36m</body>[39m
 × tests/components/ResultsVNext/KpiToolPage.test.tsx > KpiToolPage — /results/kpi/:kpiId (klasa L full tool) > Deviations section lists the real case and clicking it requests navigation to the exact subview route 1005ms
   → Unable to find an element by: [data-testid="results-vnext-kpi-tool-page"]

Ignored nodes: comments, script, style
[36m<body>[39m
  [36m<div />[39m
[36m</body>[39m

Ignored nodes: comments, script, style
[36m<html[39m
  [33mdir[39m=[32m"ltr"[39m
  [33mlang[39m=[32m"en"[39m
[36m>[39m
  [36m<head />[39m
  [36m<body>[39m
    [36m<div />[39m
  [36m</body>[39m
[36m</html>[39m
 × tests/components/ResultsVNext/KpiToolPage.test.tsx > KpiToolPage — /results/kpi/:kpiId (klasa L full tool) > shows an honest error state with Retry when the KPI fetch fails, and Retry re-fetches 1091ms
   → Unable to find an element by: [data-testid="results-vnext-kpi-tool-page"]

Ignored nodes: comments, script, style
[36m<body>[39m
  [36m<div />[39m
[36m</body>[39m

Ignored nodes: comments, script, style
[36m<html[39m
  [33mdir[39m=[32m"ltr"[39m
  [33mlang[39m=[32m"en"[39m
[36m>[39m
  [36m<head />[39m
  [36m<body>[39m
    [36m<div />[39m
  [36m</body>[39m
[36m</html>[39m
 ✓ tests/components/ResultsVNext/KpiToolPage.test.tsx > KpiToolPage — /results/kpi/:kpiId (klasa L full tool) > deep link to a KPI the caller cannot see (404) renders the forbidden state, never a blank screen 5ms
 ❯ tests/components/ResultsVNext/KpiToolPage.test.tsx (7 tests | 5 failed) 5147ms
     ✓ renders the honest disabled-flag empty state when kpiRegistry flag is OFF (localStorage override) 33ms
     × golden flow renders with NO explicit flag override — this is now the default path 1005ms
     × golden flow: loads the KPI, shows real latest measurement, performance+data-quality shown as two independent chips 1003ms
     × enables activation when the current definition version is approved 1004ms
     × Deviations section lists the real case and clicking it requests navigation to the exact subview route 1005ms
     × shows an honest error state with Retry when the KPI fetch fails, and Retry re-fetches 1091ms
     ✓ deep link to a KPI the caller cannot see (404) renders the forbidden state, never a blank screen 5ms
 ✓ tests/components/ResultsVNext/KpiDeviationCaseSubview.test.tsx > KpiDeviationCaseSubview — /results/kpi/:kpiId/deviation-cases/:caseId (D05 subview) > renders the honest disabled-flag empty state when kpiRegistry flag is OFF (localStorage override) 27ms
 ✓ tests/components/ResultsVNext/KpiDeviationCaseSubview.test.tsx > KpiDeviationCaseSubview — /results/kpi/:kpiId/deviation-cases/:caseId (D05 subview) > deep link to a case the caller cannot see (404) renders the forbidden state 14ms
 ✓ tests/components/ResultsVNext/KpiDeviationCaseSubview.test.tsx > KpiDeviationCaseSubview — /results/kpi/:kpiId/deviation-cases/:caseId (D05 subview) > GOLDEN FLOW: open -> acknowledge -> root cause -> plan -> approve -> recovery -> verification -> close, real POST bodies at every step 409ms
 ✓ tests/components/ResultsVNext/KpiDeviationCaseSubview.test.tsx (3 tests) 452ms
     ✓ GOLDEN FLOW: open -> acknowledge -> root cause -> plan -> approve -> recovery -> verification -> close, real POST bodies at every step  409ms
 ✓ src/components/ResultsVNext/roi/card/__tests__/roiCardPage.kartaN.test.tsx > DEC-422 — karta analizy ROI jest pełną kartą N > (c) otwarcie karty NIE zdejmuje paska modułu: zostaje Menu 2 i pigułka otwartej karty w Menu 3 202ms
 ✓ src/components/ResultsVNext/roi/card/__tests__/roiCardPage.kartaN.test.tsx > DEC-422 — karta analizy ROI jest pełną kartą N > Menu 5 istnieje i niesie „Pracuj z AI" 29ms
 ✓ src/components/ResultsVNext/roi/card/__tests__/roiCardPage.kartaN.test.tsx > DEC-422 — karta analizy ROI jest pełną kartą N > (a) BEZ prawa edycji (brak szkicu PIR) pozycje „Uzupełnij…" NIE renderują się, zostaje „Analizuj" 28ms
 ✓ src/components/ResultsVNext/roi/card/__tests__/roiCardPage.kartaN.test.tsx > DEC-422 — karta analizy ROI jest pełną kartą N > (a) Z prawem edycji (szkic PIR) obie pozycje „Uzupełnij…" są dostępne 26ms
 ✓ src/components/ResultsVNext/roi/card/__tests__/roiCardPage.kartaN.test.tsx > DEC-422 — karta analizy ROI jest pełną kartą N > (b) „Uzupełnij cały dokument" NIE zapisuje niczego przed kliknięciem „Zatwierdź" 49ms
 ✓ src/components/ResultsVNext/roi/card/__tests__/roiCardPage.kartaN.test.tsx (5 tests) 336ms
 ✓ src/components/ResultsVNext/__tests__/resultsVNextFeatureFlags.test.ts > isResultsVNextFlagEnabled > kpiRegistry (flip po akcepcie właściciela 27.08) > defaults ON on a non-production host (e.g. localhost/demo/stage/dev) 29ms
 ✓ src/components/ResultsVNext/__tests__/resultsVNextFeatureFlags.test.ts > isResultsVNextFlagEnabled > kpiRegistry (flip po akcepcie właściciela 27.08) > defaults OFF on public production (consultify.ai) 0ms
 ✓ src/components/ResultsVNext/__tests__/resultsVNextFeatureFlags.test.ts > isResultsVNextFlagEnabled > kpiRegistry (flip po akcepcie właściciela 27.08) > defaults OFF on www.consultify.ai too 0ms
 ✓ src/components/ResultsVNext/__tests__/resultsVNextFeatureFlags.test.ts > isResultsVNextFlagEnabled > kpiRegistry (flip po akcepcie właściciela 27.08) > localStorage "0" still disables it despite the ON default 0ms
 ✓ src/components/ResultsVNext/__tests__/resultsVNextFeatureFlags.test.ts > isResultsVNextFlagEnabled > kpiRegistry (flip po akcepcie właściciela 27.08) > URL query "0" still disables it despite the ON default, and persists to localStorage 0ms
 ✓ src/components/ResultsVNext/__tests__/resultsVNextFeatureFlags.test.ts > isResultsVNextFlagEnabled > kpiRegistry (flip po akcepcie właściciela 27.08) > URL query "1" keeps it enabled on production too (explicit opt-in beats the host guard) 0ms
 ✓ src/components/ResultsVNext/__tests__/resultsVNextFeatureFlags.test.ts > isResultsVNextFlagEnabled > kpiRegistry (flip po akcepcie właściciela 27.08) > env override "1" keeps it enabled regardless of host 0ms
 ✓ src/components/ResultsVNext/__tests__/resultsVNextFeatureFlags.test.ts > isResultsVNextFlagEnabled > roiRegistry / okrRegistry — DEC 03.09 wieczór A1 default-on > roiRegistry defaults ON off public production, OFF on it 0ms
 ✓ src/components/ResultsVNext/__tests__/resultsVNextFeatureFlags.test.ts > isResultsVNextFlagEnabled > roiRegistry / okrRegistry — DEC 03.09 wieczór A1 default-on > okrRegistry defaults ON off public production, OFF on it 0ms
 ✓ src/components/ResultsVNext/__tests__/resultsVNextFeatureFlags.test.ts > isResultsVNextFlagEnabled > roiRegistry / okrRegistry — DEC 03.09 wieczór A1 default-on > roiRegistry/okrRegistry still honour explicit query/localStorage "0" overrides despite the ON default 0ms
 ✓ src/components/ResultsVNext/__tests__/resultsVNextFeatureFlags.test.ts > isResultsVNextFlagEnabled > DEC-422 (06.09) — removed flags stay gone > attentionEntry / managementReportEntry no longer exist in the flag table 1ms
 ✓ src/components/ResultsVNext/__tests__/resultsVNextFeatureFlags.test.ts > isResultsVNextFlagEnabled > resultsVNextHostAllowsDefaultOn > is true off public production and false on it — the guard kpiRegistry now uses 0ms
 ✓ src/components/ResultsVNext/__tests__/resultsVNextFeatureFlags.test.ts (12 tests) 33ms
 ✓ src/utils/__tests__/demoAcceptanceFlags.test.ts > DEMO_ACCEPTANCE profile > is opt-in and public-production fail-closed 29ms
 ✓ src/utils/__tests__/demoAcceptanceFlags.test.ts > DEMO_ACCEPTANCE profile > centrally enables hidden Ideas surfaces without query or storage 0ms
 ✓ src/utils/__tests__/demoAcceptanceFlags.test.ts > DEMO_ACCEPTANCE profile > adds a dedicated env switch for Ideas Business Case outside the profile 0ms
 ✓ src/utils/__tests__/demoAcceptanceFlags.test.ts > DEMO_ACCEPTANCE profile > centrally enables all Results VNext domains 0ms
 ✓ src/utils/__tests__/demoAcceptanceFlags.test.ts (4 tests) 32ms
 ✓ src/components/Results/__tests__/resultsOwnerReviewMode.test.ts > Wave 3 Results owner-review profile > explicitly enables all three canonical registries and persists across navigation 30ms
 ✓ src/components/Results/__tests__/resultsOwnerReviewMode.test.ts (1 test) 32ms
 ✓ src/components/ResultsVNext/__tests__/resultsVNextFeatureFlags.envStaticRead.test.ts > resultsVNextFeatureFlags — readEnv() musi czytać import.meta.env w jednym wyrażeniu > readEnv() ma cast na WYNIKU import.meta.env (nie na import.meta przed .env) 29ms
 ✓ src/components/ResultsVNext/__tests__/resultsVNextFeatureFlags.envStaticRead.test.ts > resultsVNextFeatureFlags — readEnv() musi czytać import.meta.env w jednym wyrażeniu > kod wykonywalny NIE deklaruje osobnej zmiennej trzymającej samo import.meta (bez .env w tej samej instrukcji) 0ms
 ✓ src/components/ResultsVNext/__tests__/resultsVNextFeatureFlags.envStaticRead.test.ts (2 tests) 30ms
 ✓ tests/unit/flags/flagiDomyslnieOn.test.ts > DEC 03.09 wieczór — flagi domyślnie ON (bez query/localStorage/env) > A1 — domeny Wyników (resultsVNextFeatureFlags.ts) > kpiRegistry domyślnie ON poza publiczną produkcją 1ms
 ✓ tests/unit/flags/flagiDomyslnieOn.test.ts > DEC 03.09 wieczór — flagi domyślnie ON (bez query/localStorage/env) > A1 — domeny Wyników (resultsVNextFeatureFlags.ts) > roiRegistry domyślnie ON poza publiczną produkcją 0ms
 ✓ tests/unit/flags/flagiDomyslnieOn.test.ts > DEC 03.09 wieczór — flagi domyślnie ON (bez query/localStorage/env) > A1 — domeny Wyników (resultsVNextFeatureFlags.ts) > okrRegistry domyślnie ON poza publiczną produkcją 0ms
 ✓ tests/unit/flags/flagiDomyslnieOn.test.ts > DEC 03.09 wieczór — flagi domyślnie ON (bez query/localStorage/env) > A1 — domeny Wyników (resultsVNextFeatureFlags.ts) > resultsLegacyArchive NIE jest objęty DEC 03.09 A1 — zostaje OFF 0ms
 ✓ tests/unit/flags/flagiDomyslnieOn.test.ts > DEC 03.09 wieczór — flagi domyślnie ON (bez query/localStorage/env) > A2 — 6 paneli Finansów (useFinance*Flag.ts) > financeCommentsV1 domyślnie ON 8ms
 ✓ tests/unit/flags/flagiDomyslnieOn.test.ts > DEC 03.09 wieczór — flagi domyślnie ON (bez query/localStorage/env) > A2 — 6 paneli Finansów (useFinance*Flag.ts) > financeCompareV1 domyślnie ON 1ms
 ✓ tests/unit/flags/flagiDomyslnieOn.test.ts > DEC 03.09 wieczór — flagi domyślnie ON (bez query/localStorage/env) > A2 — 6 paneli Finansów (useFinance*Flag.ts) > financeExportImportV1 domyślnie ON 1ms
 ✓ tests/unit/flags/flagiDomyslnieOn.test.ts > DEC 03.09 wieczór — flagi domyślnie ON (bez query/localStorage/env) > A2 — 6 paneli Finansów (useFinance*Flag.ts) > financeLineageNavigatorV1 domyślnie ON 1ms
 ✓ tests/unit/flags/flagiDomyslnieOn.test.ts > DEC 03.09 wieczór — flagi domyślnie ON (bez query/localStorage/env) > A2 — 6 paneli Finansów (useFinance*Flag.ts) > financeSavedViewsV1 domyślnie ON 1ms
 ✓ tests/unit/flags/flagiDomyslnieOn.test.ts > DEC 03.09 wieczór — flagi domyślnie ON (bez query/localStorage/env) > A2 — 6 paneli Finansów (useFinance*Flag.ts) > financeStatementPackWorkspaceV2 domyślnie ON 1ms
 ✓ tests/unit/flags/flagiDomyslnieOn.test.ts > DEC 03.09 wieczór — flagi domyślnie ON (bez query/localStorage/env) > A3 — Organizacja przeprojektowana (orgRedesignFlag.ts) > isOrgRedesignV1Enabled() domyślnie ON 0ms
 ✓ tests/unit/flags/flagiDomyslnieOn.test.ts > DEC 03.09 wieczór — flagi domyślnie ON (bez query/localStorage/env) > A4 — kreator wywiadu (interviewCreatorShellFlag.ts) > isInterviewCreatorShellEnabled() domyślnie ON 0ms
 ✓ tests/unit/flags/flagiDomyslnieOn.test.ts > DEC 03.09 wieczór — flagi domyślnie ON (bez query/localStorage/env) > R-11 — Notatnik Praca/Kontekst (notebookSpecAShellFlag.ts) > ENABLE_NOTEBOOK_SPEC_A_SHELL jest literałem true 0ms
 ✓ tests/unit/flags/flagiDomyslnieOn.test.ts > DEC 03.09 wieczór — flagi domyślnie ON (bez query/localStorage/env) > R-11 — Notatnik Praca/Kontekst (notebookSpecAShellFlag.ts) > isNotebookSpecAShellEnabled() domyślnie ON 0ms
 ✓ tests/unit/flags/flagiDomyslnieOn.test.ts > DEC 03.09 wieczór — flagi domyślnie ON (bez query/localStorage/env) > każda z pięciu rodzin zachowuje awaryjny wyłącznik OFF (CLAUDE.md §8) > A1: query "0" nadal wyłącza kpiRegistry mimo ON default 0ms
 ✓ tests/unit/flags/flagiDomyslnieOn.test.ts > DEC 03.09 wieczór — flagi domyślnie ON (bez query/localStorage/env) > każda z pięciu rodzin zachowuje awaryjny wyłącznik OFF (CLAUDE.md §8) > A2: lokalny override nadal wyłącza financeCommentsV1 mimo ON default 1ms
 ✓ tests/unit/flags/flagiDomyslnieOn.test.ts > DEC 03.09 wieczór — flagi domyślnie ON (bez query/localStorage/env) > każda z pięciu rodzin zachowuje awaryjny wyłącznik OFF (CLAUDE.md §8) > A3: localStorage "off" nadal wyłącza orgRedesignV1 mimo ON default 0ms
 ✓ tests/unit/flags/flagiDomyslnieOn.test.ts > DEC 03.09 wieczór — flagi domyślnie ON (bez query/localStorage/env) > każda z pięciu rodzin zachowuje awaryjny wyłącznik OFF (CLAUDE.md §8) > A4: localStorage "0" nadal wyłącza interviewCreatorShellFlag mimo ON default 0ms
 ✓ tests/unit/flags/flagiDomyslnieOn.test.ts > DEC 03.09 wieczór — flagi domyślnie ON (bez query/localStorage/env) > każda z pięciu rodzin zachowuje awaryjny wyłącznik OFF (CLAUDE.md §8) > R-11: localStorage "false" nadal wyłącza notebookSpecAShellFlag mimo ON default 0ms
 ✓ tests/unit/flags/flagiDomyslnieOn.test.ts (19 tests) 17ms

⎯⎯⎯⎯⎯⎯ Failed Tests 27 ⎯⎯⎯⎯⎯⎯⎯

 FAIL  tests/resultsVnext/flagGateEnumeration.test.ts > Results VNext flag-gate enumeration > src/components/ResultsVNext/attention/ResultsAttentionPage.tsx retains the declared gate
 FAIL  tests/resultsVnext/flagGateEnumeration.test.ts > Results VNext flag-gate enumeration > src/components/ResultsVNext/attention/ResultsAttentionPage.tsx retains the declared gate
Error: ENOENT: no such file or directory, open '/Users/piotrwisniewski/Developer/codex-wt/kpi-1-u41-20260916/src/components/ResultsVNext/attention/ResultsAttentionPage.tsx'
 ❯ tests/resultsVnext/flagGateEnumeration.test.ts:65:12
     63| describe('Results VNext flag-gate enumeration', () => {
     64|   it.each(gates)('%s retains the declared gate', (file, token) => {
     65|     expect(readFileSync(path.join(repoRoot, file), 'utf8')).toContain(…
       |            ^
     66|   });
     67|

⎯⎯⎯⎯⎯⎯⎯⎯⎯⎯⎯⎯⎯⎯⎯⎯⎯⎯⎯⎯⎯⎯⎯[1/27]⎯

 FAIL  tests/resultsVnext/flagGateEnumeration.test.ts > Results VNext flag-gate enumeration > keeps the historical scorecards bypass mechanism isolated, unrouted, and prop-free
Error: ENOENT: no such file or directory, open '/Users/piotrwisniewski/Developer/codex-wt/kpi-1-u41-20260916/src/components/ResultsVNext/attention/ResultsAttentionPage.tsx'
 ❯ tests/resultsVnext/flagGateEnumeration.test.ts:87:24
     85|     );
     86|     const allSources = gates
     87|       .map(([file]) => readFileSync(path.join(repoRoot, file), 'utf8'))
       |                        ^
     88|       .join('\n');
     89|
 ❯ tests/resultsVnext/flagGateEnumeration.test.ts:87:8

⎯⎯⎯⎯⎯⎯⎯⎯⎯⎯⎯⎯⎯⎯⎯⎯⎯⎯⎯⎯⎯⎯⎯[2/27]⎯

 FAIL  tests/resultsVnext/resultsVNextFeatureFlags.navigationPersist.test.ts > resultsVNextFeatureFlags — flag survives in-app navigation that drops the query string (RN-G6 task 1) > never changes a DIFFERENT domain's default (roiRegistry still resolves false) — this fix is about persistence of an explicit choice, not a new default-on
AssertionError: expected true to be false // Object.is equality

- Expected
+ Received

- false
+ true

 ❯ tests/resultsVnext/resultsVNextFeatureFlags.navigationPersist.test.ts:118:54
    116|     isResultsVNextFlagEnabled('kpiRegistry');
    117|     setLocationSearch('');
    118|     expect(isResultsVNextFlagEnabled('roiRegistry')).toBe(false); // d…
       |                                                      ^
    119|   });
    120| });

⎯⎯⎯⎯⎯⎯⎯⎯⎯⎯⎯⎯⎯⎯⎯⎯⎯⎯⎯⎯⎯⎯⎯[3/27]⎯

 FAIL  tests/resultsVnext/kpi/day199.kpiToolSections.component.test.tsx > day199 KPI tool scorecards and history wiring > renders an honest empty state for scorecards returned by the reverse lookup
TestingLibraryElementError: Unable to find an element by: [data-testid="results-vnext-kpi-tool-page"]

Ignored nodes: comments, script, style
[36m<body>[39m
  [36m<div />[39m
[36m</body>[39m

Ignored nodes: comments, script, style
[36m<html[39m
  [33mdir[39m=[32m"ltr"[39m
  [33mlang[39m=[32m"en"[39m
[36m>[39m
  [36m<head />[39m
  [36m<body>[39m
    [36m<div />[39m
  [36m</body>[39m
[36m</html>[39m
 ❯ Proxy.waitForWrapper node_modules/@testing-library/dom/dist/wait-for.js:163:27
 ❯ openSection tests/resultsVnext/kpi/day199.kpiToolSections.component.test.tsx:75:9
     73|
     74| async function openSection(label: string) {
     75|   await waitFor(() => expect(screen.getByTestId('results-vnext-kpi-too…
       |         ^
     76|   await userEvent.click((await screen.findAllByText(label))[0]);
     77| }
 ❯ tests/resultsVnext/kpi/day199.kpiToolSections.component.test.tsx:88:11

⎯⎯⎯⎯⎯⎯⎯⎯⎯⎯⎯⎯⎯⎯⎯⎯⎯⎯⎯⎯⎯⎯⎯[4/27]⎯

 FAIL  tests/resultsVnext/kpi/day199.kpiToolSections.component.test.tsx > day199 KPI tool scorecards and history wiring > renders scorecard data returned by the reverse lookup
TestingLibraryElementError: Unable to find an element by: [data-testid="results-vnext-kpi-tool-page"]

Ignored nodes: comments, script, style
[36m<body>[39m
  [36m<div />[39m
[36m</body>[39m

Ignored nodes: comments, script, style
[36m<html[39m
  [33mdir[39m=[32m"ltr"[39m
  [33mlang[39m=[32m"en"[39m
[36m>[39m
  [36m<head />[39m
  [36m<body>[39m
    [36m<div />[39m
  [36m</body>[39m
[36m</html>[39m
 ❯ Proxy.waitForWrapper node_modules/@testing-library/dom/dist/wait-for.js:163:27
 ❯ openSection tests/resultsVnext/kpi/day199.kpiToolSections.component.test.tsx:75:9
     73|
     74| async function openSection(label: string) {
     75|   await waitFor(() => expect(screen.getByTestId('results-vnext-kpi-too…
       |         ^
     76|   await userEvent.click((await screen.findAllByText(label))[0]);
     77| }
 ❯ tests/resultsVnext/kpi/day199.kpiToolSections.component.test.tsx:104:11

⎯⎯⎯⎯⎯⎯⎯⎯⎯⎯⎯⎯⎯⎯⎯⎯⎯⎯⎯⎯⎯⎯⎯[5/27]⎯

 FAIL  tests/resultsVnext/kpi/day199.kpiToolSections.component.test.tsx > day199 KPI tool scorecards and history wiring > renders an honest empty state for KPI history
TestingLibraryElementError: Unable to find an element by: [data-testid="results-vnext-kpi-tool-page"]

Ignored nodes: comments, script, style
[36m<body>[39m
  [36m<div />[39m
[36m</body>[39m

Ignored nodes: comments, script, style
[36m<html[39m
  [33mdir[39m=[32m"ltr"[39m
  [33mlang[39m=[32m"en"[39m
[36m>[39m
  [36m<head />[39m
  [36m<body>[39m
    [36m<div />[39m
  [36m</body>[39m
[36m</html>[39m
 ❯ Proxy.waitForWrapper node_modules/@testing-library/dom/dist/wait-for.js:163:27
 ❯ openSection tests/resultsVnext/kpi/day199.kpiToolSections.component.test.tsx:75:9
     73|
     74| async function openSection(label: string) {
     75|   await waitFor(() => expect(screen.getByTestId('results-vnext-kpi-too…
       |         ^
     76|   await userEvent.click((await screen.findAllByText(label))[0]);
     77| }
 ❯ tests/resultsVnext/kpi/day199.kpiToolSections.component.test.tsx:118:11

⎯⎯⎯⎯⎯⎯⎯⎯⎯⎯⎯⎯⎯⎯⎯⎯⎯⎯⎯⎯⎯⎯⎯[6/27]⎯

 FAIL  tests/resultsVnext/kpi/day199.kpiToolSections.component.test.tsx > day199 KPI tool scorecards and history wiring > renders immutable KPI history entries
TestingLibraryElementError: Unable to find an element by: [data-testid="results-vnext-kpi-tool-page"]

Ignored nodes: comments, script, style
[36m<body>[39m
  [36m<div />[39m
[36m</body>[39m

Ignored nodes: comments, script, style
[36m<html[39m
  [33mdir[39m=[32m"ltr"[39m
  [33mlang[39m=[32m"en"[39m
[36m>[39m
  [36m<head />[39m
  [36m<body>[39m
    [36m<div />[39m
  [36m</body>[39m
[36m</html>[39m
 ❯ Proxy.waitForWrapper node_modules/@testing-library/dom/dist/wait-for.js:163:27
 ❯ openSection tests/resultsVnext/kpi/day199.kpiToolSections.component.test.tsx:75:9
     73|
     74| async function openSection(label: string) {
     75|   await waitFor(() => expect(screen.getByTestId('results-vnext-kpi-too…
       |         ^
     76|   await userEvent.click((await screen.findAllByText(label))[0]);
     77| }
 ❯ tests/resultsVnext/kpi/day199.kpiToolSections.component.test.tsx:131:11

⎯⎯⎯⎯⎯⎯⎯⎯⎯⎯⎯⎯⎯⎯⎯⎯⎯⎯⎯⎯⎯⎯⎯[7/27]⎯

 FAIL  tests/components/ResultsVNext/KpiToolPage.test.tsx > KpiToolPage — /results/kpi/:kpiId (klasa L full tool) > golden flow renders with NO explicit flag override — this is now the default path
TestingLibraryElementError: Unable to find an element by: [data-testid="results-vnext-kpi-tool-page"]

Ignored nodes: comments, script, style
[36m<body>[39m
  [36m<div />[39m
[36m</body>[39m

Ignored nodes: comments, script, style
[36m<html[39m
  [33mdir[39m=[32m"ltr"[39m
  [33mlang[39m=[32m"en"[39m
[36m>[39m
  [36m<head />[39m
  [36m<body>[39m
    [36m<div />[39m
  [36m</body>[39m
[36m</html>[39m
 ❯ Proxy.waitForWrapper node_modules/@testing-library/dom/dist/wait-for.js:163:27
 ❯ tests/components/ResultsVNext/KpiToolPage.test.tsx:212:11
    210|     mockApiGet();
    211|     renderAt(`/results/kpi/${KPI_ID}`);
    212|     await waitFor(() => expect(screen.getByTestId('results-vnext-kpi-t…
       |           ^
    213|     expect(Api.get).toHaveBeenCalledWith(`/vnext/results/kpi/${KPI_ID}…
    214|   });

⎯⎯⎯⎯⎯⎯⎯⎯⎯⎯⎯⎯⎯⎯⎯⎯⎯⎯⎯⎯⎯⎯⎯[8/27]⎯

 FAIL  tests/components/ResultsVNext/KpiToolPage.test.tsx > KpiToolPage — /results/kpi/:kpiId (klasa L full tool) > golden flow: loads the KPI, shows real latest measurement, performance+data-quality shown as two independent chips
TestingLibraryElementError: Unable to find an element by: [data-testid="results-vnext-kpi-tool-page"]

Ignored nodes: comments, script, style
[36m<body>[39m
  [36m<div />[39m
[36m</body>[39m

Ignored nodes: comments, script, style
[36m<html[39m
  [33mdir[39m=[32m"ltr"[39m
  [33mlang[39m=[32m"en"[39m
[36m>[39m
  [36m<head />[39m
  [36m<body>[39m
    [36m<div />[39m
  [36m</body>[39m
[36m</html>[39m
 ❯ Proxy.waitForWrapper node_modules/@testing-library/dom/dist/wait-for.js:163:27
 ❯ tests/components/ResultsVNext/KpiToolPage.test.tsx:222:11
    220|     renderAt(`/results/kpi/${KPI_ID}`);
    221|
    222|     await waitFor(() => expect(screen.getByTestId('results-vnext-kpi-t…
       |           ^
    223|     await waitFor(() => expect(Api.get).toHaveBeenCalledWith(`/vnext/r…
    224|

⎯⎯⎯⎯⎯⎯⎯⎯⎯⎯⎯⎯⎯⎯⎯⎯⎯⎯⎯⎯⎯⎯⎯[9/27]⎯

 FAIL  tests/components/ResultsVNext/KpiToolPage.test.tsx > KpiToolPage — /results/kpi/:kpiId (klasa L full tool) > enables activation when the current definition version is approved
TestingLibraryElementError: Unable to find role="button" and name "Aktywuj"

Ignored nodes: comments, script, style
[36m<body>[39m
  [36m<div />[39m
[36m</body>[39m

Ignored nodes: comments, script, style
[36m<body>[39m
  [36m<div />[39m
[36m</body>[39m
 ❯ waitForWrapper node_modules/@testing-library/dom/dist/wait-for.js:163:27
 ❯ node_modules/@testing-library/dom/dist/query-helpers.js:86:33
 ❯ tests/components/ResultsVNext/KpiToolPage.test.tsx:242:35
    240|     renderAt(`/results/kpi/${KPI_ID}`);
    241|
    242|     const activate = await screen.findByRole('button', { name: 'Aktywu…
       |                                   ^
    243|     await waitFor(() => expect(activate).toBeEnabled());
    244|     expect(screen.queryByText(/brak GET dla wersji/i)).not.toBeInTheDo…

⎯⎯⎯⎯⎯⎯⎯⎯⎯⎯⎯⎯⎯⎯⎯⎯⎯⎯⎯⎯⎯⎯[10/27]⎯

 FAIL  tests/components/ResultsVNext/KpiToolPage.test.tsx > KpiToolPage — /results/kpi/:kpiId (klasa L full tool) > Deviations section lists the real case and clicking it requests navigation to the exact subview route
TestingLibraryElementError: Unable to find an element by: [data-testid="results-vnext-kpi-tool-page"]

Ignored nodes: comments, script, style
[36m<body>[39m
  [36m<div />[39m
[36m</body>[39m

Ignored nodes: comments, script, style
[36m<html[39m
  [33mdir[39m=[32m"ltr"[39m
  [33mlang[39m=[32m"en"[39m
[36m>[39m
  [36m<head />[39m
  [36m<body>[39m
    [36m<div />[39m
  [36m</body>[39m
[36m</html>[39m
 ❯ Proxy.waitForWrapper node_modules/@testing-library/dom/dist/wait-for.js:163:27
 ❯ tests/components/ResultsVNext/KpiToolPage.test.tsx:253:11
    251|     renderAt(`/results/kpi/${KPI_ID}`);
    252|
    253|     await waitFor(() => expect(screen.getByTestId('results-vnext-kpi-t…
       |           ^
    254|
    255|     const user = userEvent.setup();

⎯⎯⎯⎯⎯⎯⎯⎯⎯⎯⎯⎯⎯⎯⎯⎯⎯⎯⎯⎯⎯⎯[11/27]⎯

 FAIL  tests/components/ResultsVNext/KpiToolPage.test.tsx > KpiToolPage — /results/kpi/:kpiId (klasa L full tool) > shows an honest error state with Retry when the KPI fetch fails, and Retry re-fetches
TestingLibraryElementError: Unable to find an element by: [data-testid="results-vnext-kpi-tool-page"]

Ignored nodes: comments, script, style
[36m<body>[39m
  [36m<div />[39m
[36m</body>[39m

Ignored nodes: comments, script, style
[36m<html[39m
  [33mdir[39m=[32m"ltr"[39m
  [33mlang[39m=[32m"en"[39m
[36m>[39m
  [36m<head />[39m
  [36m<body>[39m
    [36m<div />[39m
  [36m</body>[39m
[36m</html>[39m
 ❯ Proxy.waitForWrapper node_modules/@testing-library/dom/dist/wait-for.js:163:27
 ❯ tests/components/ResultsVNext/KpiToolPage.test.tsx:292:11
    290|     await user.click(retryButton);
    291|
    292|     await waitFor(() => expect(screen.getByTestId('results-vnext-kpi-t…
       |           ^
    293|   });
    294|

⎯⎯⎯⎯⎯⎯⎯⎯⎯⎯⎯⎯⎯⎯⎯⎯⎯⎯⎯⎯⎯⎯[12/27]⎯

 FAIL  tests/components/ResultsVNext/KpiTrzyPoziomy.test.tsx > KPI — trzy poziomy: tabela raportów → raport → karta N > POZIOM 3: karta N ma DOKŁADNIE trzystopniową ścieżkę, w tej kolejności
TestingLibraryElementError: Unable to find an element by: [data-testid="results-vnext-kpi-tool-page"]

Ignored nodes: comments, script, style
[36m<body>[39m
  [36m<div />[39m
[36m</body>[39m

Ignored nodes: comments, script, style
[36m<html[39m
  [33mdir[39m=[32m"ltr"[39m
  [33mlang[39m=[32m"en"[39m
[36m>[39m
  [36m<head />[39m
  [36m<body>[39m
    [36m<div />[39m
  [36m</body>[39m
[36m</html>[39m
 ❯ Proxy.waitForWrapper node_modules/@testing-library/dom/dist/wait-for.js:163:27
 ❯ tests/components/ResultsVNext/KpiTrzyPoziomy.test.tsx:407:11
    405|     renderTool(`/results/kpi/${CHILD_KPI_ID}?zbior=${SCORECARD_ID}`);
    406|
    407|     await waitFor(() =>
       |           ^
    408|       expect(screen.getByTestId('results-vnext-kpi-tool-page')).toBeIn…
    409|     );

⎯⎯⎯⎯⎯⎯⎯⎯⎯⎯⎯⎯⎯⎯⎯⎯⎯⎯⎯⎯⎯⎯[13/27]⎯

 FAIL  tests/components/ResultsVNext/KpiTrzyPoziomy.test.tsx > KPI — trzy poziomy: tabela raportów → raport → karta N > POZIOM 3: adres bez parametru dalej działa — stopień raportu z REALNEJ przynależności
TestingLibraryElementError: Unable to find an element by: [data-testid="results-vnext-kpi-tool-page"]

Ignored nodes: comments, script, style
[36m<body>[39m
  [36m<div />[39m
[36m</body>[39m

Ignored nodes: comments, script, style
[36m<html[39m
  [33mdir[39m=[32m"ltr"[39m
  [33mlang[39m=[32m"en"[39m
[36m>[39m
  [36m<head />[39m
  [36m<body>[39m
    [36m<div />[39m
  [36m</body>[39m
[36m</html>[39m
 ❯ Proxy.waitForWrapper node_modules/@testing-library/dom/dist/wait-for.js:163:27
 ❯ tests/components/ResultsVNext/KpiTrzyPoziomy.test.tsx:424:11
    422|     renderTool(`/results/kpi/${KPI_ID}`);
    423|
    424|     await waitFor(() =>
       |           ^
    425|       expect(screen.getByTestId('results-vnext-kpi-tool-page')).toBeIn…
    426|     );

⎯⎯⎯⎯⎯⎯⎯⎯⎯⎯⎯⎯⎯⎯⎯⎯⎯⎯⎯⎯⎯⎯[14/27]⎯

 FAIL  tests/components/ResultsVNext/KpiTrzyPoziomy.test.tsx > KPI — trzy poziomy: tabela raportów → raport → karta N > MUTACJA (c): raport stoi MIĘDZY rejestrem a miernikiem, nie pod miernikiem
TestingLibraryElementError: Unable to find an element by: [data-testid="results-vnext-kpi-tool-page"]

Ignored nodes: comments, script, style
[36m<body>[39m
  [36m<div />[39m
[36m</body>[39m

Ignored nodes: comments, script, style
[36m<html[39m
  [33mdir[39m=[32m"ltr"[39m
  [33mlang[39m=[32m"en"[39m
[36m>[39m
  [36m<head />[39m
  [36m<body>[39m
    [36m<div />[39m
  [36m</body>[39m
[36m</html>[39m
 ❯ Proxy.waitForWrapper node_modules/@testing-library/dom/dist/wait-for.js:163:27
 ❯ tests/components/ResultsVNext/KpiTrzyPoziomy.test.tsx:440:11
    438|     mockApi();
    439|     renderTool(`/results/kpi/${CHILD_KPI_ID}?zbior=${SCORECARD_ID}`);
    440|     await waitFor(() =>
       |           ^
    441|       expect(screen.getByTestId('results-vnext-kpi-tool-page')).toBeIn…
    442|     );

⎯⎯⎯⎯⎯⎯⎯⎯⎯⎯⎯⎯⎯⎯⎯⎯⎯⎯⎯⎯⎯⎯[15/27]⎯

 FAIL  tests/components/ResultsVNext/ResultsVNextLegacyArchivePanel.test.tsx > ResultsVNextLegacyArchivePanel · błąd wczytywania (RN-G5 Zadanie 2) > NIE pokazuje surowego `body.error` z backendu — pokazuje przetłumaczalny, ogólny komunikat z retry
 FAIL  tests/components/ResultsVNext/ResultsVNextLegacyArchivePanel.test.tsx > ResultsVNextLegacyArchivePanel · błąd wczytywania (RN-G5 Zadanie 2) > retry (Spróbuj ponownie) faktycznie ponawia wywołanie
 FAIL  tests/components/ResultsVNext/ResultsVNextLegacyArchivePanel.test.tsx > ResultsVNextLegacyArchivePanel · błąd wczytywania (RN-G5 Zadanie 2) > a 403 (ABAC-style denial) dostaje ten sam OGÓLNY komunikat D06 — nie ujawnia szczegółu backendu
 FAIL  tests/components/ResultsVNext/ResultsVNextLegacyArchivePanel.test.tsx > ResultsVNextLegacyArchivePanel · kebab „Usuń" na wierszu tylko-do-odczytu (RN-G5 Zadanie 1) > pozycja „Usuń" jest widoczna, DISABLED, i ma podany powód (D06) — nigdy ukryta ani aktywna
 FAIL  tests/components/ResultsVNext/ResultsVNextLegacyArchivePanel.test.tsx > ResultsVNextLegacyArchivePanel · kebab „Usuń" na wierszu tylko-do-odczytu (RN-G5 Zadanie 1) > kliknięcie DISABLED „Usuń" nic nie robi (żadnego wywołania usuwania)
Error: useLocation() may be used only in the context of a <Router> component.
 ❯ invariant node_modules/react-router/dist/development/chunk-62JRHF6Z.mjs:207:11
 ❯ useLocation node_modules/react-router/dist/development/chunk-62JRHF6Z.mjs:5880:3
 ❯ useJedenPanel src/components/shared/PreviewPane/useJedenPanel.ts:98:24
     96|  */
     97| export function useJedenPanel(): UseJedenPanelResult {
     98|   const { pathname } = useLocation();
       |                        ^
     99|   const modul = pathname.split('/').filter(Boolean)[0] || 'root';
    100|   const isChatCollapsed = useAppStore((state) => state.isChatCollapsed…
 ❯ useStandardPanelControls src/components/standard/StandardModuleBar.tsx:77:22
 ❯ StandardModuleBar src/components/standard/StandardModuleBar.tsx:476:25
 ❯ Object.react_stack_bottom_frame node_modules/react-dom/cjs/react-dom-client.development.js:25904:20
 ❯ renderWithHooks node_modules/react-dom/cjs/react-dom-client.development.js:7662:22
 ❯ updateFunctionComponent node_modules/react-dom/cjs/react-dom-client.development.js:10166:19
 ❯ beginWork node_modules/react-dom/cjs/react-dom-client.development.js:11778:18
 ❯ runWithFiberInDEV node_modules/react-dom/cjs/react-dom-client.development.js:874:13

⎯⎯⎯⎯⎯⎯⎯⎯⎯⎯⎯⎯⎯⎯⎯⎯⎯⎯⎯⎯⎯⎯[16/27]⎯

 FAIL  tests/unit/results-okr/okrTrzyPoziomy.test.tsx > Poziom 1 — TABELA RAPORTÓW OKR > renderuje tabelę raportów na realnych kolumnach — każda kolumna ma etykietę
TestingLibraryElementError: Unable to find an element with the text: NAZWA. This could be because the text is broken up by multiple elements. In this case, you can provide a function for your text matcher to make your matcher more flexible.

Ignored nodes: comments, script, style
[36m<body>[39m
  [36m<div>[39m
    [36m<div[39m
      [33mclass[39m=[32m"h-full"[39m
      [33mdata-domain[39m=[32m"okr"[39m
      [33mdata-testid[39m=[32m"results-vnext-okr-registry-shell"[39m
    [36m>[39m
      [36m<div[39m
        [33mclass[39m=[32m"flex flex-col h-full bg-c-bg text-c-text"[39m
      [36m>[39m
        [36m<div[39m
          [33mclass[39m=[32m"bg-white dark:bg-navy-900 border-b border-slate-200/60 dark:border-white/5"[39m
        [36m>[39m
          [36m<div[39m
            [33mclass[39m=[32m"flex items-center px-4 py-3 gap-3 justify-between"[39m
          [36m>[39m
            [36m<div[39m
              [33mclass[39m=[32m"flex min-w-0 items-center gap-3"[39m
            [36m>[39m
              [36m<button[39m
                [33maria-disabled[39m=[32m"false"[39m
                [33maria-expanded[39m=[32m"false"[39m
                [33maria-label[39m=[32m"Search"[39m
                [33mclass[39m=[32m"h-9 w-9 inline-flex items-center justify-center rounded-full transition-colors duration-150 border text-slate-500 dark:text-slate-400 border-slate-200/70 dark:border-white/[0.06] hover:bg-slate-100/70 dark:hover:bg-white/[0.05]"[39m
                [33mtitle[39m=[32m"Search"[39m
                [33mtype[39m=[32m"button"[39m
              [36m>[39m
                [36m<svg[39m
                  [33maria-hidden[39m=[32m"true"[39m
                  [33mclass[39m=[32m"lucide lucide-search"[39m
                  [33mfill[39m=[32m"none"[39m
                  [33mheight[39m=[32m"18"[39m
                  [33mstroke[39m=[32m"currentColor"[39m
                  [33mstroke-linecap[39m=[32m"round"[39m
                  [33mstroke-linejoin[39m=[32m"round"[39m
                  [33mstroke-width[39m=[32m"2"[39m
                  [33mviewBox[39m=[32m"0 0 24 24"[39m
                  [33mwidth[39m=[32m"18"[39m
                  [33mxmlns[39m=[32m"http://www.w3.org/2000/svg"[39m
                [36m>[39m
                  [36m<path[39m
                    [33md[39m=[32m"m21 21-4.34-4.34"[39m
                  [36m/>[39m
                  [36m<circle[39m
                    [33mcx[39m=[32m"11"[39m
                    [33mcy[39m=[32m"11"[39m
                    [33mr[39m=[32m"8"[39m
                  [36m/>[39m
                [36m</svg>[39m
              [36m</button>[39m
              [36m<div[39m
                [33maria-label[39m=[32m"Module sections"[39m
                [33mclass[39m=[32m"app-table-scrollbar flex min-w-0 items-center gap-1.5 overflow-x-auto whitespace-nowrap"[39m
                [33mrole[39m=[32m"tablist"[39m
              [36m>[39m
                [36m<button[39m
                  [33maria-selected[39m=[32m"false"[39m
                  [33mclass[39m=[32m"inline-flex h-9 items-center gap-2 rounded-full border px-3 text-sm font-medium transition-colors duration-150 whitespace-nowrap active:scale-[0.98] focus-visible:outline-none focus-visible:ring-2 focus-visible:ring-c-focus focus-visible:ring-offset-1 ring-offset-white dark:ring-offset-navy-900 border-slate-200/70 bg-white/70 text-slate-700 hover:bg-state-hover dark:border-white/[0.06] dark:bg-white/[0.04] dark:text-slate-300"[39m
                  [33mrole[39m=[32m"tab"[39m
                  [33mtype[39m=[32m"button"[39m
                [36m>[39m
                  [36m<span>[39m
                    [0mKPI[0m
                  [36m</span>[39m
                [36m</button>[39m
                [36m<button[39m
                  [33maria-selected[39m=[32m"true"[39m
                  [33mclass[39m=[32m"inline-flex h-9 items-center gap-2 rounded-full border px-3 text-sm font-medium transition-colors duration-150 whitespace-nowrap active:scale-[0.98] focus-visible:outline-none focus-visible:ring-2 focus-visible:ring-c-focus focus-visible:ring-offset-1 ring-offset-white dark:ring-offset-navy-900 border-slate-300 bg-state-selected text-slate-900 dark:border-white/25 dark:text-slate-100"[39m
                  [33mrole[39m=[32m"tab"[39m
                  [33mtype[39m=[32m"button"[39m
                [36m>[39m
                  [36m<span>[39m
                    [0mOKR[0m
                  [36m</span>[39m
                [36m</button>[39m
                [36m<button[39m
                  [33maria-selected[39m=[32m"false"[39m
                  [33mclass[39m=[32m"inline-flex h-9 items-center gap-2 rounded-full border px-3 text-sm font-medium transition-colors duration-150 whitespace-nowrap active:scale-[0.98] focus-visible:outline-none focus-visible:ring-2 focus-visible:ring-c-focus focus-visible:ring-offset-1 ring-offset-white dark:ring-offset-navy-900 border-slate-200/70 bg-white/70 text-slate-700 hover:bg-state-hover dark:border-white/[0.06] dark:bg-white/[0.04] dark:text-slate-300"[39m
                  [33mrole[39m=[32m"tab"[39m
                  [33mtype[39m=[32m"button"[39m
                [36m>[39m
                  [36m<span>[39m
                    [0mROI[0m
                  [36m</span>[39m
                [36m</button>[39m
                [36m<button[39m
                  [33maria-selected[39m=[32m"false"[39m
                  [33mclass[39m=[32m"inline-flex h-9 items-center gap-2 rounded-full border px-3 text-sm font-medium transition-colors duration-150 whitespace-nowrap active:scale-[0.98] focus-visible:outline-none focus-visible:ring-2 focus-visible:ring-c-focus focus-visible:ring-offset-1 ring-offset-white dark:ring-offset-navy-900 border-slate-200/70 bg-white/70 text-slate-700 hover:bg-state-hover dark:border-white/[0.06] dark:bg-white/[0.04] dark:text-slate-300"[39m
                  [33mrole[39m=[32m"tab"[39m
                  [33mtype[39m=[32m"button"[39m
                [36m>[39m
                  [36m<span>[39m
                    [0mManagement reports[0m
                  [36m</span>[39m
                [36m</button>[39m
                [36m<button[39m
                  [33maria-selected[39m=[32m"false"[39m
                  [33mclass[39m=[32m"inline-flex h-9 items-center gap-2 rounded-full border px-3 text-sm font-medium transition-colors duration-150 whitespace-nowrap active:scale-[0.98] focus-visible:outline-none focus-visible:ring-2 focus-visible:ring-c-focus focus-visible:ring-offset-1 ring-offset-white dark:ring-offset-navy-900 border-slate-200/70 bg-white/70 text-slate-700 hover:bg-state-hover dark:border-white/[0.06] dark:bg-white/[0.04] dark:text-slate-300"[39m
                  [33mrole[39m=[32m"tab"[39m
                  [33mtype[39m=[32m"button"[39m
                [36m>[39m
                  [36m<span>[39m
                    [0mArchive[0m
                  [36m</span>[39m
                [36m</button>[39m
              [36m</div>[39m
            [36m</div>[39m
    ...
 ❯ Object.getElementError node_modules/@testing-library/dom/dist/config.js:37:19
 ❯ node_modules/@testing-library/dom/dist/query-helpers.js:76:38
 ❯ node_modules/@testing-library/dom/dist/query-helpers.js:109:15
 ❯ tests/unit/results-okr/okrTrzyPoziomy.test.tsx:369:21
    367|       'OSTATNI CHECK-IN',
    368|     ]) {
    369|       expect(screen.getAllByText(naglowek).length).toBeGreaterThan(0);
       |                     ^
    370|     }
    371|   });

⎯⎯⎯⎯⎯⎯⎯⎯⎯⎯⎯⎯⎯⎯⎯⎯⎯⎯⎯⎯⎯⎯[17/27]⎯

 FAIL  tests/unit/results-okr/okrTrzyPoziomy.test.tsx > Poziom 3 — karta celu z rezultatami JAKO SEKCJĄ > renderuje pięć sekcji (w tym „Check-iny") i przycisk check-inu na bloku rezultatu
TestingLibraryElementError: Unable to find an element by: [data-testid="results-vnext-okr-objective-card-page"]

Ignored nodes: comments, script, style
[36m<body>[39m
  [36m<div />[39m
[36m</body>[39m

Ignored nodes: comments, script, style
[36m<html[39m
  [33mdir[39m=[32m"ltr"[39m
  [33mlang[39m=[32m"en"[39m
[36m>[39m
  [36m<head />[39m
  [36m<body>[39m
    [36m<div />[39m
  [36m</body>[39m
[36m</html>[39m
 ❯ Proxy.waitForWrapper node_modules/@testing-library/dom/dist/wait-for.js:163:27
 ❯ tests/unit/results-okr/okrTrzyPoziomy.test.tsx:433:11
    431|     );
    432|
    433|     await waitFor(() =>
       |           ^
    434|       expect(screen.getByTestId('results-vnext-okr-objective-card-page…
    435|     );

⎯⎯⎯⎯⎯⎯⎯⎯⎯⎯⎯⎯⎯⎯⎯⎯⎯⎯⎯⎯⎯⎯[18/27]⎯

 FAIL  tests/unit/results-okr/okrTrzyPoziomy.test.tsx > Poziom 3 — karta celu z rezultatami JAKO SEKCJĄ > okruszek wraca do RAPORTU (poziom 2), nie do powłoki administracyjnej zestawu
TestingLibraryElementError: Unable to find an element by: [data-testid="okr-objective-card-panel-open-report"]

Ignored nodes: comments, script, style
[36m<body>[39m
  [36m<div />[39m
[36m</body>[39m

Ignored nodes: comments, script, style
[36m<html[39m
  [33mdir[39m=[32m"ltr"[39m
  [33mlang[39m=[32m"en"[39m
[36m>[39m
  [36m<head />[39m
  [36m<body>[39m
    [36m<div />[39m
  [36m</body>[39m
[36m</html>[39m
 ❯ Proxy.waitForWrapper node_modules/@testing-library/dom/dist/wait-for.js:163:27
 ❯ tests/unit/results-okr/okrTrzyPoziomy.test.tsx:470:11
    468|       </MemoryRouter>
    469|     );
    470|     await waitFor(() =>
       |           ^
    471|       expect(screen.getByTestId('okr-objective-card-panel-open-report'…
    472|     );

⎯⎯⎯⎯⎯⎯⎯⎯⎯⎯⎯⎯⎯⎯⎯⎯⎯⎯⎯⎯⎯⎯[19/27]⎯

 FAIL  src/components/ResultsVNext/__tests__/resultsVNextLegacyArchiveWiring.test.tsx > Archiwum (resultsLegacyArchive) — wołacz wiring > flaga ON (localStorage ff.results_vnext_legacy_archive=1) + ?resultsView=legacy > KPI: montuje ResultsVNextLegacyArchivePanel z domain="kpi"
AssertionError: expected "vi.fn()" to be called 1 times, but got 2 times
 ❯ src/components/ResultsVNext/__tests__/resultsVNextLegacyArchiveWiring.test.tsx:186:31
    184|         </MemoryRouter>
    185|       );
    186|       expect(legacyPanelMock).toHaveBeenCalledTimes(1);
       |                               ^
    187|       expect(legacyPanelMock.mock.calls[0][0]).toMatchObject({ domain:…
    188|       expect(screen.getByTestId('legacy-panel-mock-kpi')).toBeInTheDoc…

⎯⎯⎯⎯⎯⎯⎯⎯⎯⎯⎯⎯⎯⎯⎯⎯⎯⎯⎯⎯⎯⎯[20/27]⎯

 FAIL  tests/components/ResultsVNext/okr/OkrSetToolPage.test.tsx > OkrSetToolPage — /results/okr/sets/:okrSetId (klasa L full workspace, deep link) > renders the honest disabled-flag empty state when okrRegistry flag is OFF (default)
TestingLibraryElementError: Unable to find an element by: [data-testid="results-vnext-okr-tool-disabled"]

Ignored nodes: comments, script, style
[36m<body>[39m
  [36m<div>[39m
    [36m<div[39m
      [33mclass[39m=[32m"h-full"[39m
      [33mdata-testid[39m=[32m"results-vnext-okr-tool-page"[39m
    [36m>[39m
      [36m<div[39m
        [33mclass[39m=[32m"h-full"[39m
        [33mdata-testid[39m=[32m"results-vnext-okr-set-workspace"[39m
      [36m>[39m
        [36m<div[39m
          [33mclass[39m=[32m"flex flex-col h-full bg-c-bg text-c-text"[39m
        [36m>[39m
          [36m<div[39m
            [33mclass[39m=[32m"flex items-center justify-between gap-3 px-4 py-3 bg-white dark:bg-navy-900 border-b border-slate-200/60 dark:border-white/[0.05]"[39m
          [36m>[39m
            [36m<nav[39m
              [33maria-label[39m=[32m"Breadcrumb"[39m
              [33mclass[39m=[32m"flex min-w-0 items-center gap-1.5"[39m
            [36m>[39m
              [36m<button[39m
                [33mclass[39m=[32m"text-sm font-medium text-c-text-muted hover:text-c-text transition-colors truncate"[39m
                [33mtype[39m=[32m"button"[39m
              [36m>[39m
                [0mZestawy OKR[0m
              [36m</button>[39m
              [36m<svg[39m
                [33maria-hidden[39m=[32m"true"[39m
                [33mclass[39m=[32m"lucide lucide-chevron-right shrink-0 text-c-text-muted"[39m
                [33mfill[39m=[32m"none"[39m
                [33mheight[39m=[32m"14"[39m
                [33mstroke[39m=[32m"currentColor"[39m
                [33mstroke-linecap[39m=[32m"round"[39m
                [33mstroke-linejoin[39m=[32m"round"[39m
                [33mstroke-width[39m=[32m"2"[39m
                [33mviewBox[39m=[32m"0 0 24 24"[39m
                [33mwidth[39m=[32m"14"[39m
                [33mxmlns[39m=[32m"http://www.w3.org/2000/svg"[39m
              [36m>[39m
                [36m<path[39m
                  [33md[39m=[32m"m9 18 6-6-6-6"[39m
                [36m/>[39m
              [36m</svg>[39m
              [36m<span[39m
                [33mclass[39m=[32m"text-sm font-semibold text-c-text truncate"[39m
              [36m>[39m
                [0mOKR Zespołu Operacji Q3[0m
              [36m</span>[39m
            [36m</nav>[39m
          [36m</div>[39m
          [36m<div[39m
            [33mclass[39m=[32m"bg-white dark:bg-navy-900 border-b border-slate-200/60 dark:border-white/5"[39m
          [36m>[39m
            [36m<div[39m
              [33mclass[39m=[32m"flex items-center px-4 py-3 gap-3 justify-between"[39m
            [36m>[39m
              [36m<div[39m
                [33mclass[39m=[32m"flex min-w-0 items-center gap-3"[39m
              [36m>[39m
                [36m<button[39m
                  [33maria-disabled[39m=[32m"false"[39m
                  [33maria-expanded[39m=[32m"false"[39m
                  [33maria-label[39m=[32m"Search"[39m
                  [33mclass[39m=[32m"h-9 w-9 inline-flex items-center justify-center rounded-full transition-colors duration-150 border text-slate-500 dark:text-slate-400 border-slate-200/70 dark:border-white/[0.06] hover:bg-slate-100/70 dark:hover:bg-white/[0.05]"[39m
                  [33mtitle[39m=[32m"Search"[39m
                  [33mtype[39m=[32m"button"[39m
                [36m>[39m
                  [36m<svg[39m
                    [33maria-hidden[39m=[32m"true"[39m
                    [33mclass[39m=[32m"lucide lucide-search"[39m
                    [33mfill[39m=[32m"none"[39m
                    [33mheight[39m=[32m"18"[39m
                    [33mstroke[39m=[32m"currentColor"[39m
                    [33mstroke-linecap[39m=[32m"round"[39m
                    [33mstroke-linejoin[39m=[32m"round"[39m
                    [33mstroke-width[39m=[32m"2"[39m
                    [33mviewBox[39m=[32m"0 0 24 24"[39m
                    [33mwidth[39m=[32m"18"[39m
                    [33mxmlns[39m=[32m"http://www.w3.org/2000/svg"[39m
                  [36m>[39m
                    [36m<path[39m
                      [33md[39m=[32m"m21 21-4.34-4.34"[39m
                    [36m/>[39m
                    [36m<circle[39m
                      [33mcx[39m=[32m"11"[39m
                      [33mcy[39m=[32m"11"[39m
                      [33mr[39m=[32m"8"[39m
                    [36m/>[39m
                  [36m</svg>[39m
                [36m</button>[39m
                [36m<div[39m
                  [33maria-label[39m=[32m"Module sections"[39m
                  [33mclass[39m=[32m"app-table-scrollbar flex min-w-0 items-center gap-1.5 overflow-x-auto whitespace-nowrap"[39m
                  [33mrole[39m=[32m"tablist"[39m
                [36m>[39m
                  [36m<button[39m
                    [33maria-selected[39m=[32m"true"[39m
                    [33mclass[39m=[32m"inline-flex h-9 items-center gap-2 rounded-full border px-3 text-sm font-medium transition-colors duration-150 whitespace-nowrap active:scale-[0.98] focus-visible:outline-none focus-visible:ring-2 focus-visible:ring-c-focus focus-visible:ring-offset-1 ring-offset-white dark:ring-offset-navy-900 border-slate-300 bg-state-selected text-slate-900 dark:border-white/25 dark:text-slate-100"[39m
                    [33mrole[39m=[32m"tab"[39m
                    [33mtype[39m=[32m"button"[39m
                  [36m>[39m
                    [36m<span>[39m
                      [0mPrzegląd[0m
                    [36m</span>[39m
                  [36m</button>[39m
                  [36m<button[39m
                    [33maria-selected[39m=[32m"false"[39m
                    [33mclass[39m=[32m"inline-flex h-9 items-center gap-2 rounded-full border px-3 text-sm font-medium transition-colors duration-150 whitespace-nowrap active:scale-[0.98] focus-visible:outline-none focus-visible:ring-2 focus-visible:ring-c-focus focus-visible:ring-offset-1 ring-offset-white dark:ring-offset-navy-900 border-slate-200/70 bg-white/70 text-slate-700 hover:bg-state-hover dark:border-white/[0.06] dark:bg-white/[0.04] dark:text-slate-300"[39m
                    [33mrole[39m=[32m"tab"[39m
                    [33mtype[39m=[32m"button"[39m
                  [36m>[39m
                    [36m<span>[39m
                      [0mCele i Kluczowe Rezultaty[0m
                    [36m</span>[39m
                  [36m</button>[39m
                  [36m<button[39m
                    [33maria-selected[39m=[32m"false"[39m
                    [33mclass[39m=[32m"inline-flex h-9 items-center gap-2 rounded-full border px-3 text-sm font-medium transition-colors duration-150 whitespace-nowrap active:scale-[0.98] focus-visible:outline-none focus-visible:ring-2 focus-visible:ring-c-focus focus-visible:ring-offset-1 ring-offset-white dark:ring-offset-navy-900 border-slate-200/70 bg-white/70 text-slate-700 h...

Ignored nodes: comments, script, style
[36m<body>[39m
  [36m<div>[39m
    [36m<div[39m
      [33mclass[39m=[32m"h-full"[39m
      [33mdata-testid[39m=[32m"results-vnext-okr-tool-page"[39m
    [36m>[39m
      [36m<div[39m
        [33mclass[39m=[32m"h-full"[39m
        [33mdata-testid[39m=[32m"results-vnext-okr-set-workspace"[39m
      [36m>[39m
        [36m<div[39m
          [33mclass[39m=[32m"flex flex-col h-full bg-c-bg text-c-text"[39m
        [36m>[39m
          [36m<div[39m
            [33mclass[39m=[32m"flex items-center justify-between gap-3 px-4 py-3 bg-white dark:bg-navy-900 border-b border-slate-200/60 dark:border-white/[0.05]"[39m
          [36m>[39m
            [36m<nav[39m
              [33maria-label[39m=[32m"Breadcrumb"[39m
              [33mclass[39m=[32m"flex min-w-0 items-center gap-1.5"[39m
            [36m>[39m
              [36m<button[39m
                [33mclass[39m=[32m"text-sm font-medium text-c-text-muted hover:text-c-text transition-colors truncate"[39m
                [33mtype[39m=[32m"button"[39m
              [36m>[39m
                [0mZestawy OKR[0m
              [36m</button>[39m
              [36m<svg[39m
                [33maria-hidden[39m=[32m"true"[39m
                [33mclass[39m=[32m"lucide lucide-chevron-right shrink-0 text-c-text-muted"[39m
                [33mfill[39m=[32m"none"[39m
                [33mheight[39m=[32m"14"[39m
                [33mstroke[39m=[32m"currentColor"[39m
                [33mstroke-linecap[39m=[32m"round"[39m
                [33mstroke-linejoin[39m=[32m"round"[39m
                [33mstroke-width[39m=[32m"2"[39m
                [33mviewBox[39m=[32m"0 0 24 24"[39m
                [33mwidth[39m=[32m"14"[39m
                [33mxmlns[39m=[32m"http://www.w3.org/2000/svg"[39m
              [36m>[39m
                [36m<path[39m
                  [33md[39m=[32m"m9 18 6-6-6-6"[39m
                [36m/>[39m
              [36m</svg>[39m
              [36m<span[39m
                [33mclass[39m=[32m"text-sm font-semibold text-c-text truncate"[39m
              [36m>[39m
                [0mOKR Zespołu Operacji Q3[0m
              [36m</span>[39m
            [36m</nav>[39m
          [36m</div>[39m
          [36m<div[39m
            [33mclass[39m=[32m"bg-white dark:bg-navy-900 border-b border-slate-200/60 dark:border-white/5"[39m
          [36m>[39m
            [36m<div[39m
              [33mclass[39m=[32m"flex items-center px-4 py-3 gap-3 justify-between"[39m
            [36m>[39m
              [36m<div[39m
                [33mclass[39m=[32m"flex min-w-0 items-center gap-3"[39m
              [36m>[39m
                [36m<button[39m
                  [33maria-disabled[39m=[32m"false"[39m
                  [33maria-expanded[39m=[32m"false"[39m
                  [33maria-label[39m=[32m"Search"[39m
                  [33mclass[39m=[32m"h-9 w-9 inline-flex items-center justify-center rounded-full transition-colors duration-150 border text-slate-500 dark:text-slate-400 border-slate-200/70 dark:border-white/[0.06] hover:bg-slate-100/70 dark:hover:bg-white/[0.05]"[39m
                  [33mtitle[39m=[32m"Search"[39m
                  [33mtype[39m=[32m"button"[39m
                [36m>[39m
                  [36m<svg[39m
                    [33maria-hidden[39m=[32m"true"[39m
                    [33mclass[39m=[32m"lucide lucide-search"[39m
                    [33mfill[39m=[32m"none"[39m
                    [33mheight[39m=[32m"18"[39m
                    [33mstroke[39m=[32m"currentColor"[39m
                    [33mstroke-linecap[39m=[32m"round"[39m
                    [33mstroke-linejoin[39m=[32m"round"[39m
                    [33mstroke-width[39m=[32m"2"[39m
                    [33mviewBox[39m=[32m"0 0 24 24"[39m
                    [33mwidth[39m=[32m"18"[39m
                    [33mxmlns[39m=[32m"http://www.w3.org/2000/svg"[39m
                  [36m>[39m
                    [36m<path[39m
                      [33md[39m=[32m"m21 21-4.34-4.34"[39m
                    [36m/>[39m
                    [36m<circle[39m
                      [33mcx[39m=[32m"11"[39m
                      [33mcy[39m=[32m"11"[39m
                      [33mr[39m=[32m"8"[39m
                    [36m/>[39m
                  [36m</svg>[39m
                [36m</button>[39m
                [36m<div[39m
                  [33maria-label[39m=[32m"Module sections"[39m
                  [33mclass[39m=[32m"app-table-scrollbar flex min-w-0 items-center gap-1.5 overflow-x-auto whitespace-nowrap"[39m
                  [33mrole[39m=[32m"tablist"[39m
                [36m>[39m
                  [36m<button[39m
                    [33maria-selected[39m=[32m"true"[39m
                    [33mclass[39m=[32m"inline-flex h-9 items-center gap-2 rounded-full border px-3 text-sm font-medium transition-colors duration-150 whitespace-nowrap active:scale-[0.98] focus-visible:outline-none focus-visible:ring-2 focus-visible:ring-c-focus focus-visible:ring-offset-1 ring-offset-white dark:ring-offset-navy-900 border-slate-300 bg-state-selected text-slate-900 dark:border-white/25 dark:text-slate-100"[39m
                    [33mrole[39m=[32m"tab"[39m
                    [33mtype[39m=[32m"button"[39m
                  [36m>[39m
                    [36m<span>[39m
                      [0mPrzegląd[0m
                    [36m</span>[39m
                  [36m</button>[39m
                  [36m<button[39m
                    [33maria-selected[39m=[32m"false"[39m
                    [33mclass[39m=[32m"inline-flex h-9 items-center gap-2 rounded-full border px-3 text-sm font-medium transition-colors duration-150 whitespace-nowrap active:scale-[0.98] focus-visible:outline-none focus-visible:ring-2 focus-visible:ring-c-focus focus-visible:ring-offset-1 ring-offset-white dark:ring-offset-navy-900 border-slate-200/70 bg-white/70 text-slate-700 hover:bg-state-hover dark:border-white/[0.06] dark:bg-white/[0.04] dark:text-slate-300"[39m
                    [33mrole[39m=[32m"tab"[39m
                    [33mtype[39m=[32m"button"[39m
                  [36m>[39m
                    [36m<span>[39m
                      [0mCele i Kluczowe Rezultaty[0m
                    [36m</span>[39m
                  [36m</button>[39m
                  [36m<button[39m
                    [33maria-selected[39m=[32m"false"[39m
                    [33mclass[39m=[32m"inline-flex h-9 items-center gap-2 rounded-full border px-3 text-sm font-medium transition-colors duration-150 whitespace-nowrap active:scale-[0.98] focus-visible:outline-none focus-visible:ring-2 focus-visible:ring-c-focus focus-visible:ring-offset-1 ring-offset-white dark:ring-offset-navy-900 border-slate-200/70 bg-white/70 text-slate-700 h...
 ❯ waitForWrapper node_modules/@testing-library/dom/dist/wait-for.js:163:27
 ❯ node_modules/@testing-library/dom/dist/query-helpers.js:86:33
 ❯ tests/components/ResultsVNext/okr/OkrSetToolPage.test.tsx:116:25
    114|     mockFetch();
    115|     renderAt(`/results/okr/sets/${SET_ID}`);
    116|     expect(await screen.findByTestId('results-vnext-okr-tool-disabled'…
       |                         ^
    117|     expect(global.fetch).not.toHaveBeenCalled();
    118|   });

⎯⎯⎯⎯⎯⎯⎯⎯⎯⎯⎯⎯⎯⎯⎯⎯⎯⎯⎯⎯⎯⎯[21/27]⎯

 FAIL  tests/components/ResultsVNext/roi/RoiCaseToolPage.test.tsx > RoiCaseToolPage — /results/roi/cases/:roiCaseId (klasa L full tool, deep link) > renders the honest disabled-flag empty state when roiRegistry flag is OFF (default)
TestingLibraryElementError: Unable to find an element by: [data-testid="results-vnext-roi-tool-disabled"]

Ignored nodes: comments, script, style
[36m<body>[39m
  [36m<div>[39m
    [36m<div[39m
      [33mclass[39m=[32m"h-full"[39m
      [33mdata-testid[39m=[32m"results-vnext-roi-tool-page"[39m
    [36m>[39m
      [36m<div[39m
        [33mclass[39m=[32m"flex h-full min-h-0 flex-col bg-c-bg"[39m
        [33mdata-testid[39m=[32m"roi-case-card"[39m
      [36m>[39m
        [36m<div[39m
          [33mclass[39m=[32m"px-6 pt-3"[39m
        [36m>[39m
          [36m<nav[39m
            [33maria-label[39m=[32m"Breadcrumb"[39m
            [33mclass[39m=[32m"mx-auto flex max-w-6xl min-w-0 items-center gap-1.5"[39m
          [36m>[39m
            [36m<button[39m
              [33mclass[39m=[32m"text-sm font-medium text-c-text-muted hover:text-c-text transition-colors truncate"[39m
              [33mtype[39m=[32m"button"[39m
            [36m>[39m
              [0mRejestr ROI[0m
            [36m</button>[39m
            [36m<svg[39m
              [33maria-hidden[39m=[32m"true"[39m
              [33mclass[39m=[32m"lucide lucide-chevron-right shrink-0 text-c-text-muted"[39m
              [33mfill[39m=[32m"none"[39m
              [33mheight[39m=[32m"14"[39m
              [33mstroke[39m=[32m"currentColor"[39m
              [33mstroke-linecap[39m=[32m"round"[39m
              [33mstroke-linejoin[39m=[32m"round"[39m
              [33mstroke-width[39m=[32m"2"[39m
              [33mviewBox[39m=[32m"0 0 24 24"[39m
              [33mwidth[39m=[32m"14"[39m
              [33mxmlns[39m=[32m"http://www.w3.org/2000/svg"[39m
            [36m>[39m
              [36m<path[39m
                [33md[39m=[32m"m9 18 6-6-6-6"[39m
              [36m/>[39m
            [36m</svg>[39m
            [36m<span[39m
              [33mclass[39m=[32m"text-sm font-semibold text-c-text truncate"[39m
            [36m>[39m
              [0mAutomatyzacja linii pakowania[0m
            [36m</span>[39m
          [36m</nav>[39m
        [36m</div>[39m
        [36m<div[39m
          [33mclass[39m=[32m"min-h-0 flex-1"[39m
        [36m>[39m
          [36m<div[39m
            [33mclass[39m=[32m"h-full min-h-0 flex"[39m
          [36m>[39m
            [36m<div[39m
              [33mclass[39m=[32m"flex-1 min-w-0 h-full min-h-0 overflow-y-auto bg-gradient-to-br from-slate-100 via-slate-50 to-slate-100 dark:from-navy-950 dark:via-navy-900 dark:to-navy-950"[39m
            [36m>[39m
              [36m<div[39m
                [33mclass[39m=[32m"sticky top-0 z-30 bg-c-bg/90 pb-2 backdrop-blur-xl px-6 pt-4"[39m
              [36m>[39m
                [36m<div[39m
                  [33mclass[39m=[32m"max-w-6xl mx-auto"[39m
                [36m>[39m
                  [36m<div[39m
                    [33mclass[39m=[32m"col-span-full border border-c-border bg-c-surface-raised/90 backdrop-blur-xl rounded-2xl overflow-hidden shadow-elevation-1"[39m
                    [33mdata-nmode-header[39m=[32m"true"[39m
                    [33mstyle[39m=[32m"opacity: 1; transform: none;"[39m
                  [36m>[39m
                    [36m<div[39m
                      [33mclass[39m=[32m"flex flex-wrap items-center gap-3 px-5 py-3 lg:flex-nowrap lg:gap-4"[39m
                    [36m>[39m
                      [36m<button[39m
                        [33maria-label[39m=[32m"Wstecz"[39m
                        [33mclass[39m=[32m"p-2 -ml-2 rounded-xl text-c-text-secondary hover:bg-state-hover transition-all duration-150 focus-visible:outline-none focus-visible:ring-2 focus-visible:ring-[color:var(--c-focus)]"[39m
                        [33mtabindex[39m=[32m"0"[39m
                        [33mtitle[39m=[32m"Wstecz"[39m
                      [36m>[39m
                        [36m<svg[39m
                          [33maria-hidden[39m=[32m"true"[39m
                          [33mclass[39m=[32m"lucide lucide-chevron-left"[39m
                          [33mfill[39m=[32m"none"[39m
                          [33mheight[39m=[32m"20"[39m
                          [33mstroke[39m=[32m"currentColor"[39m
                          [33mstroke-linecap[39m=[32m"round"[39m
                          [33mstroke-linejoin[39m=[32m"round"[39m
                          [33mstroke-width[39m=[32m"2"[39m
                          [33mviewBox[39m=[32m"0 0 24 24"[39m
                          [33mwidth[39m=[32m"20"[39m
                          [33mxmlns[39m=[32m"http://www.w3.org/2000/svg"[39m
                        [36m>[39m
                          [36m<path[39m
                            [33md[39m=[32m"m15 18-6-6 6-6"[39m
                          [36m/>[39m
                        [36m</svg>[39m
                      [36m</button>[39m
                      [36m<div[39m
                        [33mclass[39m=[32m"flex-1 min-w-0 flex flex-wrap items-center gap-2.5"[39m
                      [36m>[39m
                        [36m<span[39m
                          [33mclass[39m=[32m"min-w-0 truncate text-xl font-bold text-c-text"[39m
                          [33mtitle[39m=[32m"Automatyzacja linii pakowania"[39m
                        [36m>[39m
                          [0mAutomatyzacja linii pakowania[0m
                        [36m</span>[39m
                        [36m<span[39m
                          [33mclass[39m=[32m"inline-flex shrink-0 items-center h-5 px-2 rounded-md text-[11px] font-medium whitespace-nowrap bg-[color-mix(in_srgb,var(--c-info)_15%,transparent)] text-c-info"[39m
                        [36m>[39m
                          [0mModelowanie[0m
                        [36m</span>[39m
                      [36m</div>[39m
                      [36m<div[39m
                        [33mclass[39m=[32m"flex flex-wrap items-center justify-end gap-2 shrink-0"[39m
                      [36m>[39m
                        [36m<div[39m
                          [33mclass[39m=[32m"relative shrink-0"[39m
                        [36m>[39m
                          [36m<button[39m
                            [33maria-expanded[39m=[32m"false"[39m
                            [33maria-haspopup[39m=[32m"menu"[39m
                            [33maria-label[39m=[32m"sharedComponents.nModeHeader.moreActions"[39m
                            [33mclass[39m=[32m"p-2 rounded-xl text-c-text-secondary hover:bg-state-hover transition-colors focus-visible:outline-none focus-visible:ring-2 focus-visible:ring-[color:var(--c-focus)]"[39m
                            [33mtitle[39m=[32m"sharedComponents.nModeHeader.moreActions"[39m
                            [33mtype[39m=[32m"button"[39m
                          [36m>[39m
                            [36m<svg[39m
                              [33maria-hidden[39m=[32m"true"[39m
                              [33mclass[39m=[3...

Ignored nodes: comments, script, style
[36m<body>[39m
  [36m<div>[39m
    [36m<div[39m
      [33mclass[39m=[32m"h-full"[39m
      [33mdata-testid[39m=[32m"results-vnext-roi-tool-page"[39m
    [36m>[39m
      [36m<div[39m
        [33mclass[39m=[32m"flex h-full min-h-0 flex-col bg-c-bg"[39m
        [33mdata-testid[39m=[32m"roi-case-card"[39m
      [36m>[39m
        [36m<div[39m
          [33mclass[39m=[32m"px-6 pt-3"[39m
        [36m>[39m
          [36m<nav[39m
            [33maria-label[39m=[32m"Breadcrumb"[39m
            [33mclass[39m=[32m"mx-auto flex max-w-6xl min-w-0 items-center gap-1.5"[39m
          [36m>[39m
            [36m<button[39m
              [33mclass[39m=[32m"text-sm font-medium text-c-text-muted hover:text-c-text transition-colors truncate"[39m
              [33mtype[39m=[32m"button"[39m
            [36m>[39m
              [0mRejestr ROI[0m
            [36m</button>[39m
            [36m<svg[39m
              [33maria-hidden[39m=[32m"true"[39m
              [33mclass[39m=[32m"lucide lucide-chevron-right shrink-0 text-c-text-muted"[39m
              [33mfill[39m=[32m"none"[39m
              [33mheight[39m=[32m"14"[39m
              [33mstroke[39m=[32m"currentColor"[39m
              [33mstroke-linecap[39m=[32m"round"[39m
              [33mstroke-linejoin[39m=[32m"round"[39m
              [33mstroke-width[39m=[32m"2"[39m
              [33mviewBox[39m=[32m"0 0 24 24"[39m
              [33mwidth[39m=[32m"14"[39m
              [33mxmlns[39m=[32m"http://www.w3.org/2000/svg"[39m
            [36m>[39m
              [36m<path[39m
                [33md[39m=[32m"m9 18 6-6-6-6"[39m
              [36m/>[39m
            [36m</svg>[39m
            [36m<span[39m
              [33mclass[39m=[32m"text-sm font-semibold text-c-text truncate"[39m
            [36m>[39m
              [0mAutomatyzacja linii pakowania[0m
            [36m</span>[39m
          [36m</nav>[39m
        [36m</div>[39m
        [36m<div[39m
          [33mclass[39m=[32m"min-h-0 flex-1"[39m
        [36m>[39m
          [36m<div[39m
            [33mclass[39m=[32m"h-full min-h-0 flex"[39m
          [36m>[39m
            [36m<div[39m
              [33mclass[39m=[32m"flex-1 min-w-0 h-full min-h-0 overflow-y-auto bg-gradient-to-br from-slate-100 via-slate-50 to-slate-100 dark:from-navy-950 dark:via-navy-900 dark:to-navy-950"[39m
            [36m>[39m
              [36m<div[39m
                [33mclass[39m=[32m"sticky top-0 z-30 bg-c-bg/90 pb-2 backdrop-blur-xl px-6 pt-4"[39m
              [36m>[39m
                [36m<div[39m
                  [33mclass[39m=[32m"max-w-6xl mx-auto"[39m
                [36m>[39m
                  [36m<div[39m
                    [33mclass[39m=[32m"col-span-full border border-c-border bg-c-surface-raised/90 backdrop-blur-xl rounded-2xl overflow-hidden shadow-elevation-1"[39m
                    [33mdata-nmode-header[39m=[32m"true"[39m
                    [33mstyle[39m=[32m"opacity: 1; transform: none;"[39m
                  [36m>[39m
                    [36m<div[39m
                      [33mclass[39m=[32m"flex flex-wrap items-center gap-3 px-5 py-3 lg:flex-nowrap lg:gap-4"[39m
                    [36m>[39m
                      [36m<button[39m
                        [33maria-label[39m=[32m"Wstecz"[39m
                        [33mclass[39m=[32m"p-2 -ml-2 rounded-xl text-c-text-secondary hover:bg-state-hover transition-all duration-150 focus-visible:outline-none focus-visible:ring-2 focus-visible:ring-[color:var(--c-focus)]"[39m
                        [33mtabindex[39m=[32m"0"[39m
                        [33mtitle[39m=[32m"Wstecz"[39m
                      [36m>[39m
                        [36m<svg[39m
                          [33maria-hidden[39m=[32m"true"[39m
                          [33mclass[39m=[32m"lucide lucide-chevron-left"[39m
                          [33mfill[39m=[32m"none"[39m
                          [33mheight[39m=[32m"20"[39m
                          [33mstroke[39m=[32m"currentColor"[39m
                          [33mstroke-linecap[39m=[32m"round"[39m
                          [33mstroke-linejoin[39m=[32m"round"[39m
                          [33mstroke-width[39m=[32m"2"[39m
                          [33mviewBox[39m=[32m"0 0 24 24"[39m
                          [33mwidth[39m=[32m"20"[39m
                          [33mxmlns[39m=[32m"http://www.w3.org/2000/svg"[39m
                        [36m>[39m
                          [36m<path[39m
                            [33md[39m=[32m"m15 18-6-6 6-6"[39m
                          [36m/>[39m
                        [36m</svg>[39m
                      [36m</button>[39m
                      [36m<div[39m
                        [33mclass[39m=[32m"flex-1 min-w-0 flex flex-wrap items-center gap-2.5"[39m
                      [36m>[39m
                        [36m<span[39m
                          [33mclass[39m=[32m"min-w-0 truncate text-xl font-bold text-c-text"[39m
                          [33mtitle[39m=[32m"Automatyzacja linii pakowania"[39m
                        [36m>[39m
                          [0mAutomatyzacja linii pakowania[0m
                        [36m</span>[39m
                        [36m<span[39m
                          [33mclass[39m=[32m"inline-flex shrink-0 items-center h-5 px-2 rounded-md text-[11px] font-medium whitespace-nowrap bg-[color-mix(in_srgb,var(--c-info)_15%,transparent)] text-c-info"[39m
                        [36m>[39m
                          [0mModelowanie[0m
                        [36m</span>[39m
                      [36m</div>[39m
                      [36m<div[39m
                        [33mclass[39m=[32m"flex flex-wrap items-center justify-end gap-2 shrink-0"[39m
                      [36m>[39m
                        [36m<div[39m
                          [33mclass[39m=[32m"relative shrink-0"[39m
                        [36m>[39m
                          [36m<button[39m
                            [33maria-expanded[39m=[32m"false"[39m
                            [33maria-haspopup[39m=[32m"menu"[39m
                            [33maria-label[39m=[32m"sharedComponents.nModeHeader.moreActions"[39m
                            [33mclass[39m=[32m"p-2 rounded-xl text-c-text-secondary hover:bg-state-hover transition-colors focus-visible:outline-none focus-visible:ring-2 focus-visible:ring-[color:var(--c-focus)]"[39m
                            [33mtitle[39m=[32m"sharedComponents.nModeHeader.moreActions"[39m
                            [33mtype[39m=[32m"button"[39m
                          [36m>[39m
                            [36m<svg[39m
                              [33maria-hidden[39m=[32m"true"[39m
                              [33mclass[39m=[3...
 ❯ waitForWrapper node_modules/@testing-library/dom/dist/wait-for.js:163:27
 ❯ node_modules/@testing-library/dom/dist/query-helpers.js:86:33
 ❯ tests/components/ResultsVNext/roi/RoiCaseToolPage.test.tsx:141:25
    139|     mockFetch();
    140|     renderAt(`/results/roi/cases/${CASE_ID}`);
    141|     expect(await screen.findByTestId('results-vnext-roi-tool-disabled'…
       |                         ^
    142|     expect(global.fetch).not.toHaveBeenCalled();
    143|   });

⎯⎯⎯⎯⎯⎯⎯⎯⎯⎯⎯⎯⎯⎯⎯⎯⎯⎯⎯⎯⎯⎯[22/27]⎯

⎯⎯⎯⎯⎯⎯ Unhandled Errors ⎯⎯⎯⎯⎯⎯

Vitest caught 14 unhandled errors during the test run.
This might cause false positive tests. Resolve unhandled errors to make sure your tests are not affected.

⎯⎯⎯⎯⎯ Uncaught Exception ⎯⎯⎯⎯⎯
TypeError: i18n.getFixedT is not a function
 ❯ SectionsManagerMenu src/components/shared/NModeLayout/NModeCardManager.tsx:250:54
    248| }) => {
    249|   const { t: tHook, i18n } = useTranslation();
    250|   const t = typeof isPolishProp === 'boolean' ? i18n.getFixedT(isPolis…
       |                                                      ^
    251|   const isPolish = isPolishProp ?? i18n.language === 'pl';
    252|   const [open, setOpen] = useState(false);
 ❯ Object.react_stack_bottom_frame node_modules/react-dom/cjs/react-dom-client.development.js:25904:20
 ❯ renderWithHooks node_modules/react-dom/cjs/react-dom-client.development.js:7662:22
 ❯ updateFunctionComponent node_modules/react-dom/cjs/react-dom-client.development.js:10166:19
 ❯ beginWork node_modules/react-dom/cjs/react-dom-client.development.js:11778:18
 ❯ runWithFiberInDEV node_modules/react-dom/cjs/react-dom-client.development.js:874:13
 ❯ performUnitOfWork node_modules/react-dom/cjs/react-dom-client.development.js:17641:22
 ❯ workLoopSync node_modules/react-dom/cjs/react-dom-client.development.js:17469:41
 ❯ renderRootSync node_modules/react-dom/cjs/react-dom-client.development.js:17450:11
 ❯ performWorkOnRoot node_modules/react-dom/cjs/react-dom-client.development.js:16583:35

This error originated in "tests/resultsVnext/kpi/day199.kpiToolSections.component.test.tsx" test file. It doesn't mean the error was thrown inside the file itself, but while it was running.
The latest test that might've caused the error is "renders an honest empty state for scorecards returned by the reverse lookup". It might mean one of the following:
- The error was thrown, while Vitest was running this test.
- If the error occurred after the test had been completed, this was the last documented test before it was thrown.

⎯⎯⎯⎯⎯ Uncaught Exception ⎯⎯⎯⎯⎯
TypeError: i18n.getFixedT is not a function
 ❯ SectionsManagerMenu src/components/shared/NModeLayout/NModeCardManager.tsx:250:54
    248| }) => {
    249|   const { t: tHook, i18n } = useTranslation();
    250|   const t = typeof isPolishProp === 'boolean' ? i18n.getFixedT(isPolis…
       |                                                      ^
    251|   const isPolish = isPolishProp ?? i18n.language === 'pl';
    252|   const [open, setOpen] = useState(false);
 ❯ Object.react_stack_bottom_frame node_modules/react-dom/cjs/react-dom-client.development.js:25904:20
 ❯ renderWithHooks node_modules/react-dom/cjs/react-dom-client.development.js:7662:22
 ❯ updateFunctionComponent node_modules/react-dom/cjs/react-dom-client.development.js:10166:19
 ❯ beginWork node_modules/react-dom/cjs/react-dom-client.development.js:11778:18
 ❯ runWithFiberInDEV node_modules/react-dom/cjs/react-dom-client.development.js:874:13
 ❯ performUnitOfWork node_modules/react-dom/cjs/react-dom-client.development.js:17641:22
 ❯ workLoopSync node_modules/react-dom/cjs/react-dom-client.development.js:17469:41
 ❯ renderRootSync node_modules/react-dom/cjs/react-dom-client.development.js:17450:11
 ❯ performWorkOnRoot node_modules/react-dom/cjs/react-dom-client.development.js:16583:35

This error originated in "tests/resultsVnext/kpi/day199.kpiToolSections.component.test.tsx" test file. It doesn't mean the error was thrown inside the file itself, but while it was running.
The latest test that might've caused the error is "renders scorecard data returned by the reverse lookup". It might mean one of the following:
- The error was thrown, while Vitest was running this test.
- If the error occurred after the test had been completed, this was the last documented test before it was thrown.

⎯⎯⎯⎯⎯ Uncaught Exception ⎯⎯⎯⎯⎯
TypeError: i18n.getFixedT is not a function
 ❯ SectionsManagerMenu src/components/shared/NModeLayout/NModeCardManager.tsx:250:54
    248| }) => {
    249|   const { t: tHook, i18n } = useTranslation();
    250|   const t = typeof isPolishProp === 'boolean' ? i18n.getFixedT(isPolis…
       |                                                      ^
    251|   const isPolish = isPolishProp ?? i18n.language === 'pl';
    252|   const [open, setOpen] = useState(false);
 ❯ Object.react_stack_bottom_frame node_modules/react-dom/cjs/react-dom-client.development.js:25904:20
 ❯ renderWithHooks node_modules/react-dom/cjs/react-dom-client.development.js:7662:22
 ❯ updateFunctionComponent node_modules/react-dom/cjs/react-dom-client.development.js:10166:19
 ❯ beginWork node_modules/react-dom/cjs/react-dom-client.development.js:11778:18
 ❯ runWithFiberInDEV node_modules/react-dom/cjs/react-dom-client.development.js:874:13
 ❯ performUnitOfWork node_modules/react-dom/cjs/react-dom-client.development.js:17641:22
 ❯ workLoopSync node_modules/react-dom/cjs/react-dom-client.development.js:17469:41
 ❯ renderRootSync node_modules/react-dom/cjs/react-dom-client.development.js:17450:11
 ❯ performWorkOnRoot node_modules/react-dom/cjs/react-dom-client.development.js:16583:35

This error originated in "tests/resultsVnext/kpi/day199.kpiToolSections.component.test.tsx" test file. It doesn't mean the error was thrown inside the file itself, but while it was running.
The latest test that might've caused the error is "renders an honest empty state for KPI history". It might mean one of the following:
- The error was thrown, while Vitest was running this test.
- If the error occurred after the test had been completed, this was the last documented test before it was thrown.

⎯⎯⎯⎯⎯ Uncaught Exception ⎯⎯⎯⎯⎯
TypeError: i18n.getFixedT is not a function
 ❯ SectionsManagerMenu src/components/shared/NModeLayout/NModeCardManager.tsx:250:54
    248| }) => {
    249|   const { t: tHook, i18n } = useTranslation();
    250|   const t = typeof isPolishProp === 'boolean' ? i18n.getFixedT(isPolis…
       |                                                      ^
    251|   const isPolish = isPolishProp ?? i18n.language === 'pl';
    252|   const [open, setOpen] = useState(false);
 ❯ Object.react_stack_bottom_frame node_modules/react-dom/cjs/react-dom-client.development.js:25904:20
 ❯ renderWithHooks node_modules/react-dom/cjs/react-dom-client.development.js:7662:22
 ❯ updateFunctionComponent node_modules/react-dom/cjs/react-dom-client.development.js:10166:19
 ❯ beginWork node_modules/react-dom/cjs/react-dom-client.development.js:11778:18
 ❯ runWithFiberInDEV node_modules/react-dom/cjs/react-dom-client.development.js:874:13
 ❯ performUnitOfWork node_modules/react-dom/cjs/react-dom-client.development.js:17641:22
 ❯ workLoopSync node_modules/react-dom/cjs/react-dom-client.development.js:17469:41
 ❯ renderRootSync node_modules/react-dom/cjs/react-dom-client.development.js:17450:11
 ❯ performWorkOnRoot node_modules/react-dom/cjs/react-dom-client.development.js:16583:35

This error originated in "tests/resultsVnext/kpi/day199.kpiToolSections.component.test.tsx" test file. It doesn't mean the error was thrown inside the file itself, but while it was running.
The latest test that might've caused the error is "renders immutable KPI history entries". It might mean one of the following:
- The error was thrown, while Vitest was running this test.
- If the error occurred after the test had been completed, this was the last documented test before it was thrown.

⎯⎯⎯⎯⎯ Uncaught Exception ⎯⎯⎯⎯⎯
TypeError: i18n.getFixedT is not a function
 ❯ SectionsManagerMenu src/components/shared/NModeLayout/NModeCardManager.tsx:250:54
    248| }) => {
    249|   const { t: tHook, i18n } = useTranslation();
    250|   const t = typeof isPolishProp === 'boolean' ? i18n.getFixedT(isPolis…
       |                                                      ^
    251|   const isPolish = isPolishProp ?? i18n.language === 'pl';
    252|   const [open, setOpen] = useState(false);
 ❯ Object.react_stack_bottom_frame node_modules/react-dom/cjs/react-dom-client.development.js:25904:20
 ❯ renderWithHooks node_modules/react-dom/cjs/react-dom-client.development.js:7662:22
 ❯ updateFunctionComponent node_modules/react-dom/cjs/react-dom-client.development.js:10166:19
 ❯ beginWork node_modules/react-dom/cjs/react-dom-client.development.js:11778:18
 ❯ runWithFiberInDEV node_modules/react-dom/cjs/react-dom-client.development.js:874:13
 ❯ performUnitOfWork node_modules/react-dom/cjs/react-dom-client.development.js:17641:22
 ❯ workLoopSync node_modules/react-dom/cjs/react-dom-client.development.js:17469:41
 ❯ renderRootSync node_modules/react-dom/cjs/react-dom-client.development.js:17450:11
 ❯ performWorkOnRoot node_modules/react-dom/cjs/react-dom-client.development.js:16583:35

This error originated in "tests/components/ResultsVNext/KpiTrzyPoziomy.test.tsx" test file. It doesn't mean the error was thrown inside the file itself, but while it was running.
The latest test that might've caused the error is "POZIOM 3: karta N ma DOKŁADNIE trzystopniową ścieżkę, w tej kolejności". It might mean one of the following:
- The error was thrown, while Vitest was running this test.
- If the error occurred after the test had been completed, this was the last documented test before it was thrown.

⎯⎯⎯⎯⎯ Uncaught Exception ⎯⎯⎯⎯⎯
TypeError: i18n.getFixedT is not a function
 ❯ SectionsManagerMenu src/components/shared/NModeLayout/NModeCardManager.tsx:250:54
    248| }) => {
    249|   const { t: tHook, i18n } = useTranslation();
    250|   const t = typeof isPolishProp === 'boolean' ? i18n.getFixedT(isPolis…
       |                                                      ^
    251|   const isPolish = isPolishProp ?? i18n.language === 'pl';
    252|   const [open, setOpen] = useState(false);
 ❯ Object.react_stack_bottom_frame node_modules/react-dom/cjs/react-dom-client.development.js:25904:20
 ❯ renderWithHooks node_modules/react-dom/cjs/react-dom-client.development.js:7662:22
 ❯ updateFunctionComponent node_modules/react-dom/cjs/react-dom-client.development.js:10166:19
 ❯ beginWork node_modules/react-dom/cjs/react-dom-client.development.js:11778:18
 ❯ runWithFiberInDEV node_modules/react-dom/cjs/react-dom-client.development.js:874:13
 ❯ performUnitOfWork node_modules/react-dom/cjs/react-dom-client.development.js:17641:22
 ❯ workLoopSync node_modules/react-dom/cjs/react-dom-client.development.js:17469:41
 ❯ renderRootSync node_modules/react-dom/cjs/react-dom-client.development.js:17450:11
 ❯ performWorkOnRoot node_modules/react-dom/cjs/react-dom-client.development.js:16583:35

This error originated in "tests/components/ResultsVNext/KpiTrzyPoziomy.test.tsx" test file. It doesn't mean the error was thrown inside the file itself, but while it was running.
The latest test that might've caused the error is "POZIOM 3: adres bez parametru dalej działa — stopień raportu z REALNEJ przynależności". It might mean one of the following:
- The error was thrown, while Vitest was running this test.
- If the error occurred after the test had been completed, this was the last documented test before it was thrown.

⎯⎯⎯⎯⎯ Uncaught Exception ⎯⎯⎯⎯⎯
TypeError: i18n.getFixedT is not a function
 ❯ SectionsManagerMenu src/components/shared/NModeLayout/NModeCardManager.tsx:250:54
    248| }) => {
    249|   const { t: tHook, i18n } = useTranslation();
    250|   const t = typeof isPolishProp === 'boolean' ? i18n.getFixedT(isPolis…
       |                                                      ^
    251|   const isPolish = isPolishProp ?? i18n.language === 'pl';
    252|   const [open, setOpen] = useState(false);
 ❯ Object.react_stack_bottom_frame node_modules/react-dom/cjs/react-dom-client.development.js:25904:20
 ❯ renderWithHooks node_modules/react-dom/cjs/react-dom-client.development.js:7662:22
 ❯ updateFunctionComponent node_modules/react-dom/cjs/react-dom-client.development.js:10166:19
 ❯ beginWork node_modules/react-dom/cjs/react-dom-client.development.js:11778:18
 ❯ runWithFiberInDEV node_modules/react-dom/cjs/react-dom-client.development.js:874:13
 ❯ performUnitOfWork node_modules/react-dom/cjs/react-dom-client.development.js:17641:22
 ❯ workLoopSync node_modules/react-dom/cjs/react-dom-client.development.js:17469:41
 ❯ renderRootSync node_modules/react-dom/cjs/react-dom-client.development.js:17450:11
 ❯ performWorkOnRoot node_modules/react-dom/cjs/react-dom-client.development.js:16583:35

This error originated in "tests/components/ResultsVNext/KpiTrzyPoziomy.test.tsx" test file. It doesn't mean the error was thrown inside the file itself, but while it was running.
The latest test that might've caused the error is "MUTACJA (c): raport stoi MIĘDZY rejestrem a miernikiem, nie pod miernikiem". It might mean one of the following:
- The error was thrown, while Vitest was running this test.
- If the error occurred after the test had been completed, this was the last documented test before it was thrown.

⎯⎯⎯⎯⎯ Uncaught Exception ⎯⎯⎯⎯⎯
TypeError: i18n.getFixedT is not a function
 ❯ SectionsManagerMenu src/components/shared/NModeLayout/NModeCardManager.tsx:250:54
    248| }) => {
    249|   const { t: tHook, i18n } = useTranslation();
    250|   const t = typeof isPolishProp === 'boolean' ? i18n.getFixedT(isPolis…
       |                                                      ^
    251|   const isPolish = isPolishProp ?? i18n.language === 'pl';
    252|   const [open, setOpen] = useState(false);
 ❯ Object.react_stack_bottom_frame node_modules/react-dom/cjs/react-dom-client.development.js:25904:20
 ❯ renderWithHooks node_modules/react-dom/cjs/react-dom-client.development.js:7662:22
 ❯ updateFunctionComponent node_modules/react-dom/cjs/react-dom-client.development.js:10166:19
 ❯ beginWork node_modules/react-dom/cjs/react-dom-client.development.js:11778:18
 ❯ runWithFiberInDEV node_modules/react-dom/cjs/react-dom-client.development.js:874:13
 ❯ performUnitOfWork node_modules/react-dom/cjs/react-dom-client.development.js:17641:22
 ❯ workLoopSync node_modules/react-dom/cjs/react-dom-client.development.js:17469:41
 ❯ renderRootSync node_modules/react-dom/cjs/react-dom-client.development.js:17450:11
 ❯ performWorkOnRoot node_modules/react-dom/cjs/react-dom-client.development.js:16583:35

This error originated in "tests/unit/results-okr/okrTrzyPoziomy.test.tsx" test file. It doesn't mean the error was thrown inside the file itself, but while it was running.
The latest test that might've caused the error is "renderuje pięć sekcji (w tym „Check-iny") i przycisk check-inu na bloku rezultatu". It might mean one of the following:
- The error was thrown, while Vitest was running this test.
- If the error occurred after the test had been completed, this was the last documented test before it was thrown.

⎯⎯⎯⎯⎯ Uncaught Exception ⎯⎯⎯⎯⎯
TypeError: i18n.getFixedT is not a function
 ❯ SectionsManagerMenu src/components/shared/NModeLayout/NModeCardManager.tsx:250:54
    248| }) => {
    249|   const { t: tHook, i18n } = useTranslation();
    250|   const t = typeof isPolishProp === 'boolean' ? i18n.getFixedT(isPolis…
       |                                                      ^
    251|   const isPolish = isPolishProp ?? i18n.language === 'pl';
    252|   const [open, setOpen] = useState(false);
 ❯ Object.react_stack_bottom_frame node_modules/react-dom/cjs/react-dom-client.development.js:25904:20
 ❯ renderWithHooks node_modules/react-dom/cjs/react-dom-client.development.js:7662:22
 ❯ updateFunctionComponent node_modules/react-dom/cjs/react-dom-client.development.js:10166:19
 ❯ beginWork node_modules/react-dom/cjs/react-dom-client.development.js:11778:18
 ❯ runWithFiberInDEV node_modules/react-dom/cjs/react-dom-client.development.js:874:13
 ❯ performUnitOfWork node_modules/react-dom/cjs/react-dom-client.development.js:17641:22
 ❯ workLoopSync node_modules/react-dom/cjs/react-dom-client.development.js:17469:41
 ❯ renderRootSync node_modules/react-dom/cjs/react-dom-client.development.js:17450:11
 ❯ performWorkOnRoot node_modules/react-dom/cjs/react-dom-client.development.js:16583:35

This error originated in "tests/unit/results-okr/okrTrzyPoziomy.test.tsx" test file. It doesn't mean the error was thrown inside the file itself, but while it was running.
The latest test that might've caused the error is "okruszek wraca do RAPORTU (poziom 2), nie do powłoki administracyjnej zestawu". It might mean one of the following:
- The error was thrown, while Vitest was running this test.
- If the error occurred after the test had been completed, this was the last documented test before it was thrown.

⎯⎯⎯⎯⎯ Uncaught Exception ⎯⎯⎯⎯⎯
TypeError: i18n.getFixedT is not a function
 ❯ SectionsManagerMenu src/components/shared/NModeLayout/NModeCardManager.tsx:250:54
    248| }) => {
    249|   const { t: tHook, i18n } = useTranslation();
    250|   const t = typeof isPolishProp === 'boolean' ? i18n.getFixedT(isPolis…
       |                                                      ^
    251|   const isPolish = isPolishProp ?? i18n.language === 'pl';
    252|   const [open, setOpen] = useState(false);
 ❯ Object.react_stack_bottom_frame node_modules/react-dom/cjs/react-dom-client.development.js:25904:20
 ❯ renderWithHooks node_modules/react-dom/cjs/react-dom-client.development.js:7662:22
 ❯ updateFunctionComponent node_modules/react-dom/cjs/react-dom-client.development.js:10166:19
 ❯ beginWork node_modules/react-dom/cjs/react-dom-client.development.js:11778:18
 ❯ runWithFiberInDEV node_modules/react-dom/cjs/react-dom-client.development.js:874:13
 ❯ performUnitOfWork node_modules/react-dom/cjs/react-dom-client.development.js:17641:22
 ❯ workLoopSync node_modules/react-dom/cjs/react-dom-client.development.js:17469:41
 ❯ renderRootSync node_modules/react-dom/cjs/react-dom-client.development.js:17450:11
 ❯ performWorkOnRoot node_modules/react-dom/cjs/react-dom-client.development.js:16583:35

This error originated in "tests/components/ResultsVNext/KpiToolPage.test.tsx" test file. It doesn't mean the error was thrown inside the file itself, but while it was running.
The latest test that might've caused the error is "golden flow renders with NO explicit flag override — this is now the default path". It might mean one of the following:
- The error was thrown, while Vitest was running this test.
- If the error occurred after the test had been completed, this was the last documented test before it was thrown.

⎯⎯⎯⎯⎯ Uncaught Exception ⎯⎯⎯⎯⎯
TypeError: i18n.getFixedT is not a function
 ❯ SectionsManagerMenu src/components/shared/NModeLayout/NModeCardManager.tsx:250:54
    248| }) => {
    249|   const { t: tHook, i18n } = useTranslation();
    250|   const t = typeof isPolishProp === 'boolean' ? i18n.getFixedT(isPolis…
       |                                                      ^
    251|   const isPolish = isPolishProp ?? i18n.language === 'pl';
    252|   const [open, setOpen] = useState(false);
 ❯ Object.react_stack_bottom_frame node_modules/react-dom/cjs/react-dom-client.development.js:25904:20
 ❯ renderWithHooks node_modules/react-dom/cjs/react-dom-client.development.js:7662:22
 ❯ updateFunctionComponent node_modules/react-dom/cjs/react-dom-client.development.js:10166:19
 ❯ beginWork node_modules/react-dom/cjs/react-dom-client.development.js:11778:18
 ❯ runWithFiberInDEV node_modules/react-dom/cjs/react-dom-client.development.js:874:13
 ❯ performUnitOfWork node_modules/react-dom/cjs/react-dom-client.development.js:17641:22
 ❯ workLoopSync node_modules/react-dom/cjs/react-dom-client.development.js:17469:41
 ❯ renderRootSync node_modules/react-dom/cjs/react-dom-client.development.js:17450:11
 ❯ performWorkOnRoot node_modules/react-dom/cjs/react-dom-client.development.js:16583:35

This error originated in "tests/components/ResultsVNext/KpiToolPage.test.tsx" test file. It doesn't mean the error was thrown inside the file itself, but while it was running.
The latest test that might've caused the error is "golden flow: loads the KPI, shows real latest measurement, performance+data-quality shown as two independent chips". It might mean one of the following:
- The error was thrown, while Vitest was running this test.
- If the error occurred after the test had been completed, this was the last documented test before it was thrown.

⎯⎯⎯⎯⎯ Uncaught Exception ⎯⎯⎯⎯⎯
TypeError: i18n.getFixedT is not a function
 ❯ SectionsManagerMenu src/components/shared/NModeLayout/NModeCardManager.tsx:250:54
    248| }) => {
    249|   const { t: tHook, i18n } = useTranslation();
    250|   const t = typeof isPolishProp === 'boolean' ? i18n.getFixedT(isPolis…
       |                                                      ^
    251|   const isPolish = isPolishProp ?? i18n.language === 'pl';
    252|   const [open, setOpen] = useState(false);
 ❯ Object.react_stack_bottom_frame node_modules/react-dom/cjs/react-dom-client.development.js:25904:20
 ❯ renderWithHooks node_modules/react-dom/cjs/react-dom-client.development.js:7662:22
 ❯ updateFunctionComponent node_modules/react-dom/cjs/react-dom-client.development.js:10166:19
 ❯ beginWork node_modules/react-dom/cjs/react-dom-client.development.js:11778:18
 ❯ runWithFiberInDEV node_modules/react-dom/cjs/react-dom-client.development.js:874:13
 ❯ performUnitOfWork node_modules/react-dom/cjs/react-dom-client.development.js:17641:22
 ❯ workLoopSync node_modules/react-dom/cjs/react-dom-client.development.js:17469:41
 ❯ renderRootSync node_modules/react-dom/cjs/react-dom-client.development.js:17450:11
 ❯ performWorkOnRoot node_modules/react-dom/cjs/react-dom-client.development.js:16583:35

This error originated in "tests/components/ResultsVNext/KpiToolPage.test.tsx" test file. It doesn't mean the error was thrown inside the file itself, but while it was running.
The latest test that might've caused the error is "enables activation when the current definition version is approved". It might mean one of the following:
- The error was thrown, while Vitest was running this test.
- If the error occurred after the test had been completed, this was the last documented test before it was thrown.

⎯⎯⎯⎯⎯ Uncaught Exception ⎯⎯⎯⎯⎯
TypeError: i18n.getFixedT is not a function
 ❯ SectionsManagerMenu src/components/shared/NModeLayout/NModeCardManager.tsx:250:54
    248| }) => {
    249|   const { t: tHook, i18n } = useTranslation();
    250|   const t = typeof isPolishProp === 'boolean' ? i18n.getFixedT(isPolis…
       |                                                      ^
    251|   const isPolish = isPolishProp ?? i18n.language === 'pl';
    252|   const [open, setOpen] = useState(false);
 ❯ Object.react_stack_bottom_frame node_modules/react-dom/cjs/react-dom-client.development.js:25904:20
 ❯ renderWithHooks node_modules/react-dom/cjs/react-dom-client.development.js:7662:22
 ❯ updateFunctionComponent node_modules/react-dom/cjs/react-dom-client.development.js:10166:19
 ❯ beginWork node_modules/react-dom/cjs/react-dom-client.development.js:11778:18
 ❯ runWithFiberInDEV node_modules/react-dom/cjs/react-dom-client.development.js:874:13
 ❯ performUnitOfWork node_modules/react-dom/cjs/react-dom-client.development.js:17641:22
 ❯ workLoopSync node_modules/react-dom/cjs/react-dom-client.development.js:17469:41
 ❯ renderRootSync node_modules/react-dom/cjs/react-dom-client.development.js:17450:11
 ❯ performWorkOnRoot node_modules/react-dom/cjs/react-dom-client.development.js:16583:35

This error originated in "tests/components/ResultsVNext/KpiToolPage.test.tsx" test file. It doesn't mean the error was thrown inside the file itself, but while it was running.
The latest test that might've caused the error is "Deviations section lists the real case and clicking it requests navigation to the exact subview route". It might mean one of the following:
- The error was thrown, while Vitest was running this test.
- If the error occurred after the test had been completed, this was the last documented test before it was thrown.

⎯⎯⎯⎯⎯ Uncaught Exception ⎯⎯⎯⎯⎯
TypeError: i18n.getFixedT is not a function
 ❯ SectionsManagerMenu src/components/shared/NModeLayout/NModeCardManager.tsx:250:54
    248| }) => {
    249|   const { t: tHook, i18n } = useTranslation();
    250|   const t = typeof isPolishProp === 'boolean' ? i18n.getFixedT(isPolis…
       |                                                      ^
    251|   const isPolish = isPolishProp ?? i18n.language === 'pl';
    252|   const [open, setOpen] = useState(false);
 ❯ Object.react_stack_bottom_frame node_modules/react-dom/cjs/react-dom-client.development.js:25904:20
 ❯ renderWithHooks node_modules/react-dom/cjs/react-dom-client.development.js:7662:22
 ❯ updateFunctionComponent node_modules/react-dom/cjs/react-dom-client.development.js:10166:19
 ❯ beginWork node_modules/react-dom/cjs/react-dom-client.development.js:11778:18
 ❯ runWithFiberInDEV node_modules/react-dom/cjs/react-dom-client.development.js:874:13
 ❯ performUnitOfWork node_modules/react-dom/cjs/react-dom-client.development.js:17641:22
 ❯ workLoopSync node_modules/react-dom/cjs/react-dom-client.development.js:17469:41
 ❯ renderRootSync node_modules/react-dom/cjs/react-dom-client.development.js:17450:11
 ❯ performWorkOnRoot node_modules/react-dom/cjs/react-dom-client.development.js:16583:35

This error originated in "tests/components/ResultsVNext/KpiToolPage.test.tsx" test file. It doesn't mean the error was thrown inside the file itself, but while it was running.
The latest test that might've caused the error is "shows an honest error state with Retry when the KPI fetch fails, and Retry re-fetches". It might mean one of the following:
- The error was thrown, while Vitest was running this test.
- If the error occurred after the test had been completed, this was the last documented test before it was thrown.
⎯⎯⎯⎯⎯⎯⎯⎯⎯⎯⎯⎯⎯⎯⎯⎯⎯⎯⎯⎯⎯⎯⎯⎯⎯⎯⎯⎯⎯⎯


 Test Files  10 failed | 7 passed (17)
      Tests  27 failed | 100 passed (127)
     Errors  14 errors
   Start at  08:02:12
   Duration  30.47s (transform 2.04s, setup 767ms, import 6.07s, tests 18.17s, environment 4.06s)


⎯⎯⎯⎯⎯⎯ Failed Tests 27 ⎯⎯⎯⎯⎯⎯⎯

 FAIL  tests/resultsVnext/flagGateEnumeration.test.ts > Results VNext flag-gate enumeration > src/components/ResultsVNext/attention/ResultsAttentionPage.tsx retains the declared gate
 FAIL  tests/resultsVnext/flagGateEnumeration.test.ts > Results VNext flag-gate enumeration > src/components/ResultsVNext/attention/ResultsAttentionPage.tsx retains the declared gate
Error: ENOENT: no such file or directory, open '/Users/piotrwisniewski/Developer/codex-wt/kpi-1-u41-20260916/src/components/ResultsVNext/attention/ResultsAttentionPage.tsx'
 ❯ tests/resultsVnext/flagGateEnumeration.test.ts:65:12
     63| describe('Results VNext flag-gate enumeration', () => {
     64|   it.each(gates)('%s retains the declared gate', (file, token) => {
     65|     expect(readFileSync(path.join(repoRoot, file), 'utf8')).toContain(…
       |            ^
     66|   });
     67|

⎯⎯⎯⎯⎯⎯⎯⎯⎯⎯⎯⎯⎯⎯⎯⎯⎯⎯⎯⎯⎯⎯⎯⎯⎯⎯⎯⎯⎯⎯
Serialized Error: { errno: -2, code: 'ENOENT', syscall: 'open', path: '/Users/piotrwisniewski/Developer/codex-wt/kpi-1-u41-20260916/src/components/ResultsVNext/attention/ResultsAttentionPage.tsx' }
⎯⎯⎯⎯⎯⎯⎯⎯⎯⎯⎯⎯⎯⎯⎯⎯⎯⎯⎯⎯⎯⎯⎯[1/27]⎯

 FAIL  tests/resultsVnext/flagGateEnumeration.test.ts > Results VNext flag-gate enumeration > keeps the historical scorecards bypass mechanism isolated, unrouted, and prop-free
Error: ENOENT: no such file or directory, open '/Users/piotrwisniewski/Developer/codex-wt/kpi-1-u41-20260916/src/components/ResultsVNext/attention/ResultsAttentionPage.tsx'
 ❯ tests/resultsVnext/flagGateEnumeration.test.ts:87:24
     85|     );
     86|     const allSources = gates
     87|       .map(([file]) => readFileSync(path.join(repoRoot, file), 'utf8'))
       |                        ^
     88|       .join('\n');
     89|
 ❯ tests/resultsVnext/flagGateEnumeration.test.ts:87:8

⎯⎯⎯⎯⎯⎯⎯⎯⎯⎯⎯⎯⎯⎯⎯⎯⎯⎯⎯⎯⎯⎯⎯⎯⎯⎯⎯⎯⎯⎯
Serialized Error: { errno: -2, code: 'ENOENT', syscall: 'open', path: '/Users/piotrwisniewski/Developer/codex-wt/kpi-1-u41-20260916/src/components/ResultsVNext/attention/ResultsAttentionPage.tsx' }
⎯⎯⎯⎯⎯⎯⎯⎯⎯⎯⎯⎯⎯⎯⎯⎯⎯⎯⎯⎯⎯⎯⎯[2/27]⎯

 FAIL  tests/resultsVnext/resultsVNextFeatureFlags.navigationPersist.test.ts > resultsVNextFeatureFlags — flag survives in-app navigation that drops the query string (RN-G6 task 1) > never changes a DIFFERENT domain's default (roiRegistry still resolves false) — this fix is about persistence of an explicit choice, not a new default-on
AssertionError: expected true to be false // Object.is equality

- Expected
+ Received

- false
+ true

 ❯ tests/resultsVnext/resultsVNextFeatureFlags.navigationPersist.test.ts:118:54
    116|     isResultsVNextFlagEnabled('kpiRegistry');
    117|     setLocationSearch('');
    118|     expect(isResultsVNextFlagEnabled('roiRegistry')).toBe(false); // d…
       |                                                      ^
    119|   });
    120| });

⎯⎯⎯⎯⎯⎯⎯⎯⎯⎯⎯⎯⎯⎯⎯⎯⎯⎯⎯⎯⎯⎯⎯[3/27]⎯

 FAIL  tests/resultsVnext/kpi/day199.kpiToolSections.component.test.tsx > day199 KPI tool scorecards and history wiring > renders an honest empty state for scorecards returned by the reverse lookup
TestingLibraryElementError: Unable to find an element by: [data-testid="results-vnext-kpi-tool-page"]

Ignored nodes: comments, script, style
[36m<body>[39m
  [36m<div />[39m
[36m</body>[39m

Ignored nodes: comments, script, style
[36m<html[39m
  [33mdir[39m=[32m"ltr"[39m
  [33mlang[39m=[32m"en"[39m
[36m>[39m
  [36m<head />[39m
  [36m<body>[39m
    [36m<div />[39m
  [36m</body>[39m
[36m</html>[39m
 ❯ Proxy.waitForWrapper node_modules/@testing-library/dom/dist/wait-for.js:163:27
 ❯ openSection tests/resultsVnext/kpi/day199.kpiToolSections.component.test.tsx:75:9
     73|
     74| async function openSection(label: string) {
     75|   await waitFor(() => expect(screen.getByTestId('results-vnext-kpi-too…
       |         ^
     76|   await userEvent.click((await screen.findAllByText(label))[0]);
     77| }
 ❯ tests/resultsVnext/kpi/day199.kpiToolSections.component.test.tsx:88:11

⎯⎯⎯⎯⎯⎯⎯⎯⎯⎯⎯⎯⎯⎯⎯⎯⎯⎯⎯⎯⎯⎯⎯[4/27]⎯

 FAIL  tests/resultsVnext/kpi/day199.kpiToolSections.component.test.tsx > day199 KPI tool scorecards and history wiring > renders scorecard data returned by the reverse lookup
TestingLibraryElementError: Unable to find an element by: [data-testid="results-vnext-kpi-tool-page"]

Ignored nodes: comments, script, style
[36m<body>[39m
  [36m<div />[39m
[36m</body>[39m

Ignored nodes: comments, script, style
[36m<html[39m
  [33mdir[39m=[32m"ltr"[39m
  [33mlang[39m=[32m"en"[39m
[36m>[39m
  [36m<head />[39m
  [36m<body>[39m
    [36m<div />[39m
  [36m</body>[39m
[36m</html>[39m
 ❯ Proxy.waitForWrapper node_modules/@testing-library/dom/dist/wait-for.js:163:27
 ❯ openSection tests/resultsVnext/kpi/day199.kpiToolSections.component.test.tsx:75:9
     73|
     74| async function openSection(label: string) {
     75|   await waitFor(() => expect(screen.getByTestId('results-vnext-kpi-too…
       |         ^
     76|   await userEvent.click((await screen.findAllByText(label))[0]);
     77| }
 ❯ tests/resultsVnext/kpi/day199.kpiToolSections.component.test.tsx:104:11

⎯⎯⎯⎯⎯⎯⎯⎯⎯⎯⎯⎯⎯⎯⎯⎯⎯⎯⎯⎯⎯⎯⎯[5/27]⎯

 FAIL  tests/resultsVnext/kpi/day199.kpiToolSections.component.test.tsx > day199 KPI tool scorecards and history wiring > renders an honest empty state for KPI history
TestingLibraryElementError: Unable to find an element by: [data-testid="results-vnext-kpi-tool-page"]

Ignored nodes: comments, script, style
[36m<body>[39m
  [36m<div />[39m
[36m</body>[39m

Ignored nodes: comments, script, style
[36m<html[39m
  [33mdir[39m=[32m"ltr"[39m
  [33mlang[39m=[32m"en"[39m
[36m>[39m
  [36m<head />[39m
  [36m<body>[39m
    [36m<div />[39m
  [36m</body>[39m
[36m</html>[39m
 ❯ Proxy.waitForWrapper node_modules/@testing-library/dom/dist/wait-for.js:163:27
 ❯ openSection tests/resultsVnext/kpi/day199.kpiToolSections.component.test.tsx:75:9
     73|
     74| async function openSection(label: string) {
     75|   await waitFor(() => expect(screen.getByTestId('results-vnext-kpi-too…
       |         ^
     76|   await userEvent.click((await screen.findAllByText(label))[0]);
     77| }
 ❯ tests/resultsVnext/kpi/day199.kpiToolSections.component.test.tsx:118:11

⎯⎯⎯⎯⎯⎯⎯⎯⎯⎯⎯⎯⎯⎯⎯⎯⎯⎯⎯⎯⎯⎯⎯[6/27]⎯

 FAIL  tests/resultsVnext/kpi/day199.kpiToolSections.component.test.tsx > day199 KPI tool scorecards and history wiring > renders immutable KPI history entries
TestingLibraryElementError: Unable to find an element by: [data-testid="results-vnext-kpi-tool-page"]

Ignored nodes: comments, script, style
[36m<body>[39m
  [36m<div />[39m
[36m</body>[39m

Ignored nodes: comments, script, style
[36m<html[39m
  [33mdir[39m=[32m"ltr"[39m
  [33mlang[39m=[32m"en"[39m
[36m>[39m
  [36m<head />[39m
  [36m<body>[39m
    [36m<div />[39m
  [36m</body>[39m
[36m</html>[39m
 ❯ Proxy.waitForWrapper node_modules/@testing-library/dom/dist/wait-for.js:163:27
 ❯ openSection tests/resultsVnext/kpi/day199.kpiToolSections.component.test.tsx:75:9
     73|
     74| async function openSection(label: string) {
     75|   await waitFor(() => expect(screen.getByTestId('results-vnext-kpi-too…
       |         ^
     76|   await userEvent.click((await screen.findAllByText(label))[0]);
     77| }
 ❯ tests/resultsVnext/kpi/day199.kpiToolSections.component.test.tsx:131:11

⎯⎯⎯⎯⎯⎯⎯⎯⎯⎯⎯⎯⎯⎯⎯⎯⎯⎯⎯⎯⎯⎯⎯[7/27]⎯

 FAIL  tests/components/ResultsVNext/KpiToolPage.test.tsx > KpiToolPage — /results/kpi/:kpiId (klasa L full tool) > golden flow renders with NO explicit flag override — this is now the default path
TestingLibraryElementError: Unable to find an element by: [data-testid="results-vnext-kpi-tool-page"]

Ignored nodes: comments, script, style
[36m<body>[39m
  [36m<div />[39m
[36m</body>[39m

Ignored nodes: comments, script, style
[36m<html[39m
  [33mdir[39m=[32m"ltr"[39m
  [33mlang[39m=[32m"en"[39m
[36m>[39m
  [36m<head />[39m
  [36m<body>[39m
    [36m<div />[39m
  [36m</body>[39m
[36m</html>[39m
 ❯ Proxy.waitForWrapper node_modules/@testing-library/dom/dist/wait-for.js:163:27
 ❯ tests/components/ResultsVNext/KpiToolPage.test.tsx:212:11
    210|     mockApiGet();
    211|     renderAt(`/results/kpi/${KPI_ID}`);
    212|     await waitFor(() => expect(screen.getByTestId('results-vnext-kpi-t…
       |           ^
    213|     expect(Api.get).toHaveBeenCalledWith(`/vnext/results/kpi/${KPI_ID}…
    214|   });

⎯⎯⎯⎯⎯⎯⎯⎯⎯⎯⎯⎯⎯⎯⎯⎯⎯⎯⎯⎯⎯⎯⎯[8/27]⎯

 FAIL  tests/components/ResultsVNext/KpiToolPage.test.tsx > KpiToolPage — /results/kpi/:kpiId (klasa L full tool) > golden flow: loads the KPI, shows real latest measurement, performance+data-quality shown as two independent chips
TestingLibraryElementError: Unable to find an element by: [data-testid="results-vnext-kpi-tool-page"]

Ignored nodes: comments, script, style
[36m<body>[39m
  [36m<div />[39m
[36m</body>[39m

Ignored nodes: comments, script, style
[36m<html[39m
  [33mdir[39m=[32m"ltr"[39m
  [33mlang[39m=[32m"en"[39m
[36m>[39m
  [36m<head />[39m
  [36m<body>[39m
    [36m<div />[39m
  [36m</body>[39m
[36m</html>[39m
 ❯ Proxy.waitForWrapper node_modules/@testing-library/dom/dist/wait-for.js:163:27
 ❯ tests/components/ResultsVNext/KpiToolPage.test.tsx:222:11
    220|     renderAt(`/results/kpi/${KPI_ID}`);
    221|
    222|     await waitFor(() => expect(screen.getByTestId('results-vnext-kpi-t…
       |           ^
    223|     await waitFor(() => expect(Api.get).toHaveBeenCalledWith(`/vnext/r…
    224|

⎯⎯⎯⎯⎯⎯⎯⎯⎯⎯⎯⎯⎯⎯⎯⎯⎯⎯⎯⎯⎯⎯⎯[9/27]⎯

 FAIL  tests/components/ResultsVNext/KpiToolPage.test.tsx > KpiToolPage — /results/kpi/:kpiId (klasa L full tool) > enables activation when the current definition version is approved
TestingLibraryElementError: Unable to find role="button" and name "Aktywuj"

Ignored nodes: comments, script, style
[36m<body>[39m
  [36m<div />[39m
[36m</body>[39m

Ignored nodes: comments, script, style
[36m<body>[39m
  [36m<div />[39m
[36m</body>[39m
 ❯ waitForWrapper node_modules/@testing-library/dom/dist/wait-for.js:163:27
 ❯ node_modules/@testing-library/dom/dist/query-helpers.js:86:33
 ❯ tests/components/ResultsVNext/KpiToolPage.test.tsx:242:35
    240|     renderAt(`/results/kpi/${KPI_ID}`);
    241|
    242|     const activate = await screen.findByRole('button', { name: 'Aktywu…
       |                                   ^
    243|     await waitFor(() => expect(activate).toBeEnabled());
    244|     expect(screen.queryByText(/brak GET dla wersji/i)).not.toBeInTheDo…

⎯⎯⎯⎯⎯⎯⎯⎯⎯⎯⎯⎯⎯⎯⎯⎯⎯⎯⎯⎯⎯⎯[10/27]⎯

 FAIL  tests/components/ResultsVNext/KpiToolPage.test.tsx > KpiToolPage — /results/kpi/:kpiId (klasa L full tool) > Deviations section lists the real case and clicking it requests navigation to the exact subview route
TestingLibraryElementError: Unable to find an element by: [data-testid="results-vnext-kpi-tool-page"]

Ignored nodes: comments, script, style
[36m<body>[39m
  [36m<div />[39m
[36m</body>[39m

Ignored nodes: comments, script, style
[36m<html[39m
  [33mdir[39m=[32m"ltr"[39m
  [33mlang[39m=[32m"en"[39m
[36m>[39m
  [36m<head />[39m
  [36m<body>[39m
    [36m<div />[39m
  [36m</body>[39m
[36m</html>[39m
 ❯ Proxy.waitForWrapper node_modules/@testing-library/dom/dist/wait-for.js:163:27
 ❯ tests/components/ResultsVNext/KpiToolPage.test.tsx:253:11
    251|     renderAt(`/results/kpi/${KPI_ID}`);
    252|
    253|     await waitFor(() => expect(screen.getByTestId('results-vnext-kpi-t…
       |           ^
    254|
    255|     const user = userEvent.setup();

⎯⎯⎯⎯⎯⎯⎯⎯⎯⎯⎯⎯⎯⎯⎯⎯⎯⎯⎯⎯⎯⎯[11/27]⎯

 FAIL  tests/components/ResultsVNext/KpiToolPage.test.tsx > KpiToolPage — /results/kpi/:kpiId (klasa L full tool) > shows an honest error state with Retry when the KPI fetch fails, and Retry re-fetches
TestingLibraryElementError: Unable to find an element by: [data-testid="results-vnext-kpi-tool-page"]

Ignored nodes: comments, script, style
[36m<body>[39m
  [36m<div />[39m
[36m</body>[39m

Ignored nodes: comments, script, style
[36m<html[39m
  [33mdir[39m=[32m"ltr"[39m
  [33mlang[39m=[32m"en"[39m
[36m>[39m
  [36m<head />[39m
  [36m<body>[39m
    [36m<div />[39m
  [36m</body>[39m
[36m</html>[39m
 ❯ Proxy.waitForWrapper node_modules/@testing-library/dom/dist/wait-for.js:163:27
 ❯ tests/components/ResultsVNext/KpiToolPage.test.tsx:292:11
    290|     await user.click(retryButton);
    291|
    292|     await waitFor(() => expect(screen.getByTestId('results-vnext-kpi-t…
       |           ^
    293|   });
    294|

⎯⎯⎯⎯⎯⎯⎯⎯⎯⎯⎯⎯⎯⎯⎯⎯⎯⎯⎯⎯⎯⎯[12/27]⎯

 FAIL  tests/components/ResultsVNext/KpiTrzyPoziomy.test.tsx > KPI — trzy poziomy: tabela raportów → raport → karta N > POZIOM 3: karta N ma DOKŁADNIE trzystopniową ścieżkę, w tej kolejności
TestingLibraryElementError: Unable to find an element by: [data-testid="results-vnext-kpi-tool-page"]

Ignored nodes: comments, script, style
[36m<body>[39m
  [36m<div />[39m
[36m</body>[39m

Ignored nodes: comments, script, style
[36m<html[39m
  [33mdir[39m=[32m"ltr"[39m
  [33mlang[39m=[32m"en"[39m
[36m>[39m
  [36m<head />[39m
  [36m<body>[39m
    [36m<div />[39m
  [36m</body>[39m
[36m</html>[39m
 ❯ Proxy.waitForWrapper node_modules/@testing-library/dom/dist/wait-for.js:163:27
 ❯ tests/components/ResultsVNext/KpiTrzyPoziomy.test.tsx:407:11
    405|     renderTool(`/results/kpi/${CHILD_KPI_ID}?zbior=${SCORECARD_ID}`);
    406|
    407|     await waitFor(() =>
       |           ^
    408|       expect(screen.getByTestId('results-vnext-kpi-tool-page')).toBeIn…
    409|     );

⎯⎯⎯⎯⎯⎯⎯⎯⎯⎯⎯⎯⎯⎯⎯⎯⎯⎯⎯⎯⎯⎯[13/27]⎯

 FAIL  tests/components/ResultsVNext/KpiTrzyPoziomy.test.tsx > KPI — trzy poziomy: tabela raportów → raport → karta N > POZIOM 3: adres bez parametru dalej działa — stopień raportu z REALNEJ przynależności
TestingLibraryElementError: Unable to find an element by: [data-testid="results-vnext-kpi-tool-page"]

Ignored nodes: comments, script, style
[36m<body>[39m
  [36m<div />[39m
[36m</body>[39m

Ignored nodes: comments, script, style
[36m<html[39m
  [33mdir[39m=[32m"ltr"[39m
  [33mlang[39m=[32m"en"[39m
[36m>[39m
  [36m<head />[39m
  [36m<body>[39m
    [36m<div />[39m
  [36m</body>[39m
[36m</html>[39m
 ❯ Proxy.waitForWrapper node_modules/@testing-library/dom/dist/wait-for.js:163:27
 ❯ tests/components/ResultsVNext/KpiTrzyPoziomy.test.tsx:424:11
    422|     renderTool(`/results/kpi/${KPI_ID}`);
    423|
    424|     await waitFor(() =>
       |           ^
    425|       expect(screen.getByTestId('results-vnext-kpi-tool-page')).toBeIn…
    426|     );

⎯⎯⎯⎯⎯⎯⎯⎯⎯⎯⎯⎯⎯⎯⎯⎯⎯⎯⎯⎯⎯⎯[14/27]⎯

 FAIL  tests/components/ResultsVNext/KpiTrzyPoziomy.test.tsx > KPI — trzy poziomy: tabela raportów → raport → karta N > MUTACJA (c): raport stoi MIĘDZY rejestrem a miernikiem, nie pod miernikiem
TestingLibraryElementError: Unable to find an element by: [data-testid="results-vnext-kpi-tool-page"]

Ignored nodes: comments, script, style
[36m<body>[39m
  [36m<div />[39m
[36m</body>[39m

Ignored nodes: comments, script, style
[36m<html[39m
  [33mdir[39m=[32m"ltr"[39m
  [33mlang[39m=[32m"en"[39m
[36m>[39m
  [36m<head />[39m
  [36m<body>[39m
    [36m<div />[39m
  [36m</body>[39m
[36m</html>[39m
 ❯ Proxy.waitForWrapper node_modules/@testing-library/dom/dist/wait-for.js:163:27
 ❯ tests/components/ResultsVNext/KpiTrzyPoziomy.test.tsx:440:11
    438|     mockApi();
    439|     renderTool(`/results/kpi/${CHILD_KPI_ID}?zbior=${SCORECARD_ID}`);
    440|     await waitFor(() =>
       |           ^
    441|       expect(screen.getByTestId('results-vnext-kpi-tool-page')).toBeIn…
    442|     );

⎯⎯⎯⎯⎯⎯⎯⎯⎯⎯⎯⎯⎯⎯⎯⎯⎯⎯⎯⎯⎯⎯[15/27]⎯

 FAIL  tests/components/ResultsVNext/ResultsVNextLegacyArchivePanel.test.tsx > ResultsVNextLegacyArchivePanel · błąd wczytywania (RN-G5 Zadanie 2) > NIE pokazuje surowego `body.error` z backendu — pokazuje przetłumaczalny, ogólny komunikat z retry
 FAIL  tests/components/ResultsVNext/ResultsVNextLegacyArchivePanel.test.tsx > ResultsVNextLegacyArchivePanel · błąd wczytywania (RN-G5 Zadanie 2) > retry (Spróbuj ponownie) faktycznie ponawia wywołanie
 FAIL  tests/components/ResultsVNext/ResultsVNextLegacyArchivePanel.test.tsx > ResultsVNextLegacyArchivePanel · błąd wczytywania (RN-G5 Zadanie 2) > a 403 (ABAC-style denial) dostaje ten sam OGÓLNY komunikat D06 — nie ujawnia szczegółu backendu
 FAIL  tests/components/ResultsVNext/ResultsVNextLegacyArchivePanel.test.tsx > ResultsVNextLegacyArchivePanel · kebab „Usuń" na wierszu tylko-do-odczytu (RN-G5 Zadanie 1) > pozycja „Usuń" jest widoczna, DISABLED, i ma podany powód (D06) — nigdy ukryta ani aktywna
 FAIL  tests/components/ResultsVNext/ResultsVNextLegacyArchivePanel.test.tsx > ResultsVNextLegacyArchivePanel · kebab „Usuń" na wierszu tylko-do-odczytu (RN-G5 Zadanie 1) > kliknięcie DISABLED „Usuń" nic nie robi (żadnego wywołania usuwania)
Error: useLocation() may be used only in the context of a <Router> component.
 ❯ invariant node_modules/react-router/dist/development/chunk-62JRHF6Z.mjs:207:11
 ❯ useLocation node_modules/react-router/dist/development/chunk-62JRHF6Z.mjs:5880:3
 ❯ useJedenPanel src/components/shared/PreviewPane/useJedenPanel.ts:98:24
     96|  */
     97| export function useJedenPanel(): UseJedenPanelResult {
     98|   const { pathname } = useLocation();
       |                        ^
     99|   const modul = pathname.split('/').filter(Boolean)[0] || 'root';
    100|   const isChatCollapsed = useAppStore((state) => state.isChatCollapsed…
 ❯ useStandardPanelControls src/components/standard/StandardModuleBar.tsx:77:22
 ❯ StandardModuleBar src/components/standard/StandardModuleBar.tsx:476:25
 ❯ Object.react_stack_bottom_frame node_modules/react-dom/cjs/react-dom-client.development.js:25904:20
 ❯ renderWithHooks node_modules/react-dom/cjs/react-dom-client.development.js:7662:22
 ❯ updateFunctionComponent node_modules/react-dom/cjs/react-dom-client.development.js:10166:19
 ❯ beginWork node_modules/react-dom/cjs/react-dom-client.development.js:11778:18
 ❯ runWithFiberInDEV node_modules/react-dom/cjs/react-dom-client.development.js:874:13

⎯⎯⎯⎯⎯⎯⎯⎯⎯⎯⎯⎯⎯⎯⎯⎯⎯⎯⎯⎯⎯⎯[16/27]⎯

 FAIL  tests/unit/results-okr/okrTrzyPoziomy.test.tsx > Poziom 1 — TABELA RAPORTÓW OKR > renderuje tabelę raportów na realnych kolumnach — każda kolumna ma etykietę
TestingLibraryElementError: Unable to find an element with the text: NAZWA. This could be because the text is broken up by multiple elements. In this case, you can provide a function for your text matcher to make your matcher more flexible.

Ignored nodes: comments, script, style
[36m<body>[39m
  [36m<div>[39m
    [36m<div[39m
      [33mclass[39m=[32m"h-full"[39m
      [33mdata-domain[39m=[32m"okr"[39m
      [33mdata-testid[39m=[32m"results-vnext-okr-registry-shell"[39m
    [36m>[39m
      [36m<div[39m
        [33mclass[39m=[32m"flex flex-col h-full bg-c-bg text-c-text"[39m
      [36m>[39m
        [36m<div[39m
          [33mclass[39m=[32m"bg-white dark:bg-navy-900 border-b border-slate-200/60 dark:border-white/5"[39m
        [36m>[39m
          [36m<div[39m
            [33mclass[39m=[32m"flex items-center px-4 py-3 gap-3 justify-between"[39m
          [36m>[39m
            [36m<div[39m
              [33mclass[39m=[32m"flex min-w-0 items-center gap-3"[39m
            [36m>[39m
              [36m<button[39m
                [33maria-disabled[39m=[32m"false"[39m
                [33maria-expanded[39m=[32m"false"[39m
                [33maria-label[39m=[32m"Search"[39m
                [33mclass[39m=[32m"h-9 w-9 inline-flex items-center justify-center rounded-full transition-colors duration-150 border text-slate-500 dark:text-slate-400 border-slate-200/70 dark:border-white/[0.06] hover:bg-slate-100/70 dark:hover:bg-white/[0.05]"[39m
                [33mtitle[39m=[32m"Search"[39m
                [33mtype[39m=[32m"button"[39m
              [36m>[39m
                [36m<svg[39m
                  [33maria-hidden[39m=[32m"true"[39m
                  [33mclass[39m=[32m"lucide lucide-search"[39m
                  [33mfill[39m=[32m"none"[39m
                  [33mheight[39m=[32m"18"[39m
                  [33mstroke[39m=[32m"currentColor"[39m
                  [33mstroke-linecap[39m=[32m"round"[39m
                  [33mstroke-linejoin[39m=[32m"round"[39m
                  [33mstroke-width[39m=[32m"2"[39m
                  [33mviewBox[39m=[32m"0 0 24 24"[39m
                  [33mwidth[39m=[32m"18"[39m
                  [33mxmlns[39m=[32m"http://www.w3.org/2000/svg"[39m
                [36m>[39m
                  [36m<path[39m
                    [33md[39m=[32m"m21 21-4.34-4.34"[39m
                  [36m/>[39m
                  [36m<circle[39m
                    [33mcx[39m=[32m"11"[39m
                    [33mcy[39m=[32m"11"[39m
                    [33mr[39m=[32m"8"[39m
                  [36m/>[39m
                [36m</svg>[39m
              [36m</button>[39m
              [36m<div[39m
                [33maria-label[39m=[32m"Module sections"[39m
                [33mclass[39m=[32m"app-table-scrollbar flex min-w-0 items-center gap-1.5 overflow-x-auto whitespace-nowrap"[39m
                [33mrole[39m=[32m"tablist"[39m
              [36m>[39m
                [36m<button[39m
                  [33maria-selected[39m=[32m"false"[39m
                  [33mclass[39m=[32m"inline-flex h-9 items-center gap-2 rounded-full border px-3 text-sm font-medium transition-colors duration-150 whitespace-nowrap active:scale-[0.98] focus-visible:outline-none focus-visible:ring-2 focus-visible:ring-c-focus focus-visible:ring-offset-1 ring-offset-white dark:ring-offset-navy-900 border-slate-200/70 bg-white/70 text-slate-700 hover:bg-state-hover dark:border-white/[0.06] dark:bg-white/[0.04] dark:text-slate-300"[39m
                  [33mrole[39m=[32m"tab"[39m
                  [33mtype[39m=[32m"button"[39m
                [36m>[39m
                  [36m<span>[39m
                    [0mKPI[0m
                  [36m</span>[39m
                [36m</button>[39m
                [36m<button[39m
                  [33maria-selected[39m=[32m"true"[39m
                  [33mclass[39m=[32m"inline-flex h-9 items-center gap-2 rounded-full border px-3 text-sm font-medium transition-colors duration-150 whitespace-nowrap active:scale-[0.98] focus-visible:outline-none focus-visible:ring-2 focus-visible:ring-c-focus focus-visible:ring-offset-1 ring-offset-white dark:ring-offset-navy-900 border-slate-300 bg-state-selected text-slate-900 dark:border-white/25 dark:text-slate-100"[39m
                  [33mrole[39m=[32m"tab"[39m
                  [33mtype[39m=[32m"button"[39m
                [36m>[39m
                  [36m<span>[39m
                    [0mOKR[0m
                  [36m</span>[39m
                [36m</button>[39m
                [36m<button[39m
                  [33maria-selected[39m=[32m"false"[39m
                  [33mclass[39m=[32m"inline-flex h-9 items-center gap-2 rounded-full border px-3 text-sm font-medium transition-colors duration-150 whitespace-nowrap active:scale-[0.98] focus-visible:outline-none focus-visible:ring-2 focus-visible:ring-c-focus focus-visible:ring-offset-1 ring-offset-white dark:ring-offset-navy-900 border-slate-200/70 bg-white/70 text-slate-700 hover:bg-state-hover dark:border-white/[0.06] dark:bg-white/[0.04] dark:text-slate-300"[39m
                  [33mrole[39m=[32m"tab"[39m
                  [33mtype[39m=[32m"button"[39m
                [36m>[39m
                  [36m<span>[39m
                    [0mROI[0m
                  [36m</span>[39m
                [36m</button>[39m
                [36m<button[39m
                  [33maria-selected[39m=[32m"false"[39m
                  [33mclass[39m=[32m"inline-flex h-9 items-center gap-2 rounded-full border px-3 text-sm font-medium transition-colors duration-150 whitespace-nowrap active:scale-[0.98] focus-visible:outline-none focus-visible:ring-2 focus-visible:ring-c-focus focus-visible:ring-offset-1 ring-offset-white dark:ring-offset-navy-900 border-slate-200/70 bg-white/70 text-slate-700 hover:bg-state-hover dark:border-white/[0.06] dark:bg-white/[0.04] dark:text-slate-300"[39m
                  [33mrole[39m=[32m"tab"[39m
                  [33mtype[39m=[32m"button"[39m
                [36m>[39m
                  [36m<span>[39m
                    [0mManagement reports[0m
                  [36m</span>[39m
                [36m</button>[39m
                [36m<button[39m
                  [33maria-selected[39m=[32m"false"[39m
                  [33mclass[39m=[32m"inline-flex h-9 items-center gap-2 rounded-full border px-3 text-sm font-medium transition-colors duration-150 whitespace-nowrap active:scale-[0.98] focus-visible:outline-none focus-visible:ring-2 focus-visible:ring-c-focus focus-visible:ring-offset-1 ring-offset-white dark:ring-offset-navy-900 border-slate-200/70 bg-white/70 text-slate-700 hover:bg-state-hover dark:border-white/[0.06] dark:bg-white/[0.04] dark:text-slate-300"[39m
                  [33mrole[39m=[32m"tab"[39m
                  [33mtype[39m=[32m"button"[39m
                [36m>[39m
                  [36m<span>[39m
                    [0mArchive[0m
                  [36m</span>[39m
                [36m</button>[39m
              [36m</div>[39m
            [36m</div>[39m
    ...
 ❯ Object.getElementError node_modules/@testing-library/dom/dist/config.js:37:19
 ❯ node_modules/@testing-library/dom/dist/query-helpers.js:76:38
 ❯ node_modules/@testing-library/dom/dist/query-helpers.js:109:15
 ❯ tests/unit/results-okr/okrTrzyPoziomy.test.tsx:369:21
    367|       'OSTATNI CHECK-IN',
    368|     ]) {
    369|       expect(screen.getAllByText(naglowek).length).toBeGreaterThan(0);
       |                     ^
    370|     }
    371|   });

⎯⎯⎯⎯⎯⎯⎯⎯⎯⎯⎯⎯⎯⎯⎯⎯⎯⎯⎯⎯⎯⎯[17/27]⎯

 FAIL  tests/unit/results-okr/okrTrzyPoziomy.test.tsx > Poziom 3 — karta celu z rezultatami JAKO SEKCJĄ > renderuje pięć sekcji (w tym „Check-iny") i przycisk check-inu na bloku rezultatu
TestingLibraryElementError: Unable to find an element by: [data-testid="results-vnext-okr-objective-card-page"]

Ignored nodes: comments, script, style
[36m<body>[39m
  [36m<div />[39m
[36m</body>[39m

Ignored nodes: comments, script, style
[36m<html[39m
  [33mdir[39m=[32m"ltr"[39m
  [33mlang[39m=[32m"en"[39m
[36m>[39m
  [36m<head />[39m
  [36m<body>[39m
    [36m<div />[39m
  [36m</body>[39m
[36m</html>[39m
 ❯ Proxy.waitForWrapper node_modules/@testing-library/dom/dist/wait-for.js:163:27
 ❯ tests/unit/results-okr/okrTrzyPoziomy.test.tsx:433:11
    431|     );
    432|
    433|     await waitFor(() =>
       |           ^
    434|       expect(screen.getByTestId('results-vnext-okr-objective-card-page…
    435|     );

⎯⎯⎯⎯⎯⎯⎯⎯⎯⎯⎯⎯⎯⎯⎯⎯⎯⎯⎯⎯⎯⎯[18/27]⎯

 FAIL  tests/unit/results-okr/okrTrzyPoziomy.test.tsx > Poziom 3 — karta celu z rezultatami JAKO SEKCJĄ > okruszek wraca do RAPORTU (poziom 2), nie do powłoki administracyjnej zestawu
TestingLibraryElementError: Unable to find an element by: [data-testid="okr-objective-card-panel-open-report"]

Ignored nodes: comments, script, style
[36m<body>[39m
  [36m<div />[39m
[36m</body>[39m

Ignored nodes: comments, script, style
[36m<html[39m
  [33mdir[39m=[32m"ltr"[39m
  [33mlang[39m=[32m"en"[39m
[36m>[39m
  [36m<head />[39m
  [36m<body>[39m
    [36m<div />[39m
  [36m</body>[39m
[36m</html>[39m
 ❯ Proxy.waitForWrapper node_modules/@testing-library/dom/dist/wait-for.js:163:27
 ❯ tests/unit/results-okr/okrTrzyPoziomy.test.tsx:470:11
    468|       </MemoryRouter>
    469|     );
    470|     await waitFor(() =>
       |           ^
    471|       expect(screen.getByTestId('okr-objective-card-panel-open-report'…
    472|     );

⎯⎯⎯⎯⎯⎯⎯⎯⎯⎯⎯⎯⎯⎯⎯⎯⎯⎯⎯⎯⎯⎯[19/27]⎯

 FAIL  src/components/ResultsVNext/__tests__/resultsVNextLegacyArchiveWiring.test.tsx > Archiwum (resultsLegacyArchive) — wołacz wiring > flaga ON (localStorage ff.results_vnext_legacy_archive=1) + ?resultsView=legacy > KPI: montuje ResultsVNextLegacyArchivePanel z domain="kpi"
AssertionError: expected "vi.fn()" to be called 1 times, but got 2 times
 ❯ src/components/ResultsVNext/__tests__/resultsVNextLegacyArchiveWiring.test.tsx:186:31
    184|         </MemoryRouter>
    185|       );
    186|       expect(legacyPanelMock).toHaveBeenCalledTimes(1);
       |                               ^
    187|       expect(legacyPanelMock.mock.calls[0][0]).toMatchObject({ domain:…
    188|       expect(screen.getByTestId('legacy-panel-mock-kpi')).toBeInTheDoc…

⎯⎯⎯⎯⎯⎯⎯⎯⎯⎯⎯⎯⎯⎯⎯⎯⎯⎯⎯⎯⎯⎯[20/27]⎯

 FAIL  tests/components/ResultsVNext/okr/OkrSetToolPage.test.tsx > OkrSetToolPage — /results/okr/sets/:okrSetId (klasa L full workspace, deep link) > renders the honest disabled-flag empty state when okrRegistry flag is OFF (default)
TestingLibraryElementError: Unable to find an element by: [data-testid="results-vnext-okr-tool-disabled"]

Ignored nodes: comments, script, style
[36m<body>[39m
  [36m<div>[39m
    [36m<div[39m
      [33mclass[39m=[32m"h-full"[39m
      [33mdata-testid[39m=[32m"results-vnext-okr-tool-page"[39m
    [36m>[39m
      [36m<div[39m
        [33mclass[39m=[32m"h-full"[39m
        [33mdata-testid[39m=[32m"results-vnext-okr-set-workspace"[39m
      [36m>[39m
        [36m<div[39m
          [33mclass[39m=[32m"flex flex-col h-full bg-c-bg text-c-text"[39m
        [36m>[39m
          [36m<div[39m
            [33mclass[39m=[32m"flex items-center justify-between gap-3 px-4 py-3 bg-white dark:bg-navy-900 border-b border-slate-200/60 dark:border-white/[0.05]"[39m
          [36m>[39m
            [36m<nav[39m
              [33maria-label[39m=[32m"Breadcrumb"[39m
              [33mclass[39m=[32m"flex min-w-0 items-center gap-1.5"[39m
            [36m>[39m
              [36m<button[39m
                [33mclass[39m=[32m"text-sm font-medium text-c-text-muted hover:text-c-text transition-colors truncate"[39m
                [33mtype[39m=[32m"button"[39m
              [36m>[39m
                [0mZestawy OKR[0m
              [36m</button>[39m
              [36m<svg[39m
                [33maria-hidden[39m=[32m"true"[39m
                [33mclass[39m=[32m"lucide lucide-chevron-right shrink-0 text-c-text-muted"[39m
                [33mfill[39m=[32m"none"[39m
                [33mheight[39m=[32m"14"[39m
                [33mstroke[39m=[32m"currentColor"[39m
                [33mstroke-linecap[39m=[32m"round"[39m
                [33mstroke-linejoin[39m=[32m"round"[39m
                [33mstroke-width[39m=[32m"2"[39m
                [33mviewBox[39m=[32m"0 0 24 24"[39m
                [33mwidth[39m=[32m"14"[39m
                [33mxmlns[39m=[32m"http://www.w3.org/2000/svg"[39m
              [36m>[39m
                [36m<path[39m
                  [33md[39m=[32m"m9 18 6-6-6-6"[39m
                [36m/>[39m
              [36m</svg>[39m
              [36m<span[39m
                [33mclass[39m=[32m"text-sm font-semibold text-c-text truncate"[39m
              [36m>[39m
                [0mOKR Zespołu Operacji Q3[0m
              [36m</span>[39m
            [36m</nav>[39m
          [36m</div>[39m
          [36m<div[39m
            [33mclass[39m=[32m"bg-white dark:bg-navy-900 border-b border-slate-200/60 dark:border-white/5"[39m
          [36m>[39m
            [36m<div[39m
              [33mclass[39m=[32m"flex items-center px-4 py-3 gap-3 justify-between"[39m
            [36m>[39m
              [36m<div[39m
                [33mclass[39m=[32m"flex min-w-0 items-center gap-3"[39m
              [36m>[39m
                [36m<button[39m
                  [33maria-disabled[39m=[32m"false"[39m
                  [33maria-expanded[39m=[32m"false"[39m
                  [33maria-label[39m=[32m"Search"[39m
                  [33mclass[39m=[32m"h-9 w-9 inline-flex items-center justify-center rounded-full transition-colors duration-150 border text-slate-500 dark:text-slate-400 border-slate-200/70 dark:border-white/[0.06] hover:bg-slate-100/70 dark:hover:bg-white/[0.05]"[39m
                  [33mtitle[39m=[32m"Search"[39m
                  [33mtype[39m=[32m"button"[39m
                [36m>[39m
                  [36m<svg[39m
                    [33maria-hidden[39m=[32m"true"[39m
                    [33mclass[39m=[32m"lucide lucide-search"[39m
                    [33mfill[39m=[32m"none"[39m
                    [33mheight[39m=[32m"18"[39m
                    [33mstroke[39m=[32m"currentColor"[39m
                    [33mstroke-linecap[39m=[32m"round"[39m
                    [33mstroke-linejoin[39m=[32m"round"[39m
                    [33mstroke-width[39m=[32m"2"[39m
                    [33mviewBox[39m=[32m"0 0 24 24"[39m
                    [33mwidth[39m=[32m"18"[39m
                    [33mxmlns[39m=[32m"http://www.w3.org/2000/svg"[39m
                  [36m>[39m
                    [36m<path[39m
                      [33md[39m=[32m"m21 21-4.34-4.34"[39m
                    [36m/>[39m
                    [36m<circle[39m
                      [33mcx[39m=[32m"11"[39m
                      [33mcy[39m=[32m"11"[39m
                      [33mr[39m=[32m"8"[39m
                    [36m/>[39m
                  [36m</svg>[39m
                [36m</button>[39m
                [36m<div[39m
                  [33maria-label[39m=[32m"Module sections"[39m
                  [33mclass[39m=[32m"app-table-scrollbar flex min-w-0 items-center gap-1.5 overflow-x-auto whitespace-nowrap"[39m
                  [33mrole[39m=[32m"tablist"[39m
                [36m>[39m
                  [36m<button[39m
                    [33maria-selected[39m=[32m"true"[39m
                    [33mclass[39m=[32m"inline-flex h-9 items-center gap-2 rounded-full border px-3 text-sm font-medium transition-colors duration-150 whitespace-nowrap active:scale-[0.98] focus-visible:outline-none focus-visible:ring-2 focus-visible:ring-c-focus focus-visible:ring-offset-1 ring-offset-white dark:ring-offset-navy-900 border-slate-300 bg-state-selected text-slate-900 dark:border-white/25 dark:text-slate-100"[39m
                    [33mrole[39m=[32m"tab"[39m
                    [33mtype[39m=[32m"button"[39m
                  [36m>[39m
                    [36m<span>[39m
                      [0mPrzegląd[0m
                    [36m</span>[39m
                  [36m</button>[39m
                  [36m<button[39m
                    [33maria-selected[39m=[32m"false"[39m
                    [33mclass[39m=[32m"inline-flex h-9 items-center gap-2 rounded-full border px-3 text-sm font-medium transition-colors duration-150 whitespace-nowrap active:scale-[0.98] focus-visible:outline-none focus-visible:ring-2 focus-visible:ring-c-focus focus-visible:ring-offset-1 ring-offset-white dark:ring-offset-navy-900 border-slate-200/70 bg-white/70 text-slate-700 hover:bg-state-hover dark:border-white/[0.06] dark:bg-white/[0.04] dark:text-slate-300"[39m
                    [33mrole[39m=[32m"tab"[39m
                    [33mtype[39m=[32m"button"[39m
                  [36m>[39m
                    [36m<span>[39m
                      [0mCele i Kluczowe Rezultaty[0m
                    [36m</span>[39m
                  [36m</button>[39m
                  [36m<button[39m
                    [33maria-selected[39m=[32m"false"[39m
                    [33mclass[39m=[32m"inline-flex h-9 items-center gap-2 rounded-full border px-3 text-sm font-medium transition-colors duration-150 whitespace-nowrap active:scale-[0.98] focus-visible:outline-none focus-visible:ring-2 focus-visible:ring-c-focus focus-visible:ring-offset-1 ring-offset-white dark:ring-offset-navy-900 border-slate-200/70 bg-white/70 text-slate-700 h...

Ignored nodes: comments, script, style
[36m<body>[39m
  [36m<div>[39m
    [36m<div[39m
      [33mclass[39m=[32m"h-full"[39m
      [33mdata-testid[39m=[32m"results-vnext-okr-tool-page"[39m
    [36m>[39m
      [36m<div[39m
        [33mclass[39m=[32m"h-full"[39m
        [33mdata-testid[39m=[32m"results-vnext-okr-set-workspace"[39m
      [36m>[39m
        [36m<div[39m
          [33mclass[39m=[32m"flex flex-col h-full bg-c-bg text-c-text"[39m
        [36m>[39m
          [36m<div[39m
            [33mclass[39m=[32m"flex items-center justify-between gap-3 px-4 py-3 bg-white dark:bg-navy-900 border-b border-slate-200/60 dark:border-white/[0.05]"[39m
          [36m>[39m
            [36m<nav[39m
              [33maria-label[39m=[32m"Breadcrumb"[39m
              [33mclass[39m=[32m"flex min-w-0 items-center gap-1.5"[39m
            [36m>[39m
              [36m<button[39m
                [33mclass[39m=[32m"text-sm font-medium text-c-text-muted hover:text-c-text transition-colors truncate"[39m
                [33mtype[39m=[32m"button"[39m
              [36m>[39m
                [0mZestawy OKR[0m
              [36m</button>[39m
              [36m<svg[39m
                [33maria-hidden[39m=[32m"true"[39m
                [33mclass[39m=[32m"lucide lucide-chevron-right shrink-0 text-c-text-muted"[39m
                [33mfill[39m=[32m"none"[39m
                [33mheight[39m=[32m"14"[39m
                [33mstroke[39m=[32m"currentColor"[39m
                [33mstroke-linecap[39m=[32m"round"[39m
                [33mstroke-linejoin[39m=[32m"round"[39m
                [33mstroke-width[39m=[32m"2"[39m
                [33mviewBox[39m=[32m"0 0 24 24"[39m
                [33mwidth[39m=[32m"14"[39m
                [33mxmlns[39m=[32m"http://www.w3.org/2000/svg"[39m
              [36m>[39m
                [36m<path[39m
                  [33md[39m=[32m"m9 18 6-6-6-6"[39m
                [36m/>[39m
              [36m</svg>[39m
              [36m<span[39m
                [33mclass[39m=[32m"text-sm font-semibold text-c-text truncate"[39m
              [36m>[39m
                [0mOKR Zespołu Operacji Q3[0m
              [36m</span>[39m
            [36m</nav>[39m
          [36m</div>[39m
          [36m<div[39m
            [33mclass[39m=[32m"bg-white dark:bg-navy-900 border-b border-slate-200/60 dark:border-white/5"[39m
          [36m>[39m
            [36m<div[39m
              [33mclass[39m=[32m"flex items-center px-4 py-3 gap-3 justify-between"[39m
            [36m>[39m
              [36m<div[39m
                [33mclass[39m=[32m"flex min-w-0 items-center gap-3"[39m
              [36m>[39m
                [36m<button[39m
                  [33maria-disabled[39m=[32m"false"[39m
                  [33maria-expanded[39m=[32m"false"[39m
                  [33maria-label[39m=[32m"Search"[39m
                  [33mclass[39m=[32m"h-9 w-9 inline-flex items-center justify-center rounded-full transition-colors duration-150 border text-slate-500 dark:text-slate-400 border-slate-200/70 dark:border-white/[0.06] hover:bg-slate-100/70 dark:hover:bg-white/[0.05]"[39m
                  [33mtitle[39m=[32m"Search"[39m
                  [33mtype[39m=[32m"button"[39m
                [36m>[39m
                  [36m<svg[39m
                    [33maria-hidden[39m=[32m"true"[39m
                    [33mclass[39m=[32m"lucide lucide-search"[39m
                    [33mfill[39m=[32m"none"[39m
                    [33mheight[39m=[32m"18"[39m
                    [33mstroke[39m=[32m"currentColor"[39m
                    [33mstroke-linecap[39m=[32m"round"[39m
                    [33mstroke-linejoin[39m=[32m"round"[39m
                    [33mstroke-width[39m=[32m"2"[39m
                    [33mviewBox[39m=[32m"0 0 24 24"[39m
                    [33mwidth[39m=[32m"18"[39m
                    [33mxmlns[39m=[32m"http://www.w3.org/2000/svg"[39m
                  [36m>[39m
                    [36m<path[39m
                      [33md[39m=[32m"m21 21-4.34-4.34"[39m
                    [36m/>[39m
                    [36m<circle[39m
                      [33mcx[39m=[32m"11"[39m
                      [33mcy[39m=[32m"11"[39m
                      [33mr[39m=[32m"8"[39m
                    [36m/>[39m
                  [36m</svg>[39m
                [36m</button>[39m
                [36m<div[39m
                  [33maria-label[39m=[32m"Module sections"[39m
                  [33mclass[39m=[32m"app-table-scrollbar flex min-w-0 items-center gap-1.5 overflow-x-auto whitespace-nowrap"[39m
                  [33mrole[39m=[32m"tablist"[39m
                [36m>[39m
                  [36m<button[39m
                    [33maria-selected[39m=[32m"true"[39m
                    [33mclass[39m=[32m"inline-flex h-9 items-center gap-2 rounded-full border px-3 text-sm font-medium transition-colors duration-150 whitespace-nowrap active:scale-[0.98] focus-visible:outline-none focus-visible:ring-2 focus-visible:ring-c-focus focus-visible:ring-offset-1 ring-offset-white dark:ring-offset-navy-900 border-slate-300 bg-state-selected text-slate-900 dark:border-white/25 dark:text-slate-100"[39m
                    [33mrole[39m=[32m"tab"[39m
                    [33mtype[39m=[32m"button"[39m
                  [36m>[39m
                    [36m<span>[39m
                      [0mPrzegląd[0m
                    [36m</span>[39m
                  [36m</button>[39m
                  [36m<button[39m
                    [33maria-selected[39m=[32m"false"[39m
                    [33mclass[39m=[32m"inline-flex h-9 items-center gap-2 rounded-full border px-3 text-sm font-medium transition-colors duration-150 whitespace-nowrap active:scale-[0.98] focus-visible:outline-none focus-visible:ring-2 focus-visible:ring-c-focus focus-visible:ring-offset-1 ring-offset-white dark:ring-offset-navy-900 border-slate-200/70 bg-white/70 text-slate-700 hover:bg-state-hover dark:border-white/[0.06] dark:bg-white/[0.04] dark:text-slate-300"[39m
                    [33mrole[39m=[32m"tab"[39m
                    [33mtype[39m=[32m"button"[39m
                  [36m>[39m
                    [36m<span>[39m
                      [0mCele i Kluczowe Rezultaty[0m
                    [36m</span>[39m
                  [36m</button>[39m
                  [36m<button[39m
                    [33maria-selected[39m=[32m"false"[39m
                    [33mclass[39m=[32m"inline-flex h-9 items-center gap-2 rounded-full border px-3 text-sm font-medium transition-colors duration-150 whitespace-nowrap active:scale-[0.98] focus-visible:outline-none focus-visible:ring-2 focus-visible:ring-c-focus focus-visible:ring-offset-1 ring-offset-white dark:ring-offset-navy-900 border-slate-200/70 bg-white/70 text-slate-700 h...
 ❯ waitForWrapper node_modules/@testing-library/dom/dist/wait-for.js:163:27
 ❯ node_modules/@testing-library/dom/dist/query-helpers.js:86:33
 ❯ tests/components/ResultsVNext/okr/OkrSetToolPage.test.tsx:116:25
    114|     mockFetch();
    115|     renderAt(`/results/okr/sets/${SET_ID}`);
    116|     expect(await screen.findByTestId('results-vnext-okr-tool-disabled'…
       |                         ^
    117|     expect(global.fetch).not.toHaveBeenCalled();
    118|   });

⎯⎯⎯⎯⎯⎯⎯⎯⎯⎯⎯⎯⎯⎯⎯⎯⎯⎯⎯⎯⎯⎯[21/27]⎯

 FAIL  tests/components/ResultsVNext/roi/RoiCaseToolPage.test.tsx > RoiCaseToolPage — /results/roi/cases/:roiCaseId (klasa L full tool, deep link) > renders the honest disabled-flag empty state when roiRegistry flag is OFF (default)
TestingLibraryElementError: Unable to find an element by: [data-testid="results-vnext-roi-tool-disabled"]

Ignored nodes: comments, script, style
[36m<body>[39m
  [36m<div>[39m
    [36m<div[39m
      [33mclass[39m=[32m"h-full"[39m
      [33mdata-testid[39m=[32m"results-vnext-roi-tool-page"[39m
    [36m>[39m
      [36m<div[39m
        [33mclass[39m=[32m"flex h-full min-h-0 flex-col bg-c-bg"[39m
        [33mdata-testid[39m=[32m"roi-case-card"[39m
      [36m>[39m
        [36m<div[39m
          [33mclass[39m=[32m"px-6 pt-3"[39m
        [36m>[39m
          [36m<nav[39m
            [33maria-label[39m=[32m"Breadcrumb"[39m
            [33mclass[39m=[32m"mx-auto flex max-w-6xl min-w-0 items-center gap-1.5"[39m
          [36m>[39m
            [36m<button[39m
              [33mclass[39m=[32m"text-sm font-medium text-c-text-muted hover:text-c-text transition-colors truncate"[39m
              [33mtype[39m=[32m"button"[39m
            [36m>[39m
              [0mRejestr ROI[0m
            [36m</button>[39m
            [36m<svg[39m
              [33maria-hidden[39m=[32m"true"[39m
              [33mclass[39m=[32m"lucide lucide-chevron-right shrink-0 text-c-text-muted"[39m
              [33mfill[39m=[32m"none"[39m
              [33mheight[39m=[32m"14"[39m
              [33mstroke[39m=[32m"currentColor"[39m
              [33mstroke-linecap[39m=[32m"round"[39m
              [33mstroke-linejoin[39m=[32m"round"[39m
              [33mstroke-width[39m=[32m"2"[39m
              [33mviewBox[39m=[32m"0 0 24 24"[39m
              [33mwidth[39m=[32m"14"[39m
              [33mxmlns[39m=[32m"http://www.w3.org/2000/svg"[39m
            [36m>[39m
              [36m<path[39m
                [33md[39m=[32m"m9 18 6-6-6-6"[39m
              [36m/>[39m
            [36m</svg>[39m
            [36m<span[39m
              [33mclass[39m=[32m"text-sm font-semibold text-c-text truncate"[39m
            [36m>[39m
              [0mAutomatyzacja linii pakowania[0m
            [36m</span>[39m
          [36m</nav>[39m
        [36m</div>[39m
        [36m<div[39m
          [33mclass[39m=[32m"min-h-0 flex-1"[39m
        [36m>[39m
          [36m<div[39m
            [33mclass[39m=[32m"h-full min-h-0 flex"[39m
          [36m>[39m
            [36m<div[39m
              [33mclass[39m=[32m"flex-1 min-w-0 h-full min-h-0 overflow-y-auto bg-gradient-to-br from-slate-100 via-slate-50 to-slate-100 dark:from-navy-950 dark:via-navy-900 dark:to-navy-950"[39m
            [36m>[39m
              [36m<div[39m
                [33mclass[39m=[32m"sticky top-0 z-30 bg-c-bg/90 pb-2 backdrop-blur-xl px-6 pt-4"[39m
              [36m>[39m
                [36m<div[39m
                  [33mclass[39m=[32m"max-w-6xl mx-auto"[39m
                [36m>[39m
                  [36m<div[39m
                    [33mclass[39m=[32m"col-span-full border border-c-border bg-c-surface-raised/90 backdrop-blur-xl rounded-2xl overflow-hidden shadow-elevation-1"[39m
                    [33mdata-nmode-header[39m=[32m"true"[39m
                    [33mstyle[39m=[32m"opacity: 1; transform: none;"[39m
                  [36m>[39m
                    [36m<div[39m
                      [33mclass[39m=[32m"flex flex-wrap items-center gap-3 px-5 py-3 lg:flex-nowrap lg:gap-4"[39m
                    [36m>[39m
                      [36m<button[39m
                        [33maria-label[39m=[32m"Wstecz"[39m
                        [33mclass[39m=[32m"p-2 -ml-2 rounded-xl text-c-text-secondary hover:bg-state-hover transition-all duration-150 focus-visible:outline-none focus-visible:ring-2 focus-visible:ring-[color:var(--c-focus)]"[39m
                        [33mtabindex[39m=[32m"0"[39m
                        [33mtitle[39m=[32m"Wstecz"[39m
                      [36m>[39m
                        [36m<svg[39m
                          [33maria-hidden[39m=[32m"true"[39m
                          [33mclass[39m=[32m"lucide lucide-chevron-left"[39m
                          [33mfill[39m=[32m"none"[39m
                          [33mheight[39m=[32m"20"[39m
                          [33mstroke[39m=[32m"currentColor"[39m
                          [33mstroke-linecap[39m=[32m"round"[39m
                          [33mstroke-linejoin[39m=[32m"round"[39m
                          [33mstroke-width[39m=[32m"2"[39m
                          [33mviewBox[39m=[32m"0 0 24 24"[39m
                          [33mwidth[39m=[32m"20"[39m
                          [33mxmlns[39m=[32m"http://www.w3.org/2000/svg"[39m
                        [36m>[39m
                          [36m<path[39m
                            [33md[39m=[32m"m15 18-6-6 6-6"[39m
                          [36m/>[39m
                        [36m</svg>[39m
                      [36m</button>[39m
                      [36m<div[39m
                        [33mclass[39m=[32m"flex-1 min-w-0 flex flex-wrap items-center gap-2.5"[39m
                      [36m>[39m
                        [36m<span[39m
                          [33mclass[39m=[32m"min-w-0 truncate text-xl font-bold text-c-text"[39m
                          [33mtitle[39m=[32m"Automatyzacja linii pakowania"[39m
                        [36m>[39m
                          [0mAutomatyzacja linii pakowania[0m
                        [36m</span>[39m
                        [36m<span[39m
                          [33mclass[39m=[32m"inline-flex shrink-0 items-center h-5 px-2 rounded-md text-[11px] font-medium whitespace-nowrap bg-[color-mix(in_srgb,var(--c-info)_15%,transparent)] text-c-info"[39m
                        [36m>[39m
                          [0mModelowanie[0m
                        [36m</span>[39m
                      [36m</div>[39m
                      [36m<div[39m
                        [33mclass[39m=[32m"flex flex-wrap items-center justify-end gap-2 shrink-0"[39m
                      [36m>[39m
                        [36m<div[39m
                          [33mclass[39m=[32m"relative shrink-0"[39m
                        [36m>[39m
                          [36m<button[39m
                            [33maria-expanded[39m=[32m"false"[39m
                            [33maria-haspopup[39m=[32m"menu"[39m
                            [33maria-label[39m=[32m"sharedComponents.nModeHeader.moreActions"[39m
                            [33mclass[39m=[32m"p-2 rounded-xl text-c-text-secondary hover:bg-state-hover transition-colors focus-visible:outline-none focus-visible:ring-2 focus-visible:ring-[color:var(--c-focus)]"[39m
                            [33mtitle[39m=[32m"sharedComponents.nModeHeader.moreActions"[39m
                            [33mtype[39m=[32m"button"[39m
                          [36m>[39m
                            [36m<svg[39m
                              [33maria-hidden[39m=[32m"true"[39m
                              [33mclass[39m=[3...

Ignored nodes: comments, script, style
[36m<body>[39m
  [36m<div>[39m
    [36m<div[39m
      [33mclass[39m=[32m"h-full"[39m
      [33mdata-testid[39m=[32m"results-vnext-roi-tool-page"[39m
    [36m>[39m
      [36m<div[39m
        [33mclass[39m=[32m"flex h-full min-h-0 flex-col bg-c-bg"[39m
        [33mdata-testid[39m=[32m"roi-case-card"[39m
      [36m>[39m
        [36m<div[39m
          [33mclass[39m=[32m"px-6 pt-3"[39m
        [36m>[39m
          [36m<nav[39m
            [33maria-label[39m=[32m"Breadcrumb"[39m
            [33mclass[39m=[32m"mx-auto flex max-w-6xl min-w-0 items-center gap-1.5"[39m
          [36m>[39m
            [36m<button[39m
              [33mclass[39m=[32m"text-sm font-medium text-c-text-muted hover:text-c-text transition-colors truncate"[39m
              [33mtype[39m=[32m"button"[39m
            [36m>[39m
              [0mRejestr ROI[0m
            [36m</button>[39m
            [36m<svg[39m
              [33maria-hidden[39m=[32m"true"[39m
              [33mclass[39m=[32m"lucide lucide-chevron-right shrink-0 text-c-text-muted"[39m
              [33mfill[39m=[32m"none"[39m
              [33mheight[39m=[32m"14"[39m
              [33mstroke[39m=[32m"currentColor"[39m
              [33mstroke-linecap[39m=[32m"round"[39m
              [33mstroke-linejoin[39m=[32m"round"[39m
              [33mstroke-width[39m=[32m"2"[39m
              [33mviewBox[39m=[32m"0 0 24 24"[39m
              [33mwidth[39m=[32m"14"[39m
              [33mxmlns[39m=[32m"http://www.w3.org/2000/svg"[39m
            [36m>[39m
              [36m<path[39m
                [33md[39m=[32m"m9 18 6-6-6-6"[39m
              [36m/>[39m
            [36m</svg>[39m
            [36m<span[39m
              [33mclass[39m=[32m"text-sm font-semibold text-c-text truncate"[39m
            [36m>[39m
              [0mAutomatyzacja linii pakowania[0m
            [36m</span>[39m
          [36m</nav>[39m
        [36m</div>[39m
        [36m<div[39m
          [33mclass[39m=[32m"min-h-0 flex-1"[39m
        [36m>[39m
          [36m<div[39m
            [33mclass[39m=[32m"h-full min-h-0 flex"[39m
          [36m>[39m
            [36m<div[39m
              [33mclass[39m=[32m"flex-1 min-w-0 h-full min-h-0 overflow-y-auto bg-gradient-to-br from-slate-100 via-slate-50 to-slate-100 dark:from-navy-950 dark:via-navy-900 dark:to-navy-950"[39m
            [36m>[39m
              [36m<div[39m
                [33mclass[39m=[32m"sticky top-0 z-30 bg-c-bg/90 pb-2 backdrop-blur-xl px-6 pt-4"[39m
              [36m>[39m
                [36m<div[39m
                  [33mclass[39m=[32m"max-w-6xl mx-auto"[39m
                [36m>[39m
                  [36m<div[39m
                    [33mclass[39m=[32m"col-span-full border border-c-border bg-c-surface-raised/90 backdrop-blur-xl rounded-2xl overflow-hidden shadow-elevation-1"[39m
                    [33mdata-nmode-header[39m=[32m"true"[39m
                    [33mstyle[39m=[32m"opacity: 1; transform: none;"[39m
                  [36m>[39m
                    [36m<div[39m
                      [33mclass[39m=[32m"flex flex-wrap items-center gap-3 px-5 py-3 lg:flex-nowrap lg:gap-4"[39m
                    [36m>[39m
                      [36m<button[39m
                        [33maria-label[39m=[32m"Wstecz"[39m
                        [33mclass[39m=[32m"p-2 -ml-2 rounded-xl text-c-text-secondary hover:bg-state-hover transition-all duration-150 focus-visible:outline-none focus-visible:ring-2 focus-visible:ring-[color:var(--c-focus)]"[39m
                        [33mtabindex[39m=[32m"0"[39m
                        [33mtitle[39m=[32m"Wstecz"[39m
                      [36m>[39m
                        [36m<svg[39m
                          [33maria-hidden[39m=[32m"true"[39m
                          [33mclass[39m=[32m"lucide lucide-chevron-left"[39m
                          [33mfill[39m=[32m"none"[39m
                          [33mheight[39m=[32m"20"[39m
                          [33mstroke[39m=[32m"currentColor"[39m
                          [33mstroke-linecap[39m=[32m"round"[39m
                          [33mstroke-linejoin[39m=[32m"round"[39m
                          [33mstroke-width[39m=[32m"2"[39m
                          [33mviewBox[39m=[32m"0 0 24 24"[39m
                          [33mwidth[39m=[32m"20"[39m
                          [33mxmlns[39m=[32m"http://www.w3.org/2000/svg"[39m
                        [36m>[39m
                          [36m<path[39m
                            [33md[39m=[32m"m15 18-6-6 6-6"[39m
                          [36m/>[39m
                        [36m</svg>[39m
                      [36m</button>[39m
                      [36m<div[39m
                        [33mclass[39m=[32m"flex-1 min-w-0 flex flex-wrap items-center gap-2.5"[39m
                      [36m>[39m
                        [36m<span[39m
                          [33mclass[39m=[32m"min-w-0 truncate text-xl font-bold text-c-text"[39m
                          [33mtitle[39m=[32m"Automatyzacja linii pakowania"[39m
                        [36m>[39m
                          [0mAutomatyzacja linii pakowania[0m
                        [36m</span>[39m
                        [36m<span[39m
                          [33mclass[39m=[32m"inline-flex shrink-0 items-center h-5 px-2 rounded-md text-[11px] font-medium whitespace-nowrap bg-[color-mix(in_srgb,var(--c-info)_15%,transparent)] text-c-info"[39m
                        [36m>[39m
                          [0mModelowanie[0m
                        [36m</span>[39m
                      [36m</div>[39m
                      [36m<div[39m
                        [33mclass[39m=[32m"flex flex-wrap items-center justify-end gap-2 shrink-0"[39m
                      [36m>[39m
                        [36m<div[39m
                          [33mclass[39m=[32m"relative shrink-0"[39m
                        [36m>[39m
                          [36m<button[39m
                            [33maria-expanded[39m=[32m"false"[39m
                            [33maria-haspopup[39m=[32m"menu"[39m
                            [33maria-label[39m=[32m"sharedComponents.nModeHeader.moreActions"[39m
                            [33mclass[39m=[32m"p-2 rounded-xl text-c-text-secondary hover:bg-state-hover transition-colors focus-visible:outline-none focus-visible:ring-2 focus-visible:ring-[color:var(--c-focus)]"[39m
                            [33mtitle[39m=[32m"sharedComponents.nModeHeader.moreActions"[39m
                            [33mtype[39m=[32m"button"[39m
                          [36m>[39m
                            [36m<svg[39m
                              [33maria-hidden[39m=[32m"true"[39m
                              [33mclass[39m=[3...
 ❯ waitForWrapper node_modules/@testing-library/dom/dist/wait-for.js:163:27
 ❯ node_modules/@testing-library/dom/dist/query-helpers.js:86:33
 ❯ tests/components/ResultsVNext/roi/RoiCaseToolPage.test.tsx:141:25
    139|     mockFetch();
    140|     renderAt(`/results/roi/cases/${CASE_ID}`);
    141|     expect(await screen.findByTestId('results-vnext-roi-tool-disabled'…
       |                         ^
    142|     expect(global.fetch).not.toHaveBeenCalled();
    143|   });

⎯⎯⎯⎯⎯⎯⎯⎯⎯⎯⎯⎯⎯⎯⎯⎯⎯⎯⎯⎯⎯⎯[22/27]⎯

⎯⎯⎯⎯⎯⎯ Unhandled Errors ⎯⎯⎯⎯⎯⎯

Vitest caught 14 unhandled errors during the test run.
This might cause false positive tests. Resolve unhandled errors to make sure your tests are not affected.

⎯⎯⎯⎯⎯ Uncaught Exception ⎯⎯⎯⎯⎯
TypeError: i18n.getFixedT is not a function
 ❯ SectionsManagerMenu src/components/shared/NModeLayout/NModeCardManager.tsx:250:54
    248| }) => {
    249|   const { t: tHook, i18n } = useTranslation();
    250|   const t = typeof isPolishProp === 'boolean' ? i18n.getFixedT(isPolis…
       |                                                      ^
    251|   const isPolish = isPolishProp ?? i18n.language === 'pl';
    252|   const [open, setOpen] = useState(false);
 ❯ Object.react_stack_bottom_frame node_modules/react-dom/cjs/react-dom-client.development.js:25904:20
 ❯ renderWithHooks node_modules/react-dom/cjs/react-dom-client.development.js:7662:22
 ❯ updateFunctionComponent node_modules/react-dom/cjs/react-dom-client.development.js:10166:19
 ❯ beginWork node_modules/react-dom/cjs/react-dom-client.development.js:11778:18
 ❯ runWithFiberInDEV node_modules/react-dom/cjs/react-dom-client.development.js:874:13
 ❯ performUnitOfWork node_modules/react-dom/cjs/react-dom-client.development.js:17641:22
 ❯ workLoopSync node_modules/react-dom/cjs/react-dom-client.development.js:17469:41
 ❯ renderRootSync node_modules/react-dom/cjs/react-dom-client.development.js:17450:11
 ❯ performWorkOnRoot node_modules/react-dom/cjs/react-dom-client.development.js:16583:35

This error originated in "tests/resultsVnext/kpi/day199.kpiToolSections.component.test.tsx" test file. It doesn't mean the error was thrown inside the file itself, but while it was running.
The latest test that might've caused the error is "renders an honest empty state for scorecards returned by the reverse lookup". It might mean one of the following:
- The error was thrown, while Vitest was running this test.
- If the error occurred after the test had been completed, this was the last documented test before it was thrown.

⎯⎯⎯⎯⎯ Uncaught Exception ⎯⎯⎯⎯⎯
TypeError: i18n.getFixedT is not a function
 ❯ SectionsManagerMenu src/components/shared/NModeLayout/NModeCardManager.tsx:250:54
    248| }) => {
    249|   const { t: tHook, i18n } = useTranslation();
    250|   const t = typeof isPolishProp === 'boolean' ? i18n.getFixedT(isPolis…
       |                                                      ^
    251|   const isPolish = isPolishProp ?? i18n.language === 'pl';
    252|   const [open, setOpen] = useState(false);
 ❯ Object.react_stack_bottom_frame node_modules/react-dom/cjs/react-dom-client.development.js:25904:20
 ❯ renderWithHooks node_modules/react-dom/cjs/react-dom-client.development.js:7662:22
 ❯ updateFunctionComponent node_modules/react-dom/cjs/react-dom-client.development.js:10166:19
 ❯ beginWork node_modules/react-dom/cjs/react-dom-client.development.js:11778:18
 ❯ runWithFiberInDEV node_modules/react-dom/cjs/react-dom-client.development.js:874:13
 ❯ performUnitOfWork node_modules/react-dom/cjs/react-dom-client.development.js:17641:22
 ❯ workLoopSync node_modules/react-dom/cjs/react-dom-client.development.js:17469:41
 ❯ renderRootSync node_modules/react-dom/cjs/react-dom-client.development.js:17450:11
 ❯ performWorkOnRoot node_modules/react-dom/cjs/react-dom-client.development.js:16583:35

This error originated in "tests/resultsVnext/kpi/day199.kpiToolSections.component.test.tsx" test file. It doesn't mean the error was thrown inside the file itself, but while it was running.
The latest test that might've caused the error is "renders scorecard data returned by the reverse lookup". It might mean one of the following:
- The error was thrown, while Vitest was running this test.
- If the error occurred after the test had been completed, this was the last documented test before it was thrown.

⎯⎯⎯⎯⎯ Uncaught Exception ⎯⎯⎯⎯⎯
TypeError: i18n.getFixedT is not a function
 ❯ SectionsManagerMenu src/components/shared/NModeLayout/NModeCardManager.tsx:250:54
    248| }) => {
    249|   const { t: tHook, i18n } = useTranslation();
    250|   const t = typeof isPolishProp === 'boolean' ? i18n.getFixedT(isPolis…
       |                                                      ^
    251|   const isPolish = isPolishProp ?? i18n.language === 'pl';
    252|   const [open, setOpen] = useState(false);
 ❯ Object.react_stack_bottom_frame node_modules/react-dom/cjs/react-dom-client.development.js:25904:20
 ❯ renderWithHooks node_modules/react-dom/cjs/react-dom-client.development.js:7662:22
 ❯ updateFunctionComponent node_modules/react-dom/cjs/react-dom-client.development.js:10166:19
 ❯ beginWork node_modules/react-dom/cjs/react-dom-client.development.js:11778:18
 ❯ runWithFiberInDEV node_modules/react-dom/cjs/react-dom-client.development.js:874:13
 ❯ performUnitOfWork node_modules/react-dom/cjs/react-dom-client.development.js:17641:22
 ❯ workLoopSync node_modules/react-dom/cjs/react-dom-client.development.js:17469:41
 ❯ renderRootSync node_modules/react-dom/cjs/react-dom-client.development.js:17450:11
 ❯ performWorkOnRoot node_modules/react-dom/cjs/react-dom-client.development.js:16583:35

This error originated in "tests/resultsVnext/kpi/day199.kpiToolSections.component.test.tsx" test file. It doesn't mean the error was thrown inside the file itself, but while it was running.
The latest test that might've caused the error is "renders an honest empty state for KPI history". It might mean one of the following:
- The error was thrown, while Vitest was running this test.
- If the error occurred after the test had been completed, this was the last documented test before it was thrown.

⎯⎯⎯⎯⎯ Uncaught Exception ⎯⎯⎯⎯⎯
TypeError: i18n.getFixedT is not a function
 ❯ SectionsManagerMenu src/components/shared/NModeLayout/NModeCardManager.tsx:250:54
    248| }) => {
    249|   const { t: tHook, i18n } = useTranslation();
    250|   const t = typeof isPolishProp === 'boolean' ? i18n.getFixedT(isPolis…
       |                                                      ^
    251|   const isPolish = isPolishProp ?? i18n.language === 'pl';
    252|   const [open, setOpen] = useState(false);
 ❯ Object.react_stack_bottom_frame node_modules/react-dom/cjs/react-dom-client.development.js:25904:20
 ❯ renderWithHooks node_modules/react-dom/cjs/react-dom-client.development.js:7662:22
 ❯ updateFunctionComponent node_modules/react-dom/cjs/react-dom-client.development.js:10166:19
 ❯ beginWork node_modules/react-dom/cjs/react-dom-client.development.js:11778:18
 ❯ runWithFiberInDEV node_modules/react-dom/cjs/react-dom-client.development.js:874:13
 ❯ performUnitOfWork node_modules/react-dom/cjs/react-dom-client.development.js:17641:22
 ❯ workLoopSync node_modules/react-dom/cjs/react-dom-client.development.js:17469:41
 ❯ renderRootSync node_modules/react-dom/cjs/react-dom-client.development.js:17450:11
 ❯ performWorkOnRoot node_modules/react-dom/cjs/react-dom-client.development.js:16583:35

This error originated in "tests/resultsVnext/kpi/day199.kpiToolSections.component.test.tsx" test file. It doesn't mean the error was thrown inside the file itself, but while it was running.
The latest test that might've caused the error is "renders immutable KPI history entries". It might mean one of the following:
- The error was thrown, while Vitest was running this test.
- If the error occurred after the test had been completed, this was the last documented test before it was thrown.

⎯⎯⎯⎯⎯ Uncaught Exception ⎯⎯⎯⎯⎯
TypeError: i18n.getFixedT is not a function
 ❯ SectionsManagerMenu src/components/shared/NModeLayout/NModeCardManager.tsx:250:54
    248| }) => {
    249|   const { t: tHook, i18n } = useTranslation();
    250|   const t = typeof isPolishProp === 'boolean' ? i18n.getFixedT(isPolis…
       |                                                      ^
    251|   const isPolish = isPolishProp ?? i18n.language === 'pl';
    252|   const [open, setOpen] = useState(false);
 ❯ Object.react_stack_bottom_frame node_modules/react-dom/cjs/react-dom-client.development.js:25904:20
 ❯ renderWithHooks node_modules/react-dom/cjs/react-dom-client.development.js:7662:22
 ❯ updateFunctionComponent node_modules/react-dom/cjs/react-dom-client.development.js:10166:19
 ❯ beginWork node_modules/react-dom/cjs/react-dom-client.development.js:11778:18
 ❯ runWithFiberInDEV node_modules/react-dom/cjs/react-dom-client.development.js:874:13
 ❯ performUnitOfWork node_modules/react-dom/cjs/react-dom-client.development.js:17641:22
 ❯ workLoopSync node_modules/react-dom/cjs/react-dom-client.development.js:17469:41
 ❯ renderRootSync node_modules/react-dom/cjs/react-dom-client.development.js:17450:11
 ❯ performWorkOnRoot node_modules/react-dom/cjs/react-dom-client.development.js:16583:35

This error originated in "tests/components/ResultsVNext/KpiTrzyPoziomy.test.tsx" test file. It doesn't mean the error was thrown inside the file itself, but while it was running.
The latest test that might've caused the error is "POZIOM 3: karta N ma DOKŁADNIE trzystopniową ścieżkę, w tej kolejności". It might mean one of the following:
- The error was thrown, while Vitest was running this test.
- If the error occurred after the test had been completed, this was the last documented test before it was thrown.

⎯⎯⎯⎯⎯ Uncaught Exception ⎯⎯⎯⎯⎯
TypeError: i18n.getFixedT is not a function
 ❯ SectionsManagerMenu src/components/shared/NModeLayout/NModeCardManager.tsx:250:54
    248| }) => {
    249|   const { t: tHook, i18n } = useTranslation();
    250|   const t = typeof isPolishProp === 'boolean' ? i18n.getFixedT(isPolis…
       |                                                      ^
    251|   const isPolish = isPolishProp ?? i18n.language === 'pl';
    252|   const [open, setOpen] = useState(false);
 ❯ Object.react_stack_bottom_frame node_modules/react-dom/cjs/react-dom-client.development.js:25904:20
 ❯ renderWithHooks node_modules/react-dom/cjs/react-dom-client.development.js:7662:22
 ❯ updateFunctionComponent node_modules/react-dom/cjs/react-dom-client.development.js:10166:19
 ❯ beginWork node_modules/react-dom/cjs/react-dom-client.development.js:11778:18
 ❯ runWithFiberInDEV node_modules/react-dom/cjs/react-dom-client.development.js:874:13
 ❯ performUnitOfWork node_modules/react-dom/cjs/react-dom-client.development.js:17641:22
 ❯ workLoopSync node_modules/react-dom/cjs/react-dom-client.development.js:17469:41
 ❯ renderRootSync node_modules/react-dom/cjs/react-dom-client.development.js:17450:11
 ❯ performWorkOnRoot node_modules/react-dom/cjs/react-dom-client.development.js:16583:35

This error originated in "tests/components/ResultsVNext/KpiTrzyPoziomy.test.tsx" test file. It doesn't mean the error was thrown inside the file itself, but while it was running.
The latest test that might've caused the error is "POZIOM 3: adres bez parametru dalej działa — stopień raportu z REALNEJ przynależności". It might mean one of the following:
- The error was thrown, while Vitest was running this test.
- If the error occurred after the test had been completed, this was the last documented test before it was thrown.

⎯⎯⎯⎯⎯ Uncaught Exception ⎯⎯⎯⎯⎯
TypeError: i18n.getFixedT is not a function
 ❯ SectionsManagerMenu src/components/shared/NModeLayout/NModeCardManager.tsx:250:54
    248| }) => {
    249|   const { t: tHook, i18n } = useTranslation();
    250|   const t = typeof isPolishProp === 'boolean' ? i18n.getFixedT(isPolis…
       |                                                      ^
    251|   const isPolish = isPolishProp ?? i18n.language === 'pl';
    252|   const [open, setOpen] = useState(false);
 ❯ Object.react_stack_bottom_frame node_modules/react-dom/cjs/react-dom-client.development.js:25904:20
 ❯ renderWithHooks node_modules/react-dom/cjs/react-dom-client.development.js:7662:22
 ❯ updateFunctionComponent node_modules/react-dom/cjs/react-dom-client.development.js:10166:19
 ❯ beginWork node_modules/react-dom/cjs/react-dom-client.development.js:11778:18
 ❯ runWithFiberInDEV node_modules/react-dom/cjs/react-dom-client.development.js:874:13
 ❯ performUnitOfWork node_modules/react-dom/cjs/react-dom-client.development.js:17641:22
 ❯ workLoopSync node_modules/react-dom/cjs/react-dom-client.development.js:17469:41
 ❯ renderRootSync node_modules/react-dom/cjs/react-dom-client.development.js:17450:11
 ❯ performWorkOnRoot node_modules/react-dom/cjs/react-dom-client.development.js:16583:35

This error originated in "tests/components/ResultsVNext/KpiTrzyPoziomy.test.tsx" test file. It doesn't mean the error was thrown inside the file itself, but while it was running.
The latest test that might've caused the error is "MUTACJA (c): raport stoi MIĘDZY rejestrem a miernikiem, nie pod miernikiem". It might mean one of the following:
- The error was thrown, while Vitest was running this test.
- If the error occurred after the test had been completed, this was the last documented test before it was thrown.

⎯⎯⎯⎯⎯ Uncaught Exception ⎯⎯⎯⎯⎯
TypeError: i18n.getFixedT is not a function
 ❯ SectionsManagerMenu src/components/shared/NModeLayout/NModeCardManager.tsx:250:54
    248| }) => {
    249|   const { t: tHook, i18n } = useTranslation();
    250|   const t = typeof isPolishProp === 'boolean' ? i18n.getFixedT(isPolis…
       |                                                      ^
    251|   const isPolish = isPolishProp ?? i18n.language === 'pl';
    252|   const [open, setOpen] = useState(false);
 ❯ Object.react_stack_bottom_frame node_modules/react-dom/cjs/react-dom-client.development.js:25904:20
 ❯ renderWithHooks node_modules/react-dom/cjs/react-dom-client.development.js:7662:22
 ❯ updateFunctionComponent node_modules/react-dom/cjs/react-dom-client.development.js:10166:19
 ❯ beginWork node_modules/react-dom/cjs/react-dom-client.development.js:11778:18
 ❯ runWithFiberInDEV node_modules/react-dom/cjs/react-dom-client.development.js:874:13
 ❯ performUnitOfWork node_modules/react-dom/cjs/react-dom-client.development.js:17641:22
 ❯ workLoopSync node_modules/react-dom/cjs/react-dom-client.development.js:17469:41
 ❯ renderRootSync node_modules/react-dom/cjs/react-dom-client.development.js:17450:11
 ❯ performWorkOnRoot node_modules/react-dom/cjs/react-dom-client.development.js:16583:35

This error originated in "tests/unit/results-okr/okrTrzyPoziomy.test.tsx" test file. It doesn't mean the error was thrown inside the file itself, but while it was running.
The latest test that might've caused the error is "renderuje pięć sekcji (w tym „Check-iny") i przycisk check-inu na bloku rezultatu". It might mean one of the following:
- The error was thrown, while Vitest was running this test.
- If the error occurred after the test had been completed, this was the last documented test before it was thrown.

⎯⎯⎯⎯⎯ Uncaught Exception ⎯⎯⎯⎯⎯
TypeError: i18n.getFixedT is not a function
 ❯ SectionsManagerMenu src/components/shared/NModeLayout/NModeCardManager.tsx:250:54
    248| }) => {
    249|   const { t: tHook, i18n } = useTranslation();
    250|   const t = typeof isPolishProp === 'boolean' ? i18n.getFixedT(isPolis…
       |                                                      ^
    251|   const isPolish = isPolishProp ?? i18n.language === 'pl';
    252|   const [open, setOpen] = useState(false);
 ❯ Object.react_stack_bottom_frame node_modules/react-dom/cjs/react-dom-client.development.js:25904:20
 ❯ renderWithHooks node_modules/react-dom/cjs/react-dom-client.development.js:7662:22
 ❯ updateFunctionComponent node_modules/react-dom/cjs/react-dom-client.development.js:10166:19
 ❯ beginWork node_modules/react-dom/cjs/react-dom-client.development.js:11778:18
 ❯ runWithFiberInDEV node_modules/react-dom/cjs/react-dom-client.development.js:874:13
 ❯ performUnitOfWork node_modules/react-dom/cjs/react-dom-client.development.js:17641:22
 ❯ workLoopSync node_modules/react-dom/cjs/react-dom-client.development.js:17469:41
 ❯ renderRootSync node_modules/react-dom/cjs/react-dom-client.development.js:17450:11
 ❯ performWorkOnRoot node_modules/react-dom/cjs/react-dom-client.development.js:16583:35

This error originated in "tests/unit/results-okr/okrTrzyPoziomy.test.tsx" test file. It doesn't mean the error was thrown inside the file itself, but while it was running.
The latest test that might've caused the error is "okruszek wraca do RAPORTU (poziom 2), nie do powłoki administracyjnej zestawu". It might mean one of the following:
- The error was thrown, while Vitest was running this test.
- If the error occurred after the test had been completed, this was the last documented test before it was thrown.

⎯⎯⎯⎯⎯ Uncaught Exception ⎯⎯⎯⎯⎯
TypeError: i18n.getFixedT is not a function
 ❯ SectionsManagerMenu src/components/shared/NModeLayout/NModeCardManager.tsx:250:54
    248| }) => {
    249|   const { t: tHook, i18n } = useTranslation();
    250|   const t = typeof isPolishProp === 'boolean' ? i18n.getFixedT(isPolis…
       |                                                      ^
    251|   const isPolish = isPolishProp ?? i18n.language === 'pl';
    252|   const [open, setOpen] = useState(false);
 ❯ Object.react_stack_bottom_frame node_modules/react-dom/cjs/react-dom-client.development.js:25904:20
 ❯ renderWithHooks node_modules/react-dom/cjs/react-dom-client.development.js:7662:22
 ❯ updateFunctionComponent node_modules/react-dom/cjs/react-dom-client.development.js:10166:19
 ❯ beginWork node_modules/react-dom/cjs/react-dom-client.development.js:11778:18
 ❯ runWithFiberInDEV node_modules/react-dom/cjs/react-dom-client.development.js:874:13
 ❯ performUnitOfWork node_modules/react-dom/cjs/react-dom-client.development.js:17641:22
 ❯ workLoopSync node_modules/react-dom/cjs/react-dom-client.development.js:17469:41
 ❯ renderRootSync node_modules/react-dom/cjs/react-dom-client.development.js:17450:11
 ❯ performWorkOnRoot node_modules/react-dom/cjs/react-dom-client.development.js:16583:35

This error originated in "tests/components/ResultsVNext/KpiToolPage.test.tsx" test file. It doesn't mean the error was thrown inside the file itself, but while it was running.
The latest test that might've caused the error is "golden flow renders with NO explicit flag override — this is now the default path". It might mean one of the following:
- The error was thrown, while Vitest was running this test.
- If the error occurred after the test had been completed, this was the last documented test before it was thrown.

⎯⎯⎯⎯⎯ Uncaught Exception ⎯⎯⎯⎯⎯
TypeError: i18n.getFixedT is not a function
 ❯ SectionsManagerMenu src/components/shared/NModeLayout/NModeCardManager.tsx:250:54
    248| }) => {
    249|   const { t: tHook, i18n } = useTranslation();
    250|   const t = typeof isPolishProp === 'boolean' ? i18n.getFixedT(isPolis…
       |                                                      ^
    251|   const isPolish = isPolishProp ?? i18n.language === 'pl';
    252|   const [open, setOpen] = useState(false);
 ❯ Object.react_stack_bottom_frame node_modules/react-dom/cjs/react-dom-client.development.js:25904:20
 ❯ renderWithHooks node_modules/react-dom/cjs/react-dom-client.development.js:7662:22
 ❯ updateFunctionComponent node_modules/react-dom/cjs/react-dom-client.development.js:10166:19
 ❯ beginWork node_modules/react-dom/cjs/react-dom-client.development.js:11778:18
 ❯ runWithFiberInDEV node_modules/react-dom/cjs/react-dom-client.development.js:874:13
 ❯ performUnitOfWork node_modules/react-dom/cjs/react-dom-client.development.js:17641:22
 ❯ workLoopSync node_modules/react-dom/cjs/react-dom-client.development.js:17469:41
 ❯ renderRootSync node_modules/react-dom/cjs/react-dom-client.development.js:17450:11
 ❯ performWorkOnRoot node_modules/react-dom/cjs/react-dom-client.development.js:16583:35

This error originated in "tests/components/ResultsVNext/KpiToolPage.test.tsx" test file. It doesn't mean the error was thrown inside the file itself, but while it was running.
The latest test that might've caused the error is "golden flow: loads the KPI, shows real latest measurement, performance+data-quality shown as two independent chips". It might mean one of the following:
- The error was thrown, while Vitest was running this test.
- If the error occurred after the test had been completed, this was the last documented test before it was thrown.

⎯⎯⎯⎯⎯ Uncaught Exception ⎯⎯⎯⎯⎯
TypeError: i18n.getFixedT is not a function
 ❯ SectionsManagerMenu src/components/shared/NModeLayout/NModeCardManager.tsx:250:54
    248| }) => {
    249|   const { t: tHook, i18n } = useTranslation();
    250|   const t = typeof isPolishProp === 'boolean' ? i18n.getFixedT(isPolis…
       |                                                      ^
    251|   const isPolish = isPolishProp ?? i18n.language === 'pl';
    252|   const [open, setOpen] = useState(false);
 ❯ Object.react_stack_bottom_frame node_modules/react-dom/cjs/react-dom-client.development.js:25904:20
 ❯ renderWithHooks node_modules/react-dom/cjs/react-dom-client.development.js:7662:22
 ❯ updateFunctionComponent node_modules/react-dom/cjs/react-dom-client.development.js:10166:19
 ❯ beginWork node_modules/react-dom/cjs/react-dom-client.development.js:11778:18
 ❯ runWithFiberInDEV node_modules/react-dom/cjs/react-dom-client.development.js:874:13
 ❯ performUnitOfWork node_modules/react-dom/cjs/react-dom-client.development.js:17641:22
 ❯ workLoopSync node_modules/react-dom/cjs/react-dom-client.development.js:17469:41
 ❯ renderRootSync node_modules/react-dom/cjs/react-dom-client.development.js:17450:11
 ❯ performWorkOnRoot node_modules/react-dom/cjs/react-dom-client.development.js:16583:35

This error originated in "tests/components/ResultsVNext/KpiToolPage.test.tsx" test file. It doesn't mean the error was thrown inside the file itself, but while it was running.
The latest test that might've caused the error is "enables activation when the current definition version is approved". It might mean one of the following:
- The error was thrown, while Vitest was running this test.
- If the error occurred after the test had been completed, this was the last documented test before it was thrown.

⎯⎯⎯⎯⎯ Uncaught Exception ⎯⎯⎯⎯⎯
TypeError: i18n.getFixedT is not a function
 ❯ SectionsManagerMenu src/components/shared/NModeLayout/NModeCardManager.tsx:250:54
    248| }) => {
    249|   const { t: tHook, i18n } = useTranslation();
    250|   const t = typeof isPolishProp === 'boolean' ? i18n.getFixedT(isPolis…
       |                                                      ^
    251|   const isPolish = isPolishProp ?? i18n.language === 'pl';
    252|   const [open, setOpen] = useState(false);
 ❯ Object.react_stack_bottom_frame node_modules/react-dom/cjs/react-dom-client.development.js:25904:20
 ❯ renderWithHooks node_modules/react-dom/cjs/react-dom-client.development.js:7662:22
 ❯ updateFunctionComponent node_modules/react-dom/cjs/react-dom-client.development.js:10166:19
 ❯ beginWork node_modules/react-dom/cjs/react-dom-client.development.js:11778:18
 ❯ runWithFiberInDEV node_modules/react-dom/cjs/react-dom-client.development.js:874:13
 ❯ performUnitOfWork node_modules/react-dom/cjs/react-dom-client.development.js:17641:22
 ❯ workLoopSync node_modules/react-dom/cjs/react-dom-client.development.js:17469:41
 ❯ renderRootSync node_modules/react-dom/cjs/react-dom-client.development.js:17450:11
 ❯ performWorkOnRoot node_modules/react-dom/cjs/react-dom-client.development.js:16583:35

This error originated in "tests/components/ResultsVNext/KpiToolPage.test.tsx" test file. It doesn't mean the error was thrown inside the file itself, but while it was running.
The latest test that might've caused the error is "Deviations section lists the real case and clicking it requests navigation to the exact subview route". It might mean one of the following:
- The error was thrown, while Vitest was running this test.
- If the error occurred after the test had been completed, this was the last documented test before it was thrown.

⎯⎯⎯⎯⎯ Uncaught Exception ⎯⎯⎯⎯⎯
TypeError: i18n.getFixedT is not a function
 ❯ SectionsManagerMenu src/components/shared/NModeLayout/NModeCardManager.tsx:250:54
    248| }) => {
    249|   const { t: tHook, i18n } = useTranslation();
    250|   const t = typeof isPolishProp === 'boolean' ? i18n.getFixedT(isPolis…
       |                                                      ^
    251|   const isPolish = isPolishProp ?? i18n.language === 'pl';
    252|   const [open, setOpen] = useState(false);
 ❯ Object.react_stack_bottom_frame node_modules/react-dom/cjs/react-dom-client.development.js:25904:20
 ❯ renderWithHooks node_modules/react-dom/cjs/react-dom-client.development.js:7662:22
 ❯ updateFunctionComponent node_modules/react-dom/cjs/react-dom-client.development.js:10166:19
 ❯ beginWork node_modules/react-dom/cjs/react-dom-client.development.js:11778:18
 ❯ runWithFiberInDEV node_modules/react-dom/cjs/react-dom-client.development.js:874:13
 ❯ performUnitOfWork node_modules/react-dom/cjs/react-dom-client.development.js:17641:22
 ❯ workLoopSync node_modules/react-dom/cjs/react-dom-client.development.js:17469:41
 ❯ renderRootSync node_modules/react-dom/cjs/react-dom-client.development.js:17450:11
 ❯ performWorkOnRoot node_modules/react-dom/cjs/react-dom-client.development.js:16583:35

This error originated in "tests/components/ResultsVNext/KpiToolPage.test.tsx" test file. It doesn't mean the error was thrown inside the file itself, but while it was running.
The latest test that might've caused the error is "shows an honest error state with Retry when the KPI fetch fails, and Retry re-fetches". It might mean one of the following:
- The error was thrown, while Vitest was running this test.
- If the error occurred after the test had been completed, this was the last documented test before it was thrown.
⎯⎯⎯⎯⎯⎯⎯⎯⎯⎯⎯⎯⎯⎯⎯⎯⎯⎯⎯⎯⎯⎯⎯⎯⎯⎯⎯⎯⎯⎯


 Test Files  10 failed | 7 passed (17)
      Tests  27 failed | 100 passed (127)
     Errors  14 errors
   Start at  08:02:12
   Duration  30.49s (transform 2.04s, setup 767ms, import 6.07s, tests 18.17s, environment 4.06s)

JSON report written to /Users/piotrwisniewski/Developer/codex-wt/kpi-1-u41-20260916/junit.xml
JUNIT report written to /Users/piotrwisniewski/Developer/codex-wt/kpi-1-u41-20260916/junit.xml
