schema,table,category,family,reason,sourceEvidence,exclusionBasis,ownership
public,_migration_518_done,DERIVED,MIGRATION_CONTROL,The single completion marker is deterministically recreated by applying migration 518 and contains no tenant-authored content.,server/migrations/518_interview_tool_report_templates.sql:179-180,,"{""kind"":""REBUILD_PROCEDURE"",""procedure"":""Run migration 518 to recreate the single completion marker deterministically."",""sourcePath"":""server/migrations/518_interview_tool_report_templates.sql""}"
public,_v8_flag_backup_20260710,EXCLUDE_SECURITY,ACTIVE_SEMANTIC_POLICY_MISSING,"The relation has a structural tenant path but no active semantic writer or reviewed privacy contract, so export fails closed.",organization-export-semantic-source-index.e1.json::public._v8_flag_backup_20260710 ACTIVE_SEMANTIC_SOURCE_MISSING,ACTIVE_SEMANTIC_POLICY_MISSING,{}
public,_z139_repair_backup_20260710,EXCLUDE_SECURITY,NO_PROVABLE_TENANT_BOUNDARY,"The live schema proves no organization discriminator or foreign-key path, so exporting rows could cross tenant boundaries.",staging-schema-inventory.json::public._z139_repair_backup_20260710 reviewed ownership graph has no tenant path,NO_PROVABLE_TENANT_BOUNDARY,{}
public,access_code_usage,EXPORT,OPERATIONS,The live schema proves this tenant-owned relation through an exact organization discriminator or foreign-key path.,SQL_INSERT_INTO server/src/routes/access-control.routes.ts:500,,"{""kind"":""FOREIGN_KEY_PATH"",""path"":[{""column"":""code_id"",""parentColumn"":""id"",""parentSchema"":""public"",""parentTable"":""access_codes""}]}"
public,access_codes,EXPORT,OPERATIONS,The live schema proves this tenant-owned relation through an exact organization discriminator or foreign-key path.,SQL_INSERT_INTO server/src/services/accessCodeService.ts:339; SQL_INSERT_INTO server/src/services/accessCodeService.ts:663; SQL_UPDATE server/src/routes/access-control.routes.ts:490; SQL_UPDATE server/src/services/accessCodeService.ts:469; SQL_UPDATE server/src/services/accessCodeService.ts:568,,"{""column"":""organization_id"",""kind"":""DIRECT_COLUMN""}"
public,access_requests,EXPORT,OPERATIONS,The live schema proves this tenant-owned relation through an exact organization discriminator or foreign-key path.,SQL_INSERT_INTO server/src/routes/access-control.routes.ts:58; SQL_UPDATE server/src/controllers/SuperAdminController.ts:1063; SQL_UPDATE server/src/controllers/SuperAdminController.ts:1090; SQL_UPDATE server/src/routes/access-control.routes.ts:220; SQL_UPDATE server/src/routes/access-control.routes.ts:267,,"{""column"":""organization_id"",""kind"":""DIRECT_COLUMN""}"
public,account_deletion_request_receipts,EXCLUDE_SECURITY,ACTIVE_SEMANTIC_POLICY_MISSING,"The relation has a structural tenant path but no active semantic writer or reviewed privacy contract, so export fails closed.",organization-export-semantic-source-index.e1.json::public.account_deletion_request_receipts ACTIVE_SEMANTIC_SOURCE_MISSING,ACTIVE_SEMANTIC_POLICY_MISSING,{}
public,account_deletion_requests,EXPORT,OPERATIONS,The live schema proves this tenant-owned relation through an exact organization discriminator or foreign-key path.,SQL_INSERT_INTO server/src/routes/gdpr.routes.ts:595; SQL_INSERT_INTO server/src/services/legacyCutover/registry/settings.ts:161; SQL_UPDATE server/src/routes/gdpr.routes.ts:633; SQL_UPDATE server/src/services/gdprService.ts:209; SQL_FROM server/src/routes/gdpr.routes.ts:580,,"{""kind"":""FOREIGN_KEY_PATH"",""path"":[{""column"":""user_id"",""parentColumn"":""id"",""parentSchema"":""public"",""parentTable"":""users""}]}"
public,action_cards,EXPORT,OPERATIONS,The live schema proves this tenant-owned relation through an exact organization discriminator or foreign-key path.,SQL_INSERT_INTO server/src/services/actionCard/actionCardService.ts:171; SQL_UPDATE server/src/services/actionCard/actionCardService.ts:218; SQL_UPDATE server/src/services/actionCard/actionCardService.ts:283; SQL_FROM server/src/services/actionCard/actionCardService.ts:109; SQL_FROM server/src/services/inboxService.ts:228,,"{""column"":""organization_id"",""kind"":""DIRECT_COLUMN""}"
public,active_sessions,EXCLUDE_SECURITY,SECURITY_CREDENTIALS_AND_SESSIONS,"The reviewed relation contains authentication, credential, session, recovery, signing, or token-vault material and is excluded in full.",staging-schema-inventory.json::public.active_sessions; reviewed exact credential identity list,CREDENTIAL_OR_SESSION_MATERIAL,{}
public,activity_logs,EXPORT,OPERATIONS,The live schema proves this tenant-owned relation through an exact organization discriminator or foreign-key path.,SQL_INSERT_INTO server/src/middleware/pmoValidation.middleware.ts:359; SQL_INSERT_INTO server/src/routes/assessment/assessment-workflow.routes.ts:1256; SQL_INSERT_INTO server/src/services/ActivityService.ts:112; SQL_INSERT_INTO server/src/services/ActivityService.ts:145; SQL_INSERT_INTO server/src/services/ai/agentAudit/agentAuditStore.ts:169,,"{""column"":""organization_id"",""kind"":""DIRECT_COLUMN""}"
public,adkar_assessments,EXPORT,OPERATIONS,The live schema proves this tenant-owned relation through an exact organization discriminator or foreign-key path.,SQL_INSERT_INTO server/src/services/adkarService.ts:295; SQL_FROM server/src/services/adkarService.ts:330,,"{""column"":""organization_id"",""kind"":""DIRECT_COLUMN""}"
public,admin_approval_requests,EXCLUDE_SECURITY,NO_PROVABLE_TENANT_BOUNDARY,"The live schema proves no organization discriminator or foreign-key path, so exporting rows could cross tenant boundaries.",staging-schema-inventory.json::public.admin_approval_requests reviewed ownership graph has no tenant path,NO_PROVABLE_TENANT_BOUNDARY,{}
public,admin_approval_workflows,EXCLUDE_SECURITY,NO_PROVABLE_TENANT_BOUNDARY,"The live schema proves no organization discriminator or foreign-key path, so exporting rows could cross tenant boundaries.",staging-schema-inventory.json::public.admin_approval_workflows reviewed ownership graph has no tenant path,NO_PROVABLE_TENANT_BOUNDARY,{}
public,admin_audit_export_receipts,EXPORT,ADMIN_SECURITY,The live schema proves this tenant-owned relation through an exact organization discriminator or foreign-key path.,SQL_INSERT_INTO server/src/routes/adminP32.routes.ts:3173; SQL_FROM server/src/routes/admin/audit-export-history.routes.ts:33,,"{""column"":""organization_id"",""kind"":""DIRECT_COLUMN""}"
public,admin_audit_logs,EXPORT,AUDIT_COMPLIANCE,The live schema proves this tenant-owned relation through an exact organization discriminator or foreign-key path.,SQL_INSERT_INTO server/src/services/adminAuditService.ts:82; SQL_INSERT_INTO server/src/services/integrationStatusService.ts:100; SQL_UPDATE server/src/services/adminAuditService.ts:165; SQL_DELETE_FROM server/src/services/adminAuditService.ts:205; SQL_FROM server/src/controllers/SuperAdminController.ts:4669,,"{""column"":""organization_id"",""kind"":""DIRECT_COLUMN""}"
public,admin_dashboards,EXPORT,ADMIN_SECURITY,The live schema proves this tenant-owned relation through an exact organization discriminator or foreign-key path.,SQL_INSERT_INTO server/src/controllers/SuperAdminController.ts:5309; SQL_UPDATE server/src/controllers/SuperAdminController.ts:5329; SQL_UPDATE server/src/controllers/SuperAdminController.ts:5385; SQL_DELETE_FROM server/src/controllers/SuperAdminController.ts:5339; SQL_FROM server/src/controllers/SuperAdminController.ts:5283,,"{""column"":""organization_id"",""kind"":""DIRECT_COLUMN""}"
public,admin_iam_invitation_commands,EXPORT,ADMIN_SECURITY,The live schema proves this tenant-owned relation through an exact organization discriminator or foreign-key path.,SQL_INSERT_INTO server/src/services/adminIamCommandService.ts:239; SQL_FROM server/src/scripts/g05-przelot.ts:974; SQL_FROM server/src/services/adminIamCommandService.ts:130,,"{""column"":""organization_id"",""kind"":""DIRECT_COLUMN""}"
public,admin_iam_invitation_delivery_attempts,EXPORT,ADMIN_SECURITY,The live schema proves this tenant-owned relation through an exact organization discriminator or foreign-key path.,SQL_INSERT_INTO server/src/services/adminIamCommandService.ts:97; SQL_FROM server/src/services/adminIamCommandService.ts:64,,"{""column"":""organization_id"",""kind"":""DIRECT_COLUMN""}"
public,admin_iam_job_events,EXPORT,ADMIN_SECURITY,The live schema proves this tenant-owned relation through an exact organization discriminator or foreign-key path.,SQL_INSERT_INTO server/src/services/adminIamOperationsService.ts:43,,"{""column"":""organization_id"",""kind"":""DIRECT_COLUMN""}"
public,admin_iam_jobs,EXPORT,ADMIN_SECURITY,The live schema proves this tenant-owned relation through an exact organization discriminator or foreign-key path.,SQL_INSERT_INTO server/src/services/adminIamOperationsService.ts:70; SQL_UPDATE server/src/services/adminIamOperationsService.ts:109; SQL_UPDATE server/src/services/adminIamOperationsService.ts:138; SQL_UPDATE server/src/services/adminIamOperationsService.ts:168; SQL_FROM server/src/jobs/adminIamAlertEvaluationJob.ts:41,,"{""column"":""organization_id"",""kind"":""DIRECT_COLUMN""}"
public,admin_iam_member_commands,EXPORT,OPERATIONS,The live schema proves this tenant-owned relation through an exact organization discriminator or foreign-key path.,SQL_INSERT_INTO server/src/services/orgPeopleIamService.ts:350; SQL_INSERT_INTO server/src/services/orgPeopleIamService.ts:436; SQL_FROM server/src/services/orgPeopleIamService.ts:287; SQL_FROM server/src/services/orgPeopleIamService.ts:374,,"{""column"":""organization_id"",""kind"":""DIRECT_COLUMN""}"
public,admin_report_executions,EXPORT,ADMIN_SECURITY,The live schema proves this tenant-owned relation through an exact organization discriminator or foreign-key path.,SQL_INSERT_INTO server/src/controllers/SuperAdminController.ts:5468; SQL_INSERT_INTO server/src/services/report/ReportExecutionService.ts:37; SQL_UPDATE server/src/controllers/SuperAdminController.ts:5494; SQL_UPDATE server/src/services/report/ReportExecutionService.ts:51; SQL_UPDATE server/src/services/report/ReportExecutionService.ts:63,,"{""kind"":""FOREIGN_KEY_PATH"",""path"":[{""column"":""executed_by"",""parentColumn"":""id"",""parentSchema"":""public"",""parentTable"":""users""}]}"
public,admin_role_assignments,EXPORT,ADMIN_SECURITY,The live schema proves this tenant-owned relation through an exact organization discriminator or foreign-key path.,SQL_DELETE_FROM server/src/routes/adminP32.routes.ts:2693; SQL_FROM server/src/routes/adminP32.routes.ts:227,,"{""column"":""organization_id"",""kind"":""DIRECT_COLUMN""}"
public,admin_saved_reports,EXPORT,ADMIN_SECURITY,The live schema proves this tenant-owned relation through an exact organization discriminator or foreign-key path.,SQL_INSERT_INTO server/src/controllers/SuperAdminController.ts:5421; SQL_UPDATE server/src/controllers/SuperAdminController.ts:5442; SQL_UPDATE server/src/controllers/SuperAdminController.ts:5506; SQL_DELETE_FROM server/src/controllers/SuperAdminController.ts:5452; SQL_FROM server/src/controllers/SuperAdminController.ts:5395,,"{""column"":""organization_id"",""kind"":""DIRECT_COLUMN""}"
public,admin_sessions,EXCLUDE_SECURITY,SECURITY_CREDENTIALS_AND_SESSIONS,"The reviewed relation contains authentication, credential, session, recovery, signing, or token-vault material and is excluded in full.",staging-schema-inventory.json::public.admin_sessions; reviewed exact credential identity list,CREDENTIAL_OR_SESSION_MATERIAL,{}
public,advisor_response_log,EXPORT,PLATFORM_AI,The live schema proves this tenant-owned relation through an exact organization discriminator or foreign-key path.,SQL_INSERT_INTO server/src/routes/ai.routes.ts:9662; SQL_UPDATE server/src/routes/ai.routes.ts:9743; SQL_FROM server/src/routes/ai.routes.ts:9735; SQL_FROM server/src/routes/ai.routes.ts:9761; SQL_FROM server/src/routes/ai.routes.ts:9793,,"{""column"":""organization_id"",""kind"":""DIRECT_COLUMN""}"
public,agent_folders,EXPORT,PLATFORM_AI,The live schema proves this tenant-owned relation through an exact organization discriminator or foreign-key path.,SQL_INSERT_INTO server/src/services/ai/agentFolderService.ts:132; SQL_UPDATE server/src/services/ai/agentFolderService.ts:197; SQL_DELETE_FROM server/src/services/ai/agentFolderService.ts:216; SQL_FROM server/src/services/ai/agentFolderService.ts:101; SQL_FROM server/src/services/ai/agentFolderService.ts:108,,"{""column"":""organization_id"",""kind"":""DIRECT_COLUMN""}"
public,ai_ab_assignments,EXCLUDE_SECURITY,NO_PROVABLE_TENANT_BOUNDARY,"The live schema proves no organization discriminator or foreign-key path, so exporting rows could cross tenant boundaries.",staging-schema-inventory.json::public.ai_ab_assignments reviewed ownership graph has no tenant path,NO_PROVABLE_TENANT_BOUNDARY,{}
public,ai_ab_experiments,EXCLUDE_SECURITY,NO_PROVABLE_TENANT_BOUNDARY,"The live schema proves no organization discriminator or foreign-key path, so exporting rows could cross tenant boundaries.",staging-schema-inventory.json::public.ai_ab_experiments reviewed ownership graph has no tenant path,NO_PROVABLE_TENANT_BOUNDARY,{}
public,ai_ab_outcomes,EXCLUDE_SECURITY,NO_PROVABLE_TENANT_BOUNDARY,"The live schema proves no organization discriminator or foreign-key path, so exporting rows could cross tenant boundaries.",staging-schema-inventory.json::public.ai_ab_outcomes reviewed ownership graph has no tenant path,NO_PROVABLE_TENANT_BOUNDARY,{}
public,ai_actions,EXPORT,PLATFORM_AI,The live schema proves this tenant-owned relation through an exact organization discriminator or foreign-key path.,SQL_INSERT_INTO server/src/services/aiActionExecutor.ts:514; SQL_INSERT_INTO server/src/services/v8/teresaCopilotService.ts:524; SQL_UPDATE server/src/services/aiActionExecutor.ts:372; SQL_UPDATE server/src/services/aiActionExecutor.ts:648; SQL_UPDATE server/src/services/aiActionExecutor.ts:672,,"{""column"":""organization_id"",""kind"":""DIRECT_COLUMN""}"
public,ai_actions_config,EXPORT,PLATFORM_AI,The live schema proves this tenant-owned relation through an exact organization discriminator or foreign-key path.,SQL_FROM server/src/services/ai/aiMemoryService.ts:354; SQL_FROM server/src/services/ai/aiMemoryService.ts:375,,"{""column"":""organization_id"",""kind"":""DIRECT_COLUMN""}"
public,ai_actions_log,EXPORT,OPERATIONS,The live schema proves this tenant-owned relation through an exact organization discriminator or foreign-key path.,SQL_DELETE_FROM server/src/cron/MemoryCleanupJob.js:67,,"{""column"":""organization_id"",""kind"":""DIRECT_COLUMN""}"
public,ai_agent_audit_metrics,EXPORT,AUDIT_COMPLIANCE,The live schema proves this tenant-owned relation through an exact organization discriminator or foreign-key path.,SQL_INSERT_INTO server/src/services/ai/agentAudit/agentAuditMetricsService.ts:23; SQL_FROM server/src/routes/ai/agent-audit.routes.ts:59; SQL_FROM server/src/routes/ai/agent-audit.routes.ts:80; SQL_FROM server/src/routes/ai/agent-audit.routes.ts:129,,"{""column"":""organization_id"",""kind"":""DIRECT_COLUMN""}"
public,ai_agent_audit_reviews,EXPORT,AUDIT_COMPLIANCE,The live schema proves this tenant-owned relation through an exact organization discriminator or foreign-key path.,SQL_INSERT_INTO server/src/services/ai/agentAudit/agentAuditStore.ts:98; SQL_FROM server/src/services/ai/agentAudit/agentAuditStore.ts:251,,"{""kind"":""FOREIGN_KEY_PATH"",""path"":[{""column"":""run_id"",""parentColumn"":""id"",""parentSchema"":""public"",""parentTable"":""ai_agent_audit_runs""}]}"
public,ai_agent_audit_runs,EXPORT,AUDIT_COMPLIANCE,The live schema proves this tenant-owned relation through an exact organization discriminator or foreign-key path.,SQL_INSERT_INTO server/src/services/ai/agentAudit/agentAuditStore.ts:78; SQL_UPDATE server/src/services/ai/agentAudit/agentAuditStore.ts:290; SQL_FROM server/src/services/ai/agentAudit/agentAuditStore.ts:236; SQL_FROM server/src/services/ai/agentAudit/agentAuditStore.ts:321,,"{""column"":""organization_id"",""kind"":""DIRECT_COLUMN""}"
public,ai_agent_job_attempts,EXPORT,TASKS,The live schema proves this tenant-owned relation through an exact organization discriminator or foreign-key path.,SQL_INSERT_INTO server/src/services/ai/agentTaskDispatchService.ts:140; SQL_INSERT_INTO server/src/services/ai/agentTaskDispatchService.ts:156; SQL_INSERT_INTO server/src/services/ai/agentTaskDispatchService.ts:191; SQL_FROM server/src/services/ai/agentTaskDispatchService.ts:200,,"{""kind"":""FOREIGN_KEY_PATH"",""path"":[{""column"":""receipt_id"",""parentColumn"":""receipt_id"",""parentSchema"":""public"",""parentTable"":""ai_agent_job_receipts""}]}"
public,ai_agent_job_receipts,EXPORT,TASKS,The live schema proves this tenant-owned relation through an exact organization discriminator or foreign-key path.,SQL_INSERT_INTO server/src/services/ai/agentTaskDispatchService.ts:75; SQL_UPDATE server/src/services/ai/agentTaskDispatchService.ts:104; SQL_UPDATE server/src/services/ai/agentTaskDispatchService.ts:128; SQL_UPDATE server/src/services/ai/agentTaskDispatchService.ts:150; SQL_UPDATE server/src/services/ai/agentTaskDispatchService.ts:185,,"{""column"":""organization_id"",""kind"":""DIRECT_COLUMN""}"
public,ai_agent_plan_steps,EXPORT,PLATFORM_AI,The live schema proves this tenant-owned relation through an exact organization discriminator or foreign-key path.,SQL_INSERT_INTO server/src/services/ai/agentPlannerService.ts:476; SQL_INSERT_INTO server/src/services/ai/agentPlannerService.ts:992; SQL_UPDATE server/src/services/ai/agentPlannerService.ts:587; SQL_UPDATE server/src/services/ai/agentPlannerService.ts:686; SQL_UPDATE server/src/services/ai/agentPlannerService.ts:719,,"{""kind"":""FOREIGN_KEY_PATH"",""path"":[{""column"":""plan_id"",""parentColumn"":""id"",""parentSchema"":""public"",""parentTable"":""ai_agent_plans""}]}"
public,ai_agent_plans,EXPORT,PLATFORM_AI,The live schema proves this tenant-owned relation through an exact organization discriminator or foreign-key path.,SQL_INSERT_INTO server/src/scripts/a04WorkerClaimContextRealDbProof.ts:234; SQL_INSERT_INTO server/src/services/ai/agentPlannerService.ts:454; SQL_UPDATE server/src/services/ai/agentFolderService.ts:211; SQL_UPDATE server/src/services/ai/agentPlannerService.ts:260; SQL_UPDATE server/src/services/ai/agentPlannerService.ts:279,,"{""column"":""organization_id"",""kind"":""DIRECT_COLUMN""}"
public,ai_approval_requests,EXPORT,PLATFORM_AI,The live schema proves this tenant-owned relation through an exact organization discriminator or foreign-key path.,SQL_INSERT_INTO server/src/services/ai/dataClassificationService.ts:240; SQL_UPDATE server/src/services/ai/dataClassificationService.ts:297; SQL_UPDATE server/src/services/ai/dataClassificationService.ts:332; SQL_FROM server/src/services/ai/dataClassificationService.ts:271; SQL_FROM server/src/services/ai/dataClassificationService.ts:304,,"{""column"":""organization_id"",""kind"":""DIRECT_COLUMN""}"
public,ai_audit_log,EXCLUDE_SECURITY,ACTIVE_SEMANTIC_POLICY_MISSING,"The relation has a structural tenant path but no active semantic writer or reviewed privacy contract, so export fails closed.",organization-export-semantic-source-index.e1.json::public.ai_audit_log ACTIVE_SEMANTIC_SOURCE_MISSING,ACTIVE_SEMANTIC_POLICY_MISSING,{}
public,ai_audit_logs,EXPORT,PLATFORM_AI,The live schema proves this tenant-owned relation through an exact organization discriminator or foreign-key path.,SQL_INSERT_INTO server/src/controllers/ai/AITrainingController.ts:69; SQL_INSERT_INTO server/src/services/aiActionExecutor.ts:1505; SQL_INSERT_INTO server/src/services/aiAuditLogger.ts:152; SQL_UPDATE server/src/services/aiAuditLogger.ts:228; SQL_DELETE_FROM server/src/controllers/ai/AITrainingController.ts:181,,"{""column"":""organization_id"",""kind"":""DIRECT_COLUMN""}"
public,ai_authoring_audit,EXPORT,PLATFORM_AI,The live schema proves this tenant-owned relation through an exact organization discriminator or foreign-key path.,SQL_INSERT_INTO server/src/routes/ai.routes.ts:9416; SQL_INSERT_INTO server/src/routes/ai.routes.ts:9602,,"{""column"":""organization_id"",""kind"":""DIRECT_COLUMN""}"
public,ai_budgets,EXPORT,PLATFORM_AI,The live schema proves this tenant-owned relation through an exact organization discriminator or foreign-key path.,SQL_INSERT_INTO server/src/services/aiBudgetService.ts:201; SQL_UPDATE server/src/services/aiBudgetService.ts:278; SQL_UPDATE server/src/services/aiBudgetService.ts:295; SQL_UPDATE server/src/services/aiBudgetService.ts:372; SQL_UPDATE server/src/services/aiCostControlService.ts:297,,"{""column"":""organization_id"",""kind"":""DIRECT_COLUMN""}"
public,ai_chat_run_events,EXPORT,PLATFORM_AI,The live schema proves this tenant-owned relation through an exact organization discriminator or foreign-key path.,SQL_INSERT_INTO server/src/services/ai/chatTraceService.ts:221,,"{""kind"":""FOREIGN_KEY_PATH"",""path"":[{""column"":""run_id"",""parentColumn"":""id"",""parentSchema"":""public"",""parentTable"":""ai_chat_runs""}]}"
public,ai_chat_runs,EXPORT,PLATFORM_AI,The live schema proves this tenant-owned relation through an exact organization discriminator or foreign-key path.,SQL_INSERT_INTO server/src/services/ai/chatTraceService.ts:122; SQL_UPDATE server/src/services/ai/chatTraceService.ts:150; SQL_UPDATE server/src/services/ai/chatTraceService.ts:185,,"{""column"":""organization_id"",""kind"":""DIRECT_COLUMN""}"
public,ai_context_snapshots,EXPORT,PLATFORM_AI,The live schema proves this tenant-owned relation through an exact organization discriminator or foreign-key path.,SQL_INSERT_INTO server/src/services/ai/contextPackService.ts:148; SQL_FROM server/src/services/ai/contextPackService.ts:180,,"{""column"":""organization_id"",""kind"":""DIRECT_COLUMN""}"
public,ai_contexts,EXPORT,OPERATIONS,The live schema proves this tenant-owned relation through an exact organization discriminator or foreign-key path.,SQL_INSERT_INTO server/src/routes/context.routes.ts:62; SQL_UPDATE server/src/routes/context.routes.ts:110; SQL_DELETE_FROM server/src/routes/context.routes.ts:140; SQL_FROM server/src/routes/context.routes.ts:23; SQL_FROM server/src/routes/context.routes.ts:41,,"{""column"":""organization_id"",""kind"":""DIRECT_COLUMN""}"
public,ai_conversation_context,EXCLUDE_SECURITY,NO_PROVABLE_TENANT_BOUNDARY,"The live schema proves no organization discriminator or foreign-key path, so exporting rows could cross tenant boundaries.",staging-schema-inventory.json::public.ai_conversation_context reviewed ownership graph has no tenant path,NO_PROVABLE_TENANT_BOUNDARY,{}
public,ai_conversations,EXPORT,OPERATIONS,The live schema proves this tenant-owned relation through an exact organization discriminator or foreign-key path.,SQL_FROM server/src/routes/dataExport.routes.ts:361,,"{""column"":""organization_id"",""kind"":""DIRECT_COLUMN""}"
public,ai_cost_alerts_sent,EXPORT,PLATFORM_AI,The live schema proves this tenant-owned relation through an exact organization discriminator or foreign-key path.,SQL_INSERT_INTO server/src/services/ai/aiCostAlertsService.ts:133; SQL_FROM server/src/services/ai/aiCostAlertsService.ts:120,,"{""column"":""organization_id"",""kind"":""DIRECT_COLUMN""}"
public,ai_cost_tracking,EXCLUDE_SECURITY,ACTIVE_SEMANTIC_POLICY_MISSING,"The relation has a structural tenant path but no active semantic writer or reviewed privacy contract, so export fails closed.",organization-export-semantic-source-index.e1.json::public.ai_cost_tracking ACTIVE_SEMANTIC_SOURCE_MISSING,ACTIVE_SEMANTIC_POLICY_MISSING,{}
public,ai_cost_usage,EXPORT,PLATFORM_AI,The live schema proves this tenant-owned relation through an exact organization discriminator or foreign-key path.,SQL_INSERT_INTO server/src/services/ai/cost-monitoring.service.ts:133,,"{""column"":""organization_id"",""kind"":""DIRECT_COLUMN""}"
public,ai_data_access_log,EXCLUDE_SECURITY,ACTIVE_SEMANTIC_POLICY_MISSING,"The relation has a structural tenant path but no active semantic writer or reviewed privacy contract, so export fails closed.",organization-export-semantic-source-index.e1.json::public.ai_data_access_log ACTIVE_SEMANTIC_SOURCE_MISSING,ACTIVE_SEMANTIC_POLICY_MISSING,{}
public,ai_data_classifications,EXPORT,PLATFORM_AI,The live schema proves this tenant-owned relation through an exact organization discriminator or foreign-key path.,SQL_INSERT_INTO server/src/services/ai/dataClassificationService.ts:77,,"{""column"":""organization_id"",""kind"":""DIRECT_COLUMN""}"
public,ai_decision_audit_log,EXPORT,AUDIT_COMPLIANCE,The live schema proves this tenant-owned relation through an exact organization discriminator or foreign-key path.,SQL_INSERT_INTO server/src/services/ai/decisionAuditService.ts:100; SQL_DELETE_FROM server/src/services/ai/decisionAuditService.ts:250; SQL_FROM server/src/services/ai/decisionAuditService.ts:134; SQL_FROM server/src/services/ai/decisionAuditService.ts:185,,"{""column"":""organization_id"",""kind"":""DIRECT_COLUMN""}"
public,ai_decision_outcomes,EXPORT,PLATFORM_AI,The live schema proves this tenant-owned relation through an exact organization discriminator or foreign-key path.,SQL_INSERT_INTO server/src/routes/ai/deep-thinking.routes.ts:125; SQL_INSERT_INTO server/src/services/ai/decisionMemoryService.ts:87; SQL_UPDATE server/src/services/ai/decisionMemoryService.ts:128; SQL_UPDATE server/src/services/ai/decisionMemoryService.ts:306; SQL_FROM server/src/routes/ai/deep-thinking.routes.ts:184,,"{""column"":""organization_id"",""kind"":""DIRECT_COLUMN""}"
public,ai_deep_thinking_confirms,EXCLUDE_SECURITY,ACTIVE_SEMANTIC_POLICY_MISSING,"The relation has a structural tenant path but no active semantic writer or reviewed privacy contract, so export fails closed.",organization-export-semantic-source-index.e1.json::public.ai_deep_thinking_confirms ACTIVE_SEMANTIC_SOURCE_MISSING,ACTIVE_SEMANTIC_POLICY_MISSING,{}
public,ai_deep_thinking_metrics,EXPORT,PLATFORM_AI,The live schema proves this tenant-owned relation through an exact organization discriminator or foreign-key path.,SQL_INSERT_INTO server/src/services/ai/confidenceCalibrationService.ts:137; SQL_INSERT_INTO server/src/services/ai/deepThinkingMetricsService.ts:23; SQL_UPDATE server/src/services/ai/confidenceCalibrationService.ts:178; SQL_DELETE_FROM server/src/routes/ai/deep-thinking.routes.ts:414; SQL_FROM server/src/routes/ai/deep-thinking.routes.ts:348,,"{""column"":""organization_id"",""kind"":""DIRECT_COLUMN""}"
public,ai_dismissed_nudges,EXCLUDE_SECURITY,NO_PROVABLE_TENANT_BOUNDARY,"The live schema proves no organization discriminator or foreign-key path, so exporting rows could cross tenant boundaries.",staging-schema-inventory.json::public.ai_dismissed_nudges reviewed ownership graph has no tenant path,NO_PROVABLE_TENANT_BOUNDARY,{}
public,ai_dlp_rules,EXPORT,PLATFORM_AI,The live schema proves this tenant-owned relation through an exact organization discriminator or foreign-key path.,SQL_INSERT_INTO server/src/services/ai/advancedDlpService.ts:168; SQL_UPDATE server/src/services/ai/advancedDlpService.ts:218; SQL_DELETE_FROM server/src/services/ai/advancedDlpService.ts:225; SQL_FROM server/src/services/ai/advancedDlpService.ts:199; SQL_FROM server/src/services/ai/advancedDlpService.ts:233,,"{""column"":""organization_id"",""kind"":""DIRECT_COLUMN""}"
public,ai_doc_usage_log,EXPORT,PLATFORM_AI,The live schema proves this tenant-owned relation through an exact organization discriminator or foreign-key path.,SQL_INSERT_INTO server/src/services/ai/documentGovernance.ts:158,,"{""column"":""organization_id"",""kind"":""DIRECT_COLUMN""}"
public,ai_domain_playbooks,EXPORT,OPERATIONS,The live schema proves this tenant-owned relation through an exact organization discriminator or foreign-key path.,SQL_INSERT_INTO server/src/services/finalBatchService.ts:595; SQL_UPDATE server/src/services/finalBatchService.ts:682; SQL_FROM server/src/services/finalBatchService.ts:617; SQL_FROM server/src/services/finalBatchService.ts:623; SQL_FROM server/src/services/finalBatchService.ts:628,,"{""column"":""organization_id"",""kind"":""DIRECT_COLUMN""}"
public,ai_drafts,EXPORT,PLATFORM_AI,The live schema proves this tenant-owned relation through an exact organization discriminator or foreign-key path.,SQL_INSERT_INTO server/src/services/ai/draftService.ts:18; SQL_UPDATE server/src/services/ai/draftService.ts:72; SQL_DELETE_FROM server/src/services/ai/draftService.ts:90; SQL_FROM server/src/services/ai/draftService.ts:42; SQL_FROM server/src/services/ai/draftService.ts:124,,"{""column"":""organization_id"",""kind"":""DIRECT_COLUMN""}"
public,ai_eval_auto_triggers,EXPORT,PLATFORM_AI,The live schema proves this tenant-owned relation through an exact organization discriminator or foreign-key path.,SQL_UPDATE server/src/routes/ai-prompts.routes.ts:386; SQL_FROM server/src/routes/ai-prompts.routes.ts:367,,"{""column"":""organization_id"",""kind"":""DIRECT_COLUMN""}"
public,ai_eval_datasets,EXPORT,PLATFORM_AI,The live schema proves this tenant-owned relation through an exact organization discriminator or foreign-key path.,SQL_INSERT_INTO server/src/services/aiGovernanceService.ts:391; SQL_UPDATE server/src/services/aiGovernanceService.ts:423; SQL_FROM server/src/services/ai/evalHarnessService.ts:204; SQL_FROM server/src/services/aiGovernanceService.ts:363; SQL_FROM server/src/services/aiGovernanceService.ts:376,,"{""column"":""organization_id"",""kind"":""DIRECT_COLUMN""}"
public,ai_eval_golden_sets,EXCLUDE_SECURITY,ACTIVE_SEMANTIC_POLICY_MISSING,"The relation has a structural tenant path but no active semantic writer or reviewed privacy contract, so export fails closed.",organization-export-semantic-source-index.e1.json::public.ai_eval_golden_sets ACTIVE_SEMANTIC_SOURCE_MISSING,ACTIVE_SEMANTIC_POLICY_MISSING,{}
public,ai_eval_regression_gates,EXPORT,PLATFORM_AI,The live schema proves this tenant-owned relation through an exact organization discriminator or foreign-key path.,SQL_INSERT_INTO server/src/services/ai/evalHarnessService.ts:719; SQL_UPDATE server/src/services/ai/evalHarnessService.ts:766; SQL_DELETE_FROM server/src/services/ai/evalHarnessService.ts:782; SQL_FROM server/src/services/ai/evalHarnessService.ts:699; SQL_FROM server/src/services/ai/evalHarnessService.ts:732,,"{""column"":""organization_id"",""kind"":""DIRECT_COLUMN""}"
public,ai_evaluations,EXPORT,PLATFORM_AI,The live schema proves this tenant-owned relation through an exact organization discriminator or foreign-key path.,SQL_INSERT_INTO server/src/services/ai/evalHarnessService.ts:472; SQL_INSERT_INTO server/src/services/aiGovernanceService.ts:480; SQL_FROM server/src/services/ai/aiObservabilityService.ts:394; SQL_FROM server/src/services/ai/evalHarnessService.ts:421; SQL_FROM server/src/services/ai/evalHarnessService.ts:434,,"{""column"":""organization_id"",""kind"":""DIRECT_COLUMN""}"
public,ai_experiment_variants,EXPORT,PLATFORM_AI,The live schema proves this tenant-owned relation through an exact organization discriminator or foreign-key path.,SQL_INSERT_INTO server/src/controllers/ai/AIExperimentsController.ts:84; SQL_FROM server/src/controllers/ai/AIExperimentsController.ts:30; SQL_FROM server/src/controllers/ai/AIExperimentsController.ts:121,,"{""kind"":""FOREIGN_KEY_PATH"",""path"":[{""column"":""experiment_id"",""parentColumn"":""id"",""parentSchema"":""public"",""parentTable"":""ai_experiments""}]}"
public,ai_experiments,EXPORT,PLATFORM_AI,The live schema proves this tenant-owned relation through an exact organization discriminator or foreign-key path.,SQL_INSERT_INTO server/src/controllers/ai/AIExperimentsController.ts:68; SQL_UPDATE server/src/controllers/ai/AIExperimentsController.ts:145; SQL_DELETE_FROM server/src/controllers/ai/AIExperimentsController.ts:208; SQL_FROM server/src/controllers/ai/AIExperimentsController.ts:16; SQL_FROM server/src/controllers/ai/AIExperimentsController.ts:113,,"{""column"":""organization_id"",""kind"":""DIRECT_COLUMN""}"
public,ai_feature_control,EXCLUDE_SECURITY,ACTIVE_SEMANTIC_POLICY_MISSING,"The relation has a structural tenant path but no active semantic writer or reviewed privacy contract, so export fails closed.",organization-export-semantic-source-index.e1.json::public.ai_feature_control ACTIVE_SEMANTIC_SOURCE_MISSING,ACTIVE_SEMANTIC_POLICY_MISSING,{}
public,ai_feedback,EXPORT,PLATFORM_AI,The live schema proves this tenant-owned relation through an exact organization discriminator or foreign-key path.,SQL_INSERT_INTO server/src/routes/ai/ai-feedback.routes.ts:128; SQL_INSERT_INTO server/src/services/ai/aiLearningService.ts:90; SQL_INSERT_INTO server/src/services/feedbackService.ts:169; SQL_UPDATE server/src/routes/admin/ai-quality.routes.ts:245; SQL_UPDATE server/src/services/ai/aiLearningService.ts:199,,"{""column"":""organization_id"",""kind"":""DIRECT_COLUMN""}"
public,ai_global_strategies,EXCLUDE_SECURITY,NO_PROVABLE_TENANT_BOUNDARY,"The live schema proves no organization discriminator or foreign-key path, so exporting rows could cross tenant boundaries.",staging-schema-inventory.json::public.ai_global_strategies reviewed ownership graph has no tenant path,NO_PROVABLE_TENANT_BOUNDARY,{}
public,ai_governance_policies,EXPORT,PLATFORM_AI,The live schema proves this tenant-owned relation through an exact organization discriminator or foreign-key path.,SQL_INSERT_INTO server/src/services/aiGovernanceService.ts:573; SQL_UPDATE server/src/services/aiGovernanceService.ts:596; SQL_DELETE_FROM server/src/services/aiGovernanceService.ts:608; SQL_FROM server/src/services/ai/dataClassificationService.ts:106; SQL_FROM server/src/services/ai/dataClassificationService.ts:199,,"{""column"":""organization_id"",""kind"":""DIRECT_COLUMN""}"
public,ai_grounding_logs,EXPORT,PLATFORM_AI,The live schema proves this tenant-owned relation through an exact organization discriminator or foreign-key path.,SQL_INSERT_INTO server/src/services/ai/outputGroundingService.ts:225; SQL_FROM server/src/services/ai/aiObservabilityService.ts:383,,"{""column"":""organization_id"",""kind"":""DIRECT_COLUMN""}"
public,ai_ideas,EXCLUDE_SECURITY,NO_PROVABLE_TENANT_BOUNDARY,"The live schema proves no organization discriminator or foreign-key path, so exporting rows could cross tenant boundaries.",staging-schema-inventory.json::public.ai_ideas reviewed ownership graph has no tenant path,NO_PROVABLE_TENANT_BOUNDARY,{}
public,ai_inbox,EXPORT,OPERATIONS,The live schema proves this tenant-owned relation through an exact organization discriminator or foreign-key path.,SQL_INSERT_INTO server/src/services/myWorkService.ts:489; SQL_UPDATE server/src/services/myWorkService.ts:564; SQL_FROM server/src/services/myWorkService.ts:404,,"{""column"":""organization_id"",""kind"":""DIRECT_COLUMN""}"
public,ai_industry_templates,EXCLUDE_SECURITY,NO_PROVABLE_TENANT_BOUNDARY,"The live schema proves no organization discriminator or foreign-key path, so exporting rows could cross tenant boundaries.",staging-schema-inventory.json::public.ai_industry_templates reviewed ownership graph has no tenant path,NO_PROVABLE_TENANT_BOUNDARY,{}
public,ai_instruction_suggestions,EXPORT,PLATFORM_AI,The live schema proves this tenant-owned relation through an exact organization discriminator or foreign-key path.,SQL_INSERT_INTO server/src/jobs/aiLearningJob.ts:241; SQL_INSERT_INTO server/src/services/ai/learningSystem.ts:296; SQL_UPDATE server/src/routes/ai-prompts.routes.ts:920; SQL_UPDATE server/src/routes/ai-prompts.routes.ts:942; SQL_UPDATE server/src/routes/ai-prompts.routes.ts:964,,"{""column"":""organization_id"",""kind"":""DIRECT_COLUMN""}"
public,ai_instructions_org,EXPORT,PLATFORM_AI,The live schema proves this tenant-owned relation through an exact organization discriminator or foreign-key path.,SQL_FROM server/src/services/ai/aiMemoryService.ts:492,,"{""column"":""organization_id"",""kind"":""DIRECT_COLUMN""}"
public,ai_instructions_system,EXCLUDE_SECURITY,NO_PROVABLE_TENANT_BOUNDARY,"The live schema proves no organization discriminator or foreign-key path, so exporting rows could cross tenant boundaries.",staging-schema-inventory.json::public.ai_instructions_system reviewed ownership graph has no tenant path,NO_PROVABLE_TENANT_BOUNDARY,{}
public,ai_intent_routing_log,EXPORT,PLATFORM_AI,The live schema proves this tenant-owned relation through an exact organization discriminator or foreign-key path.,SQL_INSERT_INTO server/src/routes/ai.routes.ts:10047; SQL_FROM server/src/routes/ai.routes.ts:10088,,"{""column"":""organization_id"",""kind"":""DIRECT_COLUMN""}"
public,ai_knowledge_embeddings,EXPORT,PLATFORM_AI,The live schema proves this tenant-owned relation through an exact organization discriminator or foreign-key path.,SQL_INSERT_INTO server/src/services/ai/embeddingService.ts:162; SQL_INSERT_INTO server/src/services/ai/embeddingService.ts:192; SQL_FROM server/src/routes/ai/ai-health-check.routes.ts:327; SQL_FROM server/src/services/InterviewInsightService.ts:3164; SQL_FROM server/src/services/ai/embeddingService.ts:240,,"{""column"":""organization_id"",""kind"":""DIRECT_COLUMN""}"
public,ai_learned_patterns,EXCLUDE_SECURITY,ACTIVE_SEMANTIC_POLICY_MISSING,"The relation has a structural tenant path but no active semantic writer or reviewed privacy contract, so export fails closed.",organization-export-semantic-source-index.e1.json::public.ai_learned_patterns ACTIVE_SEMANTIC_SOURCE_MISSING,ACTIVE_SEMANTIC_POLICY_MISSING,{}
public,ai_learning_interactions,EXCLUDE_SECURITY,ACTIVE_SEMANTIC_POLICY_MISSING,"The relation has a structural tenant path but no active semantic writer or reviewed privacy contract, so export fails closed.",organization-export-semantic-source-index.e1.json::public.ai_learning_interactions ACTIVE_SEMANTIC_SOURCE_MISSING,ACTIVE_SEMANTIC_POLICY_MISSING,{}
public,ai_learning_jobs,EXCLUDE_SECURITY,NO_PROVABLE_TENANT_BOUNDARY,"The live schema proves no organization discriminator or foreign-key path, so exporting rows could cross tenant boundaries.",staging-schema-inventory.json::public.ai_learning_jobs reviewed ownership graph has no tenant path,NO_PROVABLE_TENANT_BOUNDARY,{}
public,ai_learning_metrics,EXCLUDE_SECURITY,ACTIVE_SEMANTIC_POLICY_MISSING,"The relation has a structural tenant path but no active semantic writer or reviewed privacy contract, so export fails closed.",organization-export-semantic-source-index.e1.json::public.ai_learning_metrics ACTIVE_SEMANTIC_SOURCE_MISSING,ACTIVE_SEMANTIC_POLICY_MISSING,{}
public,ai_learning_patterns,EXPORT,PLATFORM_AI,The live schema proves this tenant-owned relation through an exact organization discriminator or foreign-key path.,SQL_INSERT_INTO server/src/services/ai/aiLearningService.ts:287; SQL_INSERT_INTO server/src/services/ai/learningSystem.ts:175; SQL_UPDATE server/src/services/ai/aiLearningService.ts:268; SQL_UPDATE server/src/services/ai/aiLearningService.ts:334; SQL_UPDATE server/src/services/ai/learningSystem.ts:170,,"{""column"":""organization_id"",""kind"":""DIRECT_COLUMN""}"
public,ai_logs,EXCLUDE_SECURITY,NO_PROVABLE_TENANT_BOUNDARY,"The live schema proves no organization discriminator or foreign-key path, so exporting rows could cross tenant boundaries.",staging-schema-inventory.json::public.ai_logs reviewed ownership graph has no tenant path,NO_PROVABLE_TENANT_BOUNDARY,{}
public,ai_long_term_memory,EXPORT,PLATFORM_AI,The live schema proves this tenant-owned relation through an exact organization discriminator or foreign-key path.,SQL_INSERT_INTO server/src/services/ai/longTermMemoryService.ts:66; SQL_UPDATE server/src/services/ai/longTermMemoryService.ts:94; SQL_FROM server/src/services/ai/longTermMemoryService.ts:33,,"{""column"":""organization_id"",""kind"":""DIRECT_COLUMN""}"
public,ai_market_inbox,EXCLUDE_SECURITY,NO_PROVABLE_TENANT_BOUNDARY,"The live schema proves no organization discriminator or foreign-key path, so exporting rows could cross tenant boundaries.",staging-schema-inventory.json::public.ai_market_inbox reviewed ownership graph has no tenant path,NO_PROVABLE_TENANT_BOUNDARY,{}
public,ai_market_snapshots,EXCLUDE_SECURITY,NO_PROVABLE_TENANT_BOUNDARY,"The live schema proves no organization discriminator or foreign-key path, so exporting rows could cross tenant boundaries.",staging-schema-inventory.json::public.ai_market_snapshots reviewed ownership graph has no tenant path,NO_PROVABLE_TENANT_BOUNDARY,{}
public,ai_model_overrides,EXPORT,PLATFORM_AI,The live schema proves this tenant-owned relation through an exact organization discriminator or foreign-key path.,SQL_FROM server/src/services/ai/modelRouter.ts:1502,,"{""column"":""organization_id"",""kind"":""DIRECT_COLUMN""}"
public,ai_model_permissions,EXPORT,PLATFORM_AI,The live schema proves this tenant-owned relation through an exact organization discriminator or foreign-key path.,SQL_INSERT_INTO server/src/services/aiBudgetService.ts:498; SQL_DELETE_FROM server/src/services/aiBudgetService.ts:570; SQL_FROM server/src/services/aiBudgetService.ts:462; SQL_FROM server/src/services/aiBudgetService.ts:520; SQL_FROM server/src/services/aiBudgetService.ts:532,,"{""column"":""organization_id"",""kind"":""DIRECT_COLUMN""}"
public,ai_nudge_actions,EXCLUDE_SECURITY,NO_PROVABLE_TENANT_BOUNDARY,"The live schema proves no organization discriminator or foreign-key path, so exporting rows could cross tenant boundaries.",staging-schema-inventory.json::public.ai_nudge_actions reviewed ownership graph has no tenant path,NO_PROVABLE_TENANT_BOUNDARY,{}
public,ai_nudge_activity,EXPORT,PLATFORM_AI,The live schema proves this tenant-owned relation through an exact organization discriminator or foreign-key path.,SQL_INSERT_INTO server/src/services/ai/proactiveNudges.ts:109,,"{""column"":""organization_id"",""kind"":""DIRECT_COLUMN""}"
public,ai_nudge_dismissals,EXCLUDE_SECURITY,NO_PROVABLE_TENANT_BOUNDARY,"The live schema proves no organization discriminator or foreign-key path, so exporting rows could cross tenant boundaries.",staging-schema-inventory.json::public.ai_nudge_dismissals reviewed ownership graph has no tenant path,NO_PROVABLE_TENANT_BOUNDARY,{}
public,ai_nudge_log,EXCLUDE_SECURITY,ACTIVE_SEMANTIC_POLICY_MISSING,"The relation has a structural tenant path but no active semantic writer or reviewed privacy contract, so export fails closed.",organization-export-semantic-source-index.e1.json::public.ai_nudge_log ACTIVE_SEMANTIC_SOURCE_MISSING,ACTIVE_SEMANTIC_POLICY_MISSING,{}
public,ai_nudge_suppressions,EXCLUDE_SECURITY,NO_PROVABLE_TENANT_BOUNDARY,"The live schema proves no organization discriminator or foreign-key path, so exporting rows could cross tenant boundaries.",staging-schema-inventory.json::public.ai_nudge_suppressions reviewed ownership graph has no tenant path,NO_PROVABLE_TENANT_BOUNDARY,{}
public,ai_observability_snapshots,EXCLUDE_SECURITY,ACTIVE_SEMANTIC_POLICY_MISSING,"The relation has a structural tenant path but no active semantic writer or reviewed privacy contract, so export fails closed.",organization-export-semantic-source-index.e1.json::public.ai_observability_snapshots ACTIVE_SEMANTIC_SOURCE_MISSING,ACTIVE_SEMANTIC_POLICY_MISSING,{}
public,ai_observations,EXCLUDE_SECURITY,NO_PROVABLE_TENANT_BOUNDARY,"The live schema proves no organization discriminator or foreign-key path, so exporting rows could cross tenant boundaries.",staging-schema-inventory.json::public.ai_observations reviewed ownership graph has no tenant path,NO_PROVABLE_TENANT_BOUNDARY,{}
public,ai_operator_communications,EXPORT,PLATFORM_AI,The live schema proves this tenant-owned relation through an exact organization discriminator or foreign-key path.,SQL_INSERT_INTO server/src/services/aiOperatorService.ts:1761,,"{""column"":""organization_id"",""kind"":""DIRECT_COLUMN""}"
public,ai_operator_interventions,EXPORT,PLATFORM_AI,The live schema proves this tenant-owned relation through an exact organization discriminator or foreign-key path.,SQL_INSERT_INTO server/src/services/aiOperatorService.ts:863; SQL_UPDATE server/src/services/aiOperatorService.ts:1723; SQL_FROM server/src/services/aiOperatorService.ts:814; SQL_FROM server/src/services/aiOperatorService.ts:1738,,"{""column"":""organization_id"",""kind"":""DIRECT_COLUMN""}"
public,ai_operator_plans,EXPORT,PLATFORM_AI,The live schema proves this tenant-owned relation through an exact organization discriminator or foreign-key path.,SQL_INSERT_INTO server/src/services/aiOperatorService.ts:790; SQL_UPDATE server/src/services/aiOperatorService.ts:783; SQL_FROM server/src/services/aiOperatorService.ts:748,,"{""column"":""organization_id"",""kind"":""DIRECT_COLUMN""}"
public,ai_operator_profiles,EXPORT,PLATFORM_AI,The live schema proves this tenant-owned relation through an exact organization discriminator or foreign-key path.,SQL_INSERT_INTO server/src/services/aiOperatorService.ts:176; SQL_FROM server/src/services/aiOperatorService.ts:205,,"{""column"":""organization_id"",""kind"":""DIRECT_COLUMN""}"
public,ai_ops_report_state,EXCLUDE_SECURITY,NO_PROVABLE_TENANT_BOUNDARY,"The live schema proves no organization discriminator or foreign-key path, so exporting rows could cross tenant boundaries.",staging-schema-inventory.json::public.ai_ops_report_state reviewed ownership graph has no tenant path,NO_PROVABLE_TENANT_BOUNDARY,{}
public,ai_org_memory,EXPORT,PLATFORM_AI,The live schema proves this tenant-owned relation through an exact organization discriminator or foreign-key path.,SQL_INSERT_INTO server/src/services/ai/aiMemoryService.ts:248; SQL_UPDATE server/src/services/ai/aiMemoryService.ts:298; SQL_FROM server/src/services/ai/aiMemoryService.ts:221; SQL_FROM server/src/services/ai/industryTemplateService.ts:76,,"{""column"":""organization_id"",""kind"":""DIRECT_COLUMN""}"
public,ai_organization_memory,EXPORT,PLATFORM_AI,The live schema proves this tenant-owned relation through an exact organization discriminator or foreign-key path.,SQL_INSERT_INTO server/src/services/aiMemoryManager.ts:519; SQL_UPDATE server/src/services/aiMemoryManager.ts:536; SQL_DELETE_FROM server/src/services/aiMemoryManager.ts:632; SQL_FROM server/src/services/aiContextBuilder.ts:546; SQL_FROM server/src/services/aiContextBuilder.ts:572,,"{""column"":""organization_id"",""kind"":""DIRECT_COLUMN""}"
public,ai_organization_settings,EXCLUDE_SECURITY,ACTIVE_SEMANTIC_POLICY_MISSING,"The relation has a structural tenant path but no active semantic writer or reviewed privacy contract, so export fails closed.",organization-export-semantic-source-index.e1.json::public.ai_organization_settings ACTIVE_SEMANTIC_SOURCE_MISSING,ACTIVE_SEMANTIC_POLICY_MISSING,{}
public,ai_partial_responses,EXPORT,PLATFORM_AI,The live schema proves this tenant-owned relation through an exact organization discriminator or foreign-key path.,SQL_INSERT_INTO server/src/routes/ai.routes.ts:2486; SQL_DELETE_FROM server/src/cron/MemoryCleanupJob.js:22; SQL_DELETE_FROM server/src/routes/ai.routes.ts:2375; SQL_DELETE_FROM server/src/routes/ai.routes.ts:6221; SQL_DELETE_FROM server/src/services/aiMemoryManager.ts:669,,"{""column"":""organization_id"",""kind"":""DIRECT_COLUMN""}"
public,ai_pattern_feedback,EXCLUDE_SECURITY,NO_PROVABLE_TENANT_BOUNDARY,"The live schema proves no organization discriminator or foreign-key path, so exporting rows could cross tenant boundaries.",staging-schema-inventory.json::public.ai_pattern_feedback reviewed ownership graph has no tenant path,NO_PROVABLE_TENANT_BOUNDARY,{}
public,ai_playbook_executions,EXPORT,OPERATIONS,The live schema proves this tenant-owned relation through an exact organization discriminator or foreign-key path.,SQL_INSERT_INTO server/src/services/finalBatchService.ts:702; SQL_FROM server/src/services/finalBatchService.ts:721,,"{""column"":""organization_id"",""kind"":""DIRECT_COLUMN""}"
public,ai_playbook_runs,EXPORT,PLATFORM_AI,The live schema proves this tenant-owned relation through an exact organization discriminator or foreign-key path.,SQL_INSERT_INTO server/src/_backup/ts-js-collisions/ai/aiPlaybookService.js:591; SQL_INSERT_INTO server/src/ai/aiPlaybookService.ts:592; SQL_UPDATE server/src/_backup/ts-js-collisions/ai/aiPlaybookService.js:721; SQL_UPDATE server/src/ai/aiPlaybookService.ts:722; SQL_FROM server/src/_backup/ts-js-collisions/ai/aiPlaybookService.js:640,,"{""column"":""organization_id"",""kind"":""DIRECT_COLUMN""}"
public,ai_playbook_template_versions,EXPORT,PLATFORM_AI,The live schema proves this tenant-owned relation through an exact organization discriminator or foreign-key path.,SQL_INSERT_INTO server/src/_backup/ts-js-collisions/ai/aiPlaybookService.js:966; SQL_INSERT_INTO server/src/ai/aiPlaybookService.ts:968; SQL_INSERT_INTO server/src/scripts/a03TemplateIntakeRealDbProof.ts:29; SQL_INSERT_INTO server/src/scripts/a03TemplateIntakeRealDbProof.ts:42; SQL_INSERT_INTO server/src/services/v8/agentProcessTemplateService.ts:143,,"{""kind"":""FOREIGN_KEY_PATH"",""path"":[{""column"":""template_id"",""parentColumn"":""id"",""parentSchema"":""public"",""parentTable"":""ai_playbook_templates""}]}"
public,ai_playbook_templates,EXPORT,PLATFORM_AI,The live schema proves this tenant-owned relation through an exact organization discriminator or foreign-key path.,SQL_INSERT_INTO server/src/_backup/ts-js-collisions/ai/aiPlaybookService.js:66; SQL_INSERT_INTO server/src/_backup/ts-js-collisions/ai/aiPlaybookService.js:239; SQL_INSERT_INTO server/src/ai/aiPlaybookService.ts:67; SQL_INSERT_INTO server/src/ai/aiPlaybookService.ts:240; SQL_INSERT_INTO server/src/controllers/ai/AIPlaybooksController.ts:474,,"{""column"":""organization_id"",""kind"":""DIRECT_COLUMN""}"
public,ai_policies,EXPORT,PLATFORM_AI,The live schema proves this tenant-owned relation through an exact organization discriminator or foreign-key path.,SQL_INSERT_INTO server/src/services/aiPolicyEngine.ts:342; SQL_FROM server/src/services/aiContextBuilder.ts:516; SQL_FROM server/src/services/aiContextBuilder.ts:1051; SQL_FROM server/src/services/aiPolicyEngine.ts:185,,"{""column"":""organization_id"",""kind"":""DIRECT_COLUMN""}"
public,ai_price_snapshots,EXCLUDE_SECURITY,NO_PROVABLE_TENANT_BOUNDARY,"The live schema proves no organization discriminator or foreign-key path, so exporting rows could cross tenant boundaries.",staging-schema-inventory.json::public.ai_price_snapshots reviewed ownership graph has no tenant path,NO_PROVABLE_TENANT_BOUNDARY,{}
public,ai_project_memory,EXPORT,PLATFORM_AI,The live schema proves this tenant-owned relation through an exact organization discriminator or foreign-key path.,SQL_INSERT_INTO server/src/services/aiMemoryManager.ts:132; SQL_DELETE_FROM server/src/cron/MemoryCleanupJob.js:44; SQL_DELETE_FROM server/src/services/aiMemoryManager.ts:624; SQL_DELETE_FROM server/src/services/aiMemoryManager.ts:644; SQL_FROM server/src/services/aiMemoryManager.ts:249,,"{""column"":""organization_id"",""kind"":""DIRECT_COLUMN""}"
public,ai_prompt_blocks,EXCLUDE_SECURITY,NO_PROVABLE_TENANT_BOUNDARY,"The live schema proves no organization discriminator or foreign-key path, so exporting rows could cross tenant boundaries.",staging-schema-inventory.json::public.ai_prompt_blocks reviewed ownership graph has no tenant path,NO_PROVABLE_TENANT_BOUNDARY,{}
public,ai_prompt_versions,EXCLUDE_SECURITY,NO_PROVABLE_TENANT_BOUNDARY,"The live schema proves no organization discriminator or foreign-key path, so exporting rows could cross tenant boundaries.",staging-schema-inventory.json::public.ai_prompt_versions reviewed ownership graph has no tenant path,NO_PROVABLE_TENANT_BOUNDARY,{}
public,ai_purpose_assignments,EXPORT,OPERATIONS,The live schema proves this tenant-owned relation through an exact organization discriminator or foreign-key path.,SQL_INSERT_INTO server/src/routes/llm.routes.ts:1603; SQL_INSERT_INTO server/src/services/ai/aiRoutingBootstrapService.ts:180; SQL_INSERT_INTO server/src/services/ai/evalHarnessService.ts:1062; SQL_INSERT_INTO server/src/services/ai/evalHarnessService.ts:1095; SQL_INSERT_INTO server/src/services/ai/recommendedModelPresetService.ts:384,,"{""column"":""organization_id"",""kind"":""DIRECT_COLUMN""}"
public,ai_purposes,EXCLUDE_SECURITY,NO_PROVABLE_TENANT_BOUNDARY,"The live schema proves no organization discriminator or foreign-key path, so exporting rows could cross tenant boundaries.",staging-schema-inventory.json::public.ai_purposes reviewed ownership graph has no tenant path,NO_PROVABLE_TENANT_BOUNDARY,{}
public,ai_quality_metrics,EXPORT,PLATFORM_AI,The live schema proves this tenant-owned relation through an exact organization discriminator or foreign-key path.,SQL_INSERT_INTO server/src/services/ai/qualityChecker.ts:234; SQL_FROM server/src/routes/ai/aiLearning.ts:136; SQL_FROM server/src/services/ai/aiLearningService.ts:445; SQL_FROM server/src/services/ai/aiLearningService.ts:510; SQL_FROM server/src/services/ai/aiObservabilityService.ts:219,,"{""column"":""organization_id"",""kind"":""DIRECT_COLUMN""}"
public,ai_rate_limits,EXCLUDE_SECURITY,ACTIVE_SEMANTIC_POLICY_MISSING,"The relation has a structural tenant path but no active semantic writer or reviewed privacy contract, so export fails closed.",organization-export-semantic-source-index.e1.json::public.ai_rate_limits ACTIVE_SEMANTIC_SOURCE_MISSING,ACTIVE_SEMANTIC_POLICY_MISSING,{}
public,ai_response_feedback,EXCLUDE_SECURITY,NO_PROVABLE_TENANT_BOUNDARY,"The live schema proves no organization discriminator or foreign-key path, so exporting rows could cross tenant boundaries.",staging-schema-inventory.json::public.ai_response_feedback reviewed ownership graph has no tenant path,NO_PROVABLE_TENANT_BOUNDARY,{}
public,ai_retention_schedule,EXPORT,PLATFORM_AI,The live schema proves this tenant-owned relation through an exact organization discriminator or foreign-key path.,SQL_INSERT_INTO server/src/services/ai/retentionAutomationService.ts:60; SQL_UPDATE server/src/services/ai/retentionAutomationService.ts:103; SQL_UPDATE server/src/services/ai/retentionAutomationService.ts:143; SQL_UPDATE server/src/services/ai/retentionAutomationService.ts:205; SQL_FROM server/src/services/ai/retentionAutomationService.ts:50,,"{""column"":""organization_id"",""kind"":""DIRECT_COLUMN""}"
public,ai_run_events,EXCLUDE_SECURITY,NO_PROVABLE_TENANT_BOUNDARY,"The live schema proves no organization discriminator or foreign-key path, so exporting rows could cross tenant boundaries.",staging-schema-inventory.json::public.ai_run_events reviewed ownership graph has no tenant path,NO_PROVABLE_TENANT_BOUNDARY,{}
public,ai_run_ledger,EXPORT,PLATFORM_AI,The live schema proves this tenant-owned relation through an exact organization discriminator or foreign-key path.,SQL_INSERT_INTO server/src/services/aiRunLedgerService.ts:211; SQL_UPDATE server/src/services/aiRunLedgerService.ts:268; SQL_FROM server/src/services/aiRunLedgerService.ts:200; SQL_FROM server/src/services/aiRunLedgerService.ts:234; SQL_FROM server/src/services/wave7ConnectorRuntimeService.ts:467,,"{""column"":""organization_id"",""kind"":""DIRECT_COLUMN""}"
public,ai_security_audit_log,EXPORT,ADMIN_SECURITY,The live schema proves this tenant-owned relation through an exact organization discriminator or foreign-key path.,SQL_INSERT_INTO server/src/services/ai/enterpriseSecurity.ts:189,,"{""column"":""organization_id"",""kind"":""DIRECT_COLUMN""}"
public,ai_self_reflection_log,EXCLUDE_SECURITY,NO_PROVABLE_TENANT_BOUNDARY,"The live schema proves no organization discriminator or foreign-key path, so exporting rows could cross tenant boundaries.",staging-schema-inventory.json::public.ai_self_reflection_log reviewed ownership graph has no tenant path,NO_PROVABLE_TENANT_BOUNDARY,{}
public,ai_soc2_audit_trail,EXPORT,AUDIT_COMPLIANCE,The live schema proves this tenant-owned relation through an exact organization discriminator or foreign-key path.,SQL_INSERT_INTO server/src/services/ai/soc2AuditTrailService.ts:54; SQL_FROM server/src/services/ai/soc2AuditTrailService.ts:103; SQL_FROM server/src/services/ai/soc2AuditTrailService.ts:127; SQL_FROM server/src/services/ai/soc2AuditTrailService.ts:133; SQL_FROM server/src/services/ai/soc2AuditTrailService.ts:140,,"{""column"":""organization_id"",""kind"":""DIRECT_COLUMN""}"
public,ai_spending_alerts,EXPORT,PLATFORM_AI,The live schema proves this tenant-owned relation through an exact organization discriminator or foreign-key path.,SQL_UPDATE server/src/services/aiBudgetService.ts:444; SQL_UPDATE server/src/services/aiBudgetService.ts:454; SQL_FROM server/src/services/aiBudgetService.ts:391; SQL_FROM server/src/services/aiBudgetService.ts:420; SQL_FROM server/src/services/aiBudgetService.ts:441,,"{""column"":""organization_id"",""kind"":""DIRECT_COLUMN""}"
public,ai_style_learning_patterns,EXPORT,PLATFORM_AI,The live schema proves this tenant-owned relation through an exact organization discriminator or foreign-key path.,SQL_INSERT_INTO server/src/services/ai/userStyleProfileService.ts:469; SQL_UPDATE server/src/jobs/aiLearningJob.ts:333; SQL_UPDATE server/src/routes/admin/ai-quality.routes.ts:352; SQL_UPDATE server/src/services/ai/userStyleProfileService.ts:460; SQL_FROM server/src/jobs/aiLearningJob.ts:225,,"{""column"":""organization_id"",""kind"":""DIRECT_COLUMN""}"
public,ai_system_prompts,EXCLUDE_SECURITY,NO_PROVABLE_TENANT_BOUNDARY,"The live schema proves no organization discriminator or foreign-key path, so exporting rows could cross tenant boundaries.",staging-schema-inventory.json::public.ai_system_prompts reviewed ownership graph has no tenant path,NO_PROVABLE_TENANT_BOUNDARY,{}
public,ai_typed_actions,EXPORT,OPERATIONS,The live schema proves this tenant-owned relation through an exact organization discriminator or foreign-key path.,SQL_INSERT_INTO server/src/services/finalBatchService.ts:506; SQL_UPDATE server/src/services/finalBatchService.ts:542; SQL_UPDATE server/src/services/finalBatchService.ts:552; SQL_UPDATE server/src/services/finalBatchService.ts:562; SQL_FROM server/src/routes/my-work/manager.routes.ts:157,,"{""column"":""organization_id"",""kind"":""DIRECT_COLUMN""}"
public,ai_usage_logs,EXPORT,PLATFORM_AI,The live schema proves this tenant-owned relation through an exact organization discriminator or foreign-key path.,SQL_INSERT_INTO server/src/controllers/ai/LLMController.ts:1141; SQL_INSERT_INTO server/src/services/ai/AIPipeline.ts:3031; SQL_INSERT_INTO server/src/services/ai/AIPipeline.ts:3137; SQL_DELETE_FROM server/src/services/ai/retentionAutomationService.ts:247; SQL_FROM server/src/controllers/SuperAdminController.ts:229,,"{""column"":""organization_id"",""kind"":""DIRECT_COLUMN""}"
public,ai_usage_stats,EXPORT,ADMIN_SECURITY,The live schema proves this tenant-owned relation through an exact organization discriminator or foreign-key path.,SQL_INSERT_INTO server/src/controllers/AdminDataController.ts:57; SQL_INSERT_INTO server/src/routes/admin-data.routes.ts:117; SQL_FROM server/src/controllers/AdminDataController.ts:85; SQL_FROM server/src/controllers/AdminDataController.ts:104; SQL_FROM server/src/routes/admin-data.routes.ts:158,,"{""column"":""organization_id"",""kind"":""DIRECT_COLUMN""}"
public,ai_user_memory,EXPORT,PLATFORM_AI,The live schema proves this tenant-owned relation through an exact organization discriminator or foreign-key path.,SQL_INSERT_INTO server/src/controllers/ai/AIMemoryController.ts:102; SQL_INSERT_INTO server/src/routes/aiMemory.routes.ts:217; SQL_INSERT_INTO server/src/routes/aiMemory.routes.ts:350; SQL_INSERT_INTO server/src/services/ai/aiMemoryService.ts:129; SQL_INSERT_INTO server/src/services/wave6ContextLearningService.ts:556,,"{""column"":""organization_id"",""kind"":""DIRECT_COLUMN""}"
public,ai_user_preferences,EXCLUDE_SECURITY,NO_PROVABLE_TENANT_BOUNDARY,"The live schema proves no organization discriminator or foreign-key path, so exporting rows could cross tenant boundaries.",staging-schema-inventory.json::public.ai_user_preferences reviewed ownership graph has no tenant path,NO_PROVABLE_TENANT_BOUNDARY,{}
public,ai_user_style_profiles,EXPORT,PLATFORM_AI,The live schema proves this tenant-owned relation through an exact organization discriminator or foreign-key path.,SQL_INSERT_INTO server/src/services/ai/userStyleProfileService.ts:183; SQL_UPDATE server/src/services/ai/userStyleProfileService.ts:278; SQL_UPDATE server/src/services/ai/userStyleProfileService.ts:305; SQL_UPDATE server/src/services/ai/userStyleProfileService.ts:320; SQL_UPDATE server/src/services/ai/userStyleProfileService.ts:330,,"{""column"":""organization_id"",""kind"":""DIRECT_COLUMN""}"
public,ai_user_tiers,EXPORT,SETTINGS,The live schema proves this tenant-owned relation through an exact organization discriminator or foreign-key path.,SQL_INSERT_INTO server/src/services/aiSettingsService.ts:645; SQL_FROM server/src/services/aiSettingsService.ts:637,,"{""column"":""organization_id"",""kind"":""DIRECT_COLUMN""}"
public,analysis_financial_scenarios,EXPORT,OPERATIONS,The live schema proves this tenant-owned relation through an exact organization discriminator or foreign-key path.,SQL_INSERT_INTO server/src/routes/economics.routes.ts:1271; SQL_INSERT_INTO server/src/routes/economics.routes.ts:1435; SQL_INSERT_INTO server/src/services/finance/canonical/digitizationAnalysisDuplicateCommandService.ts:205; SQL_INSERT_INTO server/src/services/finance/canonical/digitizationAnalysisFinancialsCommandService.ts:288; SQL_INSERT_INTO server/src/services/finance/canonical/digitizationAnalysisScenarioCommandService.ts:196,,"{""column"":""organization_id"",""kind"":""DIRECT_COLUMN""}"
public,analysis_financials,EXPORT,OPERATIONS,The live schema proves this tenant-owned relation through an exact organization discriminator or foreign-key path.,SQL_INSERT_INTO server/src/routes/economics.routes.ts:975; SQL_INSERT_INTO server/src/routes/economics.routes.ts:1175; SQL_INSERT_INTO server/src/services/demo/demoSeedService.ts:3708; SQL_INSERT_INTO server/src/services/finance/canonical/digitizationAnalysisDuplicateCommandService.ts:169; SQL_INSERT_INTO server/src/services/finance/canonical/digitizationAnalysisFinancialsCommandService.ts:268,,"{""column"":""organization_id"",""kind"":""DIRECT_COLUMN""}"
public,analytics_dashboards,EXPORT,ADMIN_SECURITY,The live schema proves this tenant-owned relation through an exact organization discriminator or foreign-key path.,SQL_INSERT_INTO server/src/routes/analytics-superadmin.routes.ts:297; SQL_UPDATE server/src/routes/analytics-superadmin.routes.ts:330; SQL_UPDATE server/src/routes/analytics-superadmin.routes.ts:384; SQL_DELETE_FROM server/src/routes/analytics-superadmin.routes.ts:363; SQL_FROM server/src/routes/analytics-superadmin.routes.ts:197,,"{""kind"":""FOREIGN_KEY_PATH"",""path"":[{""column"":""created_by"",""parentColumn"":""id"",""parentSchema"":""public"",""parentTable"":""users""}]}"
public,analytics_report_executions,EXPORT,ADMIN_SECURITY,The live schema proves this tenant-owned relation through an exact organization discriminator or foreign-key path.,SQL_INSERT_INTO server/src/routes/analytics-superadmin.routes.ts:568; SQL_DELETE_FROM server/src/routes/analytics-superadmin.routes.ts:618; SQL_FROM server/src/routes/analytics-superadmin.routes.ts:442; SQL_FROM server/src/routes/analytics-superadmin.routes.ts:469,,"{""kind"":""FOREIGN_KEY_PATH"",""path"":[{""column"":""executed_by"",""parentColumn"":""id"",""parentSchema"":""public"",""parentTable"":""users""}]}"
public,analytics_reports,EXPORT,ADMIN_SECURITY,The live schema proves this tenant-owned relation through an exact organization discriminator or foreign-key path.,SQL_INSERT_INTO server/src/routes/analytics-superadmin.routes.ts:498; SQL_UPDATE server/src/routes/analytics-superadmin.routes.ts:594; SQL_DELETE_FROM server/src/routes/analytics-superadmin.routes.ts:617; SQL_FROM server/src/routes/analytics-superadmin.routes.ts:412; SQL_FROM server/src/routes/analytics-superadmin.routes.ts:531,,"{""kind"":""FOREIGN_KEY_PATH"",""path"":[{""column"":""created_by"",""parentColumn"":""id"",""parentSchema"":""public"",""parentTable"":""users""}]}"
public,api_key_usage,EXPORT,ADMIN_SECURITY,The live schema proves this tenant-owned relation through an exact organization discriminator or foreign-key path.,SQL_FROM server/src/controllers/SuperAdminController.ts:2358; SQL_FROM server/src/controllers/SuperAdminController.ts:2378; SQL_FROM server/src/controllers/SuperAdminController.ts:2401; SQL_FROM server/src/routes/api-keys.routes.ts:150,,"{""kind"":""FOREIGN_KEY_PATH"",""path"":[{""column"":""api_key_id"",""parentColumn"":""id"",""parentSchema"":""public"",""parentTable"":""api_keys""}]}"
public,api_keys,EXCLUDE_SECURITY,SECURITY_CREDENTIALS_AND_SESSIONS,"The reviewed relation contains authentication, credential, session, recovery, signing, or token-vault material and is excluded in full.",staging-schema-inventory.json::public.api_keys; reviewed exact credential identity list,CREDENTIAL_OR_SESSION_MATERIAL,{}
public,api_logs,EXPORT,OPERATIONS,The live schema proves this tenant-owned relation through an exact organization discriminator or foreign-key path.,SQL_INSERT_INTO server/src/middleware/apiLogging.middleware.ts:220; SQL_FROM server/src/routes/security.routes.ts:415; SQL_FROM server/src/routes/settings.routes.ts:5941; SQL_FROM server/src/routes/superadmin.routes.ts:3464; SQL_FROM server/src/routes/superadmin.routes.ts:3475,,"{""column"":""organization_id"",""kind"":""DIRECT_COLUMN""}"
public,approval_assignments,EXPORT,OPERATIONS,The live schema proves this tenant-owned relation through an exact organization discriminator or foreign-key path.,SQL_INSERT_INTO server/src/services/artifactApprovalService.ts:232; SQL_INSERT_INTO server/src/services/workqueueService.ts:70; SQL_UPDATE server/src/services/artifactApprovalService.ts:296; SQL_UPDATE server/src/services/artifactApprovalService.ts:340; SQL_UPDATE server/src/services/artifactApprovalService.ts:387,,"{""column"":""org_id"",""kind"":""DIRECT_COLUMN""}"
public,approval_requests,EXPORT,ADMIN_SECURITY,The live schema proves this tenant-owned relation through an exact organization discriminator or foreign-key path.,SQL_UPDATE server/src/routes/superadmin.routes.ts:3086; SQL_UPDATE server/src/routes/superadmin.routes.ts:3105; SQL_FROM server/src/routes/superadmin.routes.ts:425; SQL_FROM server/src/routes/superadmin.routes.ts:527; SQL_FROM server/src/routes/superadmin.routes.ts:2979,,"{""column"":""organization_id"",""kind"":""DIRECT_COLUMN""}"
public,approval_workflows,EXPORT,ADMIN_SECURITY,The live schema proves this tenant-owned relation through an exact organization discriminator or foreign-key path.,SQL_INSERT_INTO server/src/routes/superadmin.routes.ts:3017; SQL_UPDATE server/src/routes/superadmin.routes.ts:3045; SQL_DELETE_FROM server/src/routes/superadmin.routes.ts:3073; SQL_FROM server/src/routes/superadmin.routes.ts:2968; SQL_JOIN server/src/routes/superadmin.routes.ts:2980,,"{""column"":""organization_id"",""kind"":""DIRECT_COLUMN""}"
public,approved_domains,EXPORT,ADMIN_SECURITY,The live schema proves this tenant-owned relation through an exact organization discriminator or foreign-key path.,SQL_INSERT_INTO server/src/routes/admin/domains.routes.ts:99; SQL_INSERT_INTO server/src/routes/organization/approved-domains.routes.ts:148; SQL_UPDATE server/src/routes/admin/domains.routes.ts:137; SQL_UPDATE server/src/routes/admin/domains.routes.ts:205; SQL_UPDATE server/src/routes/organization/approved-domains.routes.ts:197,,"{""column"":""organization_id"",""kind"":""DIRECT_COLUMN""}"
public,artifact_conversion_events,EXPORT,OPERATIONS,The live schema proves this tenant-owned relation through an exact organization discriminator or foreign-key path.,SQL_INSERT_INTO server/src/services/artifacts/ArtifactConversionService.ts:381; SQL_INSERT_INTO server/src/services/artifacts/ArtifactConversionService.ts:526; SQL_INSERT_INTO server/src/services/conclusions/ConclusionService.ts:928,,"{""column"":""organization_id"",""kind"":""DIRECT_COLUMN""}"
public,artifact_conversions,EXPORT,OPERATIONS,The live schema proves this tenant-owned relation through an exact organization discriminator or foreign-key path.,SQL_INSERT_INTO server/src/services/artifacts/ArtifactConversionService.ts:237; SQL_INSERT_INTO server/src/services/artifacts/ArtifactConversionService.ts:350; SQL_UPDATE server/src/services/artifacts/ArtifactConversionService.ts:509; SQL_FROM server/src/services/artifacts/ArtifactConversionService.ts:284; SQL_FROM server/src/services/artifacts/ArtifactConversionService.ts:322,,"{""column"":""organization_id"",""kind"":""DIRECT_COLUMN""}"
public,artifact_evidence,EXPORT,OPERATIONS,The live schema proves this tenant-owned relation through an exact organization discriminator or foreign-key path.,SQL_INSERT_INTO server/src/services/evidence/evidenceEnvelopeService.ts:328; SQL_UPDATE server/src/services/evidence/evidenceEnvelopeService.ts:301; SQL_FROM server/src/services/evidence/evidenceEnvelopeService.ts:251; SQL_FROM server/src/services/evidence/evidenceEnvelopeService.ts:272; SQL_FROM server/src/services/evidence/evidenceEnvelopeService.ts:422,,"{""column"":""organization_id"",""kind"":""DIRECT_COLUMN""}"
public,artifact_export_receipts,EXPORT,OPERATIONS,The live schema proves this tenant-owned relation through an exact organization discriminator or foreign-key path.,SQL_INSERT_INTO server/src/services/artifactHandoff/handoffSpineService.ts:801; SQL_INSERT_INTO server/src/services/finance/canonical/valuationPptxExportService.ts:255; SQL_UPDATE server/src/services/artifactHandoff/handoffSpineService.ts:880; SQL_UPDATE server/src/services/artifactHandoff/handoffSpineService.ts:906; SQL_UPDATE server/src/services/artifactHandoff/handoffSpineService.ts:941,,"{""column"":""organization_id"",""kind"":""DIRECT_COLUMN""}"
public,artifact_handoff_proposals,EXPORT,OPERATIONS,The live schema proves this tenant-owned relation through an exact organization discriminator or foreign-key path.,SQL_INSERT_INTO server/src/services/artifactHandoff/handoffSpineService.ts:473; SQL_UPDATE server/src/services/artifactHandoff/handoffSpineService.ts:567; SQL_UPDATE server/src/services/artifactHandoff/handoffSpineService.ts:716; SQL_DELETE_FROM server/src/services/meetingService.ts:467; SQL_FROM server/src/scripts/g05-przelot.ts:810,,"{""column"":""organization_id"",""kind"":""DIRECT_COLUMN""}"
public,artifact_handoff_receipts,EXPORT,OPERATIONS,The live schema proves this tenant-owned relation through an exact organization discriminator or foreign-key path.,SQL_INSERT_INTO server/src/services/artifactHandoff/handoffSpineService.ts:701; SQL_DELETE_FROM server/src/services/meetingService.ts:460; SQL_FROM server/src/services/artifactHandoff/handoffSpineService.ts:676; SQL_FROM server/src/services/artifactHandoff/handoffSpineService.ts:725; SQL_FROM server/src/services/artifactHandoff/handoffSpineService.ts:735,,"{""column"":""organization_id"",""kind"":""DIRECT_COLUMN""}"
public,artifact_lifecycle_events,EXPORT,FINANCE,The live schema proves this tenant-owned relation through an exact organization discriminator or foreign-key path.,SQL_INSERT_INTO server/src/services/finance/canonical/artifactVersionService.ts:368; SQL_INSERT_INTO server/src/services/finance/canonical/artifactVersionService.ts:601; SQL_INSERT_INTO server/src/services/finance/canonical/artifactVersionService.ts:1206; SQL_INSERT_INTO server/src/services/finance/canonical/artifactVersionService.ts:1523; SQL_DELETE_FROM server/src/routes/testSupport.routes.ts:546,,"{""column"":""organization_id"",""kind"":""DIRECT_COLUMN""}"
public,artifact_lineage_events,EXPORT,OPERATIONS,The live schema proves this tenant-owned relation through an exact organization discriminator or foreign-key path.,SQL_INSERT_INTO server/src/services/lineage/artifactLineageService.ts:987; SQL_FROM server/src/services/lineage/artifactLineageService.ts:966; SQL_FROM server/src/services/lineage/artifactLineageService.ts:993; SQL_FROM server/src/services/lineage/artifactLineageService.ts:1303; SQL_FROM server/src/services/lineage/artifactLineageService.ts:1457,,"{""column"":""organization_id"",""kind"":""DIRECT_COLUMN""}"
public,artifact_lineage_operation_claims,EXPORT,PLATFORM_AI,The live schema proves this tenant-owned relation through an exact organization discriminator or foreign-key path.,SQL_INSERT_INTO server/src/services/lineage/operationClaimService.ts:153; SQL_UPDATE server/src/services/lineage/operationClaimService.ts:188; SQL_UPDATE server/src/services/lineage/operationClaimService.ts:349; SQL_UPDATE server/src/services/lineage/operationClaimService.ts:437; SQL_FROM server/src/services/lineage/operationClaimService.ts:217,,"{""column"":""organization_id"",""kind"":""DIRECT_COLUMN""}"
public,artifact_lineage_pending_events,EXPORT,OPERATIONS,The live schema proves this tenant-owned relation through an exact organization discriminator or foreign-key path.,SQL_INSERT_INTO server/src/services/lineage/artifactLineageService.ts:524; SQL_UPDATE server/src/services/lineage/artifactLineageService.ts:642; SQL_UPDATE server/src/services/lineage/artifactLineageService.ts:655; SQL_UPDATE server/src/services/lineage/artifactLineageService.ts:1531; SQL_FROM server/src/services/lineage/artifactLineageService.ts:606,,"{""column"":""organization_id"",""kind"":""DIRECT_COLUMN""}"
public,artifact_lineage_receipts,EXPORT,OPERATIONS,The live schema proves this tenant-owned relation through an exact organization discriminator or foreign-key path.,SQL_INSERT_INTO server/src/services/lineage/artifactLineageService.ts:922; SQL_UPDATE server/src/services/lineage/artifactLineageService.ts:1018; SQL_UPDATE server/src/services/lineage/artifactLineageService.ts:1283; SQL_FROM server/src/services/lineage/artifactLineageService.ts:952; SQL_FROM server/src/services/lineage/artifactLineageService.ts:1259,,"{""column"":""organization_id"",""kind"":""DIRECT_COLUMN""}"
public,assessment_accepted_snapshots,EXPORT,INTERVIEW,The live schema proves this tenant-owned relation through an exact organization discriminator or foreign-key path.,SQL_INSERT_INTO server/src/scripts/t01InterviewRealDbProof.ts:1186; SQL_INSERT_INTO server/src/services/assessment/drdAcceptedSnapshot.ts:120; SQL_UPDATE server/src/services/assessment/drdAcceptedSnapshot.ts:108; SQL_FROM server/src/scripts/i04DrdQualityReviewRealDbProof.ts:51; SQL_FROM server/src/scripts/i04DrdQualityReviewRealDbProof.ts:52,,"{""column"":""organization_id"",""kind"":""DIRECT_COLUMN""}"
public,assessment_access_requests,EXPORT,ASSESSMENT,The live schema proves this tenant-owned relation through an exact organization discriminator or foreign-key path.,SQL_INSERT_INTO server/src/services/assessmentPermissionService.ts:789; SQL_UPDATE server/src/routes/assessment-workflow-v2.routes.ts:849; SQL_UPDATE server/src/services/assessmentPermissionService.ts:954; SQL_UPDATE server/src/services/assessmentPermissionService.ts:1027; SQL_UPDATE server/src/services/assessmentPermissionService.ts:1054,,"{""column"":""organization_id"",""kind"":""DIRECT_COLUMN""}"
public,assessment_activities,EXPORT,ASSESSMENT,The live schema proves this tenant-owned relation through an exact organization discriminator or foreign-key path.,SQL_INSERT_INTO server/src/routes/assessment/assessment-workflow.routes.ts:1756; SQL_FROM server/src/routes/assessment/assessment-workflow.routes.ts:1711,,"{""column"":""organization_id"",""kind"":""DIRECT_COLUMN""}"
public,assessment_ai_scoring_proposals,EXPORT,ASSESSMENT,The live schema proves this tenant-owned relation through an exact organization discriminator or foreign-key path.,SQL_INSERT_INTO server/src/services/assessmentEnterpriseService.ts:372; SQL_UPDATE server/src/services/assessmentEnterpriseService.ts:409; SQL_FROM server/src/services/assessmentEnterpriseService.ts:393; SQL_FROM server/src/services/assessmentEnterpriseService.ts:394,,"{""column"":""organization_id"",""kind"":""DIRECT_COLUMN""}"
public,assessment_area_assignments,EXPORT,ASSESSMENT,The live schema proves this tenant-owned relation through an exact organization discriminator or foreign-key path.,SQL_INSERT_INTO server/src/controllers/AssessmentController.ts:2008; SQL_INSERT_INTO server/src/routes/v8/assessment.routes.ts:2070; SQL_DELETE_FROM server/src/routes/v8/assessment.routes.ts:2115; SQL_FROM server/src/controllers/AssessmentController.ts:1973; SQL_FROM server/src/routes/v8/assessment.routes.ts:2026,,"{""kind"":""FOREIGN_KEY_PATH"",""path"":[{""column"":""assessment_id"",""parentColumn"":""id"",""parentSchema"":""public"",""parentTable"":""assessments""}]}"
public,assessment_axis_evidence,EXPORT,ASSESSMENT,The live schema proves this tenant-owned relation through an exact organization discriminator or foreign-key path.,SQL_INSERT_INTO server/src/services/assessment/drdEvidenceScoring.ts:127; SQL_FROM server/src/services/assessment/drdEvidenceScoring.ts:171,,"{""column"":""organization_id"",""kind"":""DIRECT_COLUMN""}"
public,assessment_candidate_handoffs,EXPORT,ASSESSMENT,The live schema proves this tenant-owned relation through an exact organization discriminator or foreign-key path.,SQL_INSERT_INTO server/src/services/assessment/drdCandidateHandoff.ts:290; SQL_FROM server/src/scripts/t01InterviewRealDbProof.ts:1237; SQL_FROM server/src/scripts/t01InterviewRealDbProof.ts:1338; SQL_FROM server/src/services/assessment/drdCandidateHandoff.ts:203; SQL_FROM server/src/services/assessment/drdCandidateHandoff.ts:319,,"{""column"":""organization_id"",""kind"":""DIRECT_COLUMN""}"
public,assessment_capa_actions,EXPORT,ASSESSMENT,The live schema proves this tenant-owned relation through an exact organization discriminator or foreign-key path.,SQL_INSERT_INTO server/src/services/assessmentEnterpriseService.ts:166; SQL_UPDATE server/src/services/assessmentEnterpriseService.ts:230; SQL_FROM server/src/services/assessmentEnterpriseService.ts:185,,"{""column"":""organization_id"",""kind"":""DIRECT_COLUMN""}"
public,assessment_comments,EXPORT,ASSESSMENT,The live schema proves this tenant-owned relation through an exact organization discriminator or foreign-key path.,SQL_INSERT_INTO server/src/routes/assessment/assessment-workflow.routes.ts:1501; SQL_UPDATE server/src/routes/assessment/assessment-workflow.routes.ts:1552; SQL_FROM server/src/routes/assessment/assessment-workflow.routes.ts:1430; SQL_FROM server/src/routes/assessment/assessment-workflow.routes.ts:1522,,"{""column"":""organization_id"",""kind"":""DIRECT_COLUMN""}"
public,assessment_decisions,EXPORT,ASSESSMENT,The live schema proves this tenant-owned relation through an exact organization discriminator or foreign-key path.,SQL_INSERT_INTO server/src/controllers/AssessmentController.ts:473; SQL_UPDATE server/src/controllers/AssessmentController.ts:466; SQL_FROM server/src/controllers/AssessmentController.ts:461; SQL_FROM server/src/controllers/AssessmentController.ts:647,,"{""kind"":""FOREIGN_KEY_PATH"",""path"":[{""column"":""assessment_id"",""parentColumn"":""id"",""parentSchema"":""public"",""parentTable"":""assessments""}]}"
public,assessment_definitions,EXCLUDE_SECURITY,NO_PROVABLE_TENANT_BOUNDARY,"The live schema proves no organization discriminator or foreign-key path, so exporting rows could cross tenant boundaries.",staging-schema-inventory.json::public.assessment_definitions reviewed ownership graph has no tenant path,NO_PROVABLE_TENANT_BOUNDARY,{}
public,assessment_eval_datasets,EXPORT,ASSESSMENT,The live schema proves this tenant-owned relation through an exact organization discriminator or foreign-key path.,SQL_INSERT_INTO server/src/services/assessmentEnterpriseService.ts:427; SQL_FROM server/src/services/assessmentEnterpriseService.ts:444; SQL_FROM server/src/services/assessmentEnterpriseService.ts:445,,"{""column"":""organization_id"",""kind"":""DIRECT_COLUMN""}"
public,assessment_eval_runs,EXPORT,ASSESSMENT,The live schema proves this tenant-owned relation through an exact organization discriminator or foreign-key path.,SQL_INSERT_INTO server/src/services/assessmentEnterpriseService.ts:464; SQL_FROM server/src/services/assessmentEnterpriseService.ts:484; SQL_FROM server/src/services/assessmentEnterpriseService.ts:491; SQL_FROM server/src/services/assessmentEnterpriseService.ts:492,,"{""column"":""organization_id"",""kind"":""DIRECT_COLUMN""}"
public,assessment_evidence,EXCLUDE_SECURITY,NO_PROVABLE_TENANT_BOUNDARY,"The live schema proves no organization discriminator or foreign-key path, so exporting rows could cross tenant boundaries.",staging-schema-inventory.json::public.assessment_evidence reviewed ownership graph has no tenant path,NO_PROVABLE_TENANT_BOUNDARY,{}
public,assessment_evidence_access_audit,EXPORT,ASSESSMENT,The live schema proves this tenant-owned relation through an exact organization discriminator or foreign-key path.,SQL_INSERT_INTO server/src/services/assessmentEnterpriseService.ts:320; SQL_FROM server/src/services/assessmentEnterpriseService.ts:337; SQL_FROM server/src/services/assessmentEnterpriseService.ts:338,,"{""column"":""organization_id"",""kind"":""DIRECT_COLUMN""}"
public,assessment_evidence_clause_map,EXPORT,ASSESSMENT,The live schema proves this tenant-owned relation through an exact organization discriminator or foreign-key path.,SQL_INSERT_INTO server/src/services/assessmentEnterpriseService.ts:251; SQL_DELETE_FROM server/src/services/assessmentEnterpriseService.ts:302; SQL_FROM server/src/services/assessmentEnterpriseService.ts:295; SQL_FROM server/src/services/assessmentEnterpriseService.ts:347,,"{""column"":""organization_id"",""kind"":""DIRECT_COLUMN""}"
public,assessment_findings,EXPORT,ASSESSMENT,The live schema proves this tenant-owned relation through an exact organization discriminator or foreign-key path.,SQL_INSERT_INTO server/src/services/assessmentEnterpriseService.ts:35; SQL_UPDATE server/src/services/assessmentEnterpriseService.ts:146; SQL_FROM server/src/services/assessmentEnterpriseService.ts:88; SQL_FROM server/src/services/assessmentEnterpriseService.ts:95,,"{""column"":""organization_id"",""kind"":""DIRECT_COLUMN""}"
public,assessment_frameworks,EXCLUDE_SECURITY,NO_PROVABLE_TENANT_BOUNDARY,"The live schema proves no organization discriminator or foreign-key path, so exporting rows could cross tenant boundaries.",staging-schema-inventory.json::public.assessment_frameworks reviewed ownership graph has no tenant path,NO_PROVABLE_TENANT_BOUNDARY,{}
public,assessment_gate_decisions,EXPORT,ASSESSMENT,The live schema proves this tenant-owned relation through an exact organization discriminator or foreign-key path.,SQL_INSERT_INTO server/src/routes/assessment-workflow-v2.routes.ts:1657; SQL_UPDATE server/src/routes/assessment-reports.routes.ts:2406; SQL_UPDATE server/src/routes/assessment-reports.routes.ts:2420; SQL_UPDATE server/src/routes/assessment-workflow-v2.routes.ts:1634; SQL_UPDATE server/src/routes/report-builder.routes.ts:2867,,"{""column"":""organization_id"",""kind"":""DIRECT_COLUMN""}"
public,assessment_initiative_batch_dedup_reports,EXCLUDE_SECURITY,NO_PROVABLE_TENANT_BOUNDARY,"The live schema proves no organization discriminator or foreign-key path, so exporting rows could cross tenant boundaries.",staging-schema-inventory.json::public.assessment_initiative_batch_dedup_reports reviewed ownership graph has no tenant path,NO_PROVABLE_TENANT_BOUNDARY,{}
public,assessment_initiative_batches,EXPORT,ASSESSMENT,The live schema proves this tenant-owned relation through an exact organization discriminator or foreign-key path.,SQL_INSERT_INTO server/src/services/assessment/AssessmentWorkbenchService.ts:557; SQL_INSERT_INTO server/src/services/assessment/AssessmentWorkbenchService.ts:568; SQL_UPDATE server/src/routes/assessment-workflow-v2.routes.ts:1466; SQL_UPDATE server/src/services/assessment/AssessmentWorkbenchService.ts:793; SQL_UPDATE server/src/services/assessmentInitiativeGenerationRunService.ts:114,,"{""column"":""organization_id"",""kind"":""DIRECT_COLUMN""}"
public,assessment_initiative_generation_runs,EXPORT,INITIATIVES,The live schema proves this tenant-owned relation through an exact organization discriminator or foreign-key path.,SQL_INSERT_INTO server/src/services/assessmentInitiativeGenerationRunService.ts:248; SQL_UPDATE server/src/services/assessmentInitiativeGenerationRunService.ts:284; SQL_UPDATE server/src/services/assessmentInitiativeGenerationRunService.ts:500; SQL_FROM server/src/services/assessmentInitiativeGenerationRunService.ts:304; SQL_FROM server/src/services/assessmentInitiativeGenerationRunService.ts:364,,"{""column"":""organization_id"",""kind"":""DIRECT_COLUMN""}"
public,assessment_initiative_links,EXPORT,ASSESSMENT,The live schema proves this tenant-owned relation through an exact organization discriminator or foreign-key path.,SQL_INSERT_INTO server/src/routes/assessment-workflow-v2.routes.ts:1477; SQL_INSERT_INTO server/src/services/assessment/AssessmentWorkbenchService.ts:780; SQL_INSERT_INTO server/src/services/assessmentInitiativeService.ts:1049; SQL_FROM server/src/controllers/AssessmentController.ts:632; SQL_FROM server/src/controllers/AssessmentController.ts:1484,,"{""kind"":""FOREIGN_KEY_PATH"",""path"":[{""column"":""batch_id"",""parentColumn"":""id"",""parentSchema"":""public"",""parentTable"":""assessment_initiative_batches""}]}"
public,assessment_initiatives,EXCLUDE_SECURITY,NO_PROVABLE_TENANT_BOUNDARY,"The live schema proves no organization discriminator or foreign-key path, so exporting rows could cross tenant boundaries.",staging-schema-inventory.json::public.assessment_initiatives reviewed ownership graph has no tenant path,NO_PROVABLE_TENANT_BOUNDARY,{}
public,assessment_level_attachments,EXPORT,ASSESSMENT,The live schema proves this tenant-owned relation through an exact organization discriminator or foreign-key path.,SQL_INSERT_INTO server/src/routes/assessment/assessment-level-attachments.routes.ts:128; SQL_UPDATE server/src/routes/assessment/assessment-level-attachments.routes.ts:241; SQL_DELETE_FROM server/src/routes/assessment/assessment-level-attachments.routes.ts:271; SQL_FROM server/src/routes/assessment/assessment-level-attachments.routes.ts:179; SQL_FROM server/src/routes/assessment/assessment-level-attachments.routes.ts:213,,"{""column"":""organization_id"",""kind"":""DIRECT_COLUMN""}"
public,assessment_presence,EXPORT,ASSESSMENT,The live schema proves this tenant-owned relation through an exact organization discriminator or foreign-key path.,SQL_INSERT_INTO server/src/routes/assessment/assessment-workflow.routes.ts:1595; SQL_UPDATE server/src/routes/assessment/assessment-workflow.routes.ts:1671; SQL_FROM server/src/routes/assessment/assessment-workflow.routes.ts:1628,,"{""column"":""organization_id"",""kind"":""DIRECT_COLUMN""}"
public,assessment_quality_reviews,EXPORT,ASSESSMENT,The live schema proves this tenant-owned relation through an exact organization discriminator or foreign-key path.,SQL_INSERT_INTO server/src/services/assessment/drdQualityReview.ts:207; SQL_INSERT_INTO server/src/services/assessment/drdQualityReview.ts:296; SQL_FROM server/src/scripts/i04DrdQualityReviewRealDbProof.ts:50; SQL_FROM server/src/services/assessment/drdQualityReview.ts:156; SQL_FROM server/src/services/assessment/drdQualityReview.ts:236,,"{""column"":""organization_id"",""kind"":""DIRECT_COLUMN""}"
public,assessment_questions,EXCLUDE_SECURITY,NO_PROVABLE_TENANT_BOUNDARY,"The live schema proves no organization discriminator or foreign-key path, so exporting rows could cross tenant boundaries.",staging-schema-inventory.json::public.assessment_questions reviewed ownership graph has no tenant path,NO_PROVABLE_TENANT_BOUNDARY,{}
public,assessment_report_reviews,EXPORT,ASSESSMENT,The live schema proves this tenant-owned relation through an exact organization discriminator or foreign-key path.,SQL_INSERT_INTO server/src/services/assessmentEnterpriseService.ts:510; SQL_UPDATE server/src/services/assessmentEnterpriseService.ts:530; SQL_UPDATE server/src/services/assessmentEnterpriseService.ts:539; SQL_FROM server/src/services/assessmentEnterpriseService.ts:520; SQL_FROM server/src/services/assessmentEnterpriseService.ts:521,,"{""column"":""organization_id"",""kind"":""DIRECT_COLUMN""}"
public,assessment_report_section_history,EXCLUDE_SECURITY,NO_PROVABLE_TENANT_BOUNDARY,"The live schema proves no organization discriminator or foreign-key path, so exporting rows could cross tenant boundaries.",staging-schema-inventory.json::public.assessment_report_section_history reviewed ownership graph has no tenant path,NO_PROVABLE_TENANT_BOUNDARY,{}
public,assessment_report_sections,EXCLUDE_SECURITY,NO_PROVABLE_TENANT_BOUNDARY,"The live schema proves no organization discriminator or foreign-key path, so exporting rows could cross tenant boundaries.",staging-schema-inventory.json::public.assessment_report_sections reviewed ownership graph has no tenant path,NO_PROVABLE_TENANT_BOUNDARY,{}
public,assessment_reports,EXPORT,ASSESSMENT,The live schema proves this tenant-owned relation through an exact organization discriminator or foreign-key path.,SQL_INSERT_INTO server/src/controllers/AssessmentController.ts:1776; SQL_INSERT_INTO server/src/routes/assessment-reports.routes.ts:891; SQL_INSERT_INTO server/src/services/assessmentReportBuilderLinkService.ts:115; SQL_INSERT_INTO server/src/services/demo/demoSeedService.ts:3228; SQL_INSERT_INTO server/src/services/sponsorReportService.ts:133,,"{""column"":""organization_id"",""kind"":""DIRECT_COLUMN""}"
public,assessment_responses,EXCLUDE_SECURITY,ACTIVE_SEMANTIC_POLICY_MISSING,"The relation has a structural tenant path but no active semantic writer or reviewed privacy contract, so export fails closed.",organization-export-semantic-source-index.e1.json::public.assessment_responses ACTIVE_SEMANTIC_SOURCE_MISSING,ACTIVE_SEMANTIC_POLICY_MISSING,{}
public,assessment_reviews,EXPORT,ASSESSMENT,The live schema proves this tenant-owned relation through an exact organization discriminator or foreign-key path.,SQL_INSERT_INTO server/src/routes/assessment/assessment-workflow.routes.ts:383; SQL_UPDATE server/src/routes/assessment/assessment-workflow.routes.ts:1021; SQL_UPDATE server/src/routes/assessment/assessment-workflow.routes.ts:1059; SQL_FROM server/src/routes/assessment/assessment-workflow.routes.ts:211; SQL_FROM server/src/routes/assessment/assessment-workflow.routes.ts:975,,"{""kind"":""FOREIGN_KEY_PATH"",""path"":[{""column"":""assessment_id"",""parentColumn"":""id"",""parentSchema"":""public"",""parentTable"":""assessments""}]}"
public,assessment_roles,EXPORT,ASSESSMENT,The live schema proves this tenant-owned relation through an exact organization discriminator or foreign-key path.,SQL_INSERT_INTO server/src/services/assessmentPermissionService.ts:604; SQL_INSERT_INTO server/src/services/assessmentPermissionService.ts:676; SQL_UPDATE server/src/services/assessmentPermissionService.ts:645; SQL_DELETE_FROM server/src/services/assessmentPermissionService.ts:739; SQL_FROM server/src/services/assessmentPermissionService.ts:388,,"{""column"":""organization_id"",""kind"":""DIRECT_COLUMN""}"
public,assessment_sessions,EXPORT,ASSESSMENT,The live schema proves this tenant-owned relation through an exact organization discriminator or foreign-key path.,SQL_INSERT_INTO server/src/controllers/AssessmentController.ts:588; SQL_INSERT_INTO server/src/controllers/AssessmentController.ts:1853; SQL_INSERT_INTO server/src/routes/v8/assessment.routes.ts:631; SQL_INSERT_INTO server/src/services/caseWorkspace/adapters/assessmentAdapter.ts:288; SQL_INSERT_INTO server/src/services/v8/transformationCaseService.ts:3618,,"{""kind"":""FOREIGN_KEY_PATH"",""path"":[{""column"":""assessment_id"",""parentColumn"":""id"",""parentSchema"":""public"",""parentTable"":""assessments""}]}"
public,assessment_skip_reasons,EXPORT,ASSESSMENT,The live schema proves this tenant-owned relation through an exact organization discriminator or foreign-key path.,SQL_INSERT_INTO server/src/services/assessment/assessmentSkipReasonService.ts:123; SQL_FROM server/src/services/assessment/assessmentSkipReasonService.ts:112; SQL_FROM server/src/services/assessment/assessmentSkipReasonService.ts:145; SQL_FROM server/src/services/assessment/assessmentSkipReasonService.ts:149; SQL_FROM server/src/services/assessment/assessmentSkipReasonService.ts:186,,"{""column"":""organization_id"",""kind"":""DIRECT_COLUMN""}"
public,assessment_user_state,EXPORT,ASSESSMENT,The live schema proves this tenant-owned relation through an exact organization discriminator or foreign-key path.,SQL_INSERT_INTO server/src/controllers/AssessmentController.ts:1945; SQL_INSERT_INTO server/src/routes/v8/assessment.routes.ts:1993; SQL_FROM server/src/controllers/AssessmentController.ts:1901; SQL_FROM server/src/routes/v8/assessment.routes.ts:1956,,"{""kind"":""FOREIGN_KEY_PATH"",""path"":[{""column"":""assessment_id"",""parentColumn"":""id"",""parentSchema"":""public"",""parentTable"":""assessments""}]}"
public,assessment_versions,EXPORT,ASSESSMENT,The live schema proves this tenant-owned relation through an exact organization discriminator or foreign-key path.,SQL_INSERT_INTO server/src/routes/assessment/assessment-workflow.routes.ts:694; SQL_INSERT_INTO server/src/routes/assessment/assessment-workflow.routes.ts:907; SQL_FROM server/src/routes/assessment/assessment-workflow.routes.ts:606; SQL_FROM server/src/routes/assessment/assessment-workflow.routes.ts:667; SQL_FROM server/src/routes/assessment/assessment-workflow.routes.ts:759,,"{""kind"":""FOREIGN_KEY_PATH"",""path"":[{""column"":""assessment_id"",""parentColumn"":""id"",""parentSchema"":""public"",""parentTable"":""assessments""}]}"
public,assessment_workflow_transitions,EXPORT,ASSESSMENT,The live schema proves this tenant-owned relation through an exact organization discriminator or foreign-key path.,SQL_INSERT_INTO server/src/routes/assessment/assessment-workflow.routes.ts:2182; SQL_FROM server/src/routes/assessment/assessment-workflow.routes.ts:838,,"{""kind"":""FOREIGN_KEY_PATH"",""path"":[{""column"":""workflow_id"",""parentColumn"":""id"",""parentSchema"":""public"",""parentTable"":""assessment_workflows""}]}"
public,assessment_workflows,EXPORT,ASSESSMENT,The live schema proves this tenant-owned relation through an exact organization discriminator or foreign-key path.,SQL_INSERT_INTO server/src/routes/assessment/assessment-workflow.routes.ts:282; SQL_INSERT_INTO server/src/routes/assessment/assessment-workflow.routes.ts:351; SQL_UPDATE server/src/routes/assessment/assessment-workflow.routes.ts:366; SQL_UPDATE server/src/routes/assessment/assessment-workflow.routes.ts:470; SQL_UPDATE server/src/routes/assessment/assessment-workflow.routes.ts:544,,"{""column"":""organization_id"",""kind"":""DIRECT_COLUMN""}"
public,assessments,EXPORT,ASSESSMENT,The live schema proves this tenant-owned relation through an exact organization discriminator or foreign-key path.,SQL_INSERT_INTO server/src/controllers/AssessmentController.ts:532; SQL_INSERT_INTO server/src/controllers/AssessmentController.ts:559; SQL_INSERT_INTO server/src/controllers/InterviewController.ts:10108; SQL_INSERT_INTO server/src/routes/assessment-workflow-v2.routes.ts:302; SQL_INSERT_INTO server/src/routes/assessment/assessment-hub.routes.ts:387,,"{""column"":""organization_id"",""kind"":""DIRECT_COLUMN""}"
public,async_jobs,EXPORT,PLATFORM_AI,The live schema proves this tenant-owned relation through an exact organization discriminator or foreign-key path.,SQL_INSERT_INTO server/src/_backup/ts-js-collisions/ai/asyncJobService.js:153; SQL_INSERT_INTO server/src/_backup/ts-js-collisions/ai/asyncJobService.js:250; SQL_INSERT_INTO server/src/ai/asyncJobService.ts:244; SQL_INSERT_INTO server/src/ai/asyncJobService.ts:345; SQL_UPDATE server/src/_backup/ts-js-collisions/ai/asyncJobService.js:99,,"{""column"":""organization_id"",""kind"":""DIRECT_COLUMN""}"
public,attribution_events,EXPORT,OPERATIONS,The live schema proves this tenant-owned relation through an exact organization discriminator or foreign-key path.,SQL_INSERT_INTO server/src/services/attributionService.ts:156; SQL_FROM server/src/services/attributionService.ts:192; SQL_FROM server/src/services/attributionService.ts:225; SQL_FROM server/src/services/attributionService.ts:259; SQL_FROM server/src/services/attributionService.ts:276,,"{""column"":""organization_id"",""kind"":""DIRECT_COLUMN""}"
public,audit_ai_proposals,EXPORT,AUDIT_COMPLIANCE,The live schema proves this tenant-owned relation through an exact organization discriminator or foreign-key path.,SQL_INSERT_INTO server/src/services/audits/aiProposalService.ts:904; SQL_UPDATE server/src/services/audits/aiProposalService.ts:1010; SQL_UPDATE server/src/services/audits/aiProposalService.ts:1278; SQL_UPDATE server/src/services/audits/aiProposalService.ts:1314; SQL_DELETE_FROM server/src/services/auditProgramFixtures/fixtureGenerator.ts:722,,"{""column"":""organization_id"",""kind"":""DIRECT_COLUMN""}"
public,audit_corrective_actions,EXPORT,AUDIT_COMPLIANCE,The live schema proves this tenant-owned relation through an exact organization discriminator or foreign-key path.,SQL_INSERT_INTO server/src/services/audits/aiProposalService.ts:1168; SQL_INSERT_INTO server/src/services/audits/correctiveActionService.ts:170; SQL_UPDATE server/src/services/auditProgramFixtures/fixtureGenerator.ts:401; SQL_UPDATE server/src/services/auditProgramFixtures/fixtureGenerator.ts:410; SQL_UPDATE server/src/services/audits/correctiveActionService.ts:248,,"{""column"":""organization_id"",""kind"":""DIRECT_COLUMN""}"
public,audit_domain_events,EXPORT,AUDIT_COMPLIANCE,The live schema proves this tenant-owned relation through an exact organization discriminator or foreign-key path.,SQL_INSERT_INTO server/src/services/audits/auditsDb.ts:133; SQL_INSERT_INTO server/src/services/audits/programService.ts:520; SQL_DELETE_FROM server/src/services/auditProgramFixtures/fixtureGenerator.ts:721; SQL_FROM server/src/services/audits/auditTrailService.ts:102; SQL_FROM server/src/services/audits/auditTrailService.ts:110,,"{""column"":""organization_id"",""kind"":""DIRECT_COLUMN""}"
public,audit_events,EXPORT,ADMIN_SECURITY,The live schema proves this tenant-owned relation through an exact organization discriminator or foreign-key path.,SQL_INSERT_INTO server/src/routes/superadmin.routes.ts:188; SQL_INSERT_INTO server/src/routes/superadmin.routes.ts:213; SQL_INSERT_INTO server/src/routes/v8/my-work.routes.ts:1736; SQL_INSERT_INTO server/src/routes/work-canvas.routes.ts:2925; SQL_INSERT_INTO server/src/services/AuditEventsService.ts:62,,"{""column"":""org_id"",""kind"":""DIRECT_COLUMN""}"
public,audit_evidence,EXPORT,AUDIT_COMPLIANCE,The live schema proves this tenant-owned relation through an exact organization discriminator or foreign-key path.,SQL_INSERT_INTO server/src/services/audits/evidenceService.ts:369; SQL_UPDATE server/src/services/auditProgramFixtures/fixtureGenerator.ts:396; SQL_UPDATE server/src/services/audits/evidenceService.ts:441; SQL_DELETE_FROM server/src/services/auditProgramFixtures/fixtureGenerator.ts:729; SQL_FROM server/src/services/auditProgramFixtures/fixtureGenerator.ts:495,,"{""column"":""organization_id"",""kind"":""DIRECT_COLUMN""}"
public,audit_evidence_requests,EXPORT,AUDIT_COMPLIANCE,The live schema proves this tenant-owned relation through an exact organization discriminator or foreign-key path.,SQL_INSERT_INTO server/src/services/audits/aiProposalService.ts:1072; SQL_INSERT_INTO server/src/services/audits/evidenceService.ts:161; SQL_UPDATE server/src/services/audits/evidenceService.ts:240; SQL_UPDATE server/src/services/audits/evidenceService.ts:269; SQL_UPDATE server/src/services/audits/evidenceService.ts:299,,"{""column"":""organization_id"",""kind"":""DIRECT_COLUMN""}"
public,audit_findings,EXCLUDE_SECURITY,ACTIVE_SEMANTIC_POLICY_MISSING,"The relation has a structural tenant path but no active semantic writer or reviewed privacy contract, so export fails closed.",organization-export-semantic-source-index.e1.json::public.audit_findings ACTIVE_SEMANTIC_SOURCE_MISSING,ACTIVE_SEMANTIC_POLICY_MISSING,{}
public,audit_independence_scan_cursor,EXCLUDE_SECURITY,NO_PROVABLE_TENANT_BOUNDARY,"The live schema proves no organization discriminator or foreign-key path, so exporting rows could cross tenant boundaries.",staging-schema-inventory.json::public.audit_independence_scan_cursor reviewed ownership graph has no tenant path,NO_PROVABLE_TENANT_BOUNDARY,{}
public,audit_initiative_proposals,EXPORT,AUDIT_COMPLIANCE,The live schema proves this tenant-owned relation through an exact organization discriminator or foreign-key path.,SQL_INSERT_INTO server/src/services/audits/proposalService.ts:162; SQL_UPDATE server/src/services/auditProgramFixtures/fixtureGenerator.ts:414; SQL_UPDATE server/src/services/auditProgramFixtures/fixtureGenerator.ts:432; SQL_UPDATE server/src/services/audits/proposalService.ts:355; SQL_UPDATE server/src/services/audits/proposalService.ts:405,,"{""column"":""organization_id"",""kind"":""DIRECT_COLUMN""}"
public,audit_log,EXPORT,ASSESSMENT,The live schema proves this tenant-owned relation through an exact organization discriminator or foreign-key path.,SQL_INSERT_INTO server/src/controllers/AssessmentController.ts:286; SQL_INSERT_INTO server/src/controllers/ToolController.ts:382; SQL_INSERT_INTO server/src/controllers/ToolOutputsController.ts:180; SQL_INSERT_INTO server/src/routes/auditLog.routes.ts:56; SQL_INSERT_INTO server/src/services/ToolInitiativeService.ts:364,,"{""column"":""organization_id"",""kind"":""DIRECT_COLUMN""}"
public,audit_logs,EXPORT,OPERATIONS,The live schema proves this tenant-owned relation through an exact organization discriminator or foreign-key path.,SQL_INSERT_INTO server/src/routes/mfa.routes.ts:48; SQL_INSERT_INTO server/src/routes/portfolioOptimization.routes.ts:121; SQL_INSERT_INTO server/src/services/AuditLogService.ts:128; SQL_INSERT_INTO server/src/services/AuditLogger.ts:130; SQL_INSERT_INTO server/src/services/MFAService.ts:238,,"{""column"":""organization_id"",""kind"":""DIRECT_COLUMN""}"
public,audit_management_responses,EXPORT,AUDIT_COMPLIANCE,The live schema proves this tenant-owned relation through an exact organization discriminator or foreign-key path.,SQL_INSERT_INTO server/src/services/audits/findingService.ts:682; SQL_UPDATE server/src/services/audits/findingService.ts:733; SQL_DELETE_FROM server/src/services/auditProgramFixtures/fixtureGenerator.ts:726; SQL_FROM server/src/services/audits/findingService.ts:463; SQL_FROM server/src/services/audits/findingService.ts:706,,"{""column"":""organization_id"",""kind"":""DIRECT_COLUMN""}"
public,audit_norm_sources,EXPORT,AUDIT_COMPLIANCE,The live schema proves this tenant-owned relation through an exact organization discriminator or foreign-key path.,SQL_INSERT_INTO server/src/services/auditProgramFixtures/fixtureGenerator.ts:557; SQL_INSERT_INTO server/src/services/audits/normSourceService.ts:295; SQL_INSERT_INTO server/src/services/audits/packSeed.ts:263; SQL_UPDATE server/src/services/audits/normSourceService.ts:372; SQL_UPDATE server/src/services/audits/normSourceService.ts:434,,"{""column"":""organization_id"",""kind"":""DIRECT_COLUMN""}"
public,audit_outputs,EXPORT,AUDIT_COMPLIANCE,The live schema proves this tenant-owned relation through an exact organization discriminator or foreign-key path.,SQL_INSERT_INTO server/src/services/audits/outputService.ts:451; SQL_UPDATE server/src/services/audits/outputService.ts:542; SQL_FROM server/src/services/audits/outputService.ts:455; SQL_FROM server/src/services/audits/outputService.ts:502; SQL_FROM server/src/services/audits/outputService.ts:512,,"{""column"":""organization_id"",""kind"":""DIRECT_COLUMN""}"
public,audit_pack_criteria,EXPORT,AUDIT_COMPLIANCE,The live schema proves this tenant-owned relation through an exact organization discriminator or foreign-key path.,SQL_INSERT_INTO server/src/services/audits/packService.ts:737; SQL_DELETE_FROM server/src/services/auditProgramFixtures/fixtureGenerator.ts:733; SQL_DELETE_FROM server/src/services/audits/packService.ts:722; SQL_FROM server/src/services/audits/packService.ts:336; SQL_FROM server/src/services/audits/packService.ts:361,,"{""kind"":""FOREIGN_KEY_PATH"",""path"":[{""column"":""pack_id"",""parentColumn"":""id"",""parentSchema"":""public"",""parentTable"":""audit_packs""}]}"
public,audit_packs,EXPORT,AUDIT_COMPLIANCE,The live schema proves this tenant-owned relation through an exact organization discriminator or foreign-key path.,SQL_INSERT_INTO server/src/services/audits/packService.ts:503; SQL_INSERT_INTO server/src/services/audits/packService.ts:901; SQL_UPDATE server/src/services/audits/packService.ts:581; SQL_UPDATE server/src/services/audits/packService.ts:764; SQL_UPDATE server/src/services/audits/packService.ts:833,,"{""column"":""organization_id"",""kind"":""DIRECT_COLUMN""}"
public,audit_program_criteria,EXPORT,AUDIT_COMPLIANCE,The live schema proves this tenant-owned relation through an exact organization discriminator or foreign-key path.,SQL_INSERT_INTO server/src/services/audits/programService.ts:478; SQL_UPDATE server/src/services/auditProgramFixtures/fixtureGenerator.ts:348; SQL_UPDATE server/src/services/auditProgramFixtures/fixtureGenerator.ts:369; SQL_UPDATE server/src/services/audits/aiProposalService.ts:1054; SQL_UPDATE server/src/services/audits/aiProposalService.ts:1087,,"{""column"":""organization_id"",""kind"":""DIRECT_COLUMN""}"
public,audit_program_findings,EXPORT,AUDIT_COMPLIANCE,The live schema proves this tenant-owned relation through an exact organization discriminator or foreign-key path.,SQL_INSERT_INTO server/src/services/audits/aiProposalService.ts:1134; SQL_INSERT_INTO server/src/services/audits/findingService.ts:347; SQL_UPDATE server/src/services/auditProgramFixtures/fixtureGenerator.ts:406; SQL_UPDATE server/src/services/audits/aiProposalService.ts:1116; SQL_UPDATE server/src/services/audits/findingService.ts:549,,"{""column"":""organization_id"",""kind"":""DIRECT_COLUMN""}"
public,audit_program_members,EXPORT,AUDIT_COMPLIANCE,The live schema proves this tenant-owned relation through an exact organization discriminator or foreign-key path.,SQL_INSERT_INTO server/src/services/audits/programService.ts:512; SQL_INSERT_INTO server/src/services/audits/programService.ts:725; SQL_UPDATE server/src/services/auditProgramFixtures/fixtureGenerator.ts:352; SQL_UPDATE server/src/services/auditProgramFixtures/fixtureGenerator.ts:393; SQL_UPDATE server/src/services/audits/programService.ts:821,,"{""column"":""organization_id"",""kind"":""DIRECT_COLUMN""}"
public,audit_programs,EXPORT,AUDIT_COMPLIANCE,The live schema proves this tenant-owned relation through an exact organization discriminator or foreign-key path.,SQL_INSERT_INTO server/src/services/auditProgramService.ts:332; SQL_INSERT_INTO server/src/services/audits/programService.ts:429; SQL_UPDATE server/src/services/auditProgramFixtures/fixtureGenerator.ts:342; SQL_UPDATE server/src/services/auditProgramService.ts:381; SQL_UPDATE server/src/services/audits/programService.ts:626,,"{""column"":""organization_id"",""kind"":""DIRECT_COLUMN""}"
public,audit_reports,EXPORT,AUDIT_COMPLIANCE,The live schema proves this tenant-owned relation through an exact organization discriminator or foreign-key path.,SQL_INSERT_INTO server/src/services/audits/reportService.ts:171; SQL_UPDATE server/src/services/audits/aiProposalService.ts:1203; SQL_UPDATE server/src/services/audits/reportService.ts:256; SQL_UPDATE server/src/services/audits/reportService.ts:297; SQL_UPDATE server/src/services/audits/reportService.ts:338,,"{""column"":""organization_id"",""kind"":""DIRECT_COLUMN""}"
public,audit_verifications,EXPORT,AUDIT_COMPLIANCE,The live schema proves this tenant-owned relation through an exact organization discriminator or foreign-key path.,SQL_INSERT_INTO server/src/services/audits/verificationService.ts:138; SQL_UPDATE server/src/services/audits/verificationService.ts:203; SQL_DELETE_FROM server/src/services/auditProgramFixtures/fixtureGenerator.ts:723; SQL_FROM server/src/services/audits/findingService.ts:852; SQL_FROM server/src/services/audits/findingService.ts:875,,"{""column"":""organization_id"",""kind"":""DIRECT_COLUMN""}"
public,audits,EXPORT,AUDIT_COMPLIANCE,The live schema proves this tenant-owned relation through an exact organization discriminator or foreign-key path.,SQL_INSERT_INTO server/src/routes/audit.routes.ts:44; SQL_INSERT_INTO server/src/services/legacyCutover/registry/audits.ts:129; SQL_UPDATE server/src/routes/audit.routes.ts:75; SQL_UPDATE server/src/services/legacyCutover/registry/audits.ts:140; SQL_FROM server/src/routes/audit.routes.ts:26,,"{""column"":""organization_id"",""kind"":""DIRECT_COLUMN""}"
public,automation_rule_executions,EXPORT,ADMIN_SECURITY,The live schema proves this tenant-owned relation through an exact organization discriminator or foreign-key path.,SQL_FROM server/src/routes/superadmin.routes.ts:5086,,"{""column"":""organization_id"",""kind"":""DIRECT_COLUMN""}"
public,automation_rules,EXPORT,ADMIN_SECURITY,The live schema proves this tenant-owned relation through an exact organization discriminator or foreign-key path.,SQL_INSERT_INTO server/src/routes/superadmin.routes.ts:5036; SQL_UPDATE server/src/routes/superadmin.routes.ts:5062; SQL_DELETE_FROM server/src/routes/superadmin.routes.ts:5073; SQL_FROM server/src/routes/superadmin.routes.ts:4998; SQL_FROM server/src/routes/superadmin.routes.ts:5020,,"{""kind"":""FOREIGN_KEY_PATH"",""path"":[{""column"":""created_by"",""parentColumn"":""id"",""parentSchema"":""public"",""parentTable"":""users""}]}"
public,backup_access_audit,EXPORT,OPERATIONS,The live schema proves this tenant-owned relation through an exact organization discriminator or foreign-key path.,SQL_INSERT_INTO server/src/services/backupService.ts:405,,"{""column"":""organization_id"",""kind"":""DIRECT_COLUMN""}"
public,backup_configurations,EXPORT,ADMIN_SECURITY,The live schema proves this tenant-owned relation through an exact organization discriminator or foreign-key path.,SQL_INSERT_INTO server/src/routes/superadmin.routes.ts:2523; SQL_UPDATE server/src/routes/superadmin.routes.ts:2578; SQL_FROM server/src/routes/superadmin.routes.ts:2517; SQL_FROM server/src/routes/superadmin.routes.ts:2531; SQL_FROM server/src/routes/superadmin.routes.ts:2572,,"{""column"":""organization_id"",""kind"":""DIRECT_COLUMN""}"
public,backup_manifests,EXPORT,OPERATIONS,The live schema proves this tenant-owned relation through an exact organization discriminator or foreign-key path.,SQL_INSERT_INTO server/src/services/backupService.ts:680; SQL_UPDATE server/src/services/backupService.ts:429; SQL_UPDATE server/src/services/backupService.ts:699; SQL_UPDATE server/src/services/backupService.ts:711; SQL_DELETE_FROM server/src/services/backupService.ts:820,,"{""column"":""organization_id"",""kind"":""DIRECT_COLUMN""}"
public,backup_records,EXCLUDE_SECURITY,ACTIVE_SEMANTIC_POLICY_MISSING,"The relation has a structural tenant path but no active semantic writer or reviewed privacy contract, so export fails closed.",organization-export-semantic-source-index.e1.json::public.backup_records ACTIVE_SEMANTIC_SOURCE_MISSING,ACTIVE_SEMANTIC_POLICY_MISSING,{}
public,backup_restore_receipts,EXCLUDE_SECURITY,NO_PROVABLE_TENANT_BOUNDARY,"The live schema proves no organization discriminator or foreign-key path, so exporting rows could cross tenant boundaries.",staging-schema-inventory.json::public.backup_restore_receipts reviewed ownership graph has no tenant path,NO_PROVABLE_TENANT_BOUNDARY,{}
public,backup_run_receipts,EXCLUDE_SECURITY,NO_PROVABLE_TENANT_BOUNDARY,"The live schema proves no organization discriminator or foreign-key path, so exporting rows could cross tenant boundaries.",staging-schema-inventory.json::public.backup_run_receipts reviewed ownership graph has no tenant path,NO_PROVABLE_TENANT_BOUNDARY,{}
public,backup_source_change_clock,EXCLUDE_SECURITY,NO_PROVABLE_TENANT_BOUNDARY,"The live schema proves no organization discriminator or foreign-key path, so exporting rows could cross tenant boundaries.",staging-schema-inventory.json::public.backup_source_change_clock reviewed ownership graph has no tenant path,NO_PROVABLE_TENANT_BOUNDARY,{}
public,benchmark_cohort_policies,EXPORT,OPERATIONS,The live schema proves this tenant-owned relation through an exact organization discriminator or foreign-key path.,SQL_INSERT_INTO server/src/services/finalBatchService.ts:277; SQL_FROM server/src/services/finalBatchService.ts:260,,"{""column"":""organization_id"",""kind"":""DIRECT_COLUMN""}"
public,benchmark_datasets,EXPORT,ASSESSMENT,The live schema proves this tenant-owned relation through an exact organization discriminator or foreign-key path.,SQL_FROM server/src/routes/assessment-workflow-v2.routes.ts:1779; SQL_FROM server/src/routes/benchmark.routes.ts:160,,"{""column"":""organization_id"",""kind"":""DIRECT_COLUMN""}"
public,benchmark_datasets_versions,EXCLUDE_SECURITY,NO_PROVABLE_TENANT_BOUNDARY,"The live schema proves no organization discriminator or foreign-key path, so exporting rows could cross tenant boundaries.",staging-schema-inventory.json::public.benchmark_datasets_versions reviewed ownership graph has no tenant path,NO_PROVABLE_TENANT_BOUNDARY,{}
public,benchmark_framework_mappings,EXCLUDE_SECURITY,NO_PROVABLE_TENANT_BOUNDARY,"The live schema proves no organization discriminator or foreign-key path, so exporting rows could cross tenant boundaries.",staging-schema-inventory.json::public.benchmark_framework_mappings reviewed ownership graph has no tenant path,NO_PROVABLE_TENANT_BOUNDARY,{}
public,benchmark_gap_analyses,EXPORT,OPERATIONS,The live schema proves this tenant-owned relation through an exact organization discriminator or foreign-key path.,SQL_INSERT_INTO server/src/services/finalBatchService.ts:420; SQL_UPDATE server/src/services/finalBatchService.ts:473; SQL_FROM server/src/services/finalBatchService.ts:437; SQL_FROM server/src/services/finalBatchService.ts:438,,"{""column"":""organization_id"",""kind"":""DIRECT_COLUMN""}"
public,benchmark_gap_initiative_links,EXCLUDE_SECURITY,NO_PROVABLE_TENANT_BOUNDARY,"The live schema proves no organization discriminator or foreign-key path, so exporting rows could cross tenant boundaries.",staging-schema-inventory.json::public.benchmark_gap_initiative_links reviewed ownership graph has no tenant path,NO_PROVABLE_TENANT_BOUNDARY,{}
public,benchmark_query_audit,EXPORT,OPERATIONS,The live schema proves this tenant-owned relation through an exact organization discriminator or foreign-key path.,SQL_INSERT_INTO server/src/services/finalBatchService.ts:323; SQL_FROM server/src/services/finalBatchService.ts:348,,"{""column"":""organization_id"",""kind"":""DIRECT_COLUMN""}"
public,benefit_measurements,EXPORT,INTERVIEW,The live schema proves this tenant-owned relation through an exact organization discriminator or foreign-key path.,SQL_INSERT_INTO server/src/scripts/t01InterviewRealDbProof.ts:2378; SQL_INSERT_INTO server/src/scripts/t01InterviewRealDbProof.ts:2404; SQL_FROM server/src/scripts/t01InterviewRealDbProof.ts:2518; SQL_FROM server/src/services/v8/transformationCaseService.ts:7156; SQL_JOIN server/src/services/v8/transformationCaseService.ts:7266,,"{""kind"":""FOREIGN_KEY_PATH"",""path"":[{""column"":""benefit_id"",""parentColumn"":""id"",""parentSchema"":""public"",""parentTable"":""initiative_benefits""}]}"
public,benefit_profile_points,EXPORT,OPERATIONS,The live schema proves this tenant-owned relation through an exact organization discriminator or foreign-key path.,SQL_INSERT_INTO server/src/services/benefitProfileService.ts:224; SQL_UPDATE server/src/services/benefitProfileService.ts:208; SQL_FROM server/src/services/benefitProfileService.ts:171; SQL_FROM server/src/services/benefitProfileService.ts:197,,"{""column"":""organization_id"",""kind"":""DIRECT_COLUMN""}"
public,benefit_targets,EXCLUDE_SECURITY,ACTIVE_SEMANTIC_POLICY_MISSING,"The relation has a structural tenant path but no active semantic writer or reviewed privacy contract, so export fails closed.",organization-export-semantic-source-index.e1.json::public.benefit_targets ACTIVE_SEMANTIC_SOURCE_MISSING,ACTIVE_SEMANTIC_POLICY_MISSING,{}
public,benefit_tracking,EXPORT,OPERATIONS,The live schema proves this tenant-owned relation through an exact organization discriminator or foreign-key path.,SQL_INSERT_INTO server/src/routes/economics.routes.ts:1729; SQL_INSERT_INTO server/src/services/finance/canonical/digitizationAnalysisPlannedBenefitCommandService.ts:152; SQL_UPDATE server/src/routes/economics.routes.ts:1713; SQL_UPDATE server/src/routes/economics.routes.ts:1716; SQL_UPDATE server/src/services/finance/canonical/digitizationAnalysisPlannedBenefitCommandService.ts:147,,"{""column"":""organization_id"",""kind"":""DIRECT_COLUMN""}"
public,benefits_register,EXPORT,OPERATIONS,The live schema proves this tenant-owned relation through an exact organization discriminator or foreign-key path.,SQL_UPDATE server/src/services/benefitsRegisterService.ts:359; SQL_FROM server/src/services/benefitsRegisterService.ts:321; SQL_FROM server/src/services/health/healthProbeService.ts:594; SQL_FROM server/src/services/initiative/initiativeLineageService.ts:221; SQL_FROM server/src/services/resultsVnext/roi/roiLegacyArchiveRepository.ts:303,,"{""column"":""organization_id"",""kind"":""DIRECT_COLUMN""}"
public,benefits_reports,EXCLUDE_SECURITY,ACTIVE_SEMANTIC_POLICY_MISSING,"The relation has a structural tenant path but no active semantic writer or reviewed privacy contract, so export fails closed.",organization-export-semantic-source-index.e1.json::public.benefits_reports ACTIVE_SEMANTIC_SOURCE_MISSING,ACTIVE_SEMANTIC_POLICY_MISSING,{}
public,billing_admin_audit_log,EXPORT,ADMIN_SECURITY,The live schema proves this tenant-owned relation through an exact organization discriminator or foreign-key path.,SQL_INSERT_INTO server/src/services/billing/billingAdminOps.ts:66,,"{""column"":""organization_id"",""kind"":""DIRECT_COLUMN""}"
public,billing_alerts,EXPORT,ADMIN_SECURITY,The live schema proves this tenant-owned relation through an exact organization discriminator or foreign-key path.,SQL_INSERT_INTO server/src/routes/adminP32.routes.ts:1822; SQL_INSERT_INTO server/src/routes/adminP32.routes.ts:1860; SQL_INSERT_INTO server/src/routes/billing/billing.routes.ts:3300; SQL_INSERT_INTO server/src/routes/billing/billing.routes.ts:3337; SQL_INSERT_INTO server/src/services/billing/BillingCommandService.ts:1275,,"{""column"":""organization_id"",""kind"":""DIRECT_COLUMN""}"
public,billing_credits,EXCLUDE_SECURITY,ACTIVE_SEMANTIC_POLICY_MISSING,"The relation has a structural tenant path but no active semantic writer or reviewed privacy contract, so export fails closed.",organization-export-semantic-source-index.e1.json::public.billing_credits ACTIVE_SEMANTIC_SOURCE_MISSING,ACTIVE_SEMANTIC_POLICY_MISSING,{}
public,billing_disputes,EXCLUDE_SECURITY,ACTIVE_SEMANTIC_POLICY_MISSING,"The relation has a structural tenant path but no active semantic writer or reviewed privacy contract, so export fails closed.",organization-export-semantic-source-index.e1.json::public.billing_disputes ACTIVE_SEMANTIC_SOURCE_MISSING,ACTIVE_SEMANTIC_POLICY_MISSING,{}
public,billing_email_queue,EXCLUDE_SECURITY,ACTIVE_SEMANTIC_POLICY_MISSING,"The relation has a structural tenant path but no active semantic writer or reviewed privacy contract, so export fails closed.",organization-export-semantic-source-index.e1.json::public.billing_email_queue ACTIVE_SEMANTIC_SOURCE_MISSING,ACTIVE_SEMANTIC_POLICY_MISSING,{}
public,billing_margins,EXCLUDE_SECURITY,NO_PROVABLE_TENANT_BOUNDARY,"The live schema proves no organization discriminator or foreign-key path, so exporting rows could cross tenant boundaries.",staging-schema-inventory.json::public.billing_margins reviewed ownership graph has no tenant path,NO_PROVABLE_TENANT_BOUNDARY,{}
public,billing_notification_preferences,EXCLUDE_SECURITY,ACTIVE_SEMANTIC_POLICY_MISSING,"The relation has a structural tenant path but no active semantic writer or reviewed privacy contract, so export fails closed.",organization-export-semantic-source-index.e1.json::public.billing_notification_preferences ACTIVE_SEMANTIC_SOURCE_MISSING,ACTIVE_SEMANTIC_POLICY_MISSING,{}
public,billing_refunds,EXCLUDE_SECURITY,ACTIVE_SEMANTIC_POLICY_MISSING,"The relation has a structural tenant path but no active semantic writer or reviewed privacy contract, so export fails closed.",organization-export-semantic-source-index.e1.json::public.billing_refunds ACTIVE_SEMANTIC_SOURCE_MISSING,ACTIVE_SEMANTIC_POLICY_MISSING,{}
public,billing_tax_settings,EXPORT,ADMIN_SECURITY,The live schema proves this tenant-owned relation through an exact organization discriminator or foreign-key path.,SQL_INSERT_INTO server/src/routes/adminP32.routes.ts:1954; SQL_INSERT_INTO server/src/routes/billing/billing.routes.ts:3420; SQL_INSERT_INTO server/src/services/billing/BillingCommandService.ts:1319; SQL_FROM server/src/routes/adminP32.routes.ts:1907; SQL_FROM server/src/routes/billing/billing.routes.ts:3359,,"{""column"":""organization_id"",""kind"":""DIRECT_COLUMN""}"
public,billing_usage_events,EXCLUDE_SECURITY,ACTIVE_SEMANTIC_POLICY_MISSING,"The relation has a structural tenant path but no active semantic writer or reviewed privacy contract, so export fails closed.",organization-export-semantic-source-index.e1.json::public.billing_usage_events ACTIVE_SEMANTIC_SOURCE_MISSING,ACTIVE_SEMANTIC_POLICY_MISSING,{}
public,billing_webhook_events,EXPORT,OPERATIONS,The live schema proves this tenant-owned relation through an exact organization discriminator or foreign-key path.,SQL_INSERT_INTO server/src/services/BillingWebhookService.ts:169; SQL_UPDATE server/src/services/BillingWebhookService.ts:207; SQL_FROM server/src/services/BillingWebhookService.ts:218; SQL_FROM server/src/services/BillingWebhookService.ts:241; SQL_FROM server/src/services/BillingWebhookService.ts:450,,"{""column"":""organization_id"",""kind"":""DIRECT_COLUMN""}"
public,blueprint_wbs_items,EXPORT,OPERATIONS,The live schema proves this tenant-owned relation through an exact organization discriminator or foreign-key path.,SQL_INSERT_INTO server/src/services/blueprintService.ts:128; SQL_INSERT_INTO server/src/services/blueprintService.ts:647; SQL_UPDATE server/src/services/blueprintService.ts:229; SQL_UPDATE server/src/services/blueprintService.ts:274; SQL_DELETE_FROM server/src/services/blueprintService.ts:259,,"{""kind"":""FOREIGN_KEY_PATH"",""path"":[{""column"":""template_id"",""parentColumn"":""id"",""parentSchema"":""public"",""parentTable"":""initiative_templates""}]}"
public,brand_kits,EXPORT,PRESENTATIONS,The live schema proves this tenant-owned relation through an exact organization discriminator or foreign-key path.,SQL_INSERT_INTO server/src/routes/presentations.routes.ts:2054; SQL_FROM server/src/routes/presentations.routes.ts:2025; SQL_FROM server/src/services/presentationGeneratorService.ts:1863; SQL_FROM server/src/services/presentationQualityGatesService.ts:382,,"{""column"":""organization_id"",""kind"":""DIRECT_COLUMN""}"
public,budget_alerts,EXCLUDE_SECURITY,ACTIVE_SEMANTIC_POLICY_MISSING,"The relation has a structural tenant path but no active semantic writer or reviewed privacy contract, so export fails closed.",organization-export-semantic-source-index.e1.json::public.budget_alerts ACTIVE_SEMANTIC_SOURCE_MISSING,ACTIVE_SEMANTIC_POLICY_MISSING,{}
public,budget_entries,EXPORT,OPERATIONS,The live schema proves this tenant-owned relation through an exact organization discriminator or foreign-key path.,SQL_INSERT_INTO server/src/services/executionBudgetService.ts:106; SQL_DELETE_FROM server/src/services/executionBudgetService.ts:211; SQL_DELETE_FROM server/src/services/executionBudgetService.ts:215; SQL_DELETE_FROM server/src/services/executionBudgetService.ts:223; SQL_DELETE_FROM server/src/services/executionBudgetService.ts:229,,"{""column"":""organization_id"",""kind"":""DIRECT_COLUMN""}"
public,budget_expenses,EXPORT,OPERATIONS,The live schema proves this tenant-owned relation through an exact organization discriminator or foreign-key path.,SQL_INSERT_INTO server/src/services/budgetTrackingService.ts:103; SQL_FROM server/src/services/budgetTrackingService.ts:230,,"{""column"":""organization_id"",""kind"":""DIRECT_COLUMN""}"
public,budget_initiative_links,EXPORT,INITIATIVES,The live schema proves this tenant-owned relation through an exact organization discriminator or foreign-key path.,SQL_INSERT_INTO server/src/services/finance/canonical/budgetInitiativeLinkCommandService.ts:32; SQL_DELETE_FROM server/src/routes/economics.routes.ts:3380; SQL_DELETE_FROM server/src/services/finance/canonical/budgetInitiativeUnlinkCommandService.ts:163; SQL_FROM server/src/routes/economics.routes.ts:3323; SQL_FROM server/src/services/finance/canonical/budgetInitiativeLinkCommandService.ts:29,,"{""column"":""organization_id"",""kind"":""DIRECT_COLUMN""}"
public,budget_line_items,EXCLUDE_SECURITY,ACTIVE_SEMANTIC_POLICY_MISSING,"The relation has a structural tenant path but no active semantic writer or reviewed privacy contract, so export fails closed.",organization-export-semantic-source-index.e1.json::public.budget_line_items ACTIVE_SEMANTIC_SOURCE_MISSING,ACTIVE_SEMANTIC_POLICY_MISSING,{}
public,budget_lines,EXPORT,OPERATIONS,The live schema proves this tenant-owned relation through an exact organization discriminator or foreign-key path.,SQL_INSERT_INTO server/src/routes/economics.routes.ts:3291; SQL_INSERT_INTO server/src/services/budgetingService.ts:197; SQL_INSERT_INTO server/src/services/budgetingService.ts:202; SQL_UPDATE server/src/services/budgetingService.ts:286; SQL_UPDATE server/src/services/finance/canonical/budgetDocumentImportCommandService.ts:262,,"{""kind"":""FOREIGN_KEY_PATH"",""path"":[{""column"":""budget_id"",""parentColumn"":""id"",""parentSchema"":""public"",""parentTable"":""budgets""}]}"
public,budget_overspend_signals,EXPORT,OPERATIONS,The live schema proves this tenant-owned relation through an exact organization discriminator or foreign-key path.,SQL_FROM server/src/services/executiveAggregateService.ts:441; SQL_FROM server/src/services/signals/rules/finance/budgetOverspend.ts:26,,"{""column"":""organization_id"",""kind"":""DIRECT_COLUMN""}"
public,budget_scenarios,EXPORT,OPERATIONS,The live schema proves this tenant-owned relation through an exact organization discriminator or foreign-key path.,SQL_INSERT_INTO server/src/services/budgetingService.ts:207; SQL_UPDATE server/src/services/budgetingService.ts:393; SQL_UPDATE server/src/services/budgetingService.ts:410; SQL_UPDATE server/src/services/finance/canonical/budgetProjectionCommandService.ts:352; SQL_UPDATE server/src/services/finance/canonical/budgetProjectionCommandService.ts:533,,"{""kind"":""FOREIGN_KEY_PATH"",""path"":[{""column"":""budget_id"",""parentColumn"":""id"",""parentSchema"":""public"",""parentTable"":""budgets""}]}"
public,budget_snapshots,EXPORT,OPERATIONS,The live schema proves this tenant-owned relation through an exact organization discriminator or foreign-key path.,SQL_INSERT_INTO server/src/services/budgetingService.ts:438; SQL_INSERT_INTO server/src/services/finance/canonical/budgetApprovalCommandService.ts:235,,"{""kind"":""FOREIGN_KEY_PATH"",""path"":[{""column"":""budget_id"",""parentColumn"":""id"",""parentSchema"":""public"",""parentTable"":""budgets""}]}"
public,budget_thresholds,EXCLUDE_SECURITY,ACTIVE_SEMANTIC_POLICY_MISSING,"The relation has a structural tenant path but no active semantic writer or reviewed privacy contract, so export fails closed.",organization-export-semantic-source-index.e1.json::public.budget_thresholds ACTIVE_SEMANTIC_SOURCE_MISSING,ACTIVE_SEMANTIC_POLICY_MISSING,{}
public,budget_transactions,EXCLUDE_SECURITY,ACTIVE_SEMANTIC_POLICY_MISSING,"The relation has a structural tenant path but no active semantic writer or reviewed privacy contract, so export fails closed.",organization-export-semantic-source-index.e1.json::public.budget_transactions ACTIVE_SEMANTIC_SOURCE_MISSING,ACTIVE_SEMANTIC_POLICY_MISSING,{}
public,budgets,EXPORT,OPERATIONS,The live schema proves this tenant-owned relation through an exact organization discriminator or foreign-key path.,SQL_INSERT_INTO server/src/routes/budget.routes.ts:215; SQL_INSERT_INTO server/src/services/budgetingService.ts:179; SQL_UPDATE server/src/routes/budget.routes.ts:267; SQL_UPDATE server/src/services/budgetingService.ts:442; SQL_UPDATE server/src/services/finance/canonical/budgetApprovalCommandService.ts:248,,"{""column"":""organization_id"",""kind"":""DIRECT_COLUMN""}"
public,builtin_role_permissions,EXCLUDE_SECURITY,NO_PROVABLE_TENANT_BOUNDARY,"The live schema proves no organization discriminator or foreign-key path, so exporting rows could cross tenant boundaries.",staging-schema-inventory.json::public.builtin_role_permissions reviewed ownership graph has no tenant path,NO_PROVABLE_TENANT_BOUNDARY,{}
public,business_metric_values,EXPORT,ADMIN_SECURITY,The live schema proves this tenant-owned relation through an exact organization discriminator or foreign-key path.,SQL_INSERT_INTO server/src/routes/analytics-superadmin.routes.ts:829; SQL_DELETE_FROM server/src/routes/analytics-superadmin.routes.ts:852; SQL_FROM server/src/routes/analytics-superadmin.routes.ts:640; SQL_FROM server/src/routes/analytics-superadmin.routes.ts:641; SQL_FROM server/src/routes/analytics-superadmin.routes.ts:692,,"{""kind"":""FOREIGN_KEY_PATH"",""path"":[{""column"":""metric_id"",""parentColumn"":""id"",""parentSchema"":""public"",""parentTable"":""business_metrics""},{""column"":""created_by"",""parentColumn"":""id"",""parentSchema"":""public"",""parentTable"":""users""}]}"
public,business_metrics,EXPORT,ADMIN_SECURITY,The live schema proves this tenant-owned relation through an exact organization discriminator or foreign-key path.,SQL_INSERT_INTO server/src/controllers/SuperAdminController.ts:5567; SQL_INSERT_INTO server/src/routes/analytics-superadmin.routes.ts:767; SQL_UPDATE server/src/controllers/SuperAdminController.ts:5580; SQL_DELETE_FROM server/src/controllers/SuperAdminController.ts:5590; SQL_DELETE_FROM server/src/routes/analytics-superadmin.routes.ts:851,,"{""kind"":""FOREIGN_KEY_PATH"",""path"":[{""column"":""created_by"",""parentColumn"":""id"",""parentSchema"":""public"",""parentTable"":""users""}]}"
public,calendar_events,EXPORT,OPERATIONS,The live schema proves this tenant-owned relation through an exact organization discriminator or foreign-key path.,SQL_INSERT_INTO server/src/routes/my-work/calendar.routes.ts:888; SQL_UPDATE server/src/routes/my-work/calendar.routes.ts:992; SQL_UPDATE server/src/routes/my-work/calendar.routes.ts:1032; SQL_UPDATE server/src/routes/my-work/calendar.routes.ts:1156; SQL_FROM server/src/routes/daily-brief.routes.ts:64,,"{""column"":""organization_id"",""kind"":""DIRECT_COLUMN""}"
public,calendar_feed_log,EXPORT,OPERATIONS,The live schema proves this tenant-owned relation through an exact organization discriminator or foreign-key path.,SQL_INSERT_INTO server/src/routes/integrations/calendarIntegrations.routes.ts:310,,"{""column"":""organization_id"",""kind"":""DIRECT_COLUMN""}"
public,candidate_competency_signals,EXPORT,OPERATIONS,The live schema proves this tenant-owned relation through an exact organization discriminator or foreign-key path.,SQL_INSERT_INTO server/src/services/cvMatchingService.ts:339; SQL_UPDATE server/src/services/cvMatchingService.ts:467; SQL_DELETE_FROM server/src/services/cvMatchingService.ts:473; SQL_DELETE_FROM server/src/services/cvMatchingService.ts:644; SQL_FROM server/src/services/cvMatchingService.ts:198,,"{""column"":""organization_id"",""kind"":""DIRECT_COLUMN""}"
public,candidate_documents,EXPORT,OPERATIONS,The live schema proves this tenant-owned relation through an exact organization discriminator or foreign-key path.,SQL_INSERT_INTO server/src/services/cvMatchingService.ts:229; SQL_UPDATE server/src/services/cvMatchingService.ts:254; SQL_UPDATE server/src/services/cvMatchingService.ts:262; SQL_UPDATE server/src/services/cvMatchingService.ts:271; SQL_UPDATE server/src/services/cvMatchingService.ts:307,,"{""column"":""organization_id"",""kind"":""DIRECT_COLUMN""}"
public,candidate_match_results,EXPORT,OPERATIONS,The live schema proves this tenant-owned relation through an exact organization discriminator or foreign-key path.,SQL_INSERT_INTO server/src/services/cvMatchingService.ts:568,,"{""column"":""organization_id"",""kind"":""DIRECT_COLUMN""}"
public,candidate_profiles,EXPORT,OPERATIONS,The live schema proves this tenant-owned relation through an exact organization discriminator or foreign-key path.,SQL_INSERT_INTO server/src/services/cvMatchingService.ts:177; SQL_FROM server/src/services/cvMatchingService.ts:199; SQL_FROM server/src/services/cvMatchingService.ts:208; SQL_FROM server/src/services/cvMatchingService.ts:501,,"{""column"":""organization_id"",""kind"":""DIRECT_COLUMN""}"
public,canonical_inbox_items,EXPORT,OPERATIONS,The live schema proves this tenant-owned relation through an exact organization discriminator or foreign-key path.,SQL_INSERT_INTO server/src/services/inboxService.ts:153; SQL_INSERT_INTO server/src/services/inboxService.ts:483; SQL_UPDATE server/src/routes/my-work.routes.ts:2693; SQL_UPDATE server/src/services/actionCard/actionCardService.ts:267; SQL_UPDATE server/src/services/inboxEnterpriseService.ts:523,,"{""column"":""organization_id"",""kind"":""DIRECT_COLUMN""}"
public,canvas_idea_materialization_receipts,EXPORT,OPERATIONS,The live schema proves this tenant-owned relation through an exact organization discriminator or foreign-key path.,SQL_INSERT_INTO server/src/services/canvasMaterialize.ts:492; SQL_FROM server/src/services/canvasMaterialize.ts:426; SQL_FROM server/src/services/canvasMaterialize.ts:510,,"{""column"":""organization_id"",""kind"":""DIRECT_COLUMN""}"
public,capabilities,EXPORT,OPERATIONS,The live schema proves this tenant-owned relation through an exact organization discriminator or foreign-key path.,SQL_INSERT_INTO server/src/services/capabilityService.ts:155; SQL_UPDATE server/src/services/capabilityService.ts:220; SQL_UPDATE server/src/services/capabilityService.ts:228; SQL_UPDATE server/src/services/competencyTaxonomyService.ts:377; SQL_FROM server/src/services/capabilityService.ts:172,,"{""column"":""organization_id"",""kind"":""DIRECT_COLUMN""}"
public,capability_assignments,EXPORT,OPERATIONS,The live schema proves this tenant-owned relation through an exact organization discriminator or foreign-key path.,SQL_INSERT_INTO server/src/services/capabilityService.ts:457; SQL_FROM server/src/services/capabilityService.ts:474,,"{""column"":""organization_id"",""kind"":""DIRECT_COLUMN""}"
public,capability_requirements,EXPORT,OPERATIONS,The live schema proves this tenant-owned relation through an exact organization discriminator or foreign-key path.,SQL_INSERT_INTO server/src/services/capabilityService.ts:317; SQL_INSERT_INTO server/src/services/competencyTaxonomyService.ts:417; SQL_UPDATE server/src/services/competencyTaxonomyService.ts:477; SQL_DELETE_FROM server/src/services/capabilityService.ts:366; SQL_DELETE_FROM server/src/services/competencyTaxonomyService.ts:483,,"{""column"":""organization_id"",""kind"":""DIRECT_COLUMN""}"
public,case_core,EXPORT,OPERATIONS,The live schema proves this tenant-owned relation through an exact organization discriminator or foreign-key path.,SQL_INSERT_INTO server/src/services/caseWorkspace/caseCoreService.ts:425; SQL_INSERT_INTO server/src/services/caseWorkspace/caseIntakeService.ts:976; SQL_UPDATE server/src/services/caseWorkspace/caseCoreService.ts:624; SQL_UPDATE server/src/services/caseWorkspace/caseCoreService.ts:700; SQL_UPDATE server/src/services/caseWorkspace/caseCoreService.ts:760,,"{""column"":""organization_id"",""kind"":""DIRECT_COLUMN""}"
public,case_plan_versions,EXPORT,OPERATIONS,The live schema proves this tenant-owned relation through an exact organization discriminator or foreign-key path.,SQL_INSERT_INTO server/src/services/caseWorkspace/casePlanVersionService.ts:961; SQL_UPDATE server/src/services/caseWorkspace/casePlanVersionService.ts:1038; SQL_UPDATE server/src/services/caseWorkspace/casePlanVersionService.ts:1174; SQL_UPDATE server/src/services/caseWorkspace/casePlanVersionService.ts:1249; SQL_UPDATE server/src/services/caseWorkspace/casePlanVersionService.ts:1330,,"{""kind"":""FOREIGN_KEY_PATH"",""path"":[{""column"":""case_id"",""parentColumn"":""case_id"",""parentSchema"":""public"",""parentTable"":""case_core""}]}"
public,case_plan_view_state,EXPORT,OPERATIONS,The live schema proves this tenant-owned relation through an exact organization discriminator or foreign-key path.,SQL_INSERT_INTO server/src/services/caseWorkspace/casePlanVersionService.ts:1655; SQL_FROM server/src/services/caseWorkspace/casePlanVersionService.ts:1621,,"{""kind"":""FOREIGN_KEY_PATH"",""path"":[{""column"":""case_plan_version_id"",""parentColumn"":""case_plan_version_id"",""parentSchema"":""public"",""parentTable"":""case_plan_versions""},{""column"":""case_id"",""parentColumn"":""case_id"",""parentSchema"":""public"",""parentTable"":""case_core""}]}"
public,case_workspace_action_proposal_decisions,EXPORT,OPERATIONS,The live schema proves this tenant-owned relation through an exact organization discriminator or foreign-key path.,SQL_INSERT_INTO server/src/services/caseWorkspace/proposalApprovalService.ts:1050; SQL_FROM server/src/services/caseWorkspace/proposalApprovalService.ts:1089; SQL_FROM server/src/services/caseWorkspace/proposalApprovalService.ts:1205; SQL_FROM server/src/services/caseWorkspace/proposalApprovalService.ts:1720,,"{""kind"":""FOREIGN_KEY_PATH"",""path"":[{""column"":""action_proposal_id"",""parentColumn"":""action_proposal_id"",""parentSchema"":""public"",""parentTable"":""case_workspace_action_proposals""}]}"
public,case_workspace_action_proposals,EXPORT,OPERATIONS,The live schema proves this tenant-owned relation through an exact organization discriminator or foreign-key path.,SQL_INSERT_INTO server/src/services/caseWorkspace/proposalApprovalService.ts:847; SQL_UPDATE server/src/services/caseWorkspace/proposalApprovalService.ts:941; SQL_UPDATE server/src/services/caseWorkspace/proposalApprovalService.ts:1179; SQL_UPDATE server/src/services/caseWorkspace/proposalApprovalService.ts:1405; SQL_UPDATE server/src/services/caseWorkspace/proposalApprovalService.ts:1523,,"{""column"":""organization_id"",""kind"":""DIRECT_COLUMN""}"
public,case_workspace_artifact_links,EXPORT,OPERATIONS,The live schema proves this tenant-owned relation through an exact organization discriminator or foreign-key path.,SQL_INSERT_INTO server/src/services/caseWorkspace/artifactLinkService.ts:466; SQL_UPDATE server/src/services/caseWorkspace/artifactLinkService.ts:584; SQL_UPDATE server/src/services/caseWorkspace/artifactLinkService.ts:666; SQL_UPDATE server/src/services/caseWorkspace/artifactLinkService.ts:738; SQL_UPDATE server/src/services/caseWorkspace/artifactLinkService.ts:818,,"{""column"":""organization_id"",""kind"":""DIRECT_COLUMN""}"
public,case_workspace_capabilities,EXCLUDE_SECURITY,NO_PROVABLE_TENANT_BOUNDARY,"The live schema proves no organization discriminator or foreign-key path, so exporting rows could cross tenant boundaries.",staging-schema-inventory.json::public.case_workspace_capabilities reviewed ownership graph has no tenant path,NO_PROVABLE_TENANT_BOUNDARY,{}
public,case_workspace_capability_idempotency_keys,EXCLUDE_SECURITY,NO_PROVABLE_TENANT_BOUNDARY,"The live schema proves no organization discriminator or foreign-key path, so exporting rows could cross tenant boundaries.",staging-schema-inventory.json::public.case_workspace_capability_idempotency_keys reviewed ownership graph has no tenant path,NO_PROVABLE_TENANT_BOUNDARY,{}
public,case_workspace_event_inbox,EXPORT,PLATFORM_AI,The live schema proves this tenant-owned relation through an exact organization discriminator or foreign-key path.,SQL_FROM server/src/services/caseWorkspace/waitSubscriptionService.ts:1112,,"{""column"":""organization_id"",""kind"":""DIRECT_COLUMN""}"
public,case_workspace_event_outbox,EXPORT,OPERATIONS,The live schema proves this tenant-owned relation through an exact organization discriminator or foreign-key path.,SQL_FROM server/src/services/caseWorkspace/lightOneClickService.ts:518; SQL_FROM server/src/services/caseWorkspace/proposalApprovalService.ts:642; SQL_FROM server/src/services/caseWorkspace/waitSubscriptionService.ts:1049; SQL_FROM server/src/services/operationalAlertRepairService.ts:74,,"{""column"":""organization_id"",""kind"":""DIRECT_COLUMN""}"
public,case_workspace_feature_flag_definitions,EXCLUDE_SECURITY,NO_PROVABLE_TENANT_BOUNDARY,"The live schema proves no organization discriminator or foreign-key path, so exporting rows could cross tenant boundaries.",staging-schema-inventory.json::public.case_workspace_feature_flag_definitions reviewed ownership graph has no tenant path,NO_PROVABLE_TENANT_BOUNDARY,{}
public,case_workspace_feature_flags,EXPORT,OPERATIONS,The live schema proves this tenant-owned relation through an exact organization discriminator or foreign-key path.,SQL_INSERT_INTO server/src/services/caseWorkspace/migrationReadinessService.ts:676; SQL_FROM server/src/services/caseWorkspace/migrationReadinessService.ts:666; SQL_FROM server/src/services/caseWorkspace/migrationReadinessService.ts:751; SQL_FROM server/src/services/caseWorkspace/migrationReadinessService.ts:777,,"{""column"":""organization_id"",""kind"":""DIRECT_COLUMN""}"
public,case_workspace_gateway_evaluations,EXPORT,OPERATIONS,The live schema proves this tenant-owned relation through an exact organization discriminator or foreign-key path.,SQL_INSERT_INTO server/src/services/caseWorkspace/executionGraphService.ts:669; SQL_FROM server/src/services/caseWorkspace/executionGraphService.ts:750; SQL_FROM server/src/services/caseWorkspace/executionGraphService.ts:775; SQL_FROM server/src/services/caseWorkspace/executionGraphService.ts:806; SQL_FROM server/src/services/caseWorkspace/executionGraphService.ts:823,,"{""column"":""organization_id"",""kind"":""DIRECT_COLUMN""}"
public,case_workspace_history_events,EXPORT,OPERATIONS,The live schema proves this tenant-owned relation through an exact organization discriminator or foreign-key path.,SQL_INSERT_INTO server/src/services/caseWorkspace/caseHistoryService.ts:510; SQL_FROM server/src/services/caseWorkspace/caseHistoryService.ts:548; SQL_FROM server/src/services/caseWorkspace/caseHistoryService.ts:702; SQL_FROM server/src/services/caseWorkspace/caseHistoryService.ts:764,,"{""column"":""organization_id"",""kind"":""DIRECT_COLUMN""}"
public,case_workspace_legacy_quarantine,EXPORT,OPERATIONS,The live schema proves this tenant-owned relation through an exact organization discriminator or foreign-key path.,SQL_INSERT_INTO server/src/services/caseWorkspace/migrationReadinessService.ts:953; SQL_FROM server/src/services/caseWorkspace/migrationReadinessService.ts:1020; SQL_FROM server/src/services/caseWorkspace/migrationReadinessService.ts:1037; SQL_FROM server/src/services/caseWorkspace/migrationReadinessService.ts:1076; SQL_FROM server/src/services/caseWorkspace/migrationReadinessService.ts:1089,,"{""column"":""organization_id"",""kind"":""DIRECT_COLUMN""}"
public,case_workspace_node_result_acceptances,EXPORT,OPERATIONS,The live schema proves this tenant-owned relation through an exact organization discriminator or foreign-key path.,SQL_INSERT_INTO server/src/services/caseWorkspace/executionGraphService.ts:903; SQL_FROM server/src/services/caseWorkspace/executionGraphService.ts:969; SQL_FROM server/src/services/caseWorkspace/executionGraphService.ts:994; SQL_FROM server/src/services/caseWorkspace/executionGraphService.ts:1041; SQL_FROM server/src/services/caseWorkspace/executionGraphService.ts:1060,,"{""column"":""organization_id"",""kind"":""DIRECT_COLUMN""}"
public,case_workspace_node_run_attempts,EXCLUDE_SECURITY,ACTIVE_SEMANTIC_POLICY_MISSING,"The relation has a structural tenant path but no active semantic writer or reviewed privacy contract, so export fails closed.",organization-export-semantic-source-index.e1.json::public.case_workspace_node_run_attempts ACTIVE_SEMANTIC_SOURCE_MISSING,ACTIVE_SEMANTIC_POLICY_MISSING,{}
public,case_workspace_node_runs,EXCLUDE_SECURITY,ACTIVE_SEMANTIC_POLICY_MISSING,"The relation has a structural tenant path but no active semantic writer or reviewed privacy contract, so export fails closed.",organization-export-semantic-source-index.e1.json::public.case_workspace_node_runs ACTIVE_SEMANTIC_SOURCE_MISSING,ACTIVE_SEMANTIC_POLICY_MISSING,{}
public,case_workspace_run_bindings,EXPORT,OPERATIONS,The live schema proves this tenant-owned relation through an exact organization discriminator or foreign-key path.,SQL_INSERT_INTO server/src/services/caseWorkspace/runBindingService.ts:242; SQL_FROM server/src/services/caseWorkspace/executionGraphService.ts:560; SQL_FROM server/src/services/caseWorkspace/executionGraphService.ts:800; SQL_FROM server/src/services/caseWorkspace/executionGraphService.ts:1023; SQL_FROM server/src/services/caseWorkspace/lightOneClickService.ts:496,,"{""column"":""organization_id"",""kind"":""DIRECT_COLUMN""}"
public,case_workspace_runs,EXCLUDE_SECURITY,ACTIVE_SEMANTIC_POLICY_MISSING,"The relation has a structural tenant path but no active semantic writer or reviewed privacy contract, so export fails closed.",organization-export-semantic-source-index.e1.json::public.case_workspace_runs ACTIVE_SEMANTIC_SOURCE_MISSING,ACTIVE_SEMANTIC_POLICY_MISSING,{}
public,case_workspace_value_measurements,EXPORT,OPERATIONS,The live schema proves this tenant-owned relation through an exact organization discriminator or foreign-key path.,SQL_INSERT_INTO server/src/services/caseWorkspace/caseHistoryService.ts:854; SQL_FROM server/src/services/caseWorkspace/caseHistoryService.ts:904; SQL_FROM server/src/services/caseWorkspace/caseHistoryService.ts:982; SQL_FROM server/src/services/caseWorkspace/caseHistoryService.ts:1018; SQL_FROM server/src/services/caseWorkspace/caseHistoryService.ts:1041,,"{""column"":""organization_id"",""kind"":""DIRECT_COLUMN""}"
public,case_workspace_waits,EXPORT,PLATFORM_AI,The live schema proves this tenant-owned relation through an exact organization discriminator or foreign-key path.,SQL_INSERT_INTO server/src/services/caseWorkspace/waitSubscriptionService.ts:607; SQL_UPDATE server/src/services/caseWorkspace/waitSubscriptionService.ts:709; SQL_UPDATE server/src/services/caseWorkspace/waitSubscriptionService.ts:798; SQL_UPDATE server/src/services/caseWorkspace/waitSubscriptionService.ts:1233; SQL_UPDATE server/src/services/caseWorkspace/waitSubscriptionService.ts:1393,,"{""column"":""organization_id"",""kind"":""DIRECT_COLUMN""}"
public,change_champions,EXPORT,OPERATIONS,The live schema proves this tenant-owned relation through an exact organization discriminator or foreign-key path.,SQL_INSERT_INTO server/src/services/changeChampionsService.ts:106; SQL_DELETE_FROM server/src/services/changeChampionsService.ts:131; SQL_FROM server/src/routes/resultsExtended.routes.ts:450; SQL_FROM server/src/services/changeChampionsService.ts:86; SQL_FROM server/src/services/changeChampionsService.ts:92,,"{""column"":""organization_id"",""kind"":""DIRECT_COLUMN""}"
public,change_coaching_actions,EXPORT,OPERATIONS,The live schema proves this tenant-owned relation through an exact organization discriminator or foreign-key path.,SQL_FROM server/src/services/changeSentimentService.ts:561,,"{""column"":""organization_id"",""kind"":""DIRECT_COLUMN""}"
public,change_feedback,EXPORT,OPERATIONS,The live schema proves this tenant-owned relation through an exact organization discriminator or foreign-key path.,SQL_INSERT_INTO server/src/services/changeSentimentService.ts:350; SQL_FROM server/src/services/changeSentimentService.ts:366; SQL_FROM server/src/services/changeSentimentService.ts:375,,"{""column"":""organization_id"",""kind"":""DIRECT_COLUMN""}"
public,change_pulse_checkins,EXPORT,OPERATIONS,The live schema proves this tenant-owned relation through an exact organization discriminator or foreign-key path.,SQL_INSERT_INTO server/src/services/changeSentimentService.ts:261; SQL_FROM server/src/services/changeSentimentService.ts:276; SQL_FROM server/src/services/changeSentimentService.ts:298; SQL_FROM server/src/services/changeSentimentService.ts:303; SQL_FROM server/src/services/changeSentimentService.ts:313,,"{""column"":""organization_id"",""kind"":""DIRECT_COLUMN""}"
public,change_requests,EXPORT,OPERATIONS,The live schema proves this tenant-owned relation through an exact organization discriminator or foreign-key path.,SQL_INSERT_INTO server/src/controllers/GovernanceController.ts:58; SQL_FROM server/src/controllers/GovernanceController.ts:29,,"{""column"":""organization_id"",""kind"":""DIRECT_COLUMN""}"
public,change_resistance_alerts,EXPORT,OPERATIONS,The live schema proves this tenant-owned relation through an exact organization discriminator or foreign-key path.,SQL_INSERT_INTO server/src/services/changeSentimentService.ts:457; SQL_UPDATE server/src/services/changeSentimentService.ts:504; SQL_FROM server/src/services/changeSentimentService.ts:446; SQL_FROM server/src/services/changeSentimentService.ts:474; SQL_FROM server/src/services/changeSentimentService.ts:483,,"{""column"":""organization_id"",""kind"":""DIRECT_COLUMN""}"
public,change_sentiment_snapshots,EXPORT,OPERATIONS,The live schema proves this tenant-owned relation through an exact organization discriminator or foreign-key path.,SQL_FROM server/src/routes/resultsExtended.routes.ts:440,,"{""column"":""organization_id"",""kind"":""DIRECT_COLUMN""}"
public,chat_handoff_owner_claims,EXPORT,COLLABORATION,The live schema proves this tenant-owned relation through an exact organization discriminator or foreign-key path.,SQL_INSERT_INTO server/src/services/chatHandoff/chatTargetOwnerIngressService.ts:224; SQL_INSERT_INTO server/src/services/chatHandoff/chatTargetOwnerIngressService.ts:290; SQL_UPDATE server/src/services/chatHandoff/chatTargetOwnerIngressService.ts:437; SQL_FROM server/src/services/chatHandoff/chatTargetMappingService.ts:178; SQL_FROM server/src/services/chatHandoff/chatTargetOwnerIngressService.ts:310,,"{""column"":""organization_id"",""kind"":""DIRECT_COLUMN""}"
public,chat_handoff_owner_ingress,EXPORT,COLLABORATION,The live schema proves this tenant-owned relation through an exact organization discriminator or foreign-key path.,SQL_INSERT_INTO server/src/services/chatHandoff/chatTargetOwnerIngressService.ts:161; SQL_FROM server/src/scripts/g05-przelot.ts:849; SQL_FROM server/src/services/chatHandoff/chatTargetMappingService.ts:145; SQL_FROM server/src/services/chatHandoff/chatTargetOwnerIngressService.ts:138; SQL_FROM server/src/services/chatHandoff/chatTargetOwnerIngressService.ts:178,,"{""column"":""organization_id"",""kind"":""DIRECT_COLUMN""}"
public,chat_project_members,EXCLUDE_SECURITY,NO_PROVABLE_TENANT_BOUNDARY,"The live schema proves no organization discriminator or foreign-key path, so exporting rows could cross tenant boundaries.",staging-schema-inventory.json::public.chat_project_members reviewed ownership graph has no tenant path,NO_PROVABLE_TENANT_BOUNDARY,{}
public,chat_projects,EXPORT,PROJECTS_PMO,The live schema proves this tenant-owned relation through an exact organization discriminator or foreign-key path.,SQL_INSERT_INTO server/src/routes/chat-projects.routes.ts:463; SQL_INSERT_INTO server/src/routes/my-work.routes.ts:7887; SQL_UPDATE server/src/routes/chat-projects.routes.ts:638; SQL_DELETE_FROM server/src/routes/chat-projects.routes.ts:1110; SQL_FROM server/src/routes/chat-projects.routes.ts:105,,"{""column"":""organization_id"",""kind"":""DIRECT_COLUMN""}"
public,chat_target_mapping_attempts,EXPORT,COLLABORATION,The live schema proves this tenant-owned relation through an exact organization discriminator or foreign-key path.,SQL_INSERT_INTO server/src/services/chatHandoff/chatTargetMappingService.ts:163; SQL_INSERT_INTO server/src/services/chatHandoff/chatTargetMappingService.ts:187,,"{""column"":""organization_id"",""kind"":""DIRECT_COLUMN""}"
public,chat_target_mapping_receipts,EXPORT,COLLABORATION,The live schema proves this tenant-owned relation through an exact organization discriminator or foreign-key path.,SQL_INSERT_INTO server/src/services/chatHandoff/chatTargetMappingService.ts:151; SQL_UPDATE server/src/services/chatHandoff/chatTargetMappingService.ts:160; SQL_UPDATE server/src/services/chatHandoff/chatTargetMappingService.ts:185; SQL_UPDATE server/src/services/chatHandoff/chatTargetMappingService.ts:193; SQL_FROM server/src/services/chatHandoff/chatTargetMappingService.ts:153,,"{""column"":""organization_id"",""kind"":""DIRECT_COLUMN""}"
public,checkout_sessions,EXCLUDE_SECURITY,ACTIVE_SEMANTIC_POLICY_MISSING,"The relation has a structural tenant path but no active semantic writer or reviewed privacy contract, so export fails closed.",organization-export-semantic-source-index.e1.json::public.checkout_sessions ACTIVE_SEMANTIC_SOURCE_MISSING,ACTIVE_SEMANTIC_POLICY_MISSING,{}
public,churn_warnings,EXPORT,OPERATIONS,The live schema proves this tenant-owned relation through an exact organization discriminator or foreign-key path.,SQL_INSERT_INTO server/src/services/behaviorIntelligenceService.ts:217; SQL_INSERT_INTO server/src/services/behaviorIntelligenceService.ts:257; SQL_FROM server/src/routes/metrics.routes.ts:365; SQL_FROM server/src/services/behaviorIntelligenceService.ts:208; SQL_FROM server/src/services/behaviorIntelligenceService.ts:251,,"{""column"":""organization_id"",""kind"":""DIRECT_COLUMN""}"
public,circuit_breaker_state,EXCLUDE_SECURITY,NO_PROVABLE_TENANT_BOUNDARY,"The live schema proves no organization discriminator or foreign-key path, so exporting rows could cross tenant boundaries.",staging-schema-inventory.json::public.circuit_breaker_state reviewed ownership graph has no tenant path,NO_PROVABLE_TENANT_BOUNDARY,{}
public,citation_verification_logs,EXCLUDE_SECURITY,NO_PROVABLE_TENANT_BOUNDARY,"The live schema proves no organization discriminator or foreign-key path, so exporting rows could cross tenant boundaries.",staging-schema-inventory.json::public.citation_verification_logs reviewed ownership graph has no tenant path,NO_PROVABLE_TENANT_BOUNDARY,{}
public,client_context,EXCLUDE_SECURITY,ACTIVE_SEMANTIC_POLICY_MISSING,"The relation has a structural tenant path but no active semantic writer or reviewed privacy contract, so export fails closed.",organization-export-semantic-source-index.e1.json::public.client_context ACTIVE_SEMANTIC_SOURCE_MISSING,ACTIVE_SEMANTIC_POLICY_MISSING,{}
public,client_error_events,EXCLUDE_SECURITY,NO_PROVABLE_TENANT_BOUNDARY,"The live schema proves no organization discriminator or foreign-key path, so exporting rows could cross tenant boundaries.",staging-schema-inventory.json::public.client_error_events reviewed ownership graph has no tenant path,NO_PROVABLE_TENANT_BOUNDARY,{}
public,closed_loop_workarounds,EXPORT,OPERATIONS,The live schema proves this tenant-owned relation through an exact organization discriminator or foreign-key path.,SQL_INSERT_INTO server/src/routes/executionControl.routes.ts:751; SQL_UPDATE server/src/routes/executionControl.routes.ts:872; SQL_UPDATE server/src/routes/executionControl.routes.ts:877; SQL_UPDATE server/src/routes/executionControl.routes.ts:953; SQL_UPDATE server/src/routes/executionControl.routes.ts:1000,,"{""column"":""organization_id"",""kind"":""DIRECT_COLUMN""}"
public,closure_delivery_receipts,EXPORT,OPERATIONS,The live schema proves this tenant-owned relation through an exact organization discriminator or foreign-key path.,SQL_INSERT_INTO server/src/services/closureDeliveryReceiptService.ts:196; SQL_INSERT_INTO server/src/services/closureDeliveryReceiptService.ts:216; SQL_UPDATE server/src/services/closureDeliveryReceiptService.ts:445; SQL_UPDATE server/src/services/closureDeliveryReceiptService.ts:503; SQL_UPDATE server/src/services/closureDeliveryReceiptService.ts:550,,"{""column"":""organization_id"",""kind"":""DIRECT_COLUMN""}"
public,cloud_import_jobs,EXPORT,OPERATIONS,The live schema proves this tenant-owned relation through an exact organization discriminator or foreign-key path.,SQL_INSERT_INTO server/src/services/cloudDataService.ts:920; SQL_UPDATE server/src/services/cloudDataService.ts:712; SQL_UPDATE server/src/services/cloudDataService.ts:719; SQL_UPDATE server/src/services/cloudDataService.ts:726; SQL_UPDATE server/src/services/cloudDataService.ts:740,,"{""column"":""organization_id"",""kind"":""DIRECT_COLUMN""}"
public,cloud_sources,EXCLUDE_SECURITY,SECURITY_CREDENTIALS_AND_SESSIONS,"The reviewed relation contains authentication, credential, session, recovery, signing, or token-vault material and is excluded in full.",staging-schema-inventory.json::public.cloud_sources; reviewed exact credential identity list,CREDENTIAL_OR_SESSION_MATERIAL,{}
public,cloud_sync_log,EXPORT,OPERATIONS,The live schema proves this tenant-owned relation through an exact organization discriminator or foreign-key path.,SQL_INSERT_INTO server/src/services/cloudDataService.ts:887,,"{""column"":""organization_id"",""kind"":""DIRECT_COLUMN""}"
public,collab_session_events,EXPORT,COLLABORATION,The live schema proves this tenant-owned relation through an exact organization discriminator or foreign-key path.,SQL_INSERT_INTO server/src/gateways/ideaCollabWs.gateway.ts:259,,"{""kind"":""FOREIGN_KEY_PATH"",""path"":[{""column"":""session_id"",""parentColumn"":""id"",""parentSchema"":""public"",""parentTable"":""collab_sessions""}]}"
public,collab_sessions,EXPORT,COLLABORATION,The live schema proves this tenant-owned relation through an exact organization discriminator or foreign-key path.,SQL_INSERT_INTO server/src/gateways/ideaCollabWs.gateway.ts:225; SQL_UPDATE server/src/gateways/ideaCollabWs.gateway.ts:239,,"{""column"":""organization_id"",""kind"":""DIRECT_COLUMN""}"
public,communication_plan_items,EXPORT,OPERATIONS,The live schema proves this tenant-owned relation through an exact organization discriminator or foreign-key path.,SQL_INSERT_INTO server/src/services/stakeholderCommService.ts:381; SQL_UPDATE server/src/services/stakeholderCommService.ts:424; SQL_FROM server/src/services/stakeholderCommService.ts:401; SQL_FROM server/src/services/stakeholderCommService.ts:411,,"{""kind"":""FOREIGN_KEY_PATH"",""path"":[{""column"":""plan_id"",""parentColumn"":""id"",""parentSchema"":""public"",""parentTable"":""communication_plans""}]}"
public,communication_plans,EXPORT,OPERATIONS,The live schema proves this tenant-owned relation through an exact organization discriminator or foreign-key path.,SQL_INSERT_INTO server/src/services/stakeholderCommService.ts:291; SQL_UPDATE server/src/services/stakeholderCommService.ts:355; SQL_UPDATE server/src/services/stakeholderCommService.ts:556; SQL_FROM server/src/controllers/ExecutionController.ts:993; SQL_FROM server/src/services/stakeholderCommService.ts:309,,"{""column"":""organization_id"",""kind"":""DIRECT_COLUMN""}"
public,communication_send_log,EXPORT,OPERATIONS,The live schema proves this tenant-owned relation through an exact organization discriminator or foreign-key path.,SQL_INSERT_INTO server/src/services/stakeholderCommService.ts:449; SQL_FROM server/src/services/stakeholderCommService.ts:464; SQL_FROM server/src/services/stakeholderCommService.ts:473,,"{""column"":""organization_id"",""kind"":""DIRECT_COLUMN""}"
public,communication_templates,EXPORT,OPERATIONS,The live schema proves this tenant-owned relation through an exact organization discriminator or foreign-key path.,SQL_INSERT_INTO server/src/services/stakeholderCommService.ts:518; SQL_FROM server/src/services/stakeholderCommService.ts:498; SQL_FROM server/src/services/stakeholderCommService.ts:532,,"{""column"":""organization_id"",""kind"":""DIRECT_COLUMN""}"
public,competency_categories,EXPORT,OPERATIONS,The live schema proves this tenant-owned relation through an exact organization discriminator or foreign-key path.,SQL_INSERT_INTO server/src/services/competencyTaxonomyService.ts:162; SQL_UPDATE server/src/services/competencyTaxonomyService.ts:234; SQL_UPDATE server/src/services/competencyTaxonomyService.ts:242; SQL_FROM server/src/services/competencyTaxonomyService.ts:182; SQL_FROM server/src/services/competencyTaxonomyService.ts:190,,"{""column"":""organization_id"",""kind"":""DIRECT_COLUMN""}"
public,competency_levels,EXPORT,OPERATIONS,The live schema proves this tenant-owned relation through an exact organization discriminator or foreign-key path.,SQL_INSERT_INTO server/src/services/competencyTaxonomyService.ts:303; SQL_INSERT_INTO server/src/services/competencyTaxonomyService.ts:319; SQL_FROM server/src/services/competencyTaxonomyService.ts:253; SQL_FROM server/src/services/competencyTaxonomyService.ts:337,,"{""column"":""organization_id"",""kind"":""DIRECT_COLUMN""}"
public,compliance_audits,EXCLUDE_SECURITY,NO_PROVABLE_TENANT_BOUNDARY,"The live schema proves no organization discriminator or foreign-key path, so exporting rows could cross tenant boundaries.",staging-schema-inventory.json::public.compliance_audits reviewed ownership graph has no tenant path,NO_PROVABLE_TENANT_BOUNDARY,{}
public,compliance_frameworks,EXCLUDE_SECURITY,NO_PROVABLE_TENANT_BOUNDARY,"The live schema proves no organization discriminator or foreign-key path, so exporting rows could cross tenant boundaries.",staging-schema-inventory.json::public.compliance_frameworks reviewed ownership graph has no tenant path,NO_PROVABLE_TENANT_BOUNDARY,{}
public,compliance_records,EXCLUDE_SECURITY,ACTIVE_SEMANTIC_POLICY_MISSING,"The relation has a structural tenant path but no active semantic writer or reviewed privacy contract, so export fails closed.",organization-export-semantic-source-index.e1.json::public.compliance_records ACTIVE_SEMANTIC_SOURCE_MISSING,ACTIVE_SEMANTIC_POLICY_MISSING,{}
public,compliance_settings,EXPORT,ADMIN_SECURITY,The live schema proves this tenant-owned relation through an exact organization discriminator or foreign-key path.,SQL_INSERT_INTO server/src/routes/adminP32.routes.ts:2043; SQL_INSERT_INTO server/src/routes/compliance.routes.ts:154; SQL_INSERT_INTO server/src/routes/compliance.routes.ts:275; SQL_INSERT_INTO server/src/routes/compliance.routes.ts:388; SQL_UPDATE server/src/routes/compliance.routes.ts:144,,"{""column"":""organization_id"",""kind"":""DIRECT_COLUMN""}"
public,compliance_status,EXPORT,ADMIN_SECURITY,The live schema proves this tenant-owned relation through an exact organization discriminator or foreign-key path.,SQL_FROM server/src/controllers/SuperAdminController.ts:2794; SQL_FROM server/src/controllers/SuperAdminController.ts:2798; SQL_JOIN server/src/controllers/SuperAdminController.ts:3373; SQL_JOIN server/src/controllers/SuperAdminController.ts:3387,,"{""column"":""organization_id"",""kind"":""DIRECT_COLUMN""}"
public,compute_job_outputs,EXPORT,FINANCE,The live schema proves this tenant-owned relation through an exact organization discriminator or foreign-key path.,SQL_INSERT_INTO server/src/services/finance/canonical/computeJobService.ts:640; SQL_FROM server/src/services/finance/canonical/computeJobService.ts:534; SQL_FROM server/src/services/finance/canonical/computeJobService.ts:901; SQL_FROM server/src/services/finance/canonical/predictionAuthoringService.ts:240,,"{""column"":""organization_id"",""kind"":""DIRECT_COLUMN""}"
public,compute_job_runs,EXPORT,FINANCE,The live schema proves this tenant-owned relation through an exact organization discriminator or foreign-key path.,SQL_INSERT_INTO server/src/services/finance/canonical/computeJobService.ts:248; SQL_INSERT_INTO server/src/services/finance/canonical/computeJobService.ts:385; SQL_UPDATE server/src/services/finance/canonical/computeJobService.ts:306; SQL_UPDATE server/src/services/finance/canonical/computeJobService.ts:673; SQL_UPDATE server/src/services/finance/canonical/computeJobService.ts:792,,"{""kind"":""FOREIGN_KEY_PATH"",""path"":[{""column"":""job_id"",""parentColumn"":""id"",""parentSchema"":""public"",""parentTable"":""compute_jobs""}]}"
public,compute_jobs,EXPORT,FINANCE,The live schema proves this tenant-owned relation through an exact organization discriminator or foreign-key path.,SQL_INSERT_INTO server/src/services/finance/canonical/computeJobService.ts:138; SQL_UPDATE server/src/services/finance/canonical/computeJobService.ts:219; SQL_UPDATE server/src/services/finance/canonical/computeJobService.ts:292; SQL_UPDATE server/src/services/finance/canonical/computeJobService.ts:367; SQL_UPDATE server/src/services/finance/canonical/computeJobService.ts:669,,"{""column"":""organization_id"",""kind"":""DIRECT_COLUMN""}"
public,compute_kill_switches,EXPORT,FINANCE,The live schema proves this tenant-owned relation through an exact organization discriminator or foreign-key path.,SQL_INSERT_INTO server/src/services/finance/canonical/computeJobService.ts:1028; SQL_DELETE_FROM server/src/services/finance/canonical/computeJobService.ts:1044,,"{""column"":""organization_id"",""kind"":""DIRECT_COLUMN""}"
public,compute_org_concurrency_limits,EXPORT,FINANCE,The live schema proves this tenant-owned relation through an exact organization discriminator or foreign-key path.,SQL_INSERT_INTO server/src/services/finance/canonical/computeJobService.ts:1085,,"{""column"":""organization_id"",""kind"":""DIRECT_COLUMN""}"
public,conclusion_source_packs,EXPORT,OPERATIONS,The live schema proves this tenant-owned relation through an exact organization discriminator or foreign-key path.,SQL_INSERT_INTO server/src/services/conclusions/ConclusionService.ts:292; SQL_INSERT_INTO server/src/services/conclusions/ConclusionService.ts:403; SQL_FROM server/src/services/conclusions/ConclusionService.ts:911,,"{""column"":""organization_id"",""kind"":""DIRECT_COLUMN""}"
public,conclusions,EXPORT,OPERATIONS,The live schema proves this tenant-owned relation through an exact organization discriminator or foreign-key path.,SQL_INSERT_INTO server/src/services/conclusions/ConclusionService.ts:355; SQL_INSERT_INTO server/src/services/conclusions/ConclusionService.ts:467; SQL_UPDATE server/src/services/conclusions/ConclusionService.ts:324; SQL_UPDATE server/src/services/conclusions/ConclusionService.ts:436; SQL_UPDATE server/src/services/conclusions/ConclusionService.ts:924,,"{""column"":""organization_id"",""kind"":""DIRECT_COLUMN""}"
public,connectors,EXPORT,OPERATIONS,The live schema proves this tenant-owned relation through an exact organization discriminator or foreign-key path.,SQL_INSERT_INTO server/src/routes/integrations/connectors.routes.ts:64; SQL_UPDATE server/src/routes/integrations/connectors.routes.ts:101; SQL_DELETE_FROM server/src/routes/integrations/connectors.routes.ts:118; SQL_FROM server/src/routes/integrations/connectors.routes.ts:28; SQL_FROM server/src/services/connectorService.ts:76,,"{""column"":""organization_id"",""kind"":""DIRECT_COLUMN""}"
public,consent_records,EXCLUDE_SECURITY,ACTIVE_SEMANTIC_POLICY_MISSING,"The relation has a structural tenant path but no active semantic writer or reviewed privacy contract, so export fails closed.",organization-export-semantic-source-index.e1.json::public.consent_records ACTIVE_SEMANTIC_SOURCE_MISSING,ACTIVE_SEMANTIC_POLICY_MISSING,{}
public,consultant_org_links,EXPORT,OPERATIONS,The live schema proves this tenant-owned relation through an exact organization discriminator or foreign-key path.,SQL_FROM server/src/middleware/orgContext.middleware.ts:317; SQL_JOIN server/src/middleware/orgContext.middleware.ts:370,,"{""column"":""organization_id"",""kind"":""DIRECT_COLUMN""}"
public,consultant_project_access,EXPORT,PROJECTS_PMO,The live schema proves this tenant-owned relation through an exact organization discriminator or foreign-key path.,SQL_INSERT_INTO server/src/routes/consultant-project-access.routes.ts:383; SQL_UPDATE server/src/routes/consultant-project-access.routes.ts:486; SQL_UPDATE server/src/routes/consultant-project-access.routes.ts:534; SQL_UPDATE server/src/routes/consultant-project-access.routes.ts:593; SQL_FROM server/src/routes/consultant-project-access.routes.ts:234,,"{""column"":""organization_id"",""kind"":""DIRECT_COLUMN""}"
public,consulting_templates,EXCLUDE_SECURITY,NO_PROVABLE_TENANT_BOUNDARY,"The live schema proves no organization discriminator or foreign-key path, so exporting rows could cross tenant boundaries.",staging-schema-inventory.json::public.consulting_templates reviewed ownership graph has no tenant path,NO_PROVABLE_TENANT_BOUNDARY,{}
public,content_analytics,EXPORT,PLATFORM_AI,The live schema proves this tenant-owned relation through an exact organization discriminator or foreign-key path.,SQL_INSERT_INTO server/src/_backup/ts-js-collisions/ai/aiPlaybookService.js:1204; SQL_INSERT_INTO server/src/ai/aiPlaybookService.ts:1206; SQL_INSERT_INTO server/src/services/content/ContentAnalyticsService.ts:95; SQL_FROM server/src/_backup/ts-js-collisions/ai/aiPlaybookService.js:1314; SQL_FROM server/src/ai/aiPlaybookService.ts:1316,,"{""column"":""organization_id"",""kind"":""DIRECT_COLUMN""}"
public,content_categories,EXPORT,OPERATIONS,The live schema proves this tenant-owned relation through an exact organization discriminator or foreign-key path.,SQL_INSERT_INTO server/src/services/content/CategoryService.ts:116; SQL_UPDATE server/src/services/content/CategoryService.ts:252; SQL_DELETE_FROM server/src/services/content/CategoryService.ts:268; SQL_FROM server/src/routes/content.routes.ts:41; SQL_FROM server/src/routes/content/email-templates.routes.ts:816,,"{""column"":""organization_id"",""kind"":""DIRECT_COLUMN""}"
public,content_comments,EXPORT,OPERATIONS,The live schema proves this tenant-owned relation through an exact organization discriminator or foreign-key path.,SQL_INSERT_INTO server/src/services/content/CommentService.ts:128; SQL_UPDATE server/src/services/content/CommentService.ts:278; SQL_UPDATE server/src/services/content/CommentService.ts:305; SQL_DELETE_FROM server/src/services/content/CommentService.ts:335; SQL_FROM server/src/services/content/CommentService.ts:190,,"{""kind"":""FOREIGN_KEY_PATH"",""path"":[{""column"":""user_id"",""parentColumn"":""id"",""parentSchema"":""public"",""parentTable"":""users""}]}"
public,content_favorites,EXPORT,OPERATIONS,The live schema proves this tenant-owned relation through an exact organization discriminator or foreign-key path.,SQL_DELETE_FROM server/src/services/content/FavoriteService.ts:71; SQL_FROM server/src/services/content/FavoriteService.ts:105; SQL_FROM server/src/services/content/FavoriteService.ts:130,,"{""kind"":""FOREIGN_KEY_PATH"",""path"":[{""column"":""user_id"",""parentColumn"":""id"",""parentSchema"":""public"",""parentTable"":""users""}]}"
public,content_permissions,EXPORT,OPERATIONS,The live schema proves this tenant-owned relation through an exact organization discriminator or foreign-key path.,SQL_DELETE_FROM server/src/services/permissionService.ts:788; SQL_FROM server/src/services/permissionService.ts:684; SQL_FROM server/src/services/permissionService.ts:812,,"{""column"":""organization_id"",""kind"":""DIRECT_COLUMN""}"
public,content_reviews,EXPORT,OPERATIONS,The live schema proves this tenant-owned relation through an exact organization discriminator or foreign-key path.,SQL_INSERT_INTO server/src/services/content/ReviewService.ts:110; SQL_UPDATE server/src/services/content/ReviewService.ts:223; SQL_FROM server/src/services/content/ReviewService.ts:143; SQL_FROM server/src/services/content/ReviewService.ts:159; SQL_FROM server/src/services/content/ReviewService.ts:174,,"{""kind"":""FOREIGN_KEY_PATH"",""path"":[{""column"":""requested_by"",""parentColumn"":""id"",""parentSchema"":""public"",""parentTable"":""users""}]}"
public,content_tag_mappings,EXPORT,PLATFORM_AI,The live schema proves this tenant-owned relation through an exact organization discriminator or foreign-key path.,SQL_DELETE_FROM server/src/_backup/ts-js-collisions/ai/aiPlaybookService.js:1529; SQL_DELETE_FROM server/src/ai/aiPlaybookService.ts:1531; SQL_DELETE_FROM server/src/services/content/TagService.ts:216; SQL_DELETE_FROM server/src/services/content/TagService.ts:266; SQL_JOIN server/src/_backup/ts-js-collisions/ai/aiPlaybookService.js:1471,,"{""kind"":""FOREIGN_KEY_PATH"",""path"":[{""column"":""tag_id"",""parentColumn"":""id"",""parentSchema"":""public"",""parentTable"":""content_tags""}]}"
public,content_tags,EXPORT,OPERATIONS,The live schema proves this tenant-owned relation through an exact organization discriminator or foreign-key path.,SQL_INSERT_INTO server/src/services/content/TagService.ts:93; SQL_UPDATE server/src/_backup/ts-js-collisions/ai/aiPlaybookService.js:1511; SQL_UPDATE server/src/_backup/ts-js-collisions/ai/aiPlaybookService.js:1537; SQL_UPDATE server/src/ai/aiPlaybookService.ts:1513; SQL_UPDATE server/src/ai/aiPlaybookService.ts:1539,,"{""column"":""organization_id"",""kind"":""DIRECT_COLUMN""}"
public,context_pack_snapshots,EXCLUDE_SECURITY,NO_PROVABLE_TENANT_BOUNDARY,"The live schema proves no organization discriminator or foreign-key path, so exporting rows could cross tenant boundaries.",staging-schema-inventory.json::public.context_pack_snapshots reviewed ownership graph has no tenant path,NO_PROVABLE_TENANT_BOUNDARY,{}
public,conversation_branches,EXCLUDE_SECURITY,NO_PROVABLE_TENANT_BOUNDARY,"The live schema proves no organization discriminator or foreign-key path, so exporting rows could cross tenant boundaries.",staging-schema-inventory.json::public.conversation_branches reviewed ownership graph has no tenant path,NO_PROVABLE_TENANT_BOUNDARY,{}
public,conversation_message_attachments,EXPORT,OPERATIONS,The live schema proves this tenant-owned relation through an exact organization discriminator or foreign-key path.,SQL_INSERT_INTO server/src/routes/conversations.routes.ts:1287; SQL_INSERT_INTO server/src/routes/conversations.routes.ts:2288; SQL_DELETE_FROM server/src/routes/conversations.routes.ts:2450; SQL_FROM server/src/routes/conversations.routes.ts:631; SQL_FROM server/src/routes/conversations.routes.ts:633,,"{""kind"":""FOREIGN_KEY_PATH"",""path"":[{""column"":""message_id"",""parentColumn"":""id"",""parentSchema"":""public"",""parentTable"":""conversation_messages""},{""column"":""session_id"",""parentColumn"":""id"",""parentSchema"":""public"",""parentTable"":""conversation_sessions""},{""column"":""conversation_id"",""parentColumn"":""id"",""parentSchema"":""public"",""parentTable"":""conversations""}]}"
public,conversation_messages,EXPORT,PLATFORM_AI,The live schema proves this tenant-owned relation through an exact organization discriminator or foreign-key path.,SQL_INSERT_INTO server/src/routes/ai.routes.ts:2331; SQL_INSERT_INTO server/src/routes/conversations.routes.ts:1211; SQL_INSERT_INTO server/src/routes/conversations.routes.ts:1882; SQL_INSERT_INTO server/src/routes/conversations.routes.ts:2028; SQL_INSERT_INTO server/src/routes/conversations.routes.ts:2951,,"{""kind"":""FOREIGN_KEY_PATH"",""path"":[{""column"":""session_id"",""parentColumn"":""id"",""parentSchema"":""public"",""parentTable"":""conversation_sessions""},{""column"":""conversation_id"",""parentColumn"":""id"",""parentSchema"":""public"",""parentTable"":""conversations""}]}"
public,conversation_participants,EXCLUDE_SECURITY,NO_PROVABLE_TENANT_BOUNDARY,"The live schema proves no organization discriminator or foreign-key path, so exporting rows could cross tenant boundaries.",staging-schema-inventory.json::public.conversation_participants reviewed ownership graph has no tenant path,NO_PROVABLE_TENANT_BOUNDARY,{}
public,conversation_purge_audit,EXPORT,OPERATIONS,The live schema proves this tenant-owned relation through an exact organization discriminator or foreign-key path.,SQL_INSERT_INTO server/src/routes/conversations.routes.ts:1076; SQL_INSERT_INTO server/src/services/conversationPurgeScheduler.ts:51,,"{""column"":""organization_id"",""kind"":""DIRECT_COLUMN""}"
public,conversation_sessions,EXPORT,OPERATIONS,The live schema proves this tenant-owned relation through an exact organization discriminator or foreign-key path.,SQL_INSERT_INTO server/src/routes/conversations.routes.ts:470; SQL_INSERT_INTO server/src/routes/conversations.routes.ts:2551; SQL_UPDATE server/src/routes/conversations.routes.ts:2540; SQL_FROM server/src/routes/conversations.routes.ts:2494; SQL_FROM server/src/routes/conversations.routes.ts:2566,,"{""kind"":""FOREIGN_KEY_PATH"",""path"":[{""column"":""conversation_id"",""parentColumn"":""id"",""parentSchema"":""public"",""parentTable"":""conversations""}]}"
public,conversation_share_views,EXPORT,OPERATIONS,The live schema proves this tenant-owned relation through an exact organization discriminator or foreign-key path.,SQL_INSERT_INTO server/src/routes/share.routes.ts:554,,"{""kind"":""FOREIGN_KEY_PATH"",""path"":[{""column"":""share_id"",""parentColumn"":""id"",""parentSchema"":""public"",""parentTable"":""conversation_shares""},{""column"":""conversation_id"",""parentColumn"":""id"",""parentSchema"":""public"",""parentTable"":""conversations""}]}"
public,conversation_shares,EXPORT,OPERATIONS,The live schema proves this tenant-owned relation through an exact organization discriminator or foreign-key path.,SQL_INSERT_INTO server/src/routes/share.routes.ts:339; SQL_UPDATE server/src/routes/share.routes.ts:450; SQL_UPDATE server/src/routes/share.routes.ts:549; SQL_UPDATE server/src/routes/share.routes.ts:638; SQL_UPDATE server/src/routes/share.routes.ts:683,,"{""kind"":""FOREIGN_KEY_PATH"",""path"":[{""column"":""conversation_id"",""parentColumn"":""id"",""parentSchema"":""public"",""parentTable"":""conversations""}]}"
public,conversation_summaries,EXCLUDE_SECURITY,NO_PROVABLE_TENANT_BOUNDARY,"The live schema proves no organization discriminator or foreign-key path, so exporting rows could cross tenant boundaries.",staging-schema-inventory.json::public.conversation_summaries reviewed ownership graph has no tenant path,NO_PROVABLE_TENANT_BOUNDARY,{}
public,conversations,EXPORT,OPERATIONS,The live schema proves this tenant-owned relation through an exact organization discriminator or foreign-key path.,SQL_INSERT_INTO server/src/routes/conversations.routes.ts:445; SQL_INSERT_INTO server/src/routes/conversations.routes.ts:1859; SQL_INSERT_INTO server/src/routes/conversations.routes.ts:2911; SQL_INSERT_INTO server/src/routes/my-work.routes.ts:7920; SQL_INSERT_INTO server/src/services/ai/conversationBranchingService.ts:92,,"{""column"":""organization_id"",""kind"":""DIRECT_COLUMN""}"
public,conversion_events,EXPORT,OPERATIONS,The live schema proves this tenant-owned relation through an exact organization discriminator or foreign-key path.,SQL_INSERT_INTO server/src/services/demoTrialTelemetryService.ts:105; SQL_FROM server/src/routes/analytics-superadmin.routes.ts:108; SQL_FROM server/src/routes/analytics-superadmin.routes.ts:114; SQL_FROM server/src/routes/analytics-superadmin.routes.ts:119; SQL_FROM server/src/routes/analytics-superadmin.routes.ts:124,,"{""column"":""organization_id"",""kind"":""DIRECT_COLUMN""}"
public,crdt_documents,EXPORT,OPERATIONS,The live schema proves this tenant-owned relation through an exact organization discriminator or foreign-key path.,SQL_INSERT_INTO server/src/services/realtimePlatformService.ts:170; SQL_UPDATE server/src/services/realtimePlatformService.ts:196; SQL_DELETE_FROM server/src/services/realtimePlatformService.ts:233; SQL_FROM server/src/services/realtimePlatformService.ts:182,,"{""column"":""organization_id"",""kind"":""DIRECT_COLUMN""}"
public,crdt_updates,EXCLUDE_SECURITY,NO_PROVABLE_TENANT_BOUNDARY,"The live schema proves no organization discriminator or foreign-key path, so exporting rows could cross tenant boundaries.",staging-schema-inventory.json::public.crdt_updates reviewed ownership graph has no tenant path,NO_PROVABLE_TENANT_BOUNDARY,{}
public,credit_applications,EXPORT,OPERATIONS,The live schema proves this tenant-owned relation through an exact organization discriminator or foreign-key path.,SQL_INSERT_INTO server/src/routes/billing/billing.routes.ts:2588,,"{""kind"":""FOREIGN_KEY_PATH"",""path"":[{""column"":""credit_note_id"",""parentColumn"":""id"",""parentSchema"":""public"",""parentTable"":""credit_notes""}]}"
public,credit_notes,EXPORT,OPERATIONS,The live schema proves this tenant-owned relation through an exact organization discriminator or foreign-key path.,SQL_INSERT_INTO server/src/routes/billing.routes.ts:990; SQL_INSERT_INTO server/src/routes/billing/billing.routes.ts:2393; SQL_UPDATE server/src/routes/billing/billing.routes.ts:2599; SQL_UPDATE server/src/routes/billing/billing.routes.ts:2665; SQL_UPDATE server/src/routes/billing/billing.routes.ts:2714,,"{""column"":""organization_id"",""kind"":""DIRECT_COLUMN""}"
public,custom_dashboards,EXPORT,OPERATIONS,The live schema proves this tenant-owned relation through an exact organization discriminator or foreign-key path.,SQL_INSERT_INTO server/src/services/analyticsService.ts:347; SQL_INSERT_INTO server/src/services/dashboardBuilderService.ts:67; SQL_UPDATE server/src/services/analyticsService.ts:403; SQL_UPDATE server/src/services/dashboardBuilderService.ts:94; SQL_UPDATE server/src/services/dashboardBuilderService.ts:105,,"{""column"":""organization_id"",""kind"":""DIRECT_COLUMN""}"
public,custom_prompts,EXPORT,OPERATIONS,The live schema proves this tenant-owned relation through an exact organization discriminator or foreign-key path.,SQL_INSERT_INTO server/src/services/demo/demoSeedService.ts:2673,,"{""column"":""organization_id"",""kind"":""DIRECT_COLUMN""}"
public,custom_roles,EXCLUDE_SECURITY,NO_PROVABLE_TENANT_BOUNDARY,"The live schema proves no organization discriminator or foreign-key path, so exporting rows could cross tenant boundaries.",staging-schema-inventory.json::public.custom_roles reviewed ownership graph has no tenant path,NO_PROVABLE_TENANT_BOUNDARY,{}
public,custom_statuses,EXCLUDE_SECURITY,ACTIVE_SEMANTIC_POLICY_MISSING,"The relation has a structural tenant path but no active semantic writer or reviewed privacy contract, so export fails closed.",organization-export-semantic-source-index.e1.json::public.custom_statuses ACTIVE_SEMANTIC_SOURCE_MISSING,ACTIVE_SEMANTIC_POLICY_MISSING,{}
public,custom_trends,EXPORT,OPERATIONS,The live schema proves this tenant-owned relation through an exact organization discriminator or foreign-key path.,SQL_INSERT_INTO server/src/_backup/ts-js-collisions/models/megatrend.js:367; SQL_INSERT_INTO server/src/models/megatrend.ts:202; SQL_UPDATE server/src/_backup/ts-js-collisions/models/megatrend.js:404; SQL_UPDATE server/src/models/megatrend.ts:239,,"{""kind"":""FOREIGN_KEY_PATH"",""path"":[{""column"":""company_id"",""parentColumn"":""id"",""parentSchema"":""public"",""parentTable"":""organizations""}]}"
public,customer_communications,EXPORT,ADMIN_SECURITY,The live schema proves this tenant-owned relation through an exact organization discriminator or foreign-key path.,SQL_INSERT_INTO server/src/routes/superadmin.routes.ts:5141; SQL_UPDATE server/src/routes/superadmin.routes.ts:5160; SQL_DELETE_FROM server/src/routes/superadmin.routes.ts:5175; SQL_FROM server/src/routes/superadmin.routes.ts:5109; SQL_FROM server/src/routes/superadmin.routes.ts:5126,,"{""kind"":""FOREIGN_KEY_PATH"",""path"":[{""column"":""created_by"",""parentColumn"":""id"",""parentSchema"":""public"",""parentTable"":""users""}]}"
public,customer_contracts,EXPORT,ADMIN_SECURITY,The live schema proves this tenant-owned relation through an exact organization discriminator or foreign-key path.,SQL_INSERT_INTO server/src/controllers/superadmin/customerController.ts:286; SQL_INSERT_INTO server/src/routes/superadmin.routes.ts:4399; SQL_UPDATE server/src/controllers/superadmin/customerController.ts:310; SQL_UPDATE server/src/routes/superadmin.routes.ts:4463; SQL_DELETE_FROM server/src/controllers/superadmin/customerController.ts:320,,"{""column"":""organization_id"",""kind"":""DIRECT_COLUMN""}"
public,customer_lifecycle_stages,EXCLUDE_SECURITY,NO_PROVABLE_TENANT_BOUNDARY,"The live schema proves no organization discriminator or foreign-key path, so exporting rows could cross tenant boundaries.",staging-schema-inventory.json::public.customer_lifecycle_stages reviewed ownership graph has no tenant path,NO_PROVABLE_TENANT_BOUNDARY,{}
public,customer_lifecycle_transitions,EXPORT,ADMIN_SECURITY,The live schema proves this tenant-owned relation through an exact organization discriminator or foreign-key path.,SQL_INSERT_INTO server/src/controllers/superadmin/customerController.ts:48; SQL_INSERT_INTO server/src/routes/superadmin.routes.ts:3949; SQL_FROM server/src/controllers/superadmin/customerController.ts:63; SQL_FROM server/src/controllers/superadmin/customerController.ts:90; SQL_FROM server/src/controllers/superadmin/customerController.ts:92,,"{""column"":""organization_id"",""kind"":""DIRECT_COLUMN""}"
public,customer_playbook_actions,EXPORT,ADMIN_SECURITY,The live schema proves this tenant-owned relation through an exact organization discriminator or foreign-key path.,SQL_INSERT_INTO server/src/routes/superadmin.routes.ts:4238; SQL_FROM server/src/routes/superadmin.routes.ts:4050; SQL_FROM server/src/routes/superadmin.routes.ts:4079; SQL_FROM server/src/routes/superadmin.routes.ts:4080,,"{""column"":""organization_id"",""kind"":""DIRECT_COLUMN""}"
public,customer_success_actions,EXPORT,ADMIN_SECURITY,The live schema proves this tenant-owned relation through an exact organization discriminator or foreign-key path.,SQL_INSERT_INTO server/src/controllers/superadmin/customerController.ts:193; SQL_FROM server/src/controllers/superadmin/customerController.ts:206; SQL_FROM server/src/controllers/superadmin/customerController.ts:238; SQL_FROM server/src/controllers/superadmin/customerController.ts:239,,"{""column"":""organization_id"",""kind"":""DIRECT_COLUMN""}"
public,customer_success_playbooks,EXCLUDE_SECURITY,NO_PROVABLE_TENANT_BOUNDARY,"The live schema proves no organization discriminator or foreign-key path, so exporting rows could cross tenant boundaries.",staging-schema-inventory.json::public.customer_success_playbooks reviewed ownership graph has no tenant path,NO_PROVABLE_TENANT_BOUNDARY,{}
public,cutover_runbooks,EXPORT,OPERATIONS,The live schema proves this tenant-owned relation through an exact organization discriminator or foreign-key path.,SQL_INSERT_INTO server/src/services/cutoverRunbookService.ts:215; SQL_FROM server/src/services/cutoverRunbookService.ts:185,,"{""column"":""organization_id"",""kind"":""DIRECT_COLUMN""}"
public,cutover_steps,EXPORT,OPERATIONS,The live schema proves this tenant-owned relation through an exact organization discriminator or foreign-key path.,SQL_INSERT_INTO server/src/services/cutoverRunbookService.ts:269; SQL_UPDATE server/src/services/cutoverRunbookService.ts:313; SQL_FROM server/src/services/cutoverRunbookService.ts:195; SQL_FROM server/src/services/cutoverRunbookService.ts:259; SQL_FROM server/src/services/cutoverRunbookService.ts:319,,"{""column"":""organization_id"",""kind"":""DIRECT_COLUMN""}"
public,cv_access_log,EXPORT,OPERATIONS,The live schema proves this tenant-owned relation through an exact organization discriminator or foreign-key path.,SQL_INSERT_INTO server/src/services/cvMatchingService.ts:673,,"{""column"":""organization_id"",""kind"":""DIRECT_COLUMN""}"
public,data_deletion_log,EXCLUDE_SECURITY,ACTIVE_SEMANTIC_POLICY_MISSING,"The relation has a structural tenant path but no active semantic writer or reviewed privacy contract, so export fails closed.",organization-export-semantic-source-index.e1.json::public.data_deletion_log ACTIVE_SEMANTIC_SOURCE_MISSING,ACTIVE_SEMANTIC_POLICY_MISSING,{}
public,data_export_requests,EXPORT,OPERATIONS,The live schema proves this tenant-owned relation through an exact organization discriminator or foreign-key path.,SQL_INSERT_INTO server/src/routes/gdpr.routes.ts:441; SQL_UPDATE server/src/routes/gdpr.routes.ts:457; SQL_UPDATE server/src/services/gdprService.ts:164; SQL_UPDATE server/src/services/gdprService.ts:169; SQL_FROM server/src/routes/gdpr.routes.ts:375,,"{""column"":""organization_id"",""kind"":""DIRECT_COLUMN""}"
public,data_residency,EXPORT,OPERATIONS,The live schema proves this tenant-owned relation through an exact organization discriminator or foreign-key path.,SQL_INSERT_INTO server/src/services/enterpriseService.ts:265; SQL_UPDATE server/src/services/enterpriseService.ts:250; SQL_FROM server/src/services/enterpriseService.ts:216,,"{""column"":""organization_id"",""kind"":""DIRECT_COLUMN""}"
public,data_retention_policies,EXPORT,ADMIN_SECURITY,The live schema proves this tenant-owned relation through an exact organization discriminator or foreign-key path.,SQL_INSERT_INTO server/src/services/dataRetentionAdminService.ts:78; SQL_FROM server/src/services/dataRetentionAdminService.ts:52; SQL_FROM server/src/services/dataRetentionAdminService.ts:61,,"{""column"":""organization_id"",""kind"":""DIRECT_COLUMN""}"
public,data_subject_requests,EXCLUDE_SECURITY,ACTIVE_SEMANTIC_POLICY_MISSING,"The relation has a structural tenant path but no active semantic writer or reviewed privacy contract, so export fails closed.",organization-export-semantic-source-index.e1.json::public.data_subject_requests ACTIVE_SEMANTIC_SOURCE_MISSING,ACTIVE_SEMANTIC_POLICY_MISSING,{}
public,dbr77_processes,EXCLUDE_SECURITY,ACTIVE_SEMANTIC_POLICY_MISSING,"The relation has a structural tenant path but no active semantic writer or reviewed privacy contract, so export fails closed.",organization-export-semantic-source-index.e1.json::public.dbr77_processes ACTIVE_SEMANTIC_SOURCE_MISSING,ACTIVE_SEMANTIC_POLICY_MISSING,{}
public,dbr77_workstations,EXCLUDE_SECURITY,ACTIVE_SEMANTIC_POLICY_MISSING,"The relation has a structural tenant path but no active semantic writer or reviewed privacy contract, so export fails closed.",organization-export-semantic-source-index.e1.json::public.dbr77_workstations ACTIVE_SEMANTIC_SOURCE_MISSING,ACTIVE_SEMANTIC_POLICY_MISSING,{}
public,decision_alternatives,EXPORT,COLLABORATION,The live schema proves this tenant-owned relation through an exact organization discriminator or foreign-key path.,SQL_INSERT_INTO server/src/services/decisionCollaborationService.ts:405; SQL_UPDATE server/src/services/decisionCollaborationService.ts:487; SQL_DELETE_FROM server/src/services/decisionCollaborationService.ts:512; SQL_FROM server/src/services/decisionCollaborationService.ts:378; SQL_FROM server/src/services/decisionCollaborationService.ts:426,,"{""column"":""organization_id"",""kind"":""DIRECT_COLUMN""}"
public,decision_comments,EXPORT,COLLABORATION,The live schema proves this tenant-owned relation through an exact organization discriminator or foreign-key path.,SQL_INSERT_INTO server/src/services/decisionCollaborationService.ts:253; SQL_UPDATE server/src/services/decisionCollaborationService.ts:293; SQL_UPDATE server/src/services/decisionCollaborationService.ts:330; SQL_FROM server/src/services/decisionCollaborationService.ts:232; SQL_FROM server/src/services/decisionCollaborationService.ts:259,,"{""column"":""organization_id"",""kind"":""DIRECT_COLUMN""}"
public,decision_consulted_opinions,EXPORT,OPERATIONS,The live schema proves this tenant-owned relation through an exact organization discriminator or foreign-key path.,SQL_INSERT_INTO server/src/services/decisionDelegationService.ts:319; SQL_FROM server/src/services/decisionDelegationService.ts:440,,"{""column"":""organization_id"",""kind"":""DIRECT_COLUMN""}"
public,decision_delegations,EXPORT,OPERATIONS,The live schema proves this tenant-owned relation through an exact organization discriminator or foreign-key path.,SQL_INSERT_INTO server/src/services/decisionDelegationService.ts:127; SQL_UPDATE server/src/services/decisionDelegationService.ts:184; SQL_UPDATE server/src/services/decisionDelegationService.ts:240; SQL_UPDATE server/src/services/decisionDelegationService.ts:340; SQL_FROM server/src/services/decisionDelegationService.ts:380,,"{""column"":""organization_id"",""kind"":""DIRECT_COLUMN""}"
public,decision_enhancements,EXPORT,COLLABORATION,The live schema proves this tenant-owned relation through an exact organization discriminator or foreign-key path.,SQL_INSERT_INTO server/src/services/decisionCollaborationService.ts:844; SQL_FROM server/src/services/decisionCollaborationService.ts:881,,"{""column"":""organization_id"",""kind"":""DIRECT_COLUMN""}"
public,decision_escalation_chain,EXPORT,PLATFORM_AI,The live schema proves this tenant-owned relation through an exact organization discriminator or foreign-key path.,SQL_INSERT_INTO server/src/services/decisionEscalationChainService.ts:136; SQL_DELETE_FROM server/src/services/decisionEscalationChainService.ts:127; SQL_FROM server/src/services/decisionEscalationChainService.ts:89,,"{""column"":""organization_id"",""kind"":""DIRECT_COLUMN""}"
public,decision_escalation_log,EXPORT,OPERATIONS,The live schema proves this tenant-owned relation through an exact organization discriminator or foreign-key path.,SQL_INSERT_INTO server/src/controllers/DecisionController.ts:2025; SQL_INSERT_INTO server/src/jobs/decisionEscalationJob.ts:212; SQL_INSERT_INTO server/src/services/decisionEscalationChainService.ts:357; SQL_FROM server/src/controllers/DecisionController.ts:782; SQL_FROM server/src/controllers/DecisionController.ts:2006,,"{""column"":""organization_id"",""kind"":""DIRECT_COLUMN""}"
public,decision_escalation_templates,EXPORT,PLATFORM_AI,The live schema proves this tenant-owned relation through an exact organization discriminator or foreign-key path.,SQL_INSERT_INTO server/src/services/decisionEscalationChainService.ts:631; SQL_UPDATE server/src/services/decisionEscalationChainService.ts:625; SQL_FROM server/src/services/decisionEscalationChainService.ts:170; SQL_FROM server/src/services/decisionEscalationChainService.ts:656,,"{""column"":""organization_id"",""kind"":""DIRECT_COLUMN""}"
public,decision_history,EXPORT,ASSESSMENT,The live schema proves this tenant-owned relation through an exact organization discriminator or foreign-key path.,SQL_INSERT_INTO server/src/controllers/AssessmentController.ts:430; SQL_INSERT_INTO server/src/controllers/DecisionController.ts:1470; SQL_INSERT_INTO server/src/controllers/DecisionController.ts:1911; SQL_INSERT_INTO server/src/controllers/DecisionController.ts:2049; SQL_INSERT_INTO server/src/controllers/DecisionController.ts:2225,,"{""kind"":""FOREIGN_KEY_PATH"",""path"":[{""column"":""decision_id"",""parentColumn"":""id"",""parentSchema"":""public"",""parentTable"":""decisions""}]}"
public,decision_impacts,EXPORT,OPERATIONS,The live schema proves this tenant-owned relation through an exact organization discriminator or foreign-key path.,SQL_INSERT_INTO server/src/controllers/DecisionController.ts:1483; SQL_FROM server/src/controllers/DecisionController.ts:770; SQL_FROM server/src/controllers/DecisionController.ts:1091; SQL_FROM server/src/controllers/DecisionController.ts:1751; SQL_FROM server/src/controllers/DecisionController.ts:2839,,"{""kind"":""FOREIGN_KEY_PATH"",""path"":[{""column"":""decision_id"",""parentColumn"":""id"",""parentSchema"":""public"",""parentTable"":""decisions""}]}"
public,decision_playbooks,EXPORT,OPERATIONS,The live schema proves this tenant-owned relation through an exact organization discriminator or foreign-key path.,SQL_INSERT_INTO server/src/controllers/DecisionPlaybookController.ts:90; SQL_UPDATE server/src/controllers/DecisionPlaybookController.ts:83; SQL_UPDATE server/src/controllers/DecisionPlaybookController.ts:161; SQL_UPDATE server/src/controllers/DecisionPlaybookController.ts:168; SQL_DELETE_FROM server/src/controllers/DecisionPlaybookController.ts:221,,"{""column"":""organization_id"",""kind"":""DIRECT_COLUMN""}"
public,decision_risks,EXPORT,COLLABORATION,The live schema proves this tenant-owned relation through an exact organization discriminator or foreign-key path.,SQL_INSERT_INTO server/src/services/decisionCollaborationService.ts:592; SQL_UPDATE server/src/services/decisionCollaborationService.ts:680; SQL_DELETE_FROM server/src/services/decisionCollaborationService.ts:767; SQL_FROM server/src/services/decisionCollaborationService.ts:564; SQL_FROM server/src/services/decisionCollaborationService.ts:614,,"{""column"":""organization_id"",""kind"":""DIRECT_COLUMN""}"
public,decision_stakeholders,EXPORT,COLLABORATION,The live schema proves this tenant-owned relation through an exact organization discriminator or foreign-key path.,SQL_INSERT_INTO server/src/services/decisionCollaborationService.ts:749; SQL_INSERT_INTO server/src/services/decisionDelegationService.ts:502; SQL_INSERT_INTO server/src/services/decisionService.ts:283; SQL_INSERT_INTO server/src/services/decisionService.ts:337; SQL_UPDATE server/src/services/decisionDelegationService.ts:495,,"{""column"":""organization_id"",""kind"":""DIRECT_COLUMN""}"
public,decision_votes,EXCLUDE_SECURITY,ACTIVE_SEMANTIC_POLICY_MISSING,"The relation has a structural tenant path but no active semantic writer or reviewed privacy contract, so export fails closed.",organization-export-semantic-source-index.e1.json::public.decision_votes ACTIVE_SEMANTIC_SOURCE_MISSING,ACTIVE_SEMANTIC_POLICY_MISSING,{}
public,decisions,EXPORT,DECISIONS,Decision content and provenance are tenant-owned and use the existing decision privacy projector and owner discriminator.,server/src/services/organizationExportDecisionContract.ts,,"{""column"":""organization_id"",""kind"":""DIRECT_COLUMN""}"
public,deck_collab_sessions,EXPORT,PRESENTATIONS,The live schema proves this tenant-owned relation through an exact organization discriminator or foreign-key path.,SQL_INSERT_INTO server/src/services/presentationEnterpriseService.ts:347; SQL_UPDATE server/src/services/presentationEnterpriseService.ts:371; SQL_UPDATE server/src/services/presentationEnterpriseService.ts:379; SQL_FROM server/src/services/presentationEnterpriseService.ts:388,,"{""column"":""organization_id"",""kind"":""DIRECT_COLUMN""}"
public,deck_comments,EXPORT,OPERATIONS,The live schema proves this tenant-owned relation through an exact organization discriminator or foreign-key path.,SQL_INSERT_INTO server/src/services/deckCommentsService.ts:205; SQL_FROM server/src/services/deckCommentsService.ts:187,,"{""column"":""organization_id"",""kind"":""DIRECT_COLUMN""}"
public,deck_data_bindings,EXPORT,PRESENTATIONS,The live schema proves this tenant-owned relation through an exact organization discriminator or foreign-key path.,SQL_INSERT_INTO server/src/services/presentationEnterpriseService.ts:37; SQL_UPDATE server/src/services/presentationEnterpriseService.ts:84; SQL_UPDATE server/src/services/presentationEnterpriseService.ts:101; SQL_FROM server/src/services/presentationEnterpriseService.ts:57; SQL_FROM server/src/services/presentationEnterpriseService.ts:77,,"{""column"":""organization_id"",""kind"":""DIRECT_COLUMN""}"
public,deck_export_qa_results,EXPORT,PRESENTATIONS,The live schema proves this tenant-owned relation through an exact organization discriminator or foreign-key path.,SQL_INSERT_INTO server/src/services/presentationEnterpriseService.ts:160; SQL_FROM server/src/services/presentationEnterpriseService.ts:178,,"{""column"":""organization_id"",""kind"":""DIRECT_COLUMN""}"
public,deck_interaction_log,EXPORT,ORGANIZATION_GOVERNANCE,The live schema proves this tenant-owned relation through an exact organization discriminator or foreign-key path.,SQL_INSERT_INTO server/src/services/organizationStyleProfileService.ts:150,,"{""column"":""organization_id"",""kind"":""DIRECT_COLUMN""}"
public,deck_layout_rules,EXPORT,PRESENTATIONS,The live schema proves this tenant-owned relation through an exact organization discriminator or foreign-key path.,SQL_INSERT_INTO server/src/services/presentationEnterpriseService.ts:120; SQL_FROM server/src/services/presentationEnterpriseService.ts:136,,"{""column"":""organization_id"",""kind"":""DIRECT_COLUMN""}"
public,deck_media_library,EXPORT,PRESENTATIONS,The live schema proves this tenant-owned relation through an exact organization discriminator or foreign-key path.,SQL_INSERT_INTO server/src/services/presentationEnterpriseService.ts:422; SQL_UPDATE server/src/services/presentationEnterpriseService.ts:470; SQL_FROM server/src/services/presentationEnterpriseService.ts:450,,"{""column"":""organization_id"",""kind"":""DIRECT_COLUMN""}"
public,deck_media_usage_log,EXPORT,PRESENTATIONS,The live schema proves this tenant-owned relation through an exact organization discriminator or foreign-key path.,SQL_INSERT_INTO server/src/services/presentationEnterpriseService.ts:482,,"{""column"":""organization_id"",""kind"":""DIRECT_COLUMN""}"
public,deck_pptx_imports,EXPORT,PRESENTATIONS,The live schema proves this tenant-owned relation through an exact organization discriminator or foreign-key path.,SQL_INSERT_INTO server/src/services/presentationEnterpriseService.ts:280; SQL_UPDATE server/src/services/presentationEnterpriseService.ts:317; SQL_FROM server/src/services/presentationEnterpriseService.ts:326,,"{""column"":""organization_id"",""kind"":""DIRECT_COLUMN""}"
public,deck_template_governance,EXPORT,PRESENTATIONS,The live schema proves this tenant-owned relation through an exact organization discriminator or foreign-key path.,SQL_INSERT_INTO server/src/services/presentationEnterpriseService.ts:209; SQL_UPDATE server/src/services/presentationEnterpriseService.ts:241; SQL_FROM server/src/services/presentationEnterpriseService.ts:231; SQL_FROM server/src/services/presentationEnterpriseService.ts:250,,"{""column"":""organization_id"",""kind"":""DIRECT_COLUMN""}"
public,deck_template_versions,EXCLUDE_SECURITY,NO_PROVABLE_TENANT_BOUNDARY,"The live schema proves no organization discriminator or foreign-key path, so exporting rows could cross tenant boundaries.",staging-schema-inventory.json::public.deck_template_versions reviewed ownership graph has no tenant path,NO_PROVABLE_TENANT_BOUNDARY,{}
public,delay_alert_log,EXPORT,OPERATIONS,The live schema proves this tenant-owned relation through an exact organization discriminator or foreign-key path.,SQL_INSERT_INTO server/src/services/delayDetectionService.ts:471; SQL_FROM server/src/services/delayDetectionService.ts:462,,"{""column"":""organization_id"",""kind"":""DIRECT_COLUMN""}"
public,delay_signals,EXPORT,OPERATIONS,The live schema proves this tenant-owned relation through an exact organization discriminator or foreign-key path.,SQL_INSERT_INTO server/src/routes/executionControl.routes.ts:459; SQL_INSERT_INTO server/src/routes/v8/execution-control.routes.ts:507; SQL_INSERT_INTO server/src/services/delayDetectionService.ts:431; SQL_UPDATE server/src/routes/executionControl.routes.ts:422; SQL_UPDATE server/src/routes/v8/execution-control.routes.ts:467,,"{""column"":""organization_id"",""kind"":""DIRECT_COLUMN""}"
public,deliverable_bundle_versions,EXCLUDE_SECURITY,ACTIVE_SEMANTIC_POLICY_MISSING,"The relation has a structural tenant path but no active semantic writer or reviewed privacy contract, so export fails closed.",organization-export-semantic-source-index.e1.json::public.deliverable_bundle_versions ACTIVE_SEMANTIC_SOURCE_MISSING,ACTIVE_SEMANTIC_POLICY_MISSING,{}
public,deliverable_bundles,EXPORT,OPERATIONS,The live schema proves this tenant-owned relation through an exact organization discriminator or foreign-key path.,SQL_INSERT_INTO server/src/routes/deliverablesGenerations.routes.ts:360; SQL_FROM server/src/routes/deliverablesGenerations.routes.ts:565; SQL_FROM server/src/routes/deliverablesGenerations.routes.ts:622,,"{""column"":""organization_id"",""kind"":""DIRECT_COLUMN""}"
public,deliverables_generation_events,EXPORT,OPERATIONS,The live schema proves this tenant-owned relation through an exact organization discriminator or foreign-key path.,SQL_INSERT_INTO server/src/services/deliverables/deliverablesTelemetryService.ts:59; SQL_FROM server/src/services/deliverables/deliverablesMetricsService.ts:76,,"{""column"":""organization_id"",""kind"":""DIRECT_COLUMN""}"
public,demo_session_tenants,EXPORT,OPERATIONS,The live schema proves this tenant-owned relation through an exact organization discriminator or foreign-key path.,SQL_INSERT_INTO server/src/services/demo/demoSessionService.ts:494; SQL_DELETE_FROM server/src/services/demo/demoSessionService.ts:286; SQL_DELETE_FROM server/src/services/demo/demoSessionService.ts:642; SQL_DELETE_FROM server/src/services/demo/demoSignupProvisioning.ts:493; SQL_FROM server/src/services/demo/demoSignupProvisioning.ts:504,,"{""kind"":""FOREIGN_KEY_PATH"",""path"":[{""column"":""base_org_id"",""parentColumn"":""id"",""parentSchema"":""public"",""parentTable"":""organizations""}]}"
public,demo_sessions,EXPORT,OPERATIONS,The live schema proves this tenant-owned relation through an exact organization discriminator or foreign-key path.,SQL_INSERT_INTO server/src/services/demo/demoSessionService.ts:475; SQL_INSERT_INTO server/src/services/demo/demoSessionService.ts:578; SQL_UPDATE server/src/services/demo/demoSessionService.ts:282; SQL_UPDATE server/src/services/demo/demoSessionService.ts:638; SQL_DELETE_FROM server/src/services/demo/demoSignupProvisioning.ts:496,,"{""kind"":""FOREIGN_KEY_PATH"",""path"":[{""column"":""base_org_id"",""parentColumn"":""id"",""parentSchema"":""public"",""parentTable"":""organizations""}]}"
public,developer_settings,EXPORT,SETTINGS,The live schema proves this tenant-owned relation through an exact organization discriminator or foreign-key path.,SQL_INSERT_INTO server/src/routes/settings.routes.ts:5876; SQL_INSERT_INTO server/src/routes/settings.routes.ts:6165; SQL_FROM server/src/routes/settings.routes.ts:5821; SQL_FROM server/src/routes/settings.routes.ts:5868; SQL_FROM server/src/routes/settings.routes.ts:6158,,"{""kind"":""FOREIGN_KEY_PATH"",""path"":[{""column"":""user_id"",""parentColumn"":""id"",""parentSchema"":""public"",""parentTable"":""users""}]}"
public,digitization_analyses,EXPORT,OPERATIONS,The live schema proves this tenant-owned relation through an exact organization discriminator or foreign-key path.,SQL_INSERT_INTO server/src/routes/economics.routes.ts:726; SQL_INSERT_INTO server/src/routes/economics.routes.ts:2196; SQL_INSERT_INTO server/src/services/demo/demoSeedService.ts:3700; SQL_INSERT_INTO server/src/services/finance/canonical/digitizationAnalysisDuplicateCommandService.ts:124; SQL_INSERT_INTO server/src/services/finance/canonical/digitizationAnalysisRegistrationService.ts:225,,"{""column"":""organization_id"",""kind"":""DIRECT_COLUMN""}"
public,digitization_axis_scores,EXPORT,FINANCE,The live schema proves this tenant-owned relation through an exact organization discriminator or foreign-key path.,SQL_INSERT_INTO server/src/services/finance/canonical/digitizationAnalysisDuplicateCommandService.ts:144; SQL_FROM server/src/services/aiContextBuilder.ts:1211; SQL_FROM server/src/services/aiContextBuilder.ts:1375; SQL_FROM server/src/services/finance/canonical/digitizationAnalysisDuplicateCommandService.ts:139,,"{""kind"":""FOREIGN_KEY_PATH"",""path"":[{""column"":""analysis_id"",""parentColumn"":""id"",""parentSchema"":""public"",""parentTable"":""digitization_analyses""}]}"
public,discount_codes,EXCLUDE_SECURITY,NO_PROVABLE_TENANT_BOUNDARY,"The live schema proves no organization discriminator or foreign-key path, so exporting rows could cross tenant boundaries.",staging-schema-inventory.json::public.discount_codes reviewed ownership graph has no tenant path,NO_PROVABLE_TENANT_BOUNDARY,{}
public,discovery_sessions,EXPORT,OPERATIONS,The live schema proves this tenant-owned relation through an exact organization discriminator or foreign-key path.,SQL_INSERT_INTO server/src/routes/discovery.routes.ts:198; SQL_UPDATE server/src/routes/discovery.routes.ts:178; SQL_UPDATE server/src/routes/discovery.routes.ts:306; SQL_UPDATE server/src/routes/discovery.routes.ts:353; SQL_DELETE_FROM server/src/routes/discovery.routes.ts:229,,"{""column"":""organization_id"",""kind"":""DIRECT_COLUMN""}"
public,dlp_policies,EXPORT,ADMIN_SECURITY,The live schema proves this tenant-owned relation through an exact organization discriminator or foreign-key path.,SQL_INSERT_INTO server/src/routes/superadmin.routes.ts:3211; SQL_UPDATE server/src/routes/superadmin.routes.ts:3236; SQL_DELETE_FROM server/src/routes/superadmin.routes.ts:3245; SQL_FROM server/src/routes/superadmin.routes.ts:3122; SQL_FROM server/src/routes/superadmin.routes.ts:3165,,"{""column"":""organization_id"",""kind"":""DIRECT_COLUMN""}"
public,dlp_violations,EXPORT,ADMIN_SECURITY,The live schema proves this tenant-owned relation through an exact organization discriminator or foreign-key path.,SQL_UPDATE server/src/routes/superadmin.routes.ts:3257; SQL_FROM server/src/routes/superadmin.routes.ts:3133; SQL_FROM server/src/routes/superadmin.routes.ts:3183,,"{""column"":""organization_id"",""kind"":""DIRECT_COLUMN""}"
public,document_approval_audit,EXPORT,OPERATIONS,The live schema proves this tenant-owned relation through an exact organization discriminator or foreign-key path.,SQL_INSERT_INTO server/src/services/documentStudio/documentApprovalRegistryDao.ts:228; SQL_DELETE_FROM server/src/services/documentStudio/documentApprovalRegistryDao.ts:265; SQL_FROM server/src/services/documentStudio/documentApprovalRegistryDao.ts:199,,"{""column"":""organization_id"",""kind"":""DIRECT_COLUMN""}"
public,document_approvals,EXPORT,OPERATIONS,The live schema proves this tenant-owned relation through an exact organization discriminator or foreign-key path.,SQL_INSERT_INTO server/src/services/documentStudio/documentApprovalRegistryDao.ts:154; SQL_DELETE_FROM server/src/services/documentStudio/documentApprovalRegistryDao.ts:266; SQL_FROM server/src/services/documentStudio/documentApprovalRegistryDao.ts:73; SQL_FROM server/src/services/documentStudio/documentApprovalRegistryDao.ts:100; SQL_FROM server/src/services/documentStudio/documentApprovalRegistryDao.ts:127,,"{""column"":""organization_id"",""kind"":""DIRECT_COLUMN""}"
public,document_audience_audit,EXPORT,OPERATIONS,The live schema proves this tenant-owned relation through an exact organization discriminator or foreign-key path.,SQL_INSERT_INTO server/src/services/documentStudio/documentAudienceProfileRegistryDao.ts:197; SQL_DELETE_FROM server/src/services/documentStudio/documentAudienceProfileRegistryDao.ts:232; SQL_FROM server/src/services/documentStudio/documentAudienceProfileRegistryDao.ts:168,,"{""column"":""organization_id"",""kind"":""DIRECT_COLUMN""}"
public,document_audience_profiles,EXPORT,OPERATIONS,The live schema proves this tenant-owned relation through an exact organization discriminator or foreign-key path.,SQL_INSERT_INTO server/src/services/documentStudio/documentAudienceProfileRegistryDao.ts:128; SQL_DELETE_FROM server/src/services/documentStudio/documentAudienceProfileRegistryDao.ts:233; SQL_FROM server/src/services/documentStudio/documentAudienceProfileRegistryDao.ts:76; SQL_FROM server/src/services/documentStudio/documentAudienceProfileRegistryDao.ts:103,,"{""column"":""organization_id"",""kind"":""DIRECT_COLUMN""}"
public,document_brand_voice_audit,EXPORT,OPERATIONS,The live schema proves this tenant-owned relation through an exact organization discriminator or foreign-key path.,SQL_INSERT_INTO server/src/services/documentStudio/documentBrandVoiceRegistryDao.ts:204; SQL_DELETE_FROM server/src/services/documentStudio/documentBrandVoiceRegistryDao.ts:239; SQL_FROM server/src/services/documentStudio/documentBrandVoiceRegistryDao.ts:175,,"{""column"":""organization_id"",""kind"":""DIRECT_COLUMN""}"
public,document_brand_voice_profiles,EXPORT,OPERATIONS,The live schema proves this tenant-owned relation through an exact organization discriminator or foreign-key path.,SQL_INSERT_INTO server/src/services/documentStudio/documentBrandVoiceRegistryDao.ts:135; SQL_DELETE_FROM server/src/services/documentStudio/documentBrandVoiceRegistryDao.ts:240; SQL_FROM server/src/services/documentStudio/documentBrandVoiceRegistryDao.ts:81; SQL_FROM server/src/services/documentStudio/documentBrandVoiceRegistryDao.ts:108,,"{""column"":""organization_id"",""kind"":""DIRECT_COLUMN""}"
public,document_comments,EXPORT,OPERATIONS,The live schema proves this tenant-owned relation through an exact organization discriminator or foreign-key path.,SQL_INSERT_INTO server/src/services/documentStudio/documentCommentsRegistryDao.ts:114; SQL_FROM server/src/services/documentStudio/documentCommentsRegistryDao.ts:87,,"{""column"":""organization_id"",""kind"":""DIRECT_COLUMN""}"
public,document_content_block_audit,EXPORT,OPERATIONS,The live schema proves this tenant-owned relation through an exact organization discriminator or foreign-key path.,SQL_INSERT_INTO server/src/services/documentStudio/documentContentBlockRegistryDao.ts:188; SQL_DELETE_FROM server/src/services/documentStudio/documentContentBlockRegistryDao.ts:223; SQL_FROM server/src/services/documentStudio/documentContentBlockRegistryDao.ts:159,,"{""column"":""organization_id"",""kind"":""DIRECT_COLUMN""}"
public,document_content_blocks,EXPORT,OPERATIONS,The live schema proves this tenant-owned relation through an exact organization discriminator or foreign-key path.,SQL_INSERT_INTO server/src/services/documentStudio/documentContentBlockRegistryDao.ts:123; SQL_DELETE_FROM server/src/services/documentStudio/documentContentBlockRegistryDao.ts:224; SQL_FROM server/src/services/documentStudio/documentContentBlockRegistryDao.ts:71; SQL_FROM server/src/services/documentStudio/documentContentBlockRegistryDao.ts:94,,"{""column"":""organization_id"",""kind"":""DIRECT_COLUMN""}"
public,document_lifecycle_states,EXPORT,OPERATIONS,The live schema proves this tenant-owned relation through an exact organization discriminator or foreign-key path.,SQL_INSERT_INTO server/src/services/documentStudio/documentLifecycleRegistryDao.ts:132; SQL_DELETE_FROM server/src/services/documentStudio/documentLifecycleRegistryDao.ts:169; SQL_FROM server/src/services/documentStudio/documentLifecycleRegistryDao.ts:73; SQL_FROM server/src/services/documentStudio/documentLifecycleRegistryDao.ts:105,,"{""column"":""organization_id"",""kind"":""DIRECT_COLUMN""}"
public,document_share_link_audit,EXPORT,OPERATIONS,The live schema proves this tenant-owned relation through an exact organization discriminator or foreign-key path.,SQL_INSERT_INTO server/src/services/documentStudio/documentShareLinkRegistryDao.ts:398; SQL_DELETE_FROM server/src/services/documentStudio/documentShareLinkRegistryDao.ts:463; SQL_FROM server/src/services/documentStudio/documentShareLinkRegistryDao.ts:369,,"{""column"":""organization_id"",""kind"":""DIRECT_COLUMN""}"
public,document_share_links,EXCLUDE_SECURITY,SECURITY_CREDENTIALS_AND_SESSIONS,"The reviewed relation contains authentication, credential, session, recovery, signing, or token-vault material and is excluded in full.",staging-schema-inventory.json::public.document_share_links; reviewed exact credential identity list,CREDENTIAL_OR_SESSION_MATERIAL,{}
public,document_source_pack_audit,EXPORT,OPERATIONS,The live schema proves this tenant-owned relation through an exact organization discriminator or foreign-key path.,SQL_INSERT_INTO server/src/services/documentStudio/documentSourcePackRegistryDao.ts:160; SQL_INSERT_INTO server/src/services/documentStudio/documentSourcePackRegistryDao.ts:297; SQL_DELETE_FROM server/src/services/documentStudio/documentSourcePackRegistryDao.ts:363; SQL_FROM server/src/services/documentStudio/documentSourcePackRegistryDao.ts:268,,"{""column"":""organization_id"",""kind"":""DIRECT_COLUMN""}"
public,document_source_packs,EXPORT,OPERATIONS,The live schema proves this tenant-owned relation through an exact organization discriminator or foreign-key path.,SQL_INSERT_INTO server/src/services/documentStudio/documentSourcePackRegistryDao.ts:121; SQL_INSERT_INTO server/src/services/documentStudio/documentSourcePackRegistryDao.ts:150; SQL_UPDATE server/src/services/documentStudio/documentSourcePackRegistryDao.ts:343; SQL_DELETE_FROM server/src/services/documentStudio/documentSourcePackRegistryDao.ts:364; SQL_FROM server/src/services/documentStudio/documentSourcePackRegistryDao.ts:69,,"{""column"":""organization_id"",""kind"":""DIRECT_COLUMN""}"
public,document_studio_editor_audit,EXPORT,OPERATIONS,The live schema proves this tenant-owned relation through an exact organization discriminator or foreign-key path.,SQL_INSERT_INTO server/src/services/documentStudio/documentEditorStateRegistryDao.ts:271; SQL_DELETE_FROM server/src/services/documentStudio/documentEditorStateRegistryDao.ts:393; SQL_FROM server/src/services/documentStudio/documentEditorStateRegistryDao.ts:233,,"{""column"":""organization_id"",""kind"":""DIRECT_COLUMN""}"
public,document_studio_editor_proposals,EXPORT,OPERATIONS,The live schema proves this tenant-owned relation through an exact organization discriminator or foreign-key path.,SQL_INSERT_INTO server/src/services/documentStudio/documentEditorStateRegistryDao.ts:169; SQL_DELETE_FROM server/src/services/documentStudio/documentEditorStateRegistryDao.ts:392; SQL_FROM server/src/services/documentStudio/documentEditorStateRegistryDao.ts:136,,"{""column"":""organization_id"",""kind"":""DIRECT_COLUMN""}"
public,document_studio_schema_overlay,EXPORT,OPERATIONS,The live schema proves this tenant-owned relation through an exact organization discriminator or foreign-key path.,SQL_INSERT_INTO server/src/services/documentStudio/documentEditorStateRegistryDao.ts:345; SQL_DELETE_FROM server/src/services/documentStudio/documentEditorStateRegistryDao.ts:394; SQL_DELETE_FROM server/src/services/documentStudio/documentEditorStateRegistryDao.ts:404; SQL_FROM server/src/services/documentStudio/documentEditorStateRegistryDao.ts:316,,"{""column"":""organization_id"",""kind"":""DIRECT_COLUMN""}"
public,document_studio_template_audit,EXPORT,OPERATIONS,The live schema proves this tenant-owned relation through an exact organization discriminator or foreign-key path.,SQL_INSERT_INTO server/src/services/documentStudio/documentTemplateRegistryDao.ts:403; SQL_DELETE_FROM server/src/services/documentStudio/documentTemplateRegistryDao.ts:354; SQL_DELETE_FROM server/src/services/documentStudio/documentTemplateRegistryDao.ts:441; SQL_FROM server/src/services/documentStudio/documentTemplateRegistryDao.ts:381,,"{""column"":""organization_id"",""kind"":""DIRECT_COLUMN""}"
public,document_studio_templates,EXPORT,OPERATIONS,The live schema proves this tenant-owned relation through an exact organization discriminator or foreign-key path.,SQL_INSERT_INTO server/src/services/documentStudio/documentTemplateRegistryDao.ts:242; SQL_DELETE_FROM server/src/services/documentStudio/documentTemplateRegistryDao.ts:359; SQL_DELETE_FROM server/src/services/documentStudio/documentTemplateRegistryDao.ts:442; SQL_FROM server/src/services/deliverableTemplateService.ts:336; SQL_FROM server/src/services/deliverableTemplateService.ts:1353,,"{""column"":""organization_id"",""kind"":""DIRECT_COLUMN""}"
public,document_version_snapshots,EXPORT,OPERATIONS,The live schema proves this tenant-owned relation through an exact organization discriminator or foreign-key path.,SQL_INSERT_INTO server/src/services/documentStudio/documentVersionSnapshotRegistryDao.ts:140; SQL_INSERT_INTO server/src/services/documentStudio/documentVersionSnapshotRegistryDao.ts:308; SQL_DELETE_FROM server/src/services/documentStudio/documentVersionSnapshotRegistryDao.ts:188; SQL_DELETE_FROM server/src/services/documentStudio/documentVersionSnapshotRegistryDao.ts:436; SQL_FROM server/src/services/documentStudio/documentVersionSnapshotRegistryDao.ts:81,,"{""column"":""organization_id"",""kind"":""DIRECT_COLUMN""}"
public,domain_verifications,EXCLUDE_SECURITY,ACTIVE_SEMANTIC_POLICY_MISSING,"The relation has a structural tenant path but no active semantic writer or reviewed privacy contract, so export fails closed.",organization-export-semantic-source-index.e1.json::public.domain_verifications ACTIVE_SEMANTIC_SOURCE_MISSING,ACTIVE_SEMANTIC_POLICY_MISSING,{}
public,dsar_activity_log,EXCLUDE_SECURITY,ACTIVE_SEMANTIC_POLICY_MISSING,"The relation has a structural tenant path but no active semantic writer or reviewed privacy contract, so export fails closed.",organization-export-semantic-source-index.e1.json::public.dsar_activity_log ACTIVE_SEMANTIC_SOURCE_MISSING,ACTIVE_SEMANTIC_POLICY_MISSING,{}
public,dsar_requests,EXCLUDE_SECURITY,NO_PROVABLE_TENANT_BOUNDARY,"The live schema proves no organization discriminator or foreign-key path, so exporting rows could cross tenant boundaries.",staging-schema-inventory.json::public.dsar_requests reviewed ownership graph has no tenant path,NO_PROVABLE_TENANT_BOUNDARY,{}
public,dunning_notifications,EXPORT,OPERATIONS,The live schema proves this tenant-owned relation through an exact organization discriminator or foreign-key path.,SQL_INSERT_INTO server/src/services/dunningService.ts:493,,"{""column"":""organization_id"",""kind"":""DIRECT_COLUMN""}"
public,dunning_states,EXCLUDE_SECURITY,ACTIVE_SEMANTIC_POLICY_MISSING,"The relation has a structural tenant path but no active semantic writer or reviewed privacy contract, so export fails closed.",organization-export-semantic-source-index.e1.json::public.dunning_states ACTIVE_SEMANTIC_SOURCE_MISSING,ACTIVE_SEMANTIC_POLICY_MISSING,{}
public,email_sender_verifications,EXCLUDE_SECURITY,ACTIVE_SEMANTIC_POLICY_MISSING,"The relation has a structural tenant path but no active semantic writer or reviewed privacy contract, so export fails closed.",organization-export-semantic-source-index.e1.json::public.email_sender_verifications ACTIVE_SEMANTIC_SOURCE_MISSING,ACTIVE_SEMANTIC_POLICY_MISSING,{}
public,email_sends,EXPORT,PLATFORM_AI,The live schema proves this tenant-owned relation through an exact organization discriminator or foreign-key path.,SQL_INSERT_INTO server/src/routes/content/email-templates.routes.ts:728; SQL_FROM server/src/services/content/ContentAnalyticsService.ts:264,,"{""column"":""organization_id"",""kind"":""DIRECT_COLUMN""}"
public,email_signatures,EXPORT,SETTINGS,The live schema proves this tenant-owned relation through an exact organization discriminator or foreign-key path.,SQL_INSERT_INTO server/src/routes/settings.routes.ts:3971; SQL_UPDATE server/src/routes/settings.routes.ts:3964; SQL_UPDATE server/src/routes/settings.routes.ts:4032; SQL_UPDATE server/src/routes/settings.routes.ts:4086; SQL_UPDATE server/src/routes/settings.routes.ts:4093,,"{""kind"":""FOREIGN_KEY_PATH"",""path"":[{""column"":""user_id"",""parentColumn"":""id"",""parentSchema"":""public"",""parentTable"":""users""}]}"
public,email_template_versions,EXCLUDE_SECURITY,NO_PROVABLE_TENANT_BOUNDARY,"The live schema proves no organization discriminator or foreign-key path, so exporting rows could cross tenant boundaries.",staging-schema-inventory.json::public.email_template_versions reviewed ownership graph has no tenant path,NO_PROVABLE_TENANT_BOUNDARY,{}
public,email_templates,EXPORT,PLATFORM_AI,The live schema proves this tenant-owned relation through an exact organization discriminator or foreign-key path.,SQL_INSERT_INTO server/src/routes/content/email-templates.routes.ts:260; SQL_INSERT_INTO server/src/routes/content/email-templates.routes.ts:583; SQL_UPDATE server/src/routes/content/email-templates.routes.ts:360; SQL_UPDATE server/src/routes/content/email-templates.routes.ts:491; SQL_UPDATE server/src/routes/content/email-templates.routes.ts:537,,"{""column"":""organization_id"",""kind"":""DIRECT_COLUMN""}"
public,email_verification_tokens,EXCLUDE_SECURITY,SECURITY_CREDENTIALS_AND_SESSIONS,"The reviewed relation contains authentication, credential, session, recovery, signing, or token-vault material and is excluded in full.",staging-schema-inventory.json::public.email_verification_tokens; reviewed exact credential identity list,CREDENTIAL_OR_SESSION_MATERIAL,{}
public,enterprise_contracts,EXPORT,OPERATIONS,The live schema proves this tenant-owned relation through an exact organization discriminator or foreign-key path.,SQL_INSERT_INTO server/src/services/enterpriseService.ts:171; SQL_UPDATE server/src/services/enterpriseService.ts:146; SQL_FROM server/src/services/enterpriseService.ts:108,,"{""column"":""organization_id"",""kind"":""DIRECT_COLUMN""}"
public,enterprise_feature_flags,EXCLUDE_SECURITY,ACTIVE_SEMANTIC_POLICY_MISSING,"The relation has a structural tenant path but no active semantic writer or reviewed privacy contract, so export fails closed.",organization-export-semantic-source-index.e1.json::public.enterprise_feature_flags ACTIVE_SEMANTIC_SOURCE_MISSING,ACTIVE_SEMANTIC_POLICY_MISSING,{}
public,error_logs,EXCLUDE_SECURITY,NO_PROVABLE_TENANT_BOUNDARY,"The live schema proves no organization discriminator or foreign-key path, so exporting rows could cross tenant boundaries.",staging-schema-inventory.json::public.error_logs reviewed ownership graph has no tenant path,NO_PROVABLE_TENANT_BOUNDARY,{}
public,escalation_rules,EXPORT,OPERATIONS,The live schema proves this tenant-owned relation through an exact organization discriminator or foreign-key path.,SQL_INSERT_INTO server/src/services/escalationService.ts:515; SQL_FROM server/src/services/escalationService.ts:123,,"{""column"":""organization_id"",""kind"":""DIRECT_COLUMN""}"
public,execution_action_audit,EXPORT,OPERATIONS,The live schema proves this tenant-owned relation through an exact organization discriminator or foreign-key path.,SQL_INSERT_INTO server/src/services/executionActionRegistryService.ts:127,,"{""column"":""organization_id"",""kind"":""DIRECT_COLUMN""}"
public,execution_action_registry,EXCLUDE_SECURITY,NO_PROVABLE_TENANT_BOUNDARY,"The live schema proves no organization discriminator or foreign-key path, so exporting rows could cross tenant boundaries.",staging-schema-inventory.json::public.execution_action_registry reviewed ownership graph has no tenant path,NO_PROVABLE_TENANT_BOUNDARY,{}
public,execution_audit_log,EXPORT,OPERATIONS,The live schema proves this tenant-owned relation through an exact organization discriminator or foreign-key path.,SQL_INSERT_INTO server/src/routes/executionControl.routes.ts:270; SQL_INSERT_INTO server/src/routes/executionControl.routes.ts:767; SQL_INSERT_INTO server/src/routes/executionControl.routes.ts:883; SQL_INSERT_INTO server/src/routes/executionControl.routes.ts:1012; SQL_INSERT_INTO server/src/routes/v8/execution-control.routes.ts:979,,"{""column"":""organization_id"",""kind"":""DIRECT_COLUMN""}"
public,execution_budget_delete_receipts,EXPORT,OPERATIONS,The live schema proves this tenant-owned relation through an exact organization discriminator or foreign-key path.,SQL_INSERT_INTO server/src/services/executionBudgetDeleteCommandService.ts:118; SQL_FROM server/src/services/executionBudgetDeleteCommandService.ts:166; SQL_FROM server/src/services/executionBudgetDeleteCommandService.ts:267,,"{""column"":""organization_id"",""kind"":""DIRECT_COLUMN""}"
public,execution_case_links,EXPORT,OPERATIONS,The live schema proves this tenant-owned relation through an exact organization discriminator or foreign-key path.,SQL_INSERT_INTO server/src/services/executionBvpService.ts:272; SQL_INSERT_INTO server/src/services/executionBvpService.ts:424; SQL_UPDATE server/src/services/executionBvpService.ts:255; SQL_UPDATE server/src/services/executionBvpService.ts:444; SQL_UPDATE server/src/services/executionBvpService.ts:576,,"{""column"":""organization_id"",""kind"":""DIRECT_COLUMN""}"
public,execution_control_kpi_policies,EXPORT,INITIATIVES,The live schema proves this tenant-owned relation through an exact organization discriminator or foreign-key path.,SQL_INSERT_INTO server/src/domain/initiatives-execution/postgresMaterialCommandUnitOfWork.ts:1209; SQL_UPDATE server/src/domain/initiatives-execution/postgresMaterialCommandUnitOfWork.ts:1224; SQL_FROM server/src/services/executionControl/controlKpiReadModel.ts:53; SQL_FROM server/src/services/initiativeGovernanceService.ts:170,,"{""column"":""organization_id"",""kind"":""DIRECT_COLUMN""}"
public,execution_delivery_evidence,EXPORT,OPERATIONS,The live schema proves this tenant-owned relation through an exact organization discriminator or foreign-key path.,SQL_INSERT_INTO server/src/services/executionBvpService.ts:495; SQL_UPDATE server/src/services/executionBvpService.ts:525; SQL_FROM server/src/services/executionBvpService.ts:328; SQL_FROM server/src/services/executionBvpService.ts:569,,"{""column"":""organization_id"",""kind"":""DIRECT_COLUMN""}"
public,execution_identity_aliases,EXPORT,OPERATIONS,The live schema proves this tenant-owned relation through an exact organization discriminator or foreign-key path.,SQL_INSERT_INTO server/src/services/executionBvpService.ts:218; SQL_FROM server/src/services/execution/executionSpineBackfillService.ts:114; SQL_FROM server/src/services/executionBvpService.ts:382,,"{""column"":""organization_id"",""kind"":""DIRECT_COLUMN""}"
public,execution_link_reopen_receipts,EXPORT,OPERATIONS,The live schema proves this tenant-owned relation through an exact organization discriminator or foreign-key path.,SQL_INSERT_INTO server/src/services/executionBvpService.ts:262; SQL_FROM server/src/services/executionBvpService.ts:158,,"{""column"":""organization_id"",""kind"":""DIRECT_COLUMN""}"
public,execution_report_snapshots,EXPORT,REPORTING,The live schema proves this tenant-owned relation through an exact organization discriminator or foreign-key path.,SQL_INSERT_INTO server/src/routes/executionReports.routes.ts:395; SQL_UPDATE server/src/routes/executionReports.routes.ts:436; SQL_FROM server/src/routes/executionReports.routes.ts:313; SQL_FROM server/src/routes/executionReports.routes.ts:348,,"{""column"":""organization_id"",""kind"":""DIRECT_COLUMN""}"
public,execution_results_signal_outbox,EXPORT,OPERATIONS,The live schema proves this tenant-owned relation through an exact organization discriminator or foreign-key path.,SQL_INSERT_INTO server/src/services/executionBvpService.ts:586; SQL_UPDATE server/src/services/resultsVnext/platform/executionSignalIngress.ts:50; SQL_UPDATE server/src/services/resultsVnext/platform/executionSignalIngress.ts:67; SQL_UPDATE server/src/services/resultsVnext/platform/executionSignalIngress.ts:110; SQL_UPDATE server/src/services/resultsVnext/platform/executionSignalIngress.ts:120,,"{""column"":""organization_id"",""kind"":""DIRECT_COLUMN""}"
public,execution_spine_backfill_receipts,EXPORT,OPERATIONS,The live schema proves this tenant-owned relation through an exact organization discriminator or foreign-key path.,SQL_INSERT_INTO server/src/services/execution/executionSpineBackfillService.ts:203,,"{""column"":""organization_id"",""kind"":""DIRECT_COLUMN""}"
public,execution_spine_backfill_runs,EXPORT,OPERATIONS,The live schema proves this tenant-owned relation through an exact organization discriminator or foreign-key path.,SQL_INSERT_INTO server/src/services/execution/executionSpineBackfillService.ts:186; SQL_FROM server/src/services/execution/executionSpineBackfillService.ts:178,,"{""column"":""organization_id"",""kind"":""DIRECT_COLUMN""}"
public,execution_spine_identity_quarantine,EXPORT,OPERATIONS,The live schema proves this tenant-owned relation through an exact organization discriminator or foreign-key path.,SQL_INSERT_INTO server/src/services/execution/executionSpineBackfillService.ts:219,,"{""column"":""organization_id"",""kind"":""DIRECT_COLUMN""}"
public,executive_aggregate_cache,EXPORT,OPERATIONS,The live schema proves this tenant-owned relation through an exact organization discriminator or foreign-key path.,SQL_INSERT_INTO server/src/services/executiveAggregateService.ts:379; SQL_FROM server/src/services/executiveAggregateService.ts:350,,"{""column"":""organization_id"",""kind"":""DIRECT_COLUMN""}"
public,executive_insights_cache,EXPORT,OPERATIONS,The live schema proves this tenant-owned relation through an exact organization discriminator or foreign-key path.,SQL_INSERT_INTO server/src/services/executiveInsightsService.ts:134; SQL_FROM server/src/services/executiveInsightsService.ts:101,,"{""column"":""organization_id"",""kind"":""DIRECT_COLUMN""}"
public,external_digital_assessments,EXPORT,ASSESSMENT,The live schema proves this tenant-owned relation through an exact organization discriminator or foreign-key path.,SQL_INSERT_INTO server/src/services/externalAssessmentService.ts:72; SQL_UPDATE server/src/services/externalAssessmentService.ts:241; SQL_UPDATE server/src/services/externalAssessmentService.ts:256; SQL_FROM server/src/services/externalAssessmentService.ts:278,,"{""column"":""organization_id"",""kind"":""DIRECT_COLUMN""}"
public,facility_users,EXCLUDE_SECURITY,ACTIVE_SEMANTIC_POLICY_MISSING,"The relation has a structural tenant path but no active semantic writer or reviewed privacy contract, so export fails closed.",organization-export-semantic-source-index.e1.json::public.facility_users ACTIVE_SEMANTIC_SOURCE_MISSING,ACTIVE_SEMANTIC_POLICY_MISSING,{}
public,feature_flag_history,EXCLUDE_SECURITY,NO_PROVABLE_TENANT_BOUNDARY,"The live schema proves no organization discriminator or foreign-key path, so exporting rows could cross tenant boundaries.",staging-schema-inventory.json::public.feature_flag_history reviewed ownership graph has no tenant path,NO_PROVABLE_TENANT_BOUNDARY,{}
public,feature_flags,EXPORT,OPERATIONS,The live schema proves this tenant-owned relation through an exact organization discriminator or foreign-key path.,SQL_INSERT_INTO server/src/routes/featureFlags.routes.ts:363; SQL_INSERT_INTO server/src/routes/testSupport.routes.ts:1223; SQL_UPDATE server/src/routes/featureFlags.routes.ts:448; SQL_UPDATE server/src/routes/featureFlags.routes.ts:518; SQL_DELETE_FROM server/src/routes/featureFlags.routes.ts:575,,"{""column"":""organization_id"",""kind"":""DIRECT_COLUMN""}"
public,feature_requests,EXPORT,OPERATIONS,The live schema proves this tenant-owned relation through an exact organization discriminator or foreign-key path.,SQL_INSERT_INTO server/src/routes/feedback.routes.ts:2855; SQL_INSERT_INTO server/src/routes/feedback.routes.ts:3428; SQL_UPDATE server/src/routes/feedback.routes.ts:3016; SQL_FROM server/src/routes/feedback.routes.ts:2945; SQL_FROM server/src/services/feedbackAIService.ts:664,,"{""column"":""organization_id"",""kind"":""DIRECT_COLUMN""}"
public,feature_roadmap,EXCLUDE_SECURITY,NO_PROVABLE_TENANT_BOUNDARY,"The live schema proves no organization discriminator or foreign-key path, so exporting rows could cross tenant boundaries.",staging-schema-inventory.json::public.feature_roadmap reviewed ownership graph has no tenant path,NO_PROVABLE_TENANT_BOUNDARY,{}
public,feature_update_events,EXPORT,OPERATIONS,The live schema proves this tenant-owned relation through an exact organization discriminator or foreign-key path.,SQL_INSERT_INTO server/src/routes/featureUpdates.routes.ts:325; SQL_FROM server/src/routes/featureUpdates.routes.ts:534; SQL_FROM server/src/routes/featureUpdates.routes.ts:535,,"{""column"":""organization_id"",""kind"":""DIRECT_COLUMN""}"
public,feature_update_reads,EXPORT,OPERATIONS,The live schema proves this tenant-owned relation through an exact organization discriminator or foreign-key path.,SQL_INSERT_INTO server/src/routes/featureUpdates.routes.ts:420; SQL_UPDATE server/src/routes/featureUpdates.routes.ts:426; SQL_FROM server/src/routes/featureUpdates.routes.ts:377; SQL_FROM server/src/routes/featureUpdates.routes.ts:536,,"{""kind"":""FOREIGN_KEY_PATH"",""path"":[{""column"":""update_id"",""parentColumn"":""id"",""parentSchema"":""public"",""parentTable"":""feature_updates""}]}"
public,feature_updates,EXPORT,OPERATIONS,The live schema proves this tenant-owned relation through an exact organization discriminator or foreign-key path.,SQL_INSERT_INTO server/src/routes/featureUpdates.routes.ts:610; SQL_UPDATE server/src/routes/featureUpdates.routes.ts:689; SQL_UPDATE server/src/routes/featureUpdates.routes.ts:737; SQL_UPDATE server/src/routes/featureUpdates.routes.ts:793; SQL_FROM server/src/routes/featureUpdates.routes.ts:364,,"{""column"":""organization_id"",""kind"":""DIRECT_COLUMN""}"
public,feature_votes,EXPORT,OPERATIONS,The live schema proves this tenant-owned relation through an exact organization discriminator or foreign-key path.,SQL_INSERT_INTO server/src/routes/feedback.routes.ts:3010; SQL_FROM server/src/routes/feedback.routes.ts:2991,,"{""kind"":""FOREIGN_KEY_PATH"",""path"":[{""column"":""feature_id"",""parentColumn"":""id"",""parentSchema"":""public"",""parentTable"":""feature_requests""}]}"
public,feedback,EXPORT,OPERATIONS,The live schema proves this tenant-owned relation through an exact organization discriminator or foreign-key path.,SQL_UPDATE server/src/routes/feedback.routes.ts:1747; SQL_UPDATE server/src/routes/feedback.routes.ts:1755; SQL_UPDATE server/src/routes/feedback.routes.ts:2018; SQL_UPDATE server/src/routes/feedback.routes.ts:2026; SQL_FROM server/src/routes/feedback.routes.ts:1177,,"{""kind"":""FOREIGN_KEY_PATH"",""path"":[{""column"":""user_id"",""parentColumn"":""id"",""parentSchema"":""public"",""parentTable"":""users""}]}"
public,feedback_analysis,EXPORT,PLATFORM_AI,The live schema proves this tenant-owned relation through an exact organization discriminator or foreign-key path.,SQL_INSERT_INTO server/src/services/feedbackAIService.ts:436; SQL_FROM server/src/routes/feedback.routes.ts:3081; SQL_FROM server/src/services/feedbackAIService.ts:511,,"{""kind"":""FOREIGN_KEY_PATH"",""path"":[{""column"":""feedback_id"",""parentColumn"":""id"",""parentSchema"":""public"",""parentTable"":""system_feedback""},{""column"":""user_id"",""parentColumn"":""id"",""parentSchema"":""public"",""parentTable"":""users""}]}"
public,feedback_comments,EXPORT,OPERATIONS,The live schema proves this tenant-owned relation through an exact organization discriminator or foreign-key path.,SQL_INSERT_INTO server/src/services/feedbackService.ts:439,,"{""kind"":""FOREIGN_KEY_PATH"",""path"":[{""column"":""feedback_id"",""parentColumn"":""id"",""parentSchema"":""public"",""parentTable"":""feedback_items""}]}"
public,feedback_items,EXPORT,OPERATIONS,The live schema proves this tenant-owned relation through an exact organization discriminator or foreign-key path.,SQL_INSERT_INTO server/src/routes/feedback.routes.ts:1430; SQL_INSERT_INTO server/src/services/feedbackService.ts:358; SQL_UPDATE server/src/routes/feedback.routes.ts:399; SQL_UPDATE server/src/routes/feedback.routes.ts:424; SQL_UPDATE server/src/routes/feedback.routes.ts:1452,,"{""column"":""organization_id"",""kind"":""DIRECT_COLUMN""}"
public,feedback_items_status_history,EXCLUDE_SECURITY,NO_PROVABLE_TENANT_BOUNDARY,"The live schema proves no organization discriminator or foreign-key path, so exporting rows could cross tenant boundaries.",staging-schema-inventory.json::public.feedback_items_status_history reviewed ownership graph has no tenant path,NO_PROVABLE_TENANT_BOUNDARY,{}
public,feedback_pulse,EXPORT,OPERATIONS,The live schema proves this tenant-owned relation through an exact organization discriminator or foreign-key path.,SQL_INSERT_INTO server/src/routes/feedback.routes.ts:2762; SQL_INSERT_INTO server/src/routes/feedback.routes.ts:3406; SQL_FROM server/src/services/feedbackAIService.ts:612,,"{""column"":""organization_id"",""kind"":""DIRECT_COLUMN""}"
public,feedback_status_history,EXCLUDE_SECURITY,ACTIVE_SEMANTIC_POLICY_MISSING,"The relation has a structural tenant path but no active semantic writer or reviewed privacy contract, so export fails closed.",organization-export-semantic-source-index.e1.json::public.feedback_status_history ACTIVE_SEMANTIC_SOURCE_MISSING,ACTIVE_SEMANTIC_POLICY_MISSING,{}
public,feedback_votes,EXPORT,OPERATIONS,The live schema proves this tenant-owned relation through an exact organization discriminator or foreign-key path.,SQL_INSERT_INTO server/src/services/feedbackService.ts:403,,"{""kind"":""FOREIGN_KEY_PATH"",""path"":[{""column"":""feedback_id"",""parentColumn"":""id"",""parentSchema"":""public"",""parentTable"":""feedback_items""}]}"
public,finance_analysis_benchmarks,EXCLUDE_SECURITY,ACTIVE_SEMANTIC_POLICY_MISSING,"The relation has a structural tenant path but no active semantic writer or reviewed privacy contract, so export fails closed.",organization-export-semantic-source-index.e1.json::public.finance_analysis_benchmarks ACTIVE_SEMANTIC_SOURCE_MISSING,ACTIVE_SEMANTIC_POLICY_MISSING,{}
public,finance_analysis_definitions,EXPORT,FINANCE,The live schema proves this tenant-owned relation through an exact organization discriminator or foreign-key path.,SQL_INSERT_INTO server/src/services/finance/canonical/analysisDefinitionService.ts:275; SQL_FROM server/src/services/finance/canonical/analysisDefinitionService.ts:296,,"{""column"":""organization_id"",""kind"":""DIRECT_COLUMN""}"
public,finance_analysis_kpi_catalog,EXPORT,FINANCE,The live schema proves this tenant-owned relation through an exact organization discriminator or foreign-key path.,SQL_FROM server/src/services/finance/canonical/analysisDefinitionService.ts:171; SQL_FROM server/src/services/finance/canonical/financeExportService.ts:189; SQL_FROM server/src/services/finance/canonical/kpiComputeService.ts:264; SQL_FROM server/src/services/finance/canonical/kpiComputeService.ts:314; SQL_FROM server/src/services/finance/canonical/savedViewService.ts:311,,"{""column"":""organization_id"",""kind"":""DIRECT_COLUMN""}"
public,finance_analysis_kpi_values,EXPORT,FINANCE,The live schema proves this tenant-owned relation through an exact organization discriminator or foreign-key path.,SQL_INSERT_INTO server/src/services/finance/canonical/analysisDefinitionService.ts:322; SQL_UPDATE server/src/services/finance/canonical/kpiComputeService.ts:866; SQL_FROM server/src/services/finance/canonical/analysisDefinitionService.ts:331; SQL_FROM server/src/services/finance/canonical/financeCompareService.ts:432; SQL_FROM server/src/services/finance/canonical/kpiComputeService.ts:370,,"{""column"":""organization_id"",""kind"":""DIRECT_COLUMN""}"
public,finance_analysis_variance,EXPORT,FINANCE,The live schema proves this tenant-owned relation through an exact organization discriminator or foreign-key path.,SQL_FROM server/src/services/finance/canonical/exceptionInboxService.ts:561,,"{""column"":""organization_id"",""kind"":""DIRECT_COLUMN""}"
public,finance_artifact_aliases,EXPORT,FINANCE,The live schema proves this tenant-owned relation through an exact organization discriminator or foreign-key path.,SQL_INSERT_INTO server/src/services/finance/canonical/legacyIdentityMaterializationService.ts:436; SQL_INSERT_INTO server/src/services/finance/canonical/statementPackRegistrationService.ts:289; SQL_INSERT_INTO server/src/services/finance/canonical/valuationRegistrationService.ts:144; SQL_DELETE_FROM server/src/routes/testSupport.routes.ts:555; SQL_FROM server/src/services/finance/canonical/legacyIdBridgeService.ts:167,,"{""column"":""organization_id"",""kind"":""DIRECT_COLUMN""}"
public,finance_artifacts,EXPORT,FINANCE,The live schema proves this tenant-owned relation through an exact organization discriminator or foreign-key path.,SQL_INSERT_INTO server/src/services/finance/canonical/artifactVersionService.ts:283; SQL_UPDATE server/src/routes/testSupport.routes.ts:562; SQL_UPDATE server/src/services/finance/canonical/artifactVersionService.ts:223; SQL_UPDATE server/src/services/finance/canonical/artifactVersionService.ts:363; SQL_UPDATE server/src/services/finance/canonical/artifactVersionService.ts:1464,,"{""column"":""organization_id"",""kind"":""DIRECT_COLUMN""}"
public,finance_baseline_assumptions,EXPORT,OPERATIONS,The live schema proves this tenant-owned relation through an exact organization discriminator or foreign-key path.,SQL_INSERT_INTO server/src/scripts/baselineContextOpeningPeriodRealDbProof.ts:228; SQL_INSERT_INTO server/src/services/finance/canonical/baselineComputeService.ts:844; SQL_DELETE_FROM server/src/scripts/baselineContextOpeningPeriodRealDbProof.ts:374; SQL_DELETE_FROM server/src/services/finance/canonical/baselineComputeService.ts:921; SQL_FROM server/src/scripts/baselineContextOpeningPeriodRealDbProof.ts:287,,"{""column"":""organization_id"",""kind"":""DIRECT_COLUMN""}"
public,finance_baseline_backtest_line_results,EXCLUDE_SECURITY,ACTIVE_SEMANTIC_POLICY_MISSING,"The relation has a structural tenant path but no active semantic writer or reviewed privacy contract, so export fails closed.",organization-export-semantic-source-index.e1.json::public.finance_baseline_backtest_line_results ACTIVE_SEMANTIC_SOURCE_MISSING,ACTIVE_SEMANTIC_POLICY_MISSING,{}
public,finance_baseline_backtest_runs,EXCLUDE_SECURITY,ACTIVE_SEMANTIC_POLICY_MISSING,"The relation has a structural tenant path but no active semantic writer or reviewed privacy contract, so export fails closed.",organization-export-semantic-source-index.e1.json::public.finance_baseline_backtest_runs ACTIVE_SEMANTIC_SOURCE_MISSING,ACTIVE_SEMANTIC_POLICY_MISSING,{}
public,finance_baseline_context_command_receipts,EXPORT,FINANCE,The live schema proves this tenant-owned relation through an exact organization discriminator or foreign-key path.,SQL_INSERT_INTO server/src/services/finance/canonical/baselineContextService.ts:595; SQL_FROM server/src/services/finance/canonical/baselineContextService.ts:362,,"{""column"":""organization_id"",""kind"":""DIRECT_COLUMN""}"
public,finance_baseline_models,EXPORT,OPERATIONS,The live schema proves this tenant-owned relation through an exact organization discriminator or foreign-key path.,SQL_INSERT_INTO server/src/scripts/baselineContextOpeningPeriodRealDbProof.ts:195; SQL_FROM server/src/services/finance/canonical/baselineComputeService.ts:217; SQL_JOIN server/src/services/finance/canonical/baselineContextService.ts:385; SQL_JOIN server/src/services/finance/canonical/predictionAuthoringService.ts:119,,"{""column"":""organization_id"",""kind"":""DIRECT_COLUMN""}"
public,finance_baseline_outputs,EXPORT,FINANCE,The live schema proves this tenant-owned relation through an exact organization discriminator or foreign-key path.,SQL_INSERT_INTO server/src/services/finance/canonical/baselineComputeService.ts:648; SQL_FROM server/src/services/finance/canonical/baselineComputeService.ts:470; SQL_FROM server/src/services/finance/canonical/baselineComputeService.ts:984; SQL_FROM server/src/services/finance/canonical/financeCompareService.ts:473; SQL_FROM server/src/services/finance/canonical/predictionAuthoringService.ts:133,,"{""column"":""organization_id"",""kind"":""DIRECT_COLUMN""}"
public,finance_baseline_schedules,EXPORT,FINANCE,The live schema proves this tenant-owned relation through an exact organization discriminator or foreign-key path.,SQL_FROM server/src/services/finance/canonical/baselineComputeService.ts:270,,"{""column"":""organization_id"",""kind"":""DIRECT_COLUMN""}"
public,finance_baseline_solver_diagnostics,EXPORT,FINANCE,The live schema proves this tenant-owned relation through an exact organization discriminator or foreign-key path.,SQL_INSERT_INTO server/src/services/finance/canonical/baselineComputeService.ts:569; SQL_INSERT_INTO server/src/services/finance/canonical/baselineComputeService.ts:593,,"{""column"":""organization_id"",""kind"":""DIRECT_COLUMN""}"
public,finance_baseline_workspace_contexts,EXPORT,FINANCE,The live schema proves this tenant-owned relation through an exact organization discriminator or foreign-key path.,SQL_INSERT_INTO server/src/services/finance/canonical/baselineContextService.ts:567; SQL_FROM server/src/services/finance/canonical/baselineContextService.ts:93; SQL_FROM server/src/services/finance/canonical/baselineContextService.ts:552,,"{""column"":""organization_id"",""kind"":""DIRECT_COLUMN""}"
public,finance_budget_approval_command_receipts,EXPORT,FINANCE,The live schema proves this tenant-owned relation through an exact organization discriminator or foreign-key path.,SQL_INSERT_INTO server/src/services/finance/canonical/budgetApprovalCommandService.ts:278; SQL_FROM server/src/services/finance/canonical/budgetApprovalCommandService.ts:122,,"{""column"":""organization_id"",""kind"":""DIRECT_COLUMN""}"
public,finance_budget_discard_command_receipts,EXPORT,FINANCE,The live schema proves this tenant-owned relation through an exact organization discriminator or foreign-key path.,SQL_INSERT_INTO server/src/services/finance/canonical/budgetDiscardCommandService.ts:142; SQL_FROM server/src/services/finance/canonical/budgetDiscardCommandService.ts:89,,"{""column"":""organization_id"",""kind"":""DIRECT_COLUMN""}"
public,finance_budget_document_import_receipts,EXPORT,FINANCE,The live schema proves this tenant-owned relation through an exact organization discriminator or foreign-key path.,SQL_INSERT_INTO server/src/services/finance/canonical/budgetDocumentImportCommandService.ts:302; SQL_FROM server/src/services/finance/canonical/budgetDocumentImportCommandService.ts:211,,"{""column"":""organization_id"",""kind"":""DIRECT_COLUMN""}"
public,finance_budget_initiative_link_receipts,EXPORT,INITIATIVES,The live schema proves this tenant-owned relation through an exact organization discriminator or foreign-key path.,SQL_INSERT_INTO server/src/services/finance/canonical/budgetInitiativeLinkCommandService.ts:37; SQL_FROM server/src/services/finance/canonical/budgetInitiativeLinkCommandService.ts:23,,"{""column"":""organization_id"",""kind"":""DIRECT_COLUMN""}"
public,finance_budget_initiative_unlink_receipts,EXPORT,INITIATIVES,The live schema proves this tenant-owned relation through an exact organization discriminator or foreign-key path.,SQL_INSERT_INTO server/src/services/finance/canonical/budgetInitiativeUnlinkCommandService.ts:195; SQL_FROM server/src/services/finance/canonical/budgetInitiativeUnlinkCommandService.ts:109,,"{""column"":""organization_id"",""kind"":""DIRECT_COLUMN""}"
public,finance_budget_line_command_receipts,EXPORT,FINANCE,The live schema proves this tenant-owned relation through an exact organization discriminator or foreign-key path.,SQL_INSERT_INTO server/src/services/finance/canonical/budgetLineCommandService.ts:255; SQL_FROM server/src/services/finance/canonical/budgetLineCommandService.ts:168,,"{""column"":""organization_id"",""kind"":""DIRECT_COLUMN""}"
public,finance_budget_projection_command_receipts,EXPORT,PROJECTS_PMO,The live schema proves this tenant-owned relation through an exact organization discriminator or foreign-key path.,SQL_INSERT_INTO server/src/services/finance/canonical/budgetProjectionCommandService.ts:389; SQL_FROM server/src/services/finance/canonical/budgetProjectionCommandService.ts:214,,"{""column"":""organization_id"",""kind"":""DIRECT_COLUMN""}"
public,finance_budget_registration_receipts,EXPORT,FINANCE,The live schema proves this tenant-owned relation through an exact organization discriminator or foreign-key path.,SQL_INSERT_INTO server/src/services/finance/canonical/budgetRegistrationService.ts:214; SQL_FROM server/src/services/finance/canonical/budgetRegistrationService.ts:142,,"{""column"":""organization_id"",""kind"":""DIRECT_COLUMN""}"
public,finance_budget_scenario_adjustment_command_receipts,EXPORT,PROJECTS_PMO,The live schema proves this tenant-owned relation through an exact organization discriminator or foreign-key path.,SQL_INSERT_INTO server/src/services/finance/canonical/budgetProjectionCommandService.ts:563; SQL_FROM server/src/services/finance/canonical/budgetProjectionCommandService.ts:480,,"{""column"":""organization_id"",""kind"":""DIRECT_COLUMN""}"
public,finance_business_versions,EXPORT,FINANCE,The live schema proves this tenant-owned relation through an exact organization discriminator or foreign-key path.,SQL_INSERT_INTO server/src/services/finance/canonical/artifactVersionService.ts:296; SQL_INSERT_INTO server/src/services/finance/canonical/artifactVersionService.ts:1435; SQL_UPDATE server/src/routes/testSupport.routes.ts:566; SQL_UPDATE server/src/scripts/baselineContextOpeningPeriodRealDbProof.ts:203; SQL_UPDATE server/src/services/finance/canonical/artifactVersionService.ts:347,,"{""column"":""organization_id"",""kind"":""DIRECT_COLUMN""}"
public,finance_candidate_handoffs,EXPORT,FINANCE,The live schema proves this tenant-owned relation through an exact organization discriminator or foreign-key path.,SQL_INSERT_INTO server/src/services/finance/financeCandidateHandoffCore.ts:385; SQL_FROM server/src/services/finance/financeCandidateHandoffCore.ts:334; SQL_FROM server/src/services/finance/financeCandidateHandoffCore.ts:409; SQL_FROM server/src/services/finance/financeCandidateHandoffCore.ts:459,,"{""column"":""organization_id"",""kind"":""DIRECT_COLUMN""}"
public,finance_comment_assignments,EXPORT,FINANCE,The live schema proves this tenant-owned relation through an exact organization discriminator or foreign-key path.,SQL_INSERT_INTO server/src/services/finance/canonical/commentService.ts:218; SQL_FROM server/src/services/finance/canonical/commentService.ts:235; SQL_FROM server/src/services/finance/canonical/exceptionInboxService.ts:445; SQL_FROM server/src/services/finance/canonical/exceptionInboxService.ts:502,,"{""column"":""organization_id"",""kind"":""DIRECT_COLUMN""}"
public,finance_comments,EXPORT,FINANCE,The live schema proves this tenant-owned relation through an exact organization discriminator or foreign-key path.,SQL_INSERT_INTO server/src/services/finance/canonical/commentService.ts:114; SQL_UPDATE server/src/services/finance/canonical/commentService.ts:159; SQL_UPDATE server/src/services/finance/canonical/commentService.ts:183; SQL_FROM server/src/services/finance/canonical/artifactVersionService.ts:995; SQL_FROM server/src/services/finance/canonical/commentService.ts:152,,"{""column"":""organization_id"",""kind"":""DIRECT_COLUMN""}"
public,finance_compute_snapshots,EXPORT,FINANCE,The live schema proves this tenant-owned relation through an exact organization discriminator or foreign-key path.,SQL_INSERT_INTO server/src/services/finance/canonical/artifactVersionService.ts:764; SQL_INSERT_INTO server/src/services/finance/canonical/artifactVersionService.ts:1126; SQL_FROM server/src/services/finance/canonical/artifactVersionService.ts:748; SQL_FROM server/src/services/finance/canonical/artifactVersionService.ts:1114,,"{""column"":""organization_id"",""kind"":""DIRECT_COLUMN""}"
public,finance_digitization_analysis_archive_receipts,EXPORT,FINANCE,The live schema proves this tenant-owned relation through an exact organization discriminator or foreign-key path.,SQL_INSERT_INTO server/src/services/finance/canonical/digitizationAnalysisArchiveCommandService.ts:187; SQL_FROM server/src/services/finance/canonical/digitizationAnalysisArchiveCommandService.ts:108,,"{""column"":""organization_id"",""kind"":""DIRECT_COLUMN""}"
public,finance_digitization_analysis_duplicate_command_receipts,EXPORT,FINANCE,The live schema proves this tenant-owned relation through an exact organization discriminator or foreign-key path.,SQL_INSERT_INTO server/src/services/finance/canonical/digitizationAnalysisDuplicateCommandService.ts:232; SQL_FROM server/src/services/finance/canonical/digitizationAnalysisDuplicateCommandService.ts:89,,"{""column"":""organization_id"",""kind"":""DIRECT_COLUMN""}"
public,finance_digitization_analysis_financials_receipts,EXPORT,FINANCE,The live schema proves this tenant-owned relation through an exact organization discriminator or foreign-key path.,SQL_INSERT_INTO server/src/services/finance/canonical/digitizationAnalysisFinancialsCommandService.ts:343; SQL_FROM server/src/services/finance/canonical/digitizationAnalysisFinancialsCommandService.ts:193,,"{""column"":""organization_id"",""kind"":""DIRECT_COLUMN""}"
public,finance_digitization_analysis_initiative_link_receipts,EXPORT,INITIATIVES,The live schema proves this tenant-owned relation through an exact organization discriminator or foreign-key path.,SQL_INSERT_INTO server/src/services/finance/canonical/digitizationAnalysisInitiativeLinkCommandService.ts:191; SQL_FROM server/src/services/finance/canonical/digitizationAnalysisInitiativeLinkCommandService.ts:93,,"{""column"":""organization_id"",""kind"":""DIRECT_COLUMN""}"
public,finance_digitization_analysis_planned_benefit_command_receipts,EXPORT,FINANCE,The live schema proves this tenant-owned relation through an exact organization discriminator or foreign-key path.,SQL_INSERT_INTO server/src/services/finance/canonical/digitizationAnalysisPlannedBenefitCommandService.ts:184; SQL_FROM server/src/services/finance/canonical/digitizationAnalysisPlannedBenefitCommandService.ts:91,,"{""column"":""organization_id"",""kind"":""DIRECT_COLUMN""}"
public,finance_digitization_analysis_registration_receipts,EXPORT,FINANCE,The live schema proves this tenant-owned relation through an exact organization discriminator or foreign-key path.,SQL_INSERT_INTO server/src/services/finance/canonical/digitizationAnalysisRegistrationService.ts:241; SQL_FROM server/src/services/finance/canonical/digitizationAnalysisRegistrationService.ts:141; SQL_FROM server/src/services/finance/canonical/digitizationAnalysisRegistrationService.ts:163,,"{""column"":""organization_id"",""kind"":""DIRECT_COLUMN""}"
public,finance_digitization_analysis_scenario_command_receipts,EXPORT,FINANCE,The live schema proves this tenant-owned relation through an exact organization discriminator or foreign-key path.,SQL_INSERT_INTO server/src/services/finance/canonical/digitizationAnalysisScenarioCommandService.ts:259; SQL_FROM server/src/services/finance/canonical/digitizationAnalysisScenarioCommandService.ts:129,,"{""column"":""organization_id"",""kind"":""DIRECT_COLUMN""}"
public,finance_digitization_analysis_update_receipts,EXPORT,FINANCE,The live schema proves this tenant-owned relation through an exact organization discriminator or foreign-key path.,SQL_INSERT_INTO server/src/services/finance/canonical/digitizationAnalysisUpdateCommandService.ts:265; SQL_FROM server/src/services/finance/canonical/digitizationAnalysisUpdateCommandService.ts:162,,"{""column"":""organization_id"",""kind"":""DIRECT_COLUMN""}"
public,finance_engine_manifests,EXCLUDE_SECURITY,NO_PROVABLE_TENANT_BOUNDARY,"The live schema proves no organization discriminator or foreign-key path, so exporting rows could cross tenant boundaries.",staging-schema-inventory.json::public.finance_engine_manifests reviewed ownership graph has no tenant path,NO_PROVABLE_TENANT_BOUNDARY,{}
public,finance_exceptions,EXPORT,FINANCE,The live schema proves this tenant-owned relation through an exact organization discriminator or foreign-key path.,SQL_INSERT_INTO server/src/services/finance/canonical/exceptionLedgerService.ts:91; SQL_INSERT_INTO server/src/services/finance/canonical/exceptionLedgerService.ts:156; SQL_FROM server/src/services/finance/canonical/statementReconciliationService.ts:802,,"{""column"":""organization_id"",""kind"":""DIRECT_COLUMN""}"
public,finance_export_evidence_items,EXCLUDE_SECURITY,ACTIVE_SEMANTIC_POLICY_MISSING,"The relation has a structural tenant path but no active semantic writer or reviewed privacy contract, so export fails closed.",organization-export-semantic-source-index.e1.json::public.finance_export_evidence_items ACTIVE_SEMANTIC_SOURCE_MISSING,ACTIVE_SEMANTIC_POLICY_MISSING,{}
public,finance_export_manifest_sources,EXCLUDE_SECURITY,ACTIVE_SEMANTIC_POLICY_MISSING,"The relation has a structural tenant path but no active semantic writer or reviewed privacy contract, so export fails closed.",organization-export-semantic-source-index.e1.json::public.finance_export_manifest_sources ACTIVE_SEMANTIC_SOURCE_MISSING,ACTIVE_SEMANTIC_POLICY_MISSING,{}
public,finance_export_manifests,EXCLUDE_SECURITY,ACTIVE_SEMANTIC_POLICY_MISSING,"The relation has a structural tenant path but no active semantic writer or reviewed privacy contract, so export fails closed.",organization-export-semantic-source-index.e1.json::public.finance_export_manifests ACTIVE_SEMANTIC_SOURCE_MISSING,ACTIVE_SEMANTIC_POLICY_MISSING,{}
public,finance_import_receipts,EXPORT,FINANCE,The live schema proves this tenant-owned relation through an exact organization discriminator or foreign-key path.,SQL_INSERT_INTO server/src/services/finance/canonical/financeImportService.ts:1121; SQL_INSERT_INTO server/src/services/finance/canonical/financeImportService.ts:1241; SQL_DELETE_FROM server/src/routes/testSupport.routes.ts:543; SQL_FROM server/src/services/finance/canonical/financeImportService.ts:1037,,"{""column"":""organization_id"",""kind"":""DIRECT_COLUMN""}"
public,finance_legacy_usage_events,EXPORT,FINANCE,The live schema proves this tenant-owned relation through an exact organization discriminator or foreign-key path.,SQL_INSERT_INTO server/src/services/financeLegacyCutover.ts:73,,"{""column"":""organization_id"",""kind"":""DIRECT_COLUMN""}"
public,finance_legal_holds,EXCLUDE_SECURITY,ACTIVE_SEMANTIC_POLICY_MISSING,"The relation has a structural tenant path but no active semantic writer or reviewed privacy contract, so export fails closed.",organization-export-semantic-source-index.e1.json::public.finance_legal_holds ACTIVE_SEMANTIC_SOURCE_MISSING,ACTIVE_SEMANTIC_POLICY_MISSING,{}
public,finance_lineage_edges,EXPORT,OPERATIONS,The live schema proves this tenant-owned relation through an exact organization discriminator or foreign-key path.,SQL_INSERT_INTO server/src/scripts/baselineContextOpeningPeriodRealDbProof.ts:209; SQL_INSERT_INTO server/src/services/finance/canonical/lineageService.ts:214; SQL_FROM server/src/services/finance/canonical/baselineComputeService.ts:158; SQL_FROM server/src/services/finance/canonical/baselineContextService.ts:410; SQL_FROM server/src/services/finance/canonical/baselineContextService.ts:438,,"{""column"":""organization_id"",""kind"":""DIRECT_COLUMN""}"
public,finance_lineage_freshness_events,EXPORT,FINANCE,The live schema proves this tenant-owned relation through an exact organization discriminator or foreign-key path.,SQL_INSERT_INTO server/src/services/finance/canonical/lineageFreshnessService.ts:448; SQL_FROM server/src/services/finance/canonical/lineageFreshnessService.ts:499,,"{""column"":""organization_id"",""kind"":""DIRECT_COLUMN""}"
public,finance_periods,EXCLUDE_SECURITY,ACTIVE_SEMANTIC_POLICY_MISSING,"The relation has a structural tenant path but no active semantic writer or reviewed privacy contract, so export fails closed.",organization-export-semantic-source-index.e1.json::public.finance_periods ACTIVE_SEMANTIC_SOURCE_MISSING,ACTIVE_SEMANTIC_POLICY_MISSING,{}
public,finance_post_investment_reviews,EXPORT,OPERATIONS,The live schema proves this tenant-owned relation through an exact organization discriminator or foreign-key path.,SQL_INSERT_INTO server/src/services/postInvestmentReviewService.ts:371; SQL_UPDATE server/src/services/postInvestmentReviewService.ts:421; SQL_UPDATE server/src/services/postInvestmentReviewService.ts:509; SQL_UPDATE server/src/services/postInvestmentReviewService.ts:549; SQL_FROM server/src/services/postInvestmentReviewService.ts:336,,"{""column"":""organization_id"",""kind"":""DIRECT_COLUMN""}"
public,finance_prediction_authoring_receipts,EXPORT,FINANCE,The live schema proves this tenant-owned relation through an exact organization discriminator or foreign-key path.,SQL_INSERT_INTO server/src/services/finance/canonical/predictionAuthoringService.ts:729; SQL_FROM server/src/services/finance/canonical/predictionAuthoringService.ts:385,,"{""column"":""organization_id"",""kind"":""DIRECT_COLUMN""}"
public,finance_prediction_conflict_resolutions,EXCLUDE_SECURITY,ACTIVE_SEMANTIC_POLICY_MISSING,"The relation has a structural tenant path but no active semantic writer or reviewed privacy contract, so export fails closed.",organization-export-semantic-source-index.e1.json::public.finance_prediction_conflict_resolutions ACTIVE_SEMANTIC_SOURCE_MISSING,ACTIVE_SEMANTIC_POLICY_MISSING,{}
public,finance_prediction_driver_line_map,EXPORT,FINANCE,The live schema proves this tenant-owned relation through an exact organization discriminator or foreign-key path.,SQL_JOIN server/src/services/finance/canonical/predictionAuthoringService.ts:512,,"{""kind"":""FOREIGN_KEY_PATH"",""path"":[{""column"":""canonical_line_id"",""parentColumn"":""id"",""parentSchema"":""public"",""parentTable"":""financial_statement_lines""}]}"
public,finance_prediction_driver_overrides,EXPORT,FINANCE,The live schema proves this tenant-owned relation through an exact organization discriminator or foreign-key path.,SQL_INSERT_INTO server/src/services/finance/canonical/predictionAuthoringService.ts:528; SQL_DELETE_FROM server/src/services/finance/canonical/predictionAuthoringService.ts:482; SQL_FROM server/src/services/finance/canonical/predictionAuthoringService.ts:216; SQL_FROM server/src/services/finance/canonical/predictionComputeService.ts:467; SQL_FROM server/src/services/finance/canonical/predictionPreflightService.ts:228,,"{""column"":""organization_id"",""kind"":""DIRECT_COLUMN""}"
public,finance_prediction_financing,EXPORT,FINANCE,The live schema proves this tenant-owned relation through an exact organization discriminator or foreign-key path.,SQL_INSERT_INTO server/src/services/finance/canonical/predictionAuthoringService.ts:710; SQL_DELETE_FROM server/src/services/finance/canonical/predictionAuthoringService.ts:486; SQL_FROM server/src/services/finance/canonical/predictionAuthoringService.ts:234; SQL_FROM server/src/services/finance/canonical/predictionComputeService.ts:497,,"{""column"":""organization_id"",""kind"":""DIRECT_COLUMN""}"
public,finance_prediction_impact_chain,EXPORT,FINANCE,The live schema proves this tenant-owned relation through an exact organization discriminator or foreign-key path.,SQL_INSERT_INTO server/src/services/finance/canonical/predictionAuthoringService.ts:640; SQL_UPDATE server/src/services/finance/canonical/predictionAuthoringService.ts:679; SQL_DELETE_FROM server/src/services/finance/canonical/predictionAuthoringService.ts:474; SQL_FROM server/src/services/finance/canonical/predictionAuthoringService.ts:228; SQL_FROM server/src/services/finance/canonical/predictionComputeService.ts:478,,"{""column"":""organization_id"",""kind"":""DIRECT_COLUMN""}"
public,finance_prediction_initiatives,EXPORT,FINANCE,The live schema proves this tenant-owned relation through an exact organization discriminator or foreign-key path.,SQL_INSERT_INTO server/src/services/finance/canonical/predictionAuthoringService.ts:567; SQL_DELETE_FROM server/src/services/finance/canonical/predictionAuthoringService.ts:478; SQL_FROM server/src/services/finance/canonical/predictionAuthoringService.ts:222; SQL_FROM server/src/services/finance/canonical/predictionComputeService.ts:484; SQL_FROM server/src/services/finance/canonical/predictionPreflightService.ts:243,,"{""column"":""organization_id"",""kind"":""DIRECT_COLUMN""}"
public,finance_prediction_outputs,EXPORT,FINANCE,The live schema proves this tenant-owned relation through an exact organization discriminator or foreign-key path.,SQL_INSERT_INTO server/src/services/finance/canonical/predictionComputeService.ts:820; SQL_FROM server/src/services/finance/canonical/predictionComputeService.ts:600,,"{""column"":""organization_id"",""kind"":""DIRECT_COLUMN""}"
public,finance_prediction_preflight_findings,EXPORT,FINANCE,The live schema proves this tenant-owned relation through an exact organization discriminator or foreign-key path.,SQL_INSERT_INTO server/src/services/finance/canonical/predictionPreflightService.ts:353,,"{""column"":""organization_id"",""kind"":""DIRECT_COLUMN""}"
public,finance_prediction_preflight_runs,EXPORT,FINANCE,The live schema proves this tenant-owned relation through an exact organization discriminator or foreign-key path.,SQL_INSERT_INTO server/src/services/finance/canonical/predictionPreflightService.ts:345; SQL_UPDATE server/src/services/finance/canonical/predictionPreflightService.ts:338; SQL_FROM server/src/services/finance/canonical/predictionPreflightService.ts:334,,"{""column"":""organization_id"",""kind"":""DIRECT_COLUMN""}"
public,finance_prediction_scenarios,EXPORT,FINANCE,The live schema proves this tenant-owned relation through an exact organization discriminator or foreign-key path.,SQL_INSERT_INTO server/src/services/finance/canonical/predictionAuthoringService.ts:443; SQL_UPDATE server/src/services/finance/canonical/predictionAuthoringService.ts:459; SQL_FROM server/src/services/finance/canonical/predictionAuthoringService.ts:195; SQL_FROM server/src/services/finance/canonical/predictionAuthoringService.ts:399; SQL_FROM server/src/services/finance/canonical/predictionComputeService.ts:247,,"{""column"":""organization_id"",""kind"":""DIRECT_COLUMN""}"
public,finance_reason_codes,EXCLUDE_SECURITY,NO_PROVABLE_TENANT_BOUNDARY,"The live schema proves no organization discriminator or foreign-key path, so exporting rows could cross tenant boundaries.",staging-schema-inventory.json::public.finance_reason_codes reviewed ownership graph has no tenant path,NO_PROVABLE_TENANT_BOUNDARY,{}
public,finance_reconciliation_runs,EXPORT,FINANCE,The live schema proves this tenant-owned relation through an exact organization discriminator or foreign-key path.,SQL_INSERT_INTO server/src/services/finance/canonical/statementReconciliationService.ts:582; SQL_UPDATE server/src/services/finance/canonical/statementReconciliationService.ts:741; SQL_UPDATE server/src/services/finance/canonical/statementReconciliationService.ts:785; SQL_UPDATE server/src/services/finance/canonical/statementReconciliationService.ts:842; SQL_FROM server/src/services/finance/canonical/statementReconciliationService.ts:918,,"{""column"":""organization_id"",""kind"":""DIRECT_COLUMN""}"
public,finance_retention_policies,EXCLUDE_SECURITY,ACTIVE_SEMANTIC_POLICY_MISSING,"The relation has a structural tenant path but no active semantic writer or reviewed privacy contract, so export fails closed.",organization-export-semantic-source-index.e1.json::public.finance_retention_policies ACTIVE_SEMANTIC_SOURCE_MISSING,ACTIVE_SEMANTIC_POLICY_MISSING,{}
public,finance_review_checklists,EXPORT,FINANCE,The live schema proves this tenant-owned relation through an exact organization discriminator or foreign-key path.,SQL_INSERT_INTO server/src/services/finance/canonical/reviewChecklistService.ts:60; SQL_UPDATE server/src/services/finance/canonical/reviewChecklistService.ts:86; SQL_UPDATE server/src/services/finance/canonical/reviewChecklistService.ts:106; SQL_UPDATE server/src/services/finance/canonical/reviewChecklistService.ts:123; SQL_FROM server/src/services/finance/canonical/reviewChecklistService.ts:79,,"{""column"":""organization_id"",""kind"":""DIRECT_COLUMN""}"
public,finance_saved_views,EXPORT,FINANCE,The live schema proves this tenant-owned relation through an exact organization discriminator or foreign-key path.,SQL_INSERT_INTO server/src/services/finance/canonical/savedViewService.ts:419; SQL_UPDATE server/src/services/finance/canonical/savedViewService.ts:524; SQL_DELETE_FROM server/src/services/finance/canonical/savedViewService.ts:555; SQL_FROM server/src/services/finance/canonical/savedViewService.ts:475; SQL_FROM server/src/services/finance/canonical/savedViewService.ts:544,,"{""column"":""organization_id"",""kind"":""DIRECT_COLUMN""}"
public,finance_settings_command_receipts,EXPORT,FINANCE,The live schema proves this tenant-owned relation through an exact organization discriminator or foreign-key path.,SQL_INSERT_INTO server/src/services/finance/canonical/financeSettingsCommandService.ts:262; SQL_FROM server/src/services/finance/canonical/financeSettingsCommandService.ts:204,,"{""column"":""organization_id"",""kind"":""DIRECT_COLUMN""}"
public,finance_settings_states,EXPORT,FINANCE,The live schema proves this tenant-owned relation through an exact organization discriminator or foreign-key path.,SQL_INSERT_INTO server/src/services/finance/canonical/financeSettingsCommandService.ts:245; SQL_UPDATE server/src/services/finance/canonical/financeSettingsCommandService.ts:232; SQL_FROM server/src/services/finance/canonical/financeSettingsCommandService.ts:148; SQL_FROM server/src/services/finance/canonical/financeSettingsCommandService.ts:194,,"{""column"":""organization_id"",""kind"":""DIRECT_COLUMN""}"
public,finance_statement_confirmation_receipts,EXPORT,FINANCE,The live schema proves this tenant-owned relation through an exact organization discriminator or foreign-key path.,SQL_INSERT_INTO server/src/services/finance/canonical/statementGovernedConfirmationService.ts:168; SQL_FROM server/src/services/finance/canonical/statementGovernedConfirmationService.ts:53,,"{""column"":""organization_id"",""kind"":""DIRECT_COLUMN""}"
public,finance_statement_manual_mapping_decisions,EXPORT,FINANCE,The live schema proves this tenant-owned relation through an exact organization discriminator or foreign-key path.,SQL_INSERT_INTO server/src/services/finance/canonical/statementManualMappingDecisionService.ts:236; SQL_FROM server/src/services/finance/canonical/statementGovernedConfirmationService.ts:117; SQL_FROM server/src/services/finance/canonical/statementManualMappingDecisionService.ts:61; SQL_FROM server/src/services/finance/canonical/statementManualMappingDecisionService.ts:83; SQL_FROM server/src/services/finance/canonical/statementManualMappingDecisionService.ts:177,,"{""column"":""organization_id"",""kind"":""DIRECT_COLUMN""}"
public,finance_statement_pack_archive_command_receipts,EXPORT,FINANCE,The live schema proves this tenant-owned relation through an exact organization discriminator or foreign-key path.,SQL_INSERT_INTO server/src/services/finance/canonical/statementPackArchiveCommandService.ts:152; SQL_FROM server/src/services/finance/canonical/statementPackArchiveCommandService.ts:96,,"{""column"":""organization_id"",""kind"":""DIRECT_COLUMN""}"
public,finance_statement_source_receipts,EXPORT,FINANCE,The live schema proves this tenant-owned relation through an exact organization discriminator or foreign-key path.,SQL_INSERT_INTO server/src/services/finance/canonical/statementSourceReceiptService.ts:184; SQL_FROM server/src/services/finance/canonical/statementGovernedConfirmationService.ts:82; SQL_FROM server/src/services/finance/canonical/statementManualMappingDecisionService.ts:76; SQL_FROM server/src/services/finance/canonical/statementManualMappingDecisionService.ts:224; SQL_FROM server/src/services/finance/canonical/statementSourceReceiptService.ts:141,,"{""column"":""organization_id"",""kind"":""DIRECT_COLUMN""}"
public,finance_stmt_calendars,EXPORT,OPERATIONS,The live schema proves this tenant-owned relation through an exact organization discriminator or foreign-key path.,SQL_INSERT_INTO server/src/scripts/baselineContextOpeningPeriodRealDbProof.ts:105; SQL_INSERT_INTO server/src/services/finance/canonical/financeCalendarService.ts:221; SQL_FROM server/src/services/finance/canonical/financeCalendarService.ts:209; SQL_JOIN server/src/services/finance/canonical/financeImportService.ts:273,,"{""column"":""organization_id"",""kind"":""DIRECT_COLUMN""}"
public,finance_stmt_entities,EXPORT,OPERATIONS,The live schema proves this tenant-owned relation through an exact organization discriminator or foreign-key path.,SQL_INSERT_INTO server/src/scripts/baselineContextOpeningPeriodRealDbProof.ts:167; SQL_INSERT_INTO server/src/services/finance/canonical/financeCalendarService.ts:496; SQL_INSERT_INTO server/src/services/finance/canonical/financeImportService.ts:838; SQL_UPDATE server/src/services/finance/canonical/financeImportService.ts:866; SQL_DELETE_FROM server/src/routes/testSupport.routes.ts:560,,"{""column"":""organization_id"",""kind"":""DIRECT_COLUMN""}"
public,finance_stmt_fx,EXCLUDE_SECURITY,ACTIVE_SEMANTIC_POLICY_MISSING,"The relation has a structural tenant path but no active semantic writer or reviewed privacy contract, so export fails closed.",organization-export-semantic-source-index.e1.json::public.finance_stmt_fx ACTIVE_SEMANTIC_SOURCE_MISSING,ACTIVE_SEMANTIC_POLICY_MISSING,{}
public,finance_stmt_lines,EXPORT,OPERATIONS,The live schema proves this tenant-owned relation through an exact organization discriminator or foreign-key path.,SQL_INSERT_INTO server/src/scripts/baselineContextOpeningPeriodRealDbProof.ts:181; SQL_INSERT_INTO server/src/services/finance/canonical/financeImportService.ts:713; SQL_INSERT_INTO server/src/services/finance/canonical/financeImportService.ts:906; SQL_INSERT_INTO server/src/services/finance/canonical/statementMappingService.ts:394; SQL_UPDATE server/src/services/finance/canonical/financeImportService.ts:763,,"{""column"":""organization_id"",""kind"":""DIRECT_COLUMN""}"
public,finance_stmt_periods,EXPORT,OPERATIONS,The live schema proves this tenant-owned relation through an exact organization discriminator or foreign-key path.,SQL_INSERT_INTO server/src/scripts/baselineContextOpeningPeriodRealDbProof.ts:122; SQL_INSERT_INTO server/src/services/finance/canonical/financeCalendarService.ts:344; SQL_UPDATE server/src/scripts/baselineContextOpeningPeriodRealDbProof.ts:268; SQL_UPDATE server/src/scripts/baselineContextOpeningPeriodRealDbProof.ts:280; SQL_UPDATE server/src/services/finance/canonical/financeCalendarService.ts:401,,"{""column"":""organization_id"",""kind"":""DIRECT_COLUMN""}"
public,finance_stmt_reconciliation,EXPORT,FINANCE,The live schema proves this tenant-owned relation through an exact organization discriminator or foreign-key path.,SQL_INSERT_INTO server/src/services/finance/canonical/statementReconciliationService.ts:619; SQL_FROM server/src/services/finance/canonical/statementReconciliationService.ts:944,,"{""column"":""organization_id"",""kind"":""DIRECT_COLUMN""}"
public,finance_stmt_source_evidence,EXCLUDE_SECURITY,ACTIVE_SEMANTIC_POLICY_MISSING,"The relation has a structural tenant path but no active semantic writer or reviewed privacy contract, so export fails closed.",organization-export-semantic-source-index.e1.json::public.finance_stmt_source_evidence ACTIVE_SEMANTIC_SOURCE_MISSING,ACTIVE_SEMANTIC_POLICY_MISSING,{}
public,finance_valuation_advisor_output_variants,EXPORT,FINANCE,The live schema proves this tenant-owned relation through an exact organization discriminator or foreign-key path.,SQL_INSERT_INTO server/src/services/finance/canonical/valuationAdvisorService.ts:1935; SQL_DELETE_FROM server/src/services/finance/canonical/valuationAdvisorService.ts:1884,,"{""column"":""organization_id"",""kind"":""DIRECT_COLUMN""}"
public,finance_valuation_advisor_outputs,EXPORT,FINANCE,The live schema proves this tenant-owned relation through an exact organization discriminator or foreign-key path.,SQL_INSERT_INTO server/src/services/finance/canonical/valuationAdvisorService.ts:1487; SQL_INSERT_INTO server/src/services/finance/canonical/valuationAdvisorService.ts:1903; SQL_DELETE_FROM server/src/services/finance/canonical/valuationAdvisorService.ts:1476; SQL_DELETE_FROM server/src/services/finance/canonical/valuationAdvisorService.ts:1892; SQL_FROM server/src/services/finance/canonical/valuationAdvisorService.ts:1885,,"{""column"":""organization_id"",""kind"":""DIRECT_COLUMN""}"
public,finance_valuation_cases,EXPORT,FINANCE,The live schema proves this tenant-owned relation through an exact organization discriminator or foreign-key path.,SQL_INSERT_INTO server/src/services/finance/canonical/valuationRegistrationService.ts:123; SQL_INSERT_INTO server/src/services/finance/canonical/valuationVariantService.ts:53; SQL_FROM server/src/services/finance/canonical/valuationVariantService.ts:64; SQL_FROM server/src/services/finance/canonical/valuationVariantService.ts:70; SQL_FROM server/src/services/finance/canonical/valuationVariantService.ts:115,,"{""column"":""organization_id"",""kind"":""DIRECT_COLUMN""}"
public,finance_valuation_comps,EXPORT,FINANCE,The live schema proves this tenant-owned relation through an exact organization discriminator or foreign-key path.,SQL_INSERT_INTO server/src/services/finance/canonical/valuationLegacySuccessorService.ts:180; SQL_DELETE_FROM server/src/services/finance/canonical/valuationLegacySuccessorService.ts:179; SQL_FROM server/src/services/finance/canonical/valuationAdvisorService.ts:381; SQL_FROM server/src/services/finance/canonical/valuationLegacySuccessorService.ts:85; SQL_FROM server/src/services/finance/canonical/valuationLegacySuccessorService.ts:184,,"{""column"":""organization_id"",""kind"":""DIRECT_COLUMN""}"
public,finance_valuation_compute_command_receipts,EXPORT,FINANCE,The live schema proves this tenant-owned relation through an exact organization discriminator or foreign-key path.,SQL_INSERT_INTO server/src/services/finance/canonical/valuationLegacyComputeAdapterService.ts:260; SQL_FROM server/src/services/finance/canonical/valuationLegacyComputeAdapterService.ts:165,,"{""column"":""organization_id"",""kind"":""DIRECT_COLUMN""}"
public,finance_valuation_depth_command_receipts,EXPORT,FINANCE,The live schema proves this tenant-owned relation through an exact organization discriminator or foreign-key path.,SQL_INSERT_INTO server/src/services/finance/canonical/valuationLegacySuccessorService.ts:230; SQL_FROM server/src/services/finance/canonical/valuationLegacySuccessorService.ts:223,,"{""column"":""organization_id"",""kind"":""DIRECT_COLUMN""}"
public,finance_valuation_depth_states,EXPORT,FINANCE,The live schema proves this tenant-owned relation through an exact organization discriminator or foreign-key path.,SQL_INSERT_INTO server/src/services/finance/canonical/valuationLegacySuccessorService.ts:228; SQL_FROM server/src/services/finance/canonical/valuationLegacySuccessorService.ts:232,,"{""column"":""organization_id"",""kind"":""DIRECT_COLUMN""}"
public,finance_valuation_direct_assumptions,EXPORT,FINANCE,The live schema proves this tenant-owned relation through an exact organization discriminator or foreign-key path.,SQL_INSERT_INTO server/src/services/finance/canonical/valuationLegacySuccessorService.ts:126; SQL_FROM server/src/services/finance/canonical/valuationLegacySuccessorService.ts:83; SQL_FROM server/src/services/finance/canonical/valuationLegacySuccessorService.ts:91; SQL_FROM server/src/services/finance/canonical/valuationLegacySuccessorService.ts:149,,"{""column"":""organization_id"",""kind"":""DIRECT_COLUMN""}"
public,finance_valuation_discard_receipts,EXPORT,FINANCE,The live schema proves this tenant-owned relation through an exact organization discriminator or foreign-key path.,SQL_INSERT_INTO server/src/services/finance/canonical/valuationDiscardService.ts:110; SQL_FROM server/src/services/finance/canonical/valuationDiscardService.ts:76,,"{""column"":""organization_id"",""kind"":""DIRECT_COLUMN""}"
public,finance_valuation_ev_equity_bridge,EXPORT,FINANCE,The live schema proves this tenant-owned relation through an exact organization discriminator or foreign-key path.,SQL_INSERT_INTO server/src/services/finance/canonical/valuationBridgeService.ts:128; SQL_FROM server/src/services/finance/canonical/valuationAdvisorService.ts:345; SQL_FROM server/src/services/finance/canonical/valuationBridgeService.ts:141; SQL_FROM server/src/services/finance/canonical/valuationBridgeService.ts:196; SQL_FROM server/src/services/finance/canonical/valuationNegotiationPackService.ts:76,,"{""column"":""organization_id"",""kind"":""DIRECT_COLUMN""}"
public,finance_valuation_ev_equity_bridge_components,EXPORT,FINANCE,The live schema proves this tenant-owned relation through an exact organization discriminator or foreign-key path.,SQL_INSERT_INTO server/src/services/finance/canonical/valuationBridgeService.ts:151; SQL_DELETE_FROM server/src/services/finance/canonical/valuationBridgeService.ts:148; SQL_FROM server/src/services/finance/canonical/valuationAdvisorService.ts:351; SQL_FROM server/src/services/finance/canonical/valuationBridgeService.ts:201,,"{""column"":""organization_id"",""kind"":""DIRECT_COLUMN""}"
public,finance_valuation_input_command_events,EXPORT,FINANCE,The live schema proves this tenant-owned relation through an exact organization discriminator or foreign-key path.,SQL_INSERT_INTO server/src/services/finance/canonical/valuationLegacySuccessorService.ts:143; SQL_INSERT_INTO server/src/services/finance/canonical/valuationLegacySuccessorService.ts:181; SQL_FROM server/src/services/finance/canonical/valuationLegacySuccessorService.ts:66,,"{""column"":""organization_id"",""kind"":""DIRECT_COLUMN""}"
public,finance_valuation_methods,EXPORT,FINANCE,The live schema proves this tenant-owned relation through an exact organization discriminator or foreign-key path.,SQL_INSERT_INTO server/src/services/finance/canonical/valuationComputeService.ts:124; SQL_INSERT_INTO server/src/services/finance/canonical/valuationLegacySuccessorService.ts:177; SQL_UPDATE server/src/services/finance/canonical/valuationComputeService.ts:198; SQL_UPDATE server/src/services/finance/canonical/valuationComputeService.ts:253; SQL_UPDATE server/src/services/finance/canonical/valuationComputeService.ts:331,,"{""column"":""organization_id"",""kind"":""DIRECT_COLUMN""}"
public,finance_valuation_negotiation_pack_receipts,EXPORT,FINANCE,The live schema proves this tenant-owned relation through an exact organization discriminator or foreign-key path.,SQL_INSERT_INTO server/src/services/finance/canonical/valuationNegotiationPackService.ts:184; SQL_FROM server/src/services/finance/canonical/valuationNegotiationPackService.ts:101,,"{""column"":""organization_id"",""kind"":""DIRECT_COLUMN""}"
public,finance_valuation_negotiation_packs,EXPORT,FINANCE,The live schema proves this tenant-owned relation through an exact organization discriminator or foreign-key path.,SQL_INSERT_INTO server/src/services/finance/canonical/valuationNegotiationPackService.ts:166; SQL_FROM server/src/services/finance/canonical/valuationNegotiationPackService.ts:200,,"{""column"":""organization_id"",""kind"":""DIRECT_COLUMN""}"
public,finance_valuation_pptx_exports,EXPORT,FINANCE,The live schema proves this tenant-owned relation through an exact organization discriminator or foreign-key path.,SQL_INSERT_INTO server/src/services/finance/canonical/valuationPptxExportService.ts:270; SQL_JOIN server/src/services/finance/canonical/valuationPptxExportService.ts:178; SQL_JOIN server/src/services/finance/canonical/valuationPptxExportService.ts:232,,"{""column"":""organization_id"",""kind"":""DIRECT_COLUMN""}"
public,finance_valuation_registration_command_receipts,EXPORT,FINANCE,The live schema proves this tenant-owned relation through an exact organization discriminator or foreign-key path.,SQL_INSERT_INTO server/src/services/finance/canonical/valuationRegistrationService.ts:165; SQL_FROM server/src/services/finance/canonical/valuationRegistrationService.ts:80,,"{""column"":""organization_id"",""kind"":""DIRECT_COLUMN""}"
public,finance_valuation_sensitivity_cells,EXPORT,FINANCE,The live schema proves this tenant-owned relation through an exact organization discriminator or foreign-key path.,SQL_INSERT_INTO server/src/services/finance/canonical/valuationSensitivityService.ts:227; SQL_DELETE_FROM server/src/services/finance/canonical/valuationSensitivityService.ts:224; SQL_FROM server/src/services/finance/canonical/valuationAdvisorService.ts:370; SQL_FROM server/src/services/finance/canonical/valuationSensitivityService.ts:298,,"{""column"":""organization_id"",""kind"":""DIRECT_COLUMN""}"
public,finance_valuation_sensitivity_grids,EXPORT,FINANCE,The live schema proves this tenant-owned relation through an exact organization discriminator or foreign-key path.,SQL_INSERT_INTO server/src/services/finance/canonical/valuationSensitivityService.ts:201; SQL_UPDATE server/src/services/finance/canonical/valuationSensitivityService.ts:236; SQL_FROM server/src/services/finance/canonical/valuationAdvisorService.ts:359; SQL_FROM server/src/services/finance/canonical/valuationSensitivityService.ts:212; SQL_FROM server/src/services/finance/canonical/valuationSensitivityService.ts:278,,"{""column"":""organization_id"",""kind"":""DIRECT_COLUMN""}"
public,finance_valuation_terminal,EXPORT,FINANCE,The live schema proves this tenant-owned relation through an exact organization discriminator or foreign-key path.,SQL_INSERT_INTO server/src/services/finance/canonical/valuationTerminalService.ts:131; SQL_FROM server/src/services/finance/canonical/valuationAdvisorService.ts:335; SQL_FROM server/src/services/finance/canonical/valuationNegotiationPackService.ts:72; SQL_FROM server/src/services/finance/canonical/valuationPptxExportService.ts:59; SQL_FROM server/src/services/finance/canonical/valuationTerminalService.ts:188,,"{""column"":""organization_id"",""kind"":""DIRECT_COLUMN""}"
public,finance_valuation_variants,EXPORT,FINANCE,The live schema proves this tenant-owned relation through an exact organization discriminator or foreign-key path.,SQL_INSERT_INTO server/src/services/finance/canonical/valuationRegistrationService.ts:129; SQL_INSERT_INTO server/src/services/finance/canonical/valuationVariantService.ts:158; SQL_UPDATE server/src/services/finance/canonical/valuationVariantService.ts:236; SQL_FROM server/src/services/finance/canonical/valuationAdvisorService.ts:315; SQL_FROM server/src/services/finance/canonical/valuationAdvisorService.ts:1604,,"{""column"":""organization_id"",""kind"":""DIRECT_COLUMN""}"
public,finance_valuation_wacc_inputs,EXPORT,FINANCE,The live schema proves this tenant-owned relation through an exact organization discriminator or foreign-key path.,SQL_INSERT_INTO server/src/services/finance/canonical/valuationWaccService.ts:287; SQL_UPDATE server/src/services/finance/canonical/valuationWaccService.ts:224; SQL_FROM server/src/services/finance/canonical/valuationAdvisorService.ts:321; SQL_FROM server/src/services/finance/canonical/valuationWaccService.ts:206,,"{""column"":""organization_id"",""kind"":""DIRECT_COLUMN""}"
public,finance_working_revisions,EXPORT,FINANCE,The live schema proves this tenant-owned relation through an exact organization discriminator or foreign-key path.,SQL_INSERT_INTO server/src/services/finance/canonical/artifactVersionService.ts:331; SQL_INSERT_INTO server/src/services/finance/canonical/artifactVersionService.ts:1489; SQL_INSERT_INTO server/src/services/finance/canonical/financeImportService.ts:1212; SQL_INSERT_INTO server/src/services/finance/collaboration/autosaveService.ts:146; SQL_UPDATE server/src/services/finance/canonical/artifactVersionService.ts:439,,"{""column"":""organization_id"",""kind"":""DIRECT_COLUMN""}"
public,financial_ai_assumptions,EXPORT,FINANCE,The live schema proves this tenant-owned relation through an exact organization discriminator or foreign-key path.,SQL_INSERT_INTO server/src/services/financeEnterpriseService.ts:786; SQL_UPDATE server/src/services/financeEnterpriseService.ts:829; SQL_FROM server/src/services/financeEnterpriseService.ts:813,,"{""column"":""organization_id"",""kind"":""DIRECT_COLUMN""}"
public,financial_allocations,EXPORT,FINANCE,The live schema proves this tenant-owned relation through an exact organization discriminator or foreign-key path.,SQL_INSERT_INTO server/src/services/financeEnterpriseService.ts:318; SQL_FROM server/src/services/financeEnterpriseService.ts:338,,"{""column"":""organization_id"",""kind"":""DIRECT_COLUMN""}"
public,financial_analyses,EXPORT,OPERATIONS,The live schema proves this tenant-owned relation through an exact organization discriminator or foreign-key path.,SQL_INSERT_INTO server/src/services/financialAnalysisService.ts:399; SQL_UPDATE server/src/scripts/t01InterviewRealDbProof.ts:1601; SQL_UPDATE server/src/services/financialAnalysisService.ts:470; SQL_UPDATE server/src/services/financialAnalysisService.ts:537; SQL_UPDATE server/src/services/financialAnalysisService.ts:542,,"{""column"":""organization_id"",""kind"":""DIRECT_COLUMN""}"
public,financial_analysis_findings,EXCLUDE_SECURITY,ACTIVE_SEMANTIC_POLICY_MISSING,"The relation has a structural tenant path but no active semantic writer or reviewed privacy contract, so export fails closed.",organization-export-semantic-source-index.e1.json::public.financial_analysis_findings ACTIVE_SEMANTIC_SOURCE_MISSING,ACTIVE_SEMANTIC_POLICY_MISSING,{}
public,financial_analysis_insights,EXPORT,OPERATIONS,The live schema proves this tenant-owned relation through an exact organization discriminator or foreign-key path.,SQL_INSERT_INTO server/src/services/financialAnalysisService.ts:956; SQL_DELETE_FROM server/src/routes/economics.routes.ts:2526; SQL_DELETE_FROM server/src/routes/v8/finance.routes.ts:3921; SQL_DELETE_FROM server/src/services/financialAnalysisService.ts:953; SQL_FROM server/src/routes/economics.routes.ts:2431,,"{""kind"":""FOREIGN_KEY_PATH"",""path"":[{""column"":""analysis_id"",""parentColumn"":""id"",""parentSchema"":""public"",""parentTable"":""financial_analyses""}]}"
public,financial_analysis_ratios,EXPORT,OPERATIONS,The live schema proves this tenant-owned relation through an exact organization discriminator or foreign-key path.,SQL_INSERT_INTO server/src/services/financialAnalysisService.ts:937; SQL_DELETE_FROM server/src/routes/economics.routes.ts:2527; SQL_DELETE_FROM server/src/routes/v8/finance.routes.ts:3922; SQL_DELETE_FROM server/src/services/financialAnalysisService.ts:928; SQL_FROM server/src/services/financialAnalysisService.ts:968,,"{""kind"":""FOREIGN_KEY_PATH"",""path"":[{""column"":""analysis_id"",""parentColumn"":""id"",""parentSchema"":""public"",""parentTable"":""financial_analyses""}]}"
public,financial_budget_versions,EXPORT,FINANCE,The live schema proves this tenant-owned relation through an exact organization discriminator or foreign-key path.,SQL_INSERT_INTO server/src/services/financeEnterpriseService.ts:422; SQL_UPDATE server/src/services/financeEnterpriseService.ts:485; SQL_UPDATE server/src/services/financeEnterpriseService.ts:503; SQL_FROM server/src/services/financeEnterpriseService.ts:454; SQL_FROM server/src/services/financeEnterpriseService.ts:466,,"{""column"":""organization_id"",""kind"":""DIRECT_COLUMN""}"
public,financial_connectors,EXPORT,FINANCE,The live schema proves this tenant-owned relation through an exact organization discriminator or foreign-key path.,SQL_INSERT_INTO server/src/services/financeEnterpriseService.ts:571; SQL_UPDATE server/src/services/financeEnterpriseService.ts:644; SQL_FROM server/src/services/financeEnterpriseService.ts:597,,"{""column"":""organization_id"",""kind"":""DIRECT_COLUMN""}"
public,financial_consolidations,EXPORT,FINANCE,The live schema proves this tenant-owned relation through an exact organization discriminator or foreign-key path.,SQL_INSERT_INTO server/src/services/financeEnterpriseService.ts:371; SQL_FROM server/src/services/financeEnterpriseService.ts:388,,"{""column"":""organization_id"",""kind"":""DIRECT_COLUMN""}"
public,financial_dimensions,EXPORT,FINANCE,The live schema proves this tenant-owned relation through an exact organization discriminator or foreign-key path.,SQL_INSERT_INTO server/src/services/financeEnterpriseService.ts:272; SQL_FROM server/src/services/financeEnterpriseService.ts:292,,"{""column"":""organization_id"",""kind"":""DIRECT_COLUMN""}"
public,financial_forecast_cycles,EXPORT,FINANCE,The live schema proves this tenant-owned relation through an exact organization discriminator or foreign-key path.,SQL_INSERT_INTO server/src/services/financeEnterpriseService.ts:522,,"{""column"":""organization_id"",""kind"":""DIRECT_COLUMN""}"
public,financial_model_baseline_audit,EXPORT,OPERATIONS,The live schema proves this tenant-owned relation through an exact organization discriminator or foreign-key path.,SQL_INSERT_INTO server/src/services/financialModelingService.ts:2116,,"{""column"":""organization_id"",""kind"":""DIRECT_COLUMN""}"
public,financial_model_events,EXPORT,OPERATIONS,The live schema proves this tenant-owned relation through an exact organization discriminator or foreign-key path.,SQL_INSERT_INTO server/src/services/demo/demoSeedService.ts:3636; SQL_INSERT_INTO server/src/services/financialModelingService.ts:2160; SQL_UPDATE server/src/services/financialModelingService.ts:2225; SQL_DELETE_FROM server/src/routes/financial-modeling.routes.ts:451; SQL_DELETE_FROM server/src/routes/v8/finance.routes.ts:1517,,"{""kind"":""FOREIGN_KEY_PATH"",""path"":[{""column"":""model_id"",""parentColumn"":""id"",""parentSchema"":""public"",""parentTable"":""financial_models""}]}"
public,financial_model_idempotency,EXPORT,OPERATIONS,The live schema proves this tenant-owned relation through an exact organization discriminator or foreign-key path.,SQL_INSERT_INTO server/src/services/financialModelingService.ts:1781; SQL_FROM server/src/services/financialModelingService.ts:1760,,"{""column"":""organization_id"",""kind"":""DIRECT_COLUMN""}"
public,financial_model_outputs,EXPORT,OPERATIONS,The live schema proves this tenant-owned relation through an exact organization discriminator or foreign-key path.,SQL_DELETE_FROM server/src/routes/financial-modeling.routes.ts:449; SQL_DELETE_FROM server/src/routes/v8/finance.routes.ts:1515; SQL_DELETE_FROM server/src/services/financialModelingService.ts:1181; SQL_FROM server/src/routes/v8/finance.routes.ts:4233; SQL_FROM server/src/services/financialAnalysisService.ts:988,,"{""kind"":""FOREIGN_KEY_PATH"",""path"":[{""column"":""model_id"",""parentColumn"":""id"",""parentSchema"":""public"",""parentTable"":""financial_models""}]}"
public,financial_model_validations,EXPORT,OPERATIONS,The live schema proves this tenant-owned relation through an exact organization discriminator or foreign-key path.,SQL_DELETE_FROM server/src/routes/financial-modeling.routes.ts:450; SQL_DELETE_FROM server/src/routes/v8/finance.routes.ts:1516; SQL_DELETE_FROM server/src/services/financialModelingService.ts:1185; SQL_FROM server/src/routes/v8/finance.routes.ts:4242; SQL_FROM server/src/services/financialModelingService.ts:2271,,"{""kind"":""FOREIGN_KEY_PATH"",""path"":[{""column"":""model_id"",""parentColumn"":""id"",""parentSchema"":""public"",""parentTable"":""financial_models""}]}"
public,financial_model_version_diffs,EXCLUDE_SECURITY,ACTIVE_SEMANTIC_POLICY_MISSING,"The relation has a structural tenant path but no active semantic writer or reviewed privacy contract, so export fails closed.",organization-export-semantic-source-index.e1.json::public.financial_model_version_diffs ACTIVE_SEMANTIC_SOURCE_MISSING,ACTIVE_SEMANTIC_POLICY_MISSING,{}
public,financial_model_versions,EXPORT,FINANCE,The live schema proves this tenant-owned relation through an exact organization discriminator or foreign-key path.,SQL_INSERT_INTO server/src/services/financeEnterpriseService.ts:182; SQL_INSERT_INTO server/src/services/financialModelingService.ts:1943; SQL_UPDATE server/src/services/financeEnterpriseService.ts:256; SQL_FROM server/src/routes/v8/finance.routes.ts:4017; SQL_FROM server/src/services/aiContextBuilder.ts:1465,,"{""column"":""organization_id"",""kind"":""DIRECT_COLUMN""}"
public,financial_models,EXPORT,OPERATIONS,The live schema proves this tenant-owned relation through an exact organization discriminator or foreign-key path.,SQL_INSERT_INTO server/src/services/demo/demoSeedService.ts:3555; SQL_INSERT_INTO server/src/services/financialModelingService.ts:1468; SQL_INSERT_INTO server/src/services/financialModelingService.ts:1491; SQL_INSERT_INTO server/src/services/financialModelingService.ts:1511; SQL_UPDATE server/src/services/financialModelingService.ts:1253,,"{""column"":""organization_id"",""kind"":""DIRECT_COLUMN""}"
public,financial_ratio_benchmarks,EXPORT,OPERATIONS,The live schema proves this tenant-owned relation through an exact organization discriminator or foreign-key path.,SQL_INSERT_INTO server/src/services/ratioAnalysisService.ts:1167; SQL_FROM server/src/services/financeReportSectionService.ts:952; SQL_FROM server/src/services/ratioAnalysisService.ts:933; SQL_FROM server/src/services/ratioAnalysisService.ts:1196,,"{""column"":""organization_id"",""kind"":""DIRECT_COLUMN""}"
public,financial_ratio_snapshots,EXPORT,OPERATIONS,The live schema proves this tenant-owned relation through an exact organization discriminator or foreign-key path.,SQL_INSERT_INTO server/src/services/ratioAnalysisService.ts:1130; SQL_DELETE_FROM server/src/services/ratioAnalysisService.ts:1127,,"{""column"":""organization_id"",""kind"":""DIRECT_COLUMN""}"
public,financial_roi_links,EXPORT,FINANCE,The live schema proves this tenant-owned relation through an exact organization discriminator or foreign-key path.,SQL_INSERT_INTO server/src/services/financeEnterpriseService.ts:851; SQL_UPDATE server/src/services/financeEnterpriseService.ts:897; SQL_FROM server/src/services/financeEnterpriseService.ts:875,,"{""column"":""organization_id"",""kind"":""DIRECT_COLUMN""}"
public,financial_statement_candidate_rows,EXPORT,OPERATIONS,The live schema proves this tenant-owned relation through an exact organization discriminator or foreign-key path.,SQL_INSERT_INTO server/src/services/financialStatementService.ts:7909; SQL_DELETE_FROM server/src/routes/finance-statements.routes.ts:2958; SQL_DELETE_FROM server/src/routes/finance-statements.routes.ts:3314; SQL_DELETE_FROM server/src/services/financialStatementService.ts:7897; SQL_FROM server/src/routes/finance-statements.routes.ts:2515,,"{""kind"":""FOREIGN_KEY_PATH"",""path"":[{""column"":""ingest_run_id"",""parentColumn"":""id"",""parentSchema"":""public"",""parentTable"":""financial_statement_ingest_runs""}]}"
public,financial_statement_extracted_sections,EXPORT,OPERATIONS,The live schema proves this tenant-owned relation through an exact organization discriminator or foreign-key path.,SQL_INSERT_INTO server/src/services/financialStatementService.ts:7853; SQL_DELETE_FROM server/src/routes/finance-statements.routes.ts:2961; SQL_DELETE_FROM server/src/routes/finance-statements.routes.ts:3317; SQL_DELETE_FROM server/src/services/financialStatementService.ts:7842; SQL_FROM server/src/routes/finance-statements.routes.ts:3142,,"{""kind"":""FOREIGN_KEY_PATH"",""path"":[{""column"":""ingest_run_id"",""parentColumn"":""id"",""parentSchema"":""public"",""parentTable"":""financial_statement_ingest_runs""}]}"
public,financial_statement_ingest_runs,EXPORT,OPERATIONS,The live schema proves this tenant-owned relation through an exact organization discriminator or foreign-key path.,SQL_INSERT_INTO server/src/services/financialStatementService.ts:7658; SQL_UPDATE server/src/services/financialStatementService.ts:7718; SQL_DELETE_FROM server/src/routes/finance-statements.routes.ts:2968; SQL_DELETE_FROM server/src/routes/finance-statements.routes.ts:3326; SQL_FROM server/src/routes/finance-statements.routes.ts:3133,,"{""column"":""organization_id"",""kind"":""DIRECT_COLUMN""}"
public,financial_statement_line_aliases,EXPORT,OPERATIONS,The live schema proves this tenant-owned relation through an exact organization discriminator or foreign-key path.,SQL_INSERT_INTO server/src/services/financialStatementService.ts:8674; SQL_FROM server/src/services/financialStatementService.ts:5375,,"{""column"":""organization_id"",""kind"":""DIRECT_COLUMN""}"
public,financial_statement_lines,EXPORT,OPERATIONS,The live schema proves this tenant-owned relation through an exact organization discriminator or foreign-key path.,SQL_INSERT_INTO server/src/routes/benefits.routes.ts:1870; SQL_INSERT_INTO server/src/services/financeCanonicalRegistrySyncService.ts:136; SQL_INSERT_INTO server/src/services/financeCanonicalRegistrySyncService.ts:146; SQL_FROM server/src/routes/benefits.routes.ts:1822; SQL_FROM server/src/routes/benefits.routes.ts:1856,,"{""column"":""organization_id"",""kind"":""DIRECT_COLUMN""}"
public,financial_statement_mapping_candidates,EXPORT,OPERATIONS,The live schema proves this tenant-owned relation through an exact organization discriminator or foreign-key path.,SQL_INSERT_INTO server/src/services/financialStatementService.ts:8173; SQL_DELETE_FROM server/src/routes/finance-statements.routes.ts:2955; SQL_DELETE_FROM server/src/routes/finance-statements.routes.ts:3311; SQL_DELETE_FROM server/src/services/financialStatementService.ts:8156; SQL_FROM server/src/routes/finance-statements.routes.ts:3160,,"{""kind"":""FOREIGN_KEY_PATH"",""path"":[{""column"":""ingest_run_id"",""parentColumn"":""id"",""parentSchema"":""public"",""parentTable"":""financial_statement_ingest_runs""}]}"
public,financial_statement_packs,EXPORT,OPERATIONS,The live schema proves this tenant-owned relation through an exact organization discriminator or foreign-key path.,SQL_INSERT_INTO server/src/services/financialStatementPackService.ts:404; SQL_UPDATE server/src/services/finance/canonical/statementPackArchiveCommandService.ts:142; SQL_UPDATE server/src/services/financialStatementPackService.ts:732; SQL_DELETE_FROM server/src/routes/finance-statements.routes.ts:2975; SQL_DELETE_FROM server/src/routes/finance-statements.routes.ts:3330,,"{""column"":""organization_id"",""kind"":""DIRECT_COLUMN""}"
public,financial_statement_quality_runs,EXPORT,OPERATIONS,The live schema proves this tenant-owned relation through an exact organization discriminator or foreign-key path.,SQL_INSERT_INTO server/src/services/financialStatementService.ts:8243; SQL_DELETE_FROM server/src/routes/finance-statements.routes.ts:2967; SQL_DELETE_FROM server/src/routes/finance-statements.routes.ts:3323; SQL_FROM server/src/routes/finance-statements.routes.ts:3123; SQL_FROM server/src/services/financialStatementReadService.ts:167,,"{""column"":""organization_id"",""kind"":""DIRECT_COLUMN""}"
public,financial_statement_repair_sessions,EXPORT,OPERATIONS,The live schema proves this tenant-owned relation through an exact organization discriminator or foreign-key path.,SQL_INSERT_INTO server/src/services/financialStatementService.ts:8210; SQL_FROM server/src/routes/finance-statements.routes.ts:3151; SQL_FROM server/src/services/financialStatementReadService.ts:195,,"{""column"":""organization_id"",""kind"":""DIRECT_COLUMN""}"
public,financial_statement_source_artifacts,EXPORT,OPERATIONS,The live schema proves this tenant-owned relation through an exact organization discriminator or foreign-key path.,SQL_INSERT_INTO server/src/services/financialStatementService.ts:7773; SQL_DELETE_FROM server/src/routes/finance-statements.routes.ts:2964; SQL_DELETE_FROM server/src/routes/finance-statements.routes.ts:3320; SQL_FROM server/src/routes/v8/finance.routes.ts:4217; SQL_FROM server/src/services/financialStatementService.ts:7766,,"{""kind"":""FOREIGN_KEY_PATH"",""path"":[{""column"":""ingest_run_id"",""parentColumn"":""id"",""parentSchema"":""public"",""parentTable"":""financial_statement_ingest_runs""}]}"
public,financial_statement_templates,EXCLUDE_SECURITY,ACTIVE_SEMANTIC_POLICY_MISSING,"The relation has a structural tenant path but no active semantic writer or reviewed privacy contract, so export fails closed.",organization-export-semantic-source-index.e1.json::public.financial_statement_templates ACTIVE_SEMANTIC_SOURCE_MISSING,ACTIVE_SEMANTIC_POLICY_MISSING,{}
public,financial_statement_upload_idempotency,EXPORT,OPERATIONS,The live schema proves this tenant-owned relation through an exact organization discriminator or foreign-key path.,SQL_INSERT_INTO server/src/services/financialStatementService.ts:9051; SQL_UPDATE server/src/services/financialStatementService.ts:9153; SQL_UPDATE server/src/services/financialStatementService.ts:9221; SQL_UPDATE server/src/services/financialStatementService.ts:9274; SQL_UPDATE server/src/services/financialStatementService.ts:9317,,"{""column"":""organization_id"",""kind"":""DIRECT_COLUMN""}"
public,financial_statement_validations,EXPORT,OPERATIONS,The live schema proves this tenant-owned relation through an exact organization discriminator or foreign-key path.,SQL_INSERT_INTO server/src/services/financialStatementPackService.ts:466; SQL_INSERT_INTO server/src/services/financialStatementPackService.ts:490; SQL_INSERT_INTO server/src/services/financialStatementPackService.ts:660; SQL_INSERT_INTO server/src/services/financialStatementPackService.ts:683; SQL_INSERT_INTO server/src/services/financialStatementService.ts:8290,,"{""kind"":""FOREIGN_KEY_PATH"",""path"":[{""column"":""statement_pack_id"",""parentColumn"":""id"",""parentSchema"":""public"",""parentTable"":""financial_statement_packs""}]}"
public,financial_statement_value_evidence,EXPORT,OPERATIONS,The live schema proves this tenant-owned relation through an exact organization discriminator or foreign-key path.,SQL_INSERT_INTO server/src/services/financialStatementService.ts:8386; SQL_JOIN server/src/routes/finance-statements.routes.ts:3037,,"{""kind"":""FOREIGN_KEY_PATH"",""path"":[{""column"":""statement_value_id"",""parentColumn"":""id"",""parentSchema"":""public"",""parentTable"":""financial_statement_values""},{""column"":""period_id"",""parentColumn"":""id"",""parentSchema"":""public"",""parentTable"":""finance_periods""}]}"
public,financial_statement_value_versions,EXPORT,OPERATIONS,The live schema proves this tenant-owned relation through an exact organization discriminator or foreign-key path.,SQL_INSERT_INTO server/src/services/financialStatementService.ts:8520; SQL_FROM server/src/services/financialStatementService.ts:8512,,"{""kind"":""FOREIGN_KEY_PATH"",""path"":[{""column"":""statement_id"",""parentColumn"":""id"",""parentSchema"":""public"",""parentTable"":""financial_statements""}]}"
public,financial_statement_values,EXPORT,OPERATIONS,The live schema proves this tenant-owned relation through an exact organization discriminator or foreign-key path.,SQL_INSERT_INTO server/src/services/financialStatementService.ts:9533; SQL_INSERT_INTO server/src/services/financialStatementService.ts:9563; SQL_UPDATE server/src/services/finance/canonical/statementManualMappingDecisionService.ts:256; SQL_UPDATE server/src/services/financialStatementService.ts:8039; SQL_DELETE_FROM server/src/routes/finance-statements.routes.ts:2953,,"{""kind"":""FOREIGN_KEY_PATH"",""path"":[{""column"":""period_id"",""parentColumn"":""id"",""parentSchema"":""public"",""parentTable"":""finance_periods""}]}"
public,financial_statement_versions,EXPORT,OPERATIONS,The live schema proves this tenant-owned relation through an exact organization discriminator or foreign-key path.,SQL_INSERT_INTO server/src/services/financialStatementService.ts:8443; SQL_FROM server/src/routes/finance-statements.routes.ts:3178; SQL_FROM server/src/services/financialStatementReadService.ts:222; SQL_FROM server/src/services/financialStatementService.ts:8435; SQL_FROM server/src/services/financialStatementService.ts:8483,,"{""kind"":""FOREIGN_KEY_PATH"",""path"":[{""column"":""statement_id"",""parentColumn"":""id"",""parentSchema"":""public"",""parentTable"":""financial_statements""}]}"
public,financial_statements,EXPORT,OPERATIONS,The live schema proves this tenant-owned relation through an exact organization discriminator or foreign-key path.,SQL_INSERT_INTO server/src/scripts/economics-gate-probe.ts:394; SQL_INSERT_INTO server/src/services/financialStatementService.ts:9443; SQL_INSERT_INTO server/src/services/financialStatementService.ts:9469; SQL_UPDATE server/src/routes/finance-statements.routes.ts:726; SQL_UPDATE server/src/routes/finance-statements.routes.ts:1250,,"{""column"":""organization_id"",""kind"":""DIRECT_COLUMN""}"
public,financial_sync_log,EXPORT,FINANCE,The live schema proves this tenant-owned relation through an exact organization discriminator or foreign-key path.,SQL_INSERT_INTO server/src/services/financeEnterpriseService.ts:626; SQL_FROM server/src/services/financeEnterpriseService.ts:654,,"{""column"":""organization_id"",""kind"":""DIRECT_COLUMN""}"
public,financial_valuation_audit,EXPORT,FINANCE,The live schema proves this tenant-owned relation through an exact organization discriminator or foreign-key path.,SQL_INSERT_INTO server/src/services/financeEnterpriseService.ts:718; SQL_FROM server/src/services/financeEnterpriseService.ts:756,,"{""column"":""organization_id"",""kind"":""DIRECT_COLUMN""}"
public,financial_valuation_snapshots,EXPORT,FINANCE,The live schema proves this tenant-owned relation through an exact organization discriminator or foreign-key path.,SQL_INSERT_INTO server/src/services/financeEnterpriseService.ts:701; SQL_FROM server/src/services/financeEnterpriseService.ts:695; SQL_FROM server/src/services/financeEnterpriseService.ts:738,,"{""column"":""organization_id"",""kind"":""DIRECT_COLUMN""}"
public,financial_variance_alerts,EXPORT,FINANCE,The live schema proves this tenant-owned relation through an exact organization discriminator or foreign-key path.,SQL_FROM server/src/services/financeEnterpriseService.ts:539,,"{""column"":""organization_id"",""kind"":""DIRECT_COLUMN""}"
public,flow_accepted_classic_runtime_adoptions,EXPORT,INITIATIVES,The live schema proves this tenant-owned relation through an exact organization discriminator or foreign-key path.,SQL_INSERT_INTO server/src/domain/initiatives-execution/postgresMaterialCommandUnitOfWork.ts:628; SQL_FROM server/src/domain/initiatives-execution/postgresMaterialCommandUnitOfWork.ts:596,,"{""column"":""organization_id"",""kind"":""DIRECT_COLUMN""}"
public,flow_teresa_chat_draft_adoptions,EXPORT,INITIATIVES,The live schema proves this tenant-owned relation through an exact organization discriminator or foreign-key path.,SQL_INSERT_INTO server/src/domain/initiatives-execution/postgresMaterialCommandUnitOfWork.ts:755; SQL_FROM server/src/domain/initiatives-execution/postgresMaterialCommandUnitOfWork.ts:735,,"{""column"":""organization_id"",""kind"":""DIRECT_COLUMN""}"
public,flow_transform_lineage_receipts,EXPORT,OPERATIONS,The live schema proves this tenant-owned relation through an exact organization discriminator or foreign-key path.,SQL_INSERT_INTO server/src/services/flowTransform/flowTransformLineageService.ts:381; SQL_FROM server/src/services/flowTransform/flowTransformLineageService.ts:365,,"{""column"":""organization_id"",""kind"":""DIRECT_COLUMN""}"
public,focus_board_items,EXCLUDE_SECURITY,NO_PROVABLE_TENANT_BOUNDARY,"The live schema proves no organization discriminator or foreign-key path, so exporting rows could cross tenant boundaries.",staging-schema-inventory.json::public.focus_board_items reviewed ownership graph has no tenant path,NO_PROVABLE_TENANT_BOUNDARY,{}
public,focus_board_templates,EXPORT,OPERATIONS,The live schema proves this tenant-owned relation through an exact organization discriminator or foreign-key path.,SQL_INSERT_INTO server/src/services/inboxEnterpriseService.ts:430; SQL_FROM server/src/services/inboxEnterpriseService.ts:448,,"{""column"":""organization_id"",""kind"":""DIRECT_COLUMN""}"
public,focus_boards,EXPORT,OPERATIONS,The live schema proves this tenant-owned relation through an exact organization discriminator or foreign-key path.,SQL_INSERT_INTO server/src/services/inboxEnterpriseService.ts:263; SQL_UPDATE server/src/services/inboxEnterpriseService.ts:320; SQL_FROM server/src/services/inboxEnterpriseService.ts:280; SQL_FROM server/src/services/inboxEnterpriseService.ts:344; SQL_FROM server/src/services/inboxEnterpriseService.ts:400,,"{""column"":""organization_id"",""kind"":""DIRECT_COLUMN""}"
public,framework_entitlements,EXPORT,OPERATIONS,The live schema proves this tenant-owned relation through an exact organization discriminator or foreign-key path.,SQL_INSERT_INTO server/src/services/frameworkEntitlementService.ts:101; SQL_UPDATE server/src/services/frameworkEntitlementService.ts:113; SQL_FROM server/src/services/frameworkEntitlementService.ts:28,,"{""column"":""organization_id"",""kind"":""DIRECT_COLUMN""}"
public,framework_import_logs,EXCLUDE_SECURITY,ACTIVE_SEMANTIC_POLICY_MISSING,"The relation has a structural tenant path but no active semantic writer or reviewed privacy contract, so export fails closed.",organization-export-semantic-source-index.e1.json::public.framework_import_logs ACTIVE_SEMANTIC_SOURCE_MISSING,ACTIVE_SEMANTIC_POLICY_MISSING,{}
public,framework_score_history,EXCLUDE_SECURITY,ACTIVE_SEMANTIC_POLICY_MISSING,"The relation has a structural tenant path but no active semantic writer or reviewed privacy contract, so export fails closed.",organization-export-semantic-source-index.e1.json::public.framework_score_history ACTIVE_SEMANTIC_SOURCE_MISSING,ACTIVE_SEMANTIC_POLICY_MISSING,{}
public,g4_test_flag_overrides,EXPORT,OPERATIONS,The live schema proves this tenant-owned relation through an exact organization discriminator or foreign-key path.,SQL_INSERT_INTO server/src/routes/testSupport.routes.ts:1168; SQL_DELETE_FROM server/src/routes/testSupport.routes.ts:1160; SQL_DELETE_FROM server/src/routes/testSupport.routes.ts:1373; SQL_FROM server/src/routes/featureFlags.routes.ts:263; SQL_FROM server/src/routes/testSupport.routes.ts:1177,,"{""column"":""organization_id"",""kind"":""DIRECT_COLUMN""}"
public,gdpr_data_subject_requests,EXPORT,ADMIN_SECURITY,The live schema proves this tenant-owned relation through an exact organization discriminator or foreign-key path.,SQL_INSERT_INTO server/src/controllers/SuperAdminController.ts:4358; SQL_FROM server/src/controllers/SuperAdminController.ts:4345,,"{""column"":""organization_id"",""kind"":""DIRECT_COLUMN""}"
public,gdpr_requests,EXPORT,OPERATIONS,The live schema proves this tenant-owned relation through an exact organization discriminator or foreign-key path.,SQL_INSERT_INTO server/src/routes/dataExport.routes.ts:75; SQL_INSERT_INTO server/src/routes/settings.routes.ts:3235; SQL_INSERT_INTO server/src/routes/settings.routes.ts:3394; SQL_UPDATE server/src/routes/dataExport.routes.ts:290; SQL_UPDATE server/src/routes/settings.routes.ts:3295,,"{""column"":""organization_id"",""kind"":""DIRECT_COLUMN""}"
public,generated_initiatives,EXPORT,INITIATIVES,The live schema proves this tenant-owned relation through an exact organization discriminator or foreign-key path.,SQL_INSERT_INTO server/src/routes/initiative-generator.routes.ts:111; SQL_UPDATE server/src/routes/initiative-generator.routes.ts:181; SQL_FROM server/src/routes/initiative-generator.routes.ts:26; SQL_FROM server/src/routes/initiative-generator.routes.ts:151; SQL_FROM server/src/services/health/healthProbeService.ts:535,,"{""column"":""organization_id"",""kind"":""DIRECT_COLUMN""}"
public,generated_workbook_comments,EXPORT,OPERATIONS,The live schema proves this tenant-owned relation through an exact organization discriminator or foreign-key path.,SQL_INSERT_INTO server/src/routes/workbook.routes.ts:2514; SQL_UPDATE server/src/routes/workbook.routes.ts:2047; SQL_UPDATE server/src/routes/workbook.routes.ts:2062; SQL_UPDATE server/src/routes/workbook.routes.ts:2555; SQL_UPDATE server/src/services/workbook/workbookCommandService.ts:189,,"{""column"":""organization_id"",""kind"":""DIRECT_COLUMN""}"
public,generated_workbook_governance_events,EXPORT,OPERATIONS,The live schema proves this tenant-owned relation through an exact organization discriminator or foreign-key path.,SQL_INSERT_INTO server/src/routes/workbook.routes.ts:2792; SQL_INSERT_INTO server/src/routes/workbook.routes.ts:2943; SQL_INSERT_INTO server/src/routes/workbook.routes.ts:2997; SQL_INSERT_INTO server/src/routes/workbook.routes.ts:3045; SQL_INSERT_INTO server/src/routes/workbook.routes.ts:3476,,"{""column"":""organization_id"",""kind"":""DIRECT_COLUMN""}"
public,generated_workbook_revisions,EXPORT,OPERATIONS,The live schema proves this tenant-owned relation through an exact organization discriminator or foreign-key path.,SQL_INSERT_INTO server/src/routes/workbook.routes.ts:2028; SQL_INSERT_INTO server/src/routes/workbook.routes.ts:2257; SQL_INSERT_INTO server/src/routes/workbook.routes.ts:2354; SQL_INSERT_INTO server/src/routes/workbook.routes.ts:2645; SQL_INSERT_INTO server/src/routes/workbook.routes.ts:4070,,"{""column"":""organization_id"",""kind"":""DIRECT_COLUMN""}"
public,generated_workbook_source_bindings,EXPORT,OPERATIONS,The live schema proves this tenant-owned relation through an exact organization discriminator or foreign-key path.,SQL_INSERT_INTO server/src/routes/workbook.routes.ts:2238; SQL_UPDATE server/src/routes/workbook.routes.ts:2054; SQL_UPDATE server/src/routes/workbook.routes.ts:2069; SQL_UPDATE server/src/services/workbook/workbookCommandService.ts:195; SQL_UPDATE server/src/services/workbook/workbookCommandService.ts:251,,"{""column"":""organization_id"",""kind"":""DIRECT_COLUMN""}"
public,generated_workbook_versions,EXPORT,OPERATIONS,The live schema proves this tenant-owned relation through an exact organization discriminator or foreign-key path.,SQL_INSERT_INTO server/src/routes/workbook.routes.ts:4039,,"{""kind"":""FOREIGN_KEY_PATH"",""path"":[{""column"":""workbook_id"",""parentColumn"":""id"",""parentSchema"":""public"",""parentTable"":""generated_workbooks""}]}"
public,generated_workbooks,EXPORT,OPERATIONS,The live schema proves this tenant-owned relation through an exact organization discriminator or foreign-key path.,SQL_INSERT_INTO server/src/services/workbook/workbookCreationService.ts:97; SQL_UPDATE server/src/routes/workbook.routes.ts:1665; SQL_UPDATE server/src/routes/workbook.routes.ts:1707; SQL_UPDATE server/src/routes/workbook.routes.ts:2014; SQL_UPDATE server/src/routes/workbook.routes.ts:2231,,"{""column"":""organization_id"",""kind"":""DIRECT_COLUMN""}"
public,generic_assessment_reports,EXPORT,REPORTING,The live schema proves this tenant-owned relation through an exact organization discriminator or foreign-key path.,SQL_INSERT_INTO server/src/routes/report-builder.routes.ts:1741; SQL_INSERT_INTO server/src/services/genericReportService.ts:42; SQL_UPDATE server/src/services/genericReportService.ts:166; SQL_UPDATE server/src/services/genericReportService.ts:181; SQL_UPDATE server/src/services/genericReportService.ts:266,,"{""column"":""organization_id"",""kind"":""DIRECT_COLUMN""}"
public,global_strategies,EXCLUDE_SECURITY,NO_PROVABLE_TENANT_BOUNDARY,"The live schema proves no organization discriminator or foreign-key path, so exporting rows could cross tenant boundaries.",staging-schema-inventory.json::public.global_strategies reviewed ownership graph has no tenant path,NO_PROVABLE_TENANT_BOUNDARY,{}
public,goal_initiative_links,EXPORT,INITIATIVES,The live schema proves this tenant-owned relation through an exact organization discriminator or foreign-key path.,SQL_INSERT_INTO server/src/services/initiativeGovernanceService.ts:230; SQL_INSERT_INTO server/src/services/initiativeGovernanceService.ts:281; SQL_DELETE_FROM server/src/services/initiativeGovernanceService.ts:380; SQL_FROM server/src/services/executionControl/numericContributionReadModel.ts:59; SQL_FROM server/src/services/initiativeGovernanceService.ts:268,,"{""column"":""organization_id"",""kind"":""DIRECT_COLUMN""}"
public,goals,EXPORT,INITIATIVES,The live schema proves this tenant-owned relation through an exact organization discriminator or foreign-key path.,SQL_INSERT_INTO server/src/services/initiativeGovernanceService.ts:50; SQL_UPDATE server/src/domain/initiatives-execution/postgresMaterialCommandUnitOfWork.ts:1251; SQL_UPDATE server/src/services/initiativeGovernanceService.ts:129; SQL_FROM server/src/services/executionControl/controlKpiReadModel.ts:64; SQL_FROM server/src/services/initiativeGovernanceService.ts:72,,"{""column"":""organization_id"",""kind"":""DIRECT_COLUMN""}"
public,governance_policies,EXPORT,OPERATIONS,The live schema proves this tenant-owned relation through an exact organization discriminator or foreign-key path.,SQL_FROM server/src/controllers/GovernanceController.ts:90,,"{""column"":""organization_id"",""kind"":""DIRECT_COLUMN""}"
public,groups,EXCLUDE_SECURITY,NO_PROVABLE_TENANT_BOUNDARY,"The live schema proves no organization discriminator or foreign-key path, so exporting rows could cross tenant boundaries.",staging-schema-inventory.json::public.groups reviewed ownership graph has no tenant path,NO_PROVABLE_TENANT_BOUNDARY,{}
public,health_probe_results,EXPORT,OPERATIONS,The live schema proves this tenant-owned relation through an exact organization discriminator or foreign-key path.,SQL_INSERT_INTO server/src/services/health/healthProbeService.ts:1101; SQL_FROM server/src/services/health/healthProbeService.ts:1140,,"{""column"":""organization_id"",""kind"":""DIRECT_COLUMN""}"
public,help_analytics,EXPORT,OPERATIONS,The live schema proves this tenant-owned relation through an exact organization discriminator or foreign-key path.,SQL_INSERT_INTO server/src/routes/help.routes.ts:297; SQL_FROM server/src/routes/metrics.routes.ts:525; SQL_FROM server/src/services/organizationMetricsService.ts:208; SQL_FROM server/src/services/organizationMetricsService.ts:563,,"{""column"":""organization_id"",""kind"":""DIRECT_COLUMN""}"
public,help_articles,EXCLUDE_SECURITY,NO_PROVABLE_TENANT_BOUNDARY,"The live schema proves no organization discriminator or foreign-key path, so exporting rows could cross tenant boundaries.",staging-schema-inventory.json::public.help_articles reviewed ownership graph has no tenant path,NO_PROVABLE_TENANT_BOUNDARY,{}
public,help_categories,EXCLUDE_SECURITY,NO_PROVABLE_TENANT_BOUNDARY,"The live schema proves no organization discriminator or foreign-key path, so exporting rows could cross tenant boundaries.",staging-schema-inventory.json::public.help_categories reviewed ownership graph has no tenant path,NO_PROVABLE_TENANT_BOUNDARY,{}
public,help_events,EXPORT,OPERATIONS,The live schema proves this tenant-owned relation through an exact organization discriminator or foreign-key path.,SQL_INSERT_INTO server/src/routes/help.routes.ts:173; SQL_FROM server/src/_backup/ts-js-collisions/ai/aiContextBuilder.js:94; SQL_FROM server/src/ai/aiContextBuilder.ts:101; SQL_FROM server/src/ai/aiPlaybookRoutingEngine.ts:342; SQL_FROM server/src/ai/aiPlaybookRoutingEngine.ts:343,,"{""column"":""organization_id"",""kind"":""DIRECT_COLUMN""}"
public,help_feedback,EXPORT,OPERATIONS,The live schema proves this tenant-owned relation through an exact organization discriminator or foreign-key path.,SQL_INSERT_INTO server/src/routes/helpFeedback.routes.ts:29; SQL_FROM server/src/routes/helpFeedback.routes.ts:48,,"{""column"":""organization_id"",""kind"":""DIRECT_COLUMN""}"
public,help_micro_video_dismissals,EXPORT,OPERATIONS,The live schema proves this tenant-owned relation through an exact organization discriminator or foreign-key path.,SQL_INSERT_INTO server/src/routes/help.routes.ts:266; SQL_INSERT_INTO server/src/routes/help.routes.ts:312; SQL_FROM server/src/routes/help.routes.ts:234; SQL_FROM server/src/routes/help.routes.ts:342,,"{""kind"":""FOREIGN_KEY_PATH"",""path"":[{""column"":""user_id"",""parentColumn"":""id"",""parentSchema"":""public"",""parentTable"":""users""}]}"
public,help_playbook_steps,EXCLUDE_SECURITY,NO_PROVABLE_TENANT_BOUNDARY,"The live schema proves no organization discriminator or foreign-key path, so exporting rows could cross tenant boundaries.",staging-schema-inventory.json::public.help_playbook_steps reviewed ownership graph has no tenant path,NO_PROVABLE_TENANT_BOUNDARY,{}
public,help_playbooks,EXCLUDE_SECURITY,NO_PROVABLE_TENANT_BOUNDARY,"The live schema proves no organization discriminator or foreign-key path, so exporting rows could cross tenant boundaries.",staging-schema-inventory.json::public.help_playbooks reviewed ownership graph has no tenant path,NO_PROVABLE_TENANT_BOUNDARY,{}
public,help_progress,EXPORT,OPERATIONS,The live schema proves this tenant-owned relation through an exact organization discriminator or foreign-key path.,SQL_FROM server/src/routes/metrics.routes.ts:508,,"{""column"":""organization_id"",""kind"":""DIRECT_COLUMN""}"
public,idea_business_cases,EXPORT,OPERATIONS,The live schema proves this tenant-owned relation through an exact organization discriminator or foreign-key path.,SQL_INSERT_INTO server/src/services/ideaBusinessCaseService.ts:153; SQL_UPDATE server/src/services/ideaBusinessCaseService.ts:127; SQL_FROM server/src/services/ideaBusinessCaseService.ts:93; SQL_FROM server/src/services/ideaBusinessCaseService.ts:103,,"{""column"":""organization_id"",""kind"":""DIRECT_COLUMN""}"
public,idea_exports,EXPORT,OPERATIONS,The live schema proves this tenant-owned relation through an exact organization discriminator or foreign-key path.,SQL_INSERT_INTO server/src/services/finalBatchService.ts:95; SQL_UPDATE server/src/services/finalBatchService.ts:242; SQL_UPDATE server/src/services/finalBatchService.ts:250; SQL_FROM server/src/services/finalBatchService.ts:235,,"{""column"":""organization_id"",""kind"":""DIRECT_COLUMN""}"
public,idea_financial_cases,EXPORT,OPERATIONS,The live schema proves this tenant-owned relation through an exact organization discriminator or foreign-key path.,SQL_INSERT_INTO server/src/services/ideaFinancialCaseService.ts:224; SQL_UPDATE server/src/services/ideaFinancialCaseService.ts:190; SQL_FROM server/src/services/ideaFinancialCaseService.ts:144; SQL_FROM server/src/services/ideaFinancialCaseService.ts:154,,"{""column"":""organization_id"",""kind"":""DIRECT_COLUMN""}"
public,idea_node_comments,EXPORT,OPERATIONS,The live schema proves this tenant-owned relation through an exact organization discriminator or foreign-key path.,SQL_INSERT_INTO server/src/routes/my-work.routes.ts:6196; SQL_DELETE_FROM server/src/routes/my-work.routes.ts:6291; SQL_FROM server/src/routes/my-work.routes.ts:6143; SQL_FROM server/src/routes/my-work.routes.ts:6334,,"{""column"":""organization_id"",""kind"":""DIRECT_COLUMN""}"
public,idea_process_flow_candidate_handoffs,EXPORT,OPERATIONS,The live schema proves this tenant-owned relation through an exact organization discriminator or foreign-key path.,SQL_INSERT_INTO server/src/services/ideaProcessFlowCandidateHandoffService.ts:279; SQL_FROM server/src/services/ideaProcessFlowCandidateHandoffService.ts:248; SQL_FROM server/src/services/ideaProcessFlowCandidateHandoffService.ts:310,,"{""column"":""organization_id"",""kind"":""DIRECT_COLUMN""}"
public,idea_workspace_lock_events,EXPORT,OPERATIONS,The live schema proves this tenant-owned relation through an exact organization discriminator or foreign-key path.,SQL_INSERT_INTO server/src/realtime/ideaMapAccess.ts:229; SQL_INSERT_INTO server/src/realtime/ideaMapAccess.ts:271,,"{""column"":""organization_id"",""kind"":""DIRECT_COLUMN""}"
public,idea_workspace_node_locks,EXPORT,OPERATIONS,The live schema proves this tenant-owned relation through an exact organization discriminator or foreign-key path.,SQL_INSERT_INTO server/src/realtime/ideaMapAccess.ts:214; SQL_DELETE_FROM server/src/realtime/ideaMapAccess.ts:266; SQL_FROM server/src/realtime/ideaMapAccess.ts:211; SQL_FROM server/src/realtime/ideaMapAccess.ts:297; SQL_FROM server/src/realtime/ideaMapAccess.ts:434,,"{""column"":""organization_id"",""kind"":""DIRECT_COLUMN""}"
public,ideas,EXPORT,OPERATIONS,The live schema proves this tenant-owned relation through an exact organization discriminator or foreign-key path.,SQL_FROM server/src/routes/my-work/home.routes.ts:346; SQL_FROM server/src/routes/my-work/home.routes.ts:356; SQL_FROM server/src/routes/my-work/home.routes.ts:384; SQL_FROM server/src/routes/my-work/home.routes.ts:394; SQL_FROM server/src/routes/my-work/home.routes.ts:1465,,"{""column"":""organization_id"",""kind"":""DIRECT_COLUMN""}"
public,ie_aggregate_relations,EXPORT,INITIATIVE_CANONICAL,Canonical initiative state and immutable governance receipts are tenant-owned records with explicit lineage and owner rules.,server/src/services/organizationExportCanonicalContract.ts,,"{""column"":""organization_id"",""kind"":""DIRECT_COLUMN""}"
public,ie_aggregate_state,EXPORT,INITIATIVE_CANONICAL,Canonical initiative state and immutable governance receipts are tenant-owned records with explicit lineage and owner rules.,server/src/services/organizationExportCanonicalContract.ts,,"{""column"":""organization_id"",""kind"":""DIRECT_COLUMN""}"
public,ie_audit_events,EXPORT,INITIATIVE_CANONICAL,Canonical initiative state and immutable governance receipts are tenant-owned records with explicit lineage and owner rules.,server/src/services/organizationExportCanonicalContract.ts,,"{""column"":""organization_id"",""kind"":""DIRECT_COLUMN""}"
public,ie_command_receipts,EXPORT,INITIATIVE_CANONICAL,Canonical initiative state and immutable governance receipts are tenant-owned records with explicit lineage and owner rules.,server/src/services/organizationExportCanonicalContract.ts,,"{""column"":""organization_id"",""kind"":""DIRECT_COLUMN""}"
public,ie_governance_policies,EXPORT,INITIATIVES,The live schema proves this tenant-owned relation through an exact organization discriminator or foreign-key path.,SQL_FROM server/src/domain/initiatives-execution/postgresGovernancePolicyResolver.ts:35; SQL_FROM server/src/domain/initiatives-execution/postgresInitiativeReader.ts:1150,,"{""column"":""organization_id"",""kind"":""DIRECT_COLUMN""}"
public,ie_governance_role_bindings,EXPORT,INITIATIVES,The live schema proves this tenant-owned relation through an exact organization discriminator or foreign-key path.,SQL_FROM server/src/domain/initiatives-execution/postgresGovernancePolicyResolver.ts:79; SQL_FROM server/src/domain/initiatives-execution/postgresInitiativeReader.ts:1161,,"{""column"":""organization_id"",""kind"":""DIRECT_COLUMN""}"
public,ie_initiative_card_catalog,EXCLUDE_SECURITY,NO_PROVABLE_TENANT_BOUNDARY,"The live schema proves no organization discriminator or foreign-key path, so exporting rows could cross tenant boundaries.",staging-schema-inventory.json::public.ie_initiative_card_catalog reviewed ownership graph has no tenant path,NO_PROVABLE_TENANT_BOUNDARY,{}
public,ie_initiative_card_selection,EXPORT,INITIATIVE_CANONICAL,Canonical initiative state and immutable governance receipts are tenant-owned records with explicit lineage and owner rules.,server/src/services/organizationExportCanonicalContract.ts,,"{""column"":""organization_id"",""kind"":""DIRECT_COLUMN""}"
public,ie_initiative_card_versions,EXPORT,INITIATIVE_CANONICAL,Canonical initiative state and immutable governance receipts are tenant-owned records with explicit lineage and owner rules.,server/src/services/organizationExportCanonicalContract.ts,,"{""column"":""organization_id"",""kind"":""DIRECT_COLUMN""}"
public,ie_outbox_delivery_receipts,EXPORT,INITIATIVES,The live schema proves this tenant-owned relation through an exact organization discriminator or foreign-key path.,SQL_INSERT_INTO server/src/services/initiativeExecutionOutboxConsumer.ts:72; SQL_FROM server/src/services/initiativeExecutionOutboxConsumer.ts:81,,"{""column"":""organization_id"",""kind"":""DIRECT_COLUMN""}"
public,ie_outbox_events,EXPORT,INITIATIVE_CANONICAL,Canonical initiative state and immutable governance receipts are tenant-owned records with explicit lineage and owner rules.,server/src/services/organizationExportCanonicalContract.ts,,"{""column"":""organization_id"",""kind"":""DIRECT_COLUMN""}"
public,imported_reports,EXPORT,REPORTING,The live schema proves this tenant-owned relation through an exact organization discriminator or foreign-key path.,SQL_INSERT_INTO server/src/services/reportImportService.ts:390; SQL_UPDATE server/src/services/reportImportService.ts:1592; SQL_UPDATE server/src/services/reportImportService.ts:1822; SQL_UPDATE server/src/services/reportImportService.ts:1839; SQL_UPDATE server/src/services/reportImportService.ts:1876,,"{""column"":""organization_id"",""kind"":""DIRECT_COLUMN""}"
public,inbox_ai_eval_golden_set,EXPORT,OPERATIONS,The live schema proves this tenant-owned relation through an exact organization discriminator or foreign-key path.,SQL_INSERT_INTO server/src/routes/my-work.routes.ts:8819; SQL_FROM server/src/routes/my-work.routes.ts:8800; SQL_FROM server/src/routes/my-work.routes.ts:8852,,"{""column"":""organization_id"",""kind"":""DIRECT_COLUMN""}"
public,inbox_ai_eval_runs,EXPORT,OPERATIONS,The live schema proves this tenant-owned relation through an exact organization discriminator or foreign-key path.,SQL_INSERT_INTO server/src/routes/my-work.routes.ts:8920; SQL_FROM server/src/routes/my-work.routes.ts:8951,,"{""column"":""organization_id"",""kind"":""DIRECT_COLUMN""}"
public,inbox_ai_triage_config,EXPORT,OPERATIONS,The live schema proves this tenant-owned relation through an exact organization discriminator or foreign-key path.,SQL_INSERT_INTO server/src/services/inboxEnterpriseService.ts:601; SQL_FROM server/src/services/inboxEnterpriseService.ts:585,,"{""column"":""organization_id"",""kind"":""DIRECT_COLUMN""}"
public,inbox_ai_triage_log,EXPORT,OPERATIONS,The live schema proves this tenant-owned relation through an exact organization discriminator or foreign-key path.,SQL_INSERT_INTO server/src/services/inboxEnterpriseService.ts:470; SQL_UPDATE server/src/services/inboxEnterpriseService.ts:505; SQL_UPDATE server/src/services/inboxEnterpriseService.ts:533; SQL_UPDATE server/src/services/inboxEnterpriseService.ts:570; SQL_FROM server/src/services/inboxEnterpriseService.ts:499,,"{""column"":""organization_id"",""kind"":""DIRECT_COLUMN""}"
public,inbox_connector_items,EXPORT,OPERATIONS,The live schema proves this tenant-owned relation through an exact organization discriminator or foreign-key path.,SQL_INSERT_INTO server/src/routes/webhooks/inbox.routes.ts:111; SQL_INSERT_INTO server/src/services/inboxEnterpriseService.ts:62; SQL_UPDATE server/src/services/inboxEnterpriseService.ts:115; SQL_FROM server/src/services/inboxEnterpriseService.ts:84; SQL_FROM server/src/services/inboxEnterpriseService.ts:135,,"{""column"":""organization_id"",""kind"":""DIRECT_COLUMN""}"
public,inbox_routing_rules,EXPORT,OPERATIONS,The live schema proves this tenant-owned relation through an exact organization discriminator or foreign-key path.,SQL_INSERT_INTO server/src/routes/my-work.routes.ts:9028; SQL_INSERT_INTO server/src/services/inboxEnterpriseService.ts:155; SQL_UPDATE server/src/services/inboxEnterpriseService.ts:235; SQL_DELETE_FROM server/src/services/inboxEnterpriseService.ts:243; SQL_FROM server/src/routes/my-work.routes.ts:9004,,"{""column"":""organization_id"",""kind"":""DIRECT_COLUMN""}"
public,initiative_ai_blueprints,EXPORT,INITIATIVES,The live schema proves this tenant-owned relation through an exact organization discriminator or foreign-key path.,SQL_INSERT_INTO server/src/services/initiativeGovernanceService.ts:405; SQL_UPDATE server/src/services/initiativeGovernanceService.ts:549; SQL_UPDATE server/src/services/initiativeGovernanceService.ts:621; SQL_FROM server/src/scripts/t01InterviewRealDbProof.ts:1876; SQL_FROM server/src/scripts/t01InterviewRealDbProof.ts:2080,,"{""column"":""organization_id"",""kind"":""DIRECT_COLUMN""}"
public,initiative_benefits,EXPORT,OPERATIONS,The live schema proves this tenant-owned relation through an exact organization discriminator or foreign-key path.,SQL_INSERT_INTO server/src/services/benefitsRegisterService.ts:185; SQL_INSERT_INTO server/src/services/executionResultsBridge.ts:125; SQL_INSERT_INTO server/src/services/executionResultsBridge.ts:225; SQL_UPDATE server/src/routes/v8/results.routes.ts:4324; SQL_UPDATE server/src/routes/v8/results.routes.ts:4368,,"{""column"":""organization_id"",""kind"":""DIRECT_COLUMN""}"
public,initiative_budget_items,EXPORT,INITIATIVES,The live schema proves this tenant-owned relation through an exact organization discriminator or foreign-key path.,SQL_INSERT_INTO server/src/controllers/InitiativeController.ts:4973; SQL_INSERT_INTO server/src/domain/initiatives-execution/postgresMaterialCommandUnitOfWork.ts:221; SQL_INSERT_INTO server/src/routes/budget.routes.ts:125; SQL_UPDATE server/src/controllers/InitiativeController.ts:5061; SQL_UPDATE server/src/domain/initiatives-execution/postgresMaterialCommandUnitOfWork.ts:229,,"{""column"":""organization_id"",""kind"":""DIRECT_COLUMN""}"
public,initiative_budgets,EXCLUDE_SECURITY,ACTIVE_SEMANTIC_POLICY_MISSING,"The relation has a structural tenant path but no active semantic writer or reviewed privacy contract, so export fails closed.",organization-export-semantic-source-index.e1.json::public.initiative_budgets ACTIVE_SEMANTIC_SOURCE_MISSING,ACTIVE_SEMANTIC_POLICY_MISSING,{}
public,initiative_candidates,EXPORT,INITIATIVES,The live schema proves this tenant-owned relation through an exact organization discriminator or foreign-key path.,SQL_INSERT_INTO server/src/domain/initiatives-execution/postgresMaterialCommandUnitOfWork.ts:1136; SQL_INSERT_INTO server/src/services/initiative/initiativeCandidateService.ts:633; SQL_INSERT_INTO server/src/services/initiative/initiativeCandidateService.ts:1111; SQL_UPDATE server/src/domain/initiatives-execution/postgresMaterialCommandUnitOfWork.ts:1190; SQL_UPDATE server/src/domain/initiatives-execution/postgresMaterialCommandUnitOfWork.ts:1276,,"{""column"":""organization_id"",""kind"":""DIRECT_COLUMN""}"
public,initiative_closure_evidence,EXPORT,INITIATIVES,The live schema proves this tenant-owned relation through an exact organization discriminator or foreign-key path.,SQL_INSERT_INTO server/src/services/initiative/initiativeClosureService.ts:517; SQL_FROM server/src/routes/pmo/initiativeClosure.routes.ts:180; SQL_FROM server/src/services/initiative/initiativeClosureService.ts:451; SQL_FROM server/src/services/initiative/initiativeClosureService.ts:486; SQL_FROM server/src/services/initiative/initiativeClosureService.ts:551,,"{""column"":""organization_id"",""kind"":""DIRECT_COLUMN""}"
public,initiative_closure_requests,EXPORT,INITIATIVES,The live schema proves this tenant-owned relation through an exact organization discriminator or foreign-key path.,SQL_INSERT_INTO server/src/services/initiative/initiativeClosureService.ts:281; SQL_UPDATE server/src/services/initiative/initiativeClosureService.ts:770; SQL_UPDATE server/src/services/initiative/initiativeClosureService.ts:806; SQL_UPDATE server/src/services/initiative/initiativeClosureService.ts:869; SQL_UPDATE server/src/services/initiative/initiativeClosureService.ts:1166,,"{""column"":""organization_id"",""kind"":""DIRECT_COLUMN""}"
public,initiative_comments,EXPORT,INITIATIVES,The live schema proves this tenant-owned relation through an exact organization discriminator or foreign-key path.,SQL_INSERT_INTO server/src/controllers/InitiativeController.ts:7236; SQL_DELETE_FROM server/src/controllers/InitiativeController.ts:7282; SQL_FROM server/src/controllers/InitiativeController.ts:7185; SQL_FROM server/src/controllers/InitiativeController.ts:7263; SQL_FROM server/src/services/v8/planningPortfolioReadService.ts:839,,"{""column"":""organization_id"",""kind"":""DIRECT_COLUMN""}"
public,initiative_decision_links,EXCLUDE_SECURITY,NO_PROVABLE_TENANT_BOUNDARY,"The live schema proves no organization discriminator or foreign-key path, so exporting rows could cross tenant boundaries.",staging-schema-inventory.json::public.initiative_decision_links reviewed ownership graph has no tenant path,NO_PROVABLE_TENANT_BOUNDARY,{}
public,initiative_dependencies,EXPORT,INITIATIVES,The live schema proves this tenant-owned relation through an exact organization discriminator or foreign-key path.,SQL_INSERT_INTO server/src/controllers/InitiativeController.ts:2420; SQL_INSERT_INTO server/src/domain/initiatives-execution/postgresMaterialCommandUnitOfWork.ts:1635; SQL_INSERT_INTO server/src/services/demo/demoSeedService.ts:2543; SQL_DELETE_FROM server/src/controllers/InitiativeController.ts:2470; SQL_DELETE_FROM server/src/domain/initiatives-execution/postgresMaterialCommandUnitOfWork.ts:1630,,"{""column"":""organization_id"",""kind"":""DIRECT_COLUMN""}"
public,initiative_drafts,EXCLUDE_SECURITY,NO_PROVABLE_TENANT_BOUNDARY,"The live schema proves no organization discriminator or foreign-key path, so exporting rows could cross tenant boundaries.",staging-schema-inventory.json::public.initiative_drafts reviewed ownership graph has no tenant path,NO_PROVABLE_TENANT_BOUNDARY,{}
public,initiative_feature_flags,EXCLUDE_SECURITY,ACTIVE_SEMANTIC_POLICY_MISSING,"The relation has a structural tenant path but no active semantic writer or reviewed privacy contract, so export fails closed.",organization-export-semantic-source-index.e1.json::public.initiative_feature_flags ACTIVE_SEMANTIC_SOURCE_MISSING,ACTIVE_SEMANTIC_POLICY_MISSING,{}
public,initiative_gate_ai_events,EXCLUDE_SECURITY,ACTIVE_SEMANTIC_POLICY_MISSING,"The relation has a structural tenant path but no active semantic writer or reviewed privacy contract, so export fails closed.",organization-export-semantic-source-index.e1.json::public.initiative_gate_ai_events ACTIVE_SEMANTIC_SOURCE_MISSING,ACTIVE_SEMANTIC_POLICY_MISSING,{}
public,initiative_gate_roles,EXPORT,INITIATIVES,The live schema proves this tenant-owned relation through an exact organization discriminator or foreign-key path.,SQL_INSERT_INTO server/src/controllers/InitiativeController.ts:6364; SQL_INSERT_INTO server/src/domain/initiatives-execution/postgresMaterialCommandUnitOfWork.ts:362; SQL_DELETE_FROM server/src/controllers/InitiativeController.ts:6351; SQL_DELETE_FROM server/src/domain/initiatives-execution/postgresMaterialCommandUnitOfWork.ts:359; SQL_FROM server/src/controllers/InitiativeController.ts:6228,,"{""kind"":""FOREIGN_KEY_PATH"",""path"":[{""column"":""initiative_id"",""parentColumn"":""id"",""parentSchema"":""public"",""parentTable"":""initiatives""}]}"
public,initiative_governance_gates,EXPORT,INITIATIVES,The live schema proves this tenant-owned relation through an exact organization discriminator or foreign-key path.,SQL_INSERT_INTO server/src/services/initiativeGovernanceService.ts:652; SQL_UPDATE server/src/services/initiativeGovernanceService.ts:742; SQL_FROM server/src/services/initiativeGovernanceService.ts:670; SQL_FROM server/src/services/initiativeGovernanceService.ts:681,,"{""column"":""organization_id"",""kind"":""DIRECT_COLUMN""}"
public,initiative_handoffs,EXPORT,INITIATIVES,The live schema proves this tenant-owned relation through an exact organization discriminator or foreign-key path.,SQL_INSERT_INTO server/src/services/initiative/stageHandoffService.ts:304; SQL_FROM server/src/services/initiative/initiativeTransitionConditions.ts:135,,"{""column"":""organization_id"",""kind"":""DIRECT_COLUMN""}"
public,initiative_history,EXCLUDE_SECURITY,NO_PROVABLE_TENANT_BOUNDARY,"The live schema proves no organization discriminator or foreign-key path, so exporting rows could cross tenant boundaries.",staging-schema-inventory.json::public.initiative_history reviewed ownership graph has no tenant path,NO_PROVABLE_TENANT_BOUNDARY,{}
public,initiative_intangible_assets,EXPORT,INITIATIVES,The live schema proves this tenant-owned relation through an exact organization discriminator or foreign-key path.,SQL_INSERT_INTO server/src/controllers/InitiativeController.ts:5391; SQL_UPDATE server/src/controllers/InitiativeController.ts:5466; SQL_DELETE_FROM server/src/controllers/InitiativeController.ts:5517; SQL_FROM server/src/controllers/InitiativeController.ts:5345; SQL_FROM server/src/services/v8/planningPortfolioReadService.ts:1389,,"{""column"":""organization_id"",""kind"":""DIRECT_COLUMN""}"
public,initiative_kpi_mappings,EXPORT,OPERATIONS,The live schema proves this tenant-owned relation through an exact organization discriminator or foreign-key path.,SQL_INSERT_INTO server/src/routes/benefits.routes.ts:1437; SQL_INSERT_INTO server/src/routes/v8/results.routes.ts:1188; SQL_INSERT_INTO server/src/services/initiative/initiativeKpiAssignmentService.ts:465; SQL_DELETE_FROM server/src/routes/benefits.routes.ts:467; SQL_DELETE_FROM server/src/routes/benefits.routes.ts:1464,,"{""column"":""organization_id"",""kind"":""DIRECT_COLUMN""}"
public,initiative_kpis,EXPORT,OPERATIONS,The live schema proves this tenant-owned relation through an exact organization discriminator or foreign-key path.,SQL_INSERT_INTO server/src/scripts/agentMigrationsIdempotencyRealDbProof.ts:110; SQL_INSERT_INTO server/src/services/health/healthProbeService.ts:859; SQL_INSERT_INTO server/src/services/results/kpiDefinitionService.ts:344; SQL_UPDATE server/src/services/initiative/initiativeKpiAssignmentService.ts:866; SQL_UPDATE server/src/services/results/kpiDefinitionService.ts:403,,"{""column"":""organization_id"",""kind"":""DIRECT_COLUMN""}"
public,initiative_lifecycle_gate_decisions,EXPORT,INITIATIVES,The live schema proves this tenant-owned relation through an exact organization discriminator or foreign-key path.,SQL_INSERT_INTO server/src/services/initiative/initiativeLifecycleGateDecisionService.ts:465; SQL_UPDATE server/src/scripts/t01InitiativeGateDecisionRealDbProof.ts:313; SQL_DELETE_FROM server/src/scripts/t01InitiativeGateDecisionRealDbProof.ts:322; SQL_FROM server/src/scripts/t01InitiativeGateDecisionRealDbProof.ts:361; SQL_FROM server/src/scripts/t01InterviewRealDbProof.ts:2557,,"{""column"":""organization_id"",""kind"":""DIRECT_COLUMN""}"
public,initiative_linked_items,EXCLUDE_SECURITY,ACTIVE_SEMANTIC_POLICY_MISSING,"The relation has a structural tenant path but no active semantic writer or reviewed privacy contract, so export fails closed.",organization-export-semantic-source-index.e1.json::public.initiative_linked_items ACTIVE_SEMANTIC_SOURCE_MISSING,ACTIVE_SEMANTIC_POLICY_MISSING,{}
public,initiative_milestone_dependencies,EXPORT,OPERATIONS,The live schema proves this tenant-owned relation through an exact organization discriminator or foreign-key path.,SQL_INSERT_INTO server/src/services/blueprintService.ts:392,,"{""column"":""organization_id"",""kind"":""DIRECT_COLUMN""}"
public,initiative_milestones,EXPORT,INITIATIVES,The live schema proves this tenant-owned relation through an exact organization discriminator or foreign-key path.,SQL_INSERT_INTO server/src/controllers/InitiativeController.ts:3916; SQL_INSERT_INTO server/src/domain/initiatives-execution/postgresMaterialCommandUnitOfWork.ts:266; SQL_INSERT_INTO server/src/routes/pmo/initiatives.routes.ts:1865; SQL_INSERT_INTO server/src/scripts/u03OwnerBackedExecutionRealDbProof.ts:7; SQL_INSERT_INTO server/src/services/blueprintService.ts:357,,"{""column"":""organization_id"",""kind"":""DIRECT_COLUMN""}"
public,initiative_profile_update_receipts,EXPORT,INITIATIVES,The live schema proves this tenant-owned relation through an exact organization discriminator or foreign-key path.,SQL_INSERT_INTO server/src/services/initiative/initiativeProfileService.ts:115; SQL_FROM server/src/services/initiative/initiativeProfileService.ts:76,,"{""column"":""organization_id"",""kind"":""DIRECT_COLUMN""}"
public,initiative_rebaseline_log,EXPORT,INITIATIVES,The live schema proves this tenant-owned relation through an exact organization discriminator or foreign-key path.,SQL_INSERT_INTO server/src/controllers/InitiativeController.ts:1504; SQL_INSERT_INTO server/src/controllers/InitiativeController.ts:4191; SQL_INSERT_INTO server/src/domain/initiatives-execution/postgresMaterialCommandUnitOfWork.ts:297,,"{""column"":""organization_id"",""kind"":""DIRECT_COLUMN""}"
public,initiative_resources,EXPORT,INITIATIVES,The live schema proves this tenant-owned relation through an exact organization discriminator or foreign-key path.,SQL_INSERT_INTO server/src/controllers/InitiativeController.ts:4609; SQL_INSERT_INTO server/src/domain/initiatives-execution/postgresMaterialCommandUnitOfWork.ts:322; SQL_INSERT_INTO server/src/services/blueprintService.ts:433; SQL_INSERT_INTO server/src/services/initiativeGovernanceService.ts:529; SQL_UPDATE server/src/controllers/InitiativeController.ts:4817,,"{""column"":""organization_id"",""kind"":""DIRECT_COLUMN""}"
public,initiative_schedule_baselines,EXPORT,INITIATIVES,The live schema proves this tenant-owned relation through an exact organization discriminator or foreign-key path.,SQL_INSERT_INTO server/src/services/initiative/initiativeTransitionService.ts:1042; SQL_FROM server/src/controllers/InitiativeController.ts:4355; SQL_FROM server/src/controllers/InitiativeController.ts:4397; SQL_FROM server/src/scripts/t01InterviewRealDbProof.ts:2562; SQL_JOIN server/src/services/signals/rules/execution/initiativeNoBaseline.ts:22,,"{""column"":""organization_id"",""kind"":""DIRECT_COLUMN""}"
public,initiative_section_types,EXPORT,INITIATIVES,The live schema proves this tenant-owned relation through an exact organization discriminator or foreign-key path.,SQL_INSERT_INTO server/src/services/initiativeSectionTypeService.ts:153; SQL_UPDATE server/src/services/initiativeSectionTypeService.ts:267; SQL_UPDATE server/src/services/initiativeSectionTypeService.ts:285; SQL_FROM server/src/services/initiativeSectionTypeService.ts:91; SQL_FROM server/src/services/initiativeSectionTypeService.ts:122,,"{""column"":""organization_id"",""kind"":""DIRECT_COLUMN""}"
public,initiative_stakeholders,EXPORT,INITIATIVES,The live schema proves this tenant-owned relation through an exact organization discriminator or foreign-key path.,SQL_INSERT_INTO server/src/controllers/InitiativeController.ts:5663; SQL_DELETE_FROM server/src/controllers/InitiativeController.ts:5756; SQL_FROM server/src/controllers/InitiativeController.ts:5553; SQL_FROM server/src/controllers/InitiativeController.ts:5746; SQL_FROM server/src/routes/v8/my-work.routes.ts:2402,,"{""kind"":""FOREIGN_KEY_PATH"",""path"":[{""column"":""initiative_id"",""parentColumn"":""id"",""parentSchema"":""public"",""parentTable"":""initiatives""}]}"
public,initiative_status_history,EXPORT,INITIATIVES,The live schema proves this tenant-owned relation through an exact organization discriminator or foreign-key path.,SQL_INSERT_INTO server/src/services/initiative/initiativeTransitionService.ts:1567; SQL_INSERT_INTO server/src/services/initiative/initiativeTransitionService.ts:2158; SQL_FROM server/src/controllers/InitiativeController.ts:7108; SQL_FROM server/src/controllers/InitiativeController.ts:7137; SQL_FROM server/src/scripts/t01InterviewRealDbProof.ts:2559,,"{""column"":""organization_id"",""kind"":""DIRECT_COLUMN""}"
public,initiative_suggested_changes,EXPORT,INITIATIVES,The live schema proves this tenant-owned relation through an exact organization discriminator or foreign-key path.,SQL_INSERT_INTO server/src/services/initiative/suggestedChangesService.ts:121; SQL_UPDATE server/src/services/initiative/suggestedChangesService.ts:189; SQL_FROM server/src/services/initiative/suggestedChangesService.ts:139; SQL_FROM server/src/services/initiative/suggestedChangesService.ts:156; SQL_FROM server/src/services/initiative/suggestedChangesService.ts:182,,"{""column"":""organization_id"",""kind"":""DIRECT_COLUMN""}"
public,initiative_templates,EXPORT,OPERATIONS,The live schema proves this tenant-owned relation through an exact organization discriminator or foreign-key path.,SQL_INSERT_INTO server/src/services/blueprintService.ts:614; SQL_INSERT_INTO server/src/services/blueprintService.ts:619; SQL_INSERT_INTO server/src/services/initiativeTemplateService.ts:184; SQL_UPDATE server/src/services/initiativeTemplateService.ts:302; SQL_DELETE_FROM server/src/services/initiativeTemplateService.ts:372,,"{""column"":""organization_id"",""kind"":""DIRECT_COLUMN""}"
public,initiative_tools,EXPORT,INITIATIVES,The live schema proves this tenant-owned relation through an exact organization discriminator or foreign-key path.,SQL_INSERT_INTO server/src/controllers/InitiativeController.ts:5201; SQL_UPDATE server/src/controllers/InitiativeController.ts:5257; SQL_DELETE_FROM server/src/controllers/InitiativeController.ts:5302; SQL_FROM server/src/controllers/InitiativeController.ts:5168; SQL_FROM server/src/routes/portfolioOptimization.routes.ts:247,,"{""column"":""organization_id"",""kind"":""DIRECT_COLUMN""}"
public,initiative_watchers,EXCLUDE_SECURITY,NO_PROVABLE_TENANT_BOUNDARY,"The live schema proves no organization discriminator or foreign-key path, so exporting rows could cross tenant boundaries.",staging-schema-inventory.json::public.initiative_watchers reviewed ownership graph has no tenant path,NO_PROVABLE_TENANT_BOUNDARY,{}
public,initiative_wizard_audit_events,EXPORT,INITIATIVES,The live schema proves this tenant-owned relation through an exact organization discriminator or foreign-key path.,SQL_INSERT_INTO server/src/services/initiative/initiativeWizardService.ts:190; SQL_FROM server/src/services/initiative/initiativeWizardService.ts:977,,"{""column"":""organization_id"",""kind"":""DIRECT_COLUMN""}"
public,initiative_wizard_candidates,EXPORT,INITIATIVES,The live schema proves this tenant-owned relation through an exact organization discriminator or foreign-key path.,SQL_INSERT_INTO server/src/services/initiative/initiativeWizardService.ts:763; SQL_UPDATE server/src/services/initiative/initiativeWizardService.ts:996; SQL_FROM server/src/services/initiative/initiativeWizardService.ts:818; SQL_FROM server/src/services/initiative/initiativeWizardService.ts:1010,,"{""column"":""organization_id"",""kind"":""DIRECT_COLUMN""}"
public,initiative_wizard_sessions,EXPORT,INITIATIVES,The live schema proves this tenant-owned relation through an exact organization discriminator or foreign-key path.,SQL_INSERT_INTO server/src/services/initiative/initiativeWizardService.ts:677; SQL_FROM server/src/services/initiative/initiativeWizardService.ts:715; SQL_FROM server/src/services/initiative/initiativeWizardService.ts:744,,"{""column"":""organization_id"",""kind"":""DIRECT_COLUMN""}"
public,initiatives,EXPORT,INITIATIVES,The live schema proves this tenant-owned relation through an exact organization discriminator or foreign-key path.,SQL_INSERT_INTO server/src/controllers/InitiativeController.ts:825; SQL_INSERT_INTO server/src/controllers/InitiativeController.ts:885; SQL_INSERT_INTO server/src/controllers/ToolController.ts:2719; SQL_INSERT_INTO server/src/routes/assessment-workflow-v2.routes.ts:1416; SQL_INSERT_INTO server/src/routes/economics.routes.ts:1977,,"{""column"":""organization_id"",""kind"":""DIRECT_COLUMN""}"
public,insight_source_baskets,EXPORT,OPERATIONS,The live schema proves this tenant-owned relation through an exact organization discriminator or foreign-key path.,SQL_INSERT_INTO server/src/services/insightSourceBasketService.ts:174; SQL_UPDATE server/src/services/insightSourceBasketService.ts:223; SQL_UPDATE server/src/services/insightSourceBasketService.ts:270; SQL_DELETE_FROM server/src/services/insightSourceBasketService.ts:250; SQL_FROM server/src/services/insightSourceBasketService.ts:141,,"{""column"":""organization_id"",""kind"":""DIRECT_COLUMN""}"
public,integration_api_keys,EXCLUDE_SECURITY,SECURITY_CREDENTIALS_AND_SESSIONS,"The reviewed relation contains authentication, credential, session, recovery, signing, or token-vault material and is excluded in full.",staging-schema-inventory.json::public.integration_api_keys; reviewed exact credential identity list,CREDENTIAL_OR_SESSION_MATERIAL,{}
public,integration_audit_log,EXPORT,OPERATIONS,The live schema proves this tenant-owned relation through an exact organization discriminator or foreign-key path.,SQL_INSERT_INTO server/src/routes/syncHub.routes.ts:72; SQL_INSERT_INTO server/src/routes/v8/sync.routes.ts:134; SQL_INSERT_INTO server/src/routes/v8/sync.routes.ts:722; SQL_INSERT_INTO server/src/routes/v8/sync.routes.ts:2354; SQL_INSERT_INTO server/src/routes/v8/sync.routes.ts:2494,,"{""column"":""organization_id"",""kind"":""DIRECT_COLUMN""}"
public,integration_connection_events,EXPORT,OPERATIONS,The live schema proves this tenant-owned relation through an exact organization discriminator or foreign-key path.,SQL_INSERT_INTO server/src/services/integrationConnectionLogService.ts:74; SQL_FROM server/src/services/integrationConnectionLogService.ts:146; SQL_FROM server/src/services/integrationConnectionLogService.ts:177,,"{""column"":""organization_id"",""kind"":""DIRECT_COLUMN""}"
public,integration_connectors,EXPORT,OPERATIONS,The live schema proves this tenant-owned relation through an exact organization discriminator or foreign-key path.,SQL_INSERT_INTO server/src/services/enterprisePlatformService.ts:28; SQL_UPDATE server/src/services/enterprisePlatformService.ts:93; SQL_UPDATE server/src/services/enterprisePlatformService.ts:109; SQL_DELETE_FROM server/src/services/enterprisePlatformService.ts:101; SQL_FROM server/src/services/enterprisePlatformService.ts:46,,"{""column"":""organization_id"",""kind"":""DIRECT_COLUMN""}"
public,integration_oauth_tokens,EXCLUDE_SECURITY,SECURITY_CREDENTIALS_AND_SESSIONS,"The reviewed relation contains authentication, credential, session, recovery, signing, or token-vault material and is excluded in full.",staging-schema-inventory.json::public.integration_oauth_tokens; reviewed exact credential identity list,CREDENTIAL_OR_SESSION_MATERIAL,{}
public,integration_ownership,EXPORT,OPERATIONS,The live schema proves this tenant-owned relation through an exact organization discriminator or foreign-key path.,SQL_INSERT_INTO server/src/services/integrationOwnershipService.ts:46; SQL_FROM server/src/routes/adminIntegrations.routes.ts:42; SQL_FROM server/src/routes/adminIntegrations.routes.ts:68; SQL_FROM server/src/routes/adminIntegrations.routes.ts:81; SQL_FROM server/src/routes/adminIntegrations.routes.ts:97,,"{""column"":""organization_id"",""kind"":""DIRECT_COLUMN""}"
public,integration_providers,EXCLUDE_SECURITY,NO_PROVABLE_TENANT_BOUNDARY,"The live schema proves no organization discriminator or foreign-key path, so exporting rows could cross tenant boundaries.",staging-schema-inventory.json::public.integration_providers reviewed ownership graph has no tenant path,NO_PROVABLE_TENANT_BOUNDARY,{}
public,integration_queue,EXPORT,OPERATIONS,The live schema proves this tenant-owned relation through an exact organization discriminator or foreign-key path.,SQL_INSERT_INTO server/src/services/enterprisePlatformService.ts:128; SQL_UPDATE server/src/services/enterprisePlatformService.ts:152; SQL_UPDATE server/src/services/enterprisePlatformService.ts:166; SQL_UPDATE server/src/services/enterprisePlatformService.ts:173; SQL_FROM server/src/services/enterprisePlatformService.ts:144,,"{""column"":""organization_id"",""kind"":""DIRECT_COLUMN""}"
public,integration_secrets,EXCLUDE_SECURITY,SECURITY_CREDENTIALS_AND_SESSIONS,"The reviewed relation contains authentication, credential, session, recovery, signing, or token-vault material and is excluded in full.",staging-schema-inventory.json::public.integration_secrets; reviewed exact credential identity list,CREDENTIAL_OR_SESSION_MATERIAL,{}
public,integration_sync_log,EXPORT,TASKS,The live schema proves this tenant-owned relation through an exact organization discriminator or foreign-key path.,SQL_INSERT_INTO server/src/controllers/TaskController.ts:310; SQL_INSERT_INTO server/src/controllers/TaskController.ts:337; SQL_INSERT_INTO server/src/routes/integrations/calendarIntegrations.routes.ts:77; SQL_INSERT_INTO server/src/routes/integrations/calendarIntegrations.routes.ts:102; SQL_INSERT_INTO server/src/routes/integrations/integrations.routes.ts:1186,,"{""kind"":""FOREIGN_KEY_PATH"",""path"":[{""column"":""integration_id"",""parentColumn"":""id"",""parentSchema"":""public"",""parentTable"":""integrations""}]}"
public,integration_sync_logs,EXPORT,OPERATIONS,The live schema proves this tenant-owned relation through an exact organization discriminator or foreign-key path.,SQL_INSERT_INTO server/src/services/integrationHubService.ts:641; SQL_FROM server/src/services/integrationHubService.ts:652,,"{""column"":""organization_id"",""kind"":""DIRECT_COLUMN""}"
public,integration_sync_mappings,EXPORT,TASKS,The live schema proves this tenant-owned relation through an exact organization discriminator or foreign-key path.,SQL_INSERT_INTO server/src/controllers/TaskController.ts:452; SQL_INSERT_INTO server/src/routes/cloud.routes.ts:376; SQL_INSERT_INTO server/src/routes/integrations/integrations.routes.ts:1148; SQL_INSERT_INTO server/src/routes/report-builder.routes.ts:4584; SQL_INSERT_INTO server/src/services/integrationHubService.ts:746,,"{""kind"":""FOREIGN_KEY_PATH"",""path"":[{""column"":""integration_id"",""parentColumn"":""id"",""parentSchema"":""public"",""parentTable"":""integrations""}]}"
public,integration_sync_runs,EXPORT,OPERATIONS,The live schema proves this tenant-owned relation through an exact organization discriminator or foreign-key path.,SQL_INSERT_INTO server/src/routes/syncHub.routes.ts:638; SQL_INSERT_INTO server/src/routes/v8/sync.routes.ts:1942; SQL_INSERT_INTO server/src/routes/v8/sync.routes.ts:2340; SQL_UPDATE server/src/routes/syncHub.routes.ts:650; SQL_UPDATE server/src/routes/syncHub.routes.ts:680,,"{""column"":""organization_id"",""kind"":""DIRECT_COLUMN""}"
public,integration_webhooks,EXPORT,INTEGRATIONS,The live schema proves this tenant-owned relation through an exact organization discriminator or foreign-key path.,EXPLICIT_POLICY docs/ssot/organization-export-explicit-semantic-overrides.e1.json::public.integration_webhooks,,"{""kind"":""FOREIGN_KEY_PATH"",""path"":[{""column"":""integration_id"",""parentColumn"":""id"",""parentSchema"":""public"",""parentTable"":""integrations""}]}"
public,integrations,EXPORT,OPERATIONS,The live schema proves this tenant-owned relation through an exact organization discriminator or foreign-key path.,SQL_INSERT_INTO server/src/routes/integrations/integrations.routes.ts:229; SQL_INSERT_INTO server/src/routes/integrations/integrations.routes.ts:302; SQL_INSERT_INTO server/src/routes/integrations/integrations.routes.ts:320; SQL_INSERT_INTO server/src/routes/integrations/integrations.routes.ts:338; SQL_INSERT_INTO server/src/routes/settings.routes.ts:1943,,"{""column"":""organization_id"",""kind"":""DIRECT_COLUMN""}"
public,interview_ai_parse_log,EXPORT,INTERVIEW,The live schema proves this tenant-owned relation through an exact organization discriminator or foreign-key path.,EXPLICIT_POLICY docs/ssot/organization-export-explicit-semantic-overrides.e1.json::public.interview_ai_parse_log,,"{""column"":""organization_id"",""kind"":""DIRECT_COLUMN""}"
public,interview_ai_suggestion_audit,EXPORT,INTERVIEW,The live schema proves this tenant-owned relation through an exact organization discriminator or foreign-key path.,SQL_INSERT_INTO server/src/controllers/InterviewController.ts:7136; SQL_UPDATE server/src/controllers/InterviewController.ts:7222; SQL_UPDATE server/src/controllers/InterviewController.ts:7841; SQL_FROM server/src/controllers/InterviewController.ts:7191,,"{""column"":""organization_id"",""kind"":""DIRECT_COLUMN""}"
public,interview_answer_history,EXPORT,INTERVIEW,The live schema proves this tenant-owned relation through an exact organization discriminator or foreign-key path.,SQL_INSERT_INTO server/src/controllers/InterviewController.ts:1358; SQL_FROM server/src/controllers/InterviewController.ts:5005; SQL_FROM server/src/services/interview/interviewCandidateHandoff.ts:292; SQL_FROM server/src/services/interview/interviewCandidateHandoff.ts:336,,"{""column"":""organization_id"",""kind"":""DIRECT_COLUMN""}"
public,interview_answers,EXPORT,INTERVIEW,The live schema proves this tenant-owned relation through an exact organization discriminator or foreign-key path.,EXPLICIT_POLICY docs/ssot/organization-export-explicit-semantic-overrides.e1.json::public.interview_answers,,"{""column"":""organization_id"",""kind"":""DIRECT_COLUMN""}"
public,interview_assignment_events,EXPORT,INTERVIEW,The live schema proves this tenant-owned relation through an exact organization discriminator or foreign-key path.,EXPLICIT_POLICY docs/ssot/organization-export-explicit-semantic-overrides.e1.json::public.interview_assignment_events,,"{""column"":""organization_id"",""kind"":""DIRECT_COLUMN""}"
public,interview_assignment_members,EXCLUDE_SECURITY,NO_PROVABLE_TENANT_BOUNDARY,"The live schema proves no organization discriminator or foreign-key path, so exporting rows could cross tenant boundaries.",staging-schema-inventory.json::public.interview_assignment_members reviewed ownership graph has no tenant path,NO_PROVABLE_TENANT_BOUNDARY,{}
public,interview_assignment_session_duplicate_quarantine,EXCLUDE_SECURITY,NO_PROVABLE_TENANT_BOUNDARY,"The live schema proves no organization discriminator or foreign-key path, so exporting rows could cross tenant boundaries.",staging-schema-inventory.json::public.interview_assignment_session_duplicate_quarantine reviewed ownership graph has no tenant path,NO_PROVABLE_TENANT_BOUNDARY,{}
public,interview_assignments,EXPORT,INTERVIEW,Interview business content is included under DEC-493 through the existing confidentiality-aware projector without person identification.,server/src/services/organizationExportInterviewContract.ts,,"{""column"":""organization_id"",""kind"":""DIRECT_COLUMN""}"
public,interview_candidate_handoffs,EXPORT,INTERVIEW,The live schema proves this tenant-owned relation through an exact organization discriminator or foreign-key path.,EXPLICIT_POLICY docs/ssot/organization-export-explicit-semantic-overrides.e1.json::public.interview_candidate_handoffs,,"{""column"":""organization_id"",""kind"":""DIRECT_COLUMN""}"
public,interview_context_exports,EXPORT,INTERVIEW,The live schema proves this tenant-owned relation through an exact organization discriminator or foreign-key path.,SQL_INSERT_INTO server/src/controllers/InterviewController.ts:9040; SQL_INSERT_INTO server/src/controllers/InterviewController.ts:10007,,"{""column"":""organization_id"",""kind"":""DIRECT_COLUMN""}"
public,interview_diagnostics_snapshots,EXPORT,INTERVIEW,The live schema proves this tenant-owned relation through an exact organization discriminator or foreign-key path.,SQL_INSERT_INTO server/src/services/interviewEnterpriseService.ts:516; SQL_INSERT_INTO server/src/services/legacyCutover/registry/interview.ts:144; SQL_FROM server/src/services/interviewEnterpriseService.ts:551,,"{""column"":""organization_id"",""kind"":""DIRECT_COLUMN""}"
public,interview_distributions,EXPORT,INTERVIEW,The live schema proves this tenant-owned relation through an exact organization discriminator or foreign-key path.,EXPLICIT_POLICY docs/ssot/organization-export-explicit-semantic-overrides.e1.json::public.interview_distributions,,"{""column"":""organization_id"",""kind"":""DIRECT_COLUMN""}"
public,interview_evidence,EXPORT,INTERVIEW,Interview business content is included under DEC-493 through the existing confidentiality-aware projector without person identification.,server/src/services/organizationExportInterviewContract.ts,,"{""column"":""organization_id"",""kind"":""DIRECT_COLUMN""}"
public,interview_evidence_access_log,EXPORT,INTERVIEW,The live schema proves this tenant-owned relation through an exact organization discriminator or foreign-key path.,EXPLICIT_POLICY docs/ssot/organization-export-explicit-semantic-overrides.e1.json::public.interview_evidence_access_log,,"{""column"":""organization_id"",""kind"":""DIRECT_COLUMN""}"
public,interview_findings,EXPORT,INTERVIEW,The live schema proves this tenant-owned relation through an exact organization discriminator or foreign-key path.,SQL_INSERT_INTO server/src/services/interviewEnterpriseService.ts:584; SQL_INSERT_INTO server/src/services/legacyCutover/registry/interview.ts:155; SQL_UPDATE server/src/services/interviewEnterpriseService.ts:657; SQL_UPDATE server/src/services/interviewEnterpriseService.ts:665; SQL_UPDATE server/src/services/legacyCutover/registry/interview.ts:166,,"{""column"":""organization_id"",""kind"":""DIRECT_COLUMN""}"
public,interview_inference_runs,EXPORT,INTERVIEW,The live schema proves this tenant-owned relation through an exact organization discriminator or foreign-key path.,EXPLICIT_POLICY docs/ssot/organization-export-explicit-semantic-overrides.e1.json::public.interview_inference_runs,,"{""column"":""organization_id"",""kind"":""DIRECT_COLUMN""}"
public,interview_insight_activity,EXPORT,INTERVIEW,The live schema proves this tenant-owned relation through an exact organization discriminator or foreign-key path.,EXPLICIT_POLICY docs/ssot/organization-export-explicit-semantic-overrides.e1.json::public.interview_insight_activity,,"{""column"":""organization_id"",""kind"":""DIRECT_COLUMN""}"
public,interview_insight_audit_log,EXPORT,INTERVIEW,The live schema proves this tenant-owned relation through an exact organization discriminator or foreign-key path.,SQL_INSERT_INTO server/src/routes/v8/interview.routes.ts:1057; SQL_INSERT_INTO server/src/routes/v8/interview.routes.ts:1130; SQL_INSERT_INTO server/src/services/interviewInsightReportPackService.ts:1073; SQL_INSERT_INTO server/src/services/interviewInsightReportPackService.ts:1108; SQL_INSERT_INTO server/src/services/interviewInsightReportPackService.ts:1185,,"{""column"":""organization_id"",""kind"":""DIRECT_COLUMN""}"
public,interview_insight_candidates,EXPORT,INTERVIEW,The live schema proves this tenant-owned relation through an exact organization discriminator or foreign-key path.,SQL_INSERT_INTO server/src/services/v8/interviewInsightCandidateService.ts:276; SQL_UPDATE server/src/services/v8/interviewInsightCandidateService.ts:381; SQL_UPDATE server/src/services/v8/interviewInsightCandidateService.ts:479; SQL_FROM server/src/services/v8/interviewInsightCandidateService.ts:229; SQL_FROM server/src/services/v8/interviewInsightCandidateService.ts:308,,"{""column"":""organization_id"",""kind"":""DIRECT_COLUMN""}"
public,interview_insight_evidence_pointers,EXPORT,INTERVIEW_DECISIONS,Interview findings and decisions are tenant-owned content gated by persisted provenance and the existing privacy projector.,server/src/services/organizationExportDecisionContract.ts,,"{""column"":""organization_id"",""kind"":""DIRECT_COLUMN""}"
public,interview_insight_exports,EXPORT,INTERVIEW,The live schema proves this tenant-owned relation through an exact organization discriminator or foreign-key path.,SQL_INSERT_INTO server/src/controllers/InterviewController.ts:9989; SQL_INSERT_INTO server/src/controllers/InterviewController.ts:10127; SQL_INSERT_INTO server/src/routes/v8/interview.routes.ts:1723; SQL_INSERT_INTO server/src/routes/v8/interview.routes.ts:1806; SQL_FROM server/src/controllers/InterviewController.ts:9848,,"{""column"":""organization_id"",""kind"":""DIRECT_COLUMN""}"
public,interview_insight_findings,EXPORT,INTERVIEW_DECISIONS,Interview findings and decisions are tenant-owned content gated by persisted provenance and the existing privacy projector.,server/src/services/organizationExportDecisionContract.ts,,"{""column"":""organization_id"",""kind"":""DIRECT_COLUMN""}"
public,interview_insight_handoffs,EXPORT,INTERVIEW_DECISIONS,Interview findings and decisions are tenant-owned content gated by persisted provenance and the existing privacy projector.,server/src/services/organizationExportDecisionContract.ts,,"{""column"":""organization_id"",""kind"":""DIRECT_COLUMN""}"
public,interview_insights,EXPORT,INTERVIEW_DECISIONS,Interview findings and decisions are tenant-owned content gated by persisted provenance and the existing privacy projector.,server/src/services/organizationExportDecisionContract.ts,,"{""column"":""organization_id"",""kind"":""DIRECT_COLUMN""}"
public,interview_library_template_questions,EXPORT,INTERVIEW,The live schema proves this tenant-owned relation through an exact organization discriminator or foreign-key path.,SQL_INSERT_INTO server/src/controllers/InterviewController.ts:6409; SQL_INSERT_INTO server/src/controllers/InterviewController.ts:6784; SQL_INSERT_INTO server/src/services/interview/interviewTemplatePublicationService.ts:240; SQL_INSERT_INTO server/src/services/v8/transformationCaseService.ts:2879; SQL_UPDATE server/src/controllers/InterviewController.ts:6948,,"{""kind"":""FOREIGN_KEY_PATH"",""path"":[{""column"":""template_id"",""parentColumn"":""id"",""parentSchema"":""public"",""parentTable"":""interview_library_templates""}]}"
public,interview_library_template_versions,EXPORT,INTERVIEW,The live schema proves this tenant-owned relation through an exact organization discriminator or foreign-key path.,SQL_INSERT_INTO server/src/services/interview/interviewTemplatePublicationService.ts:102; SQL_INSERT_INTO server/src/services/interview/interviewTemplatePublicationService.ts:380; SQL_FROM server/src/controllers/InterviewController.ts:6092; SQL_FROM server/src/controllers/InterviewController.ts:6173; SQL_FROM server/src/services/interview/interviewTemplatePublicationService.ts:158,,"{""column"":""organization_id"",""kind"":""DIRECT_COLUMN""}"
public,interview_library_templates,EXPORT,INTERVIEW,The live schema proves this tenant-owned relation through an exact organization discriminator or foreign-key path.,SQL_INSERT_INTO server/src/controllers/InterviewController.ts:6305; SQL_INSERT_INTO server/src/controllers/InterviewController.ts:6379; SQL_INSERT_INTO server/src/services/v8/transformationCaseService.ts:2864; SQL_UPDATE server/src/controllers/InterviewController.ts:6496; SQL_UPDATE server/src/controllers/InterviewController.ts:6524,,"{""column"":""organization_id"",""kind"":""DIRECT_COLUMN""}"
public,interview_messages,EXPORT,INTERVIEW,The live schema proves this tenant-owned relation through an exact organization discriminator or foreign-key path.,EXPLICIT_POLICY docs/ssot/organization-export-explicit-semantic-overrides.e1.json::public.interview_messages,,"{""kind"":""FOREIGN_KEY_PATH"",""path"":[{""column"":""session_id"",""parentColumn"":""id"",""parentSchema"":""public"",""parentTable"":""interview_sessions""}]}"
public,interview_notes,EXPORT,INTERVIEW,Interview business content is included under DEC-493 through the existing confidentiality-aware projector without person identification.,server/src/services/organizationExportInterviewContract.ts,,"{""column"":""organization_id"",""kind"":""DIRECT_COLUMN""}"
public,interview_notifications,EXCLUDE_SECURITY,NO_PROVABLE_TENANT_BOUNDARY,"The live schema proves no organization discriminator or foreign-key path, so exporting rows could cross tenant boundaries.",staging-schema-inventory.json::public.interview_notifications reviewed ownership graph has no tenant path,NO_PROVABLE_TENANT_BOUNDARY,{}
public,interview_public_answer_receipts,EXPORT,INTERVIEW,The live schema proves this tenant-owned relation through an exact organization discriminator or foreign-key path.,SQL_INSERT_INTO server/src/services/interviewPublicAnswerService.ts:308; SQL_FROM server/src/services/interviewPublicAnswerService.ts:231; SQL_FROM server/src/services/interviewPublicAnswerService.ts:360,,"{""column"":""organization_id"",""kind"":""DIRECT_COLUMN""}"
public,interview_question_templates,EXCLUDE_SECURITY,NO_PROVABLE_TENANT_BOUNDARY,"The live schema proves no organization discriminator or foreign-key path, so exporting rows could cross tenant boundaries.",staging-schema-inventory.json::public.interview_question_templates reviewed ownership graph has no tenant path,NO_PROVABLE_TENANT_BOUNDARY,{}
public,interview_questions,EXPORT,INTERVIEW,Interview business content is included under DEC-493 through the existing confidentiality-aware projector without person identification.,server/src/services/organizationExportInterviewContract.ts,,"{""column"":""organization_id"",""kind"":""DIRECT_COLUMN""}"
public,interview_quotas,EXPORT,INTERVIEW,The live schema proves this tenant-owned relation through an exact organization discriminator or foreign-key path.,SQL_INSERT_INTO server/src/services/interviewEnterpriseService.ts:244; SQL_INSERT_INTO server/src/services/legacyCutover/registry/interview.ts:89; SQL_FROM server/src/services/interviewEnterpriseService.ts:254,,"{""column"":""organization_id"",""kind"":""DIRECT_COLUMN""}"
public,interview_reminder_schedules,EXPORT,INTERVIEW,The live schema proves this tenant-owned relation through an exact organization discriminator or foreign-key path.,SQL_INSERT_INTO server/src/services/interviewEnterpriseService.ts:428; SQL_INSERT_INTO server/src/services/legacyCutover/registry/interview.ts:133,,"{""column"":""organization_id"",""kind"":""DIRECT_COLUMN""}"
public,interview_report_pack_revisions,EXPORT,INTERVIEW,The live schema proves this tenant-owned relation through an exact organization discriminator or foreign-key path.,SQL_INSERT_INTO server/src/services/interviewInsightReportPackService.ts:1371; SQL_FROM server/src/services/interviewInsightReportPackService.ts:1362,,"{""column"":""organization_id"",""kind"":""DIRECT_COLUMN""}"
public,interview_report_pack_worksheets,EXPORT,INTERVIEW,The live schema proves this tenant-owned relation through an exact organization discriminator or foreign-key path.,SQL_INSERT_INTO server/src/services/interviewInsightReportPackService.ts:1480; SQL_UPDATE server/src/services/interviewInsightReportPackService.ts:1582; SQL_FROM server/src/services/interviewInsightReportPackService.ts:954; SQL_FROM server/src/services/interviewInsightReportPackService.ts:1547; SQL_FROM server/src/services/interviewInsightReportPackService.ts:1590,,"{""column"":""organization_id"",""kind"":""DIRECT_COLUMN""}"
public,interview_report_packs,EXPORT,INTERVIEW,The live schema proves this tenant-owned relation through an exact organization discriminator or foreign-key path.,EXPLICIT_POLICY docs/ssot/organization-export-explicit-semantic-overrides.e1.json::public.interview_report_packs,,"{""column"":""organization_id"",""kind"":""DIRECT_COLUMN""}"
public,interview_respondent_segments,EXPORT,INTERVIEW,The live schema proves this tenant-owned relation through an exact organization discriminator or foreign-key path.,SQL_INSERT_INTO server/src/services/interviewEnterpriseService.ts:193; SQL_INSERT_INTO server/src/services/legacyCutover/registry/interview.ts:78; SQL_FROM server/src/services/interviewEnterpriseService.ts:209; SQL_FROM server/src/services/interviewEnterpriseService.ts:231; SQL_FROM server/src/services/interviewEnterpriseService.ts:693,,"{""column"":""organization_id"",""kind"":""DIRECT_COLUMN""}"
public,interview_sessions,EXPORT,INTERVIEW,Interview business content is included under DEC-493 through the existing confidentiality-aware projector without person identification.,server/src/services/organizationExportInterviewContract.ts,,"{""column"":""organization_id"",""kind"":""DIRECT_COLUMN""}"
public,interview_template_questions,EXPORT,INTERVIEW,The live schema proves this tenant-owned relation through an exact organization discriminator or foreign-key path.,EXPLICIT_POLICY docs/ssot/organization-export-explicit-semantic-overrides.e1.json::public.interview_template_questions,,"{""kind"":""FOREIGN_KEY_PATH"",""path"":[{""column"":""template_id"",""parentColumn"":""id"",""parentSchema"":""public"",""parentTable"":""interview_templates""}]}"
public,interview_templates,EXPORT,INTERVIEW,The live schema proves this tenant-owned relation through an exact organization discriminator or foreign-key path.,SQL_FROM server/src/services/interview/interviewCandidateHandoff.ts:329,,"{""column"":""organization_id"",""kind"":""DIRECT_COLUMN""}"
public,interview_transcript_messages,EXPORT,INTERVIEW,The live schema proves this tenant-owned relation through an exact organization discriminator or foreign-key path.,SQL_INSERT_INTO server/src/services/interviewTranscriptService.ts:33; SQL_DELETE_FROM server/src/services/interviewTranscriptService.ts:85; SQL_FROM server/src/services/interviewTranscriptService.ts:56; SQL_FROM server/src/services/interviewTranscriptService.ts:76,,"{""column"":""organization_id"",""kind"":""DIRECT_COLUMN""}"
public,invitation_events,EXPORT,OPERATIONS,The live schema proves this tenant-owned relation through an exact organization discriminator or foreign-key path.,SQL_INSERT_INTO server/src/_backup/ts-js-collisions/jobs/invitationCleanupJob.js:27; SQL_INSERT_INTO server/src/jobs/invitationCleanupJob.ts:29; SQL_INSERT_INTO server/src/services/adminIamCommandService.ts:180; SQL_INSERT_INTO server/src/services/adminIamCommandService.ts:217; SQL_INSERT_INTO server/src/services/adminIamCommandService.ts:231,,"{""kind"":""FOREIGN_KEY_PATH"",""path"":[{""column"":""invitation_id"",""parentColumn"":""id"",""parentSchema"":""public"",""parentTable"":""invitations""}]}"
public,invitations,EXPORT,ADMIN_SECURITY,The live schema proves this tenant-owned relation through an exact organization discriminator or foreign-key path.,SQL_INSERT_INTO server/src/services/adminIamCommandService.ts:161; SQL_INSERT_INTO server/src/services/invitation/InvitationDataService.ts:80; SQL_UPDATE server/src/_backup/ts-js-collisions/jobs/invitationCleanupJob.js:69; SQL_UPDATE server/src/jobs/invitationCleanupJob.ts:71; SQL_UPDATE server/src/services/adminIamCommandService.ts:213,,"{""column"":""organization_id"",""kind"":""DIRECT_COLUMN""}"
public,invoice_reminders_sent,EXCLUDE_SECURITY,NO_PROVABLE_TENANT_BOUNDARY,"The live schema proves no organization discriminator or foreign-key path, so exporting rows could cross tenant boundaries.",staging-schema-inventory.json::public.invoice_reminders_sent reviewed ownership graph has no tenant path,NO_PROVABLE_TENANT_BOUNDARY,{}
public,invoice_templates,EXPORT,OPERATIONS,The live schema proves this tenant-owned relation through an exact organization discriminator or foreign-key path.,SQL_INSERT_INTO server/src/routes/billing/billing.routes.ts:3932; SQL_INSERT_INTO server/src/routes/billing/billing.routes.ts:3970; SQL_INSERT_INTO server/src/routes/billing/billing.routes.ts:4116; SQL_UPDATE server/src/routes/billing/billing.routes.ts:4024; SQL_UPDATE server/src/routes/billing/billing.routes.ts:4030,,"{""column"":""organization_id"",""kind"":""DIRECT_COLUMN""}"
public,invoices,EXPORT,OPERATIONS,The live schema proves this tenant-owned relation through an exact organization discriminator or foreign-key path.,SQL_INSERT_INTO server/src/routes/billing.routes.ts:329; SQL_INSERT_INTO server/src/routes/billing/billing.routes.ts:1284; SQL_INSERT_INTO server/src/routes/superadmin.routes.ts:1697; SQL_INSERT_INTO server/src/services/InvoiceService.ts:225; SQL_INSERT_INTO server/src/services/billing/BillingCommandService.ts:1065,,"{""column"":""organization_id"",""kind"":""DIRECT_COLUMN""}"
public,ip_access_rules,EXPORT,ADMIN_SECURITY,The live schema proves this tenant-owned relation through an exact organization discriminator or foreign-key path.,SQL_UPDATE server/src/controllers/superadmin/securityController.ts:172; SQL_FROM server/src/controllers/superadmin/securityController.ts:138,,"{""column"":""organization_id"",""kind"":""DIRECT_COLUMN""}"
public,ip_whitelist,EXPORT,ADMIN_SECURITY,The live schema proves this tenant-owned relation through an exact organization discriminator or foreign-key path.,SQL_INSERT_INTO server/src/services/securityService.ts:398; SQL_FROM server/src/services/securityService.ts:373,,"{""column"":""organization_id"",""kind"":""DIRECT_COLUMN""}"
public,journey_events,EXPORT,OPERATIONS,The live schema proves this tenant-owned relation through an exact organization discriminator or foreign-key path.,SQL_INSERT_INTO server/src/services/behaviorIntelligenceService.ts:53; SQL_INSERT_INTO server/src/services/sellixIntegrationService.ts:300; SQL_FROM server/src/routes/journeyAnalytics.routes.ts:81; SQL_FROM server/src/routes/journeyAnalytics.routes.ts:102; SQL_FROM server/src/services/behaviorIntelligenceService.ts:145,,"{""column"":""organization_id"",""kind"":""DIRECT_COLUMN""}"
public,kb_article_collections,EXCLUDE_SECURITY,NO_PROVABLE_TENANT_BOUNDARY,"The live schema proves no organization discriminator or foreign-key path, so exporting rows could cross tenant boundaries.",staging-schema-inventory.json::public.kb_article_collections reviewed ownership graph has no tenant path,NO_PROVABLE_TENANT_BOUNDARY,{}
public,kb_article_sources,EXCLUDE_SECURITY,NO_PROVABLE_TENANT_BOUNDARY,"The live schema proves no organization discriminator or foreign-key path, so exporting rows could cross tenant boundaries.",staging-schema-inventory.json::public.kb_article_sources reviewed ownership graph has no tenant path,NO_PROVABLE_TENANT_BOUNDARY,{}
public,kb_article_tags,EXCLUDE_SECURITY,NO_PROVABLE_TENANT_BOUNDARY,"The live schema proves no organization discriminator or foreign-key path, so exporting rows could cross tenant boundaries.",staging-schema-inventory.json::public.kb_article_tags reviewed ownership graph has no tenant path,NO_PROVABLE_TENANT_BOUNDARY,{}
public,kb_article_translations,EXCLUDE_SECURITY,NO_PROVABLE_TENANT_BOUNDARY,"The live schema proves no organization discriminator or foreign-key path, so exporting rows could cross tenant boundaries.",staging-schema-inventory.json::public.kb_article_translations reviewed ownership graph has no tenant path,NO_PROVABLE_TENANT_BOUNDARY,{}
public,kb_article_versions,EXCLUDE_SECURITY,NO_PROVABLE_TENANT_BOUNDARY,"The live schema proves no organization discriminator or foreign-key path, so exporting rows could cross tenant boundaries.",staging-schema-inventory.json::public.kb_article_versions reviewed ownership graph has no tenant path,NO_PROVABLE_TENANT_BOUNDARY,{}
public,kb_article_views,EXCLUDE_SECURITY,NO_PROVABLE_TENANT_BOUNDARY,"The live schema proves no organization discriminator or foreign-key path, so exporting rows could cross tenant boundaries.",staging-schema-inventory.json::public.kb_article_views reviewed ownership graph has no tenant path,NO_PROVABLE_TENANT_BOUNDARY,{}
public,kb_articles,EXCLUDE_SECURITY,NO_PROVABLE_TENANT_BOUNDARY,"The live schema proves no organization discriminator or foreign-key path, so exporting rows could cross tenant boundaries.",staging-schema-inventory.json::public.kb_articles reviewed ownership graph has no tenant path,NO_PROVABLE_TENANT_BOUNDARY,{}
public,kb_categories,EXCLUDE_SECURITY,NO_PROVABLE_TENANT_BOUNDARY,"The live schema proves no organization discriminator or foreign-key path, so exporting rows could cross tenant boundaries.",staging-schema-inventory.json::public.kb_categories reviewed ownership graph has no tenant path,NO_PROVABLE_TENANT_BOUNDARY,{}
public,kb_category_translations,EXCLUDE_SECURITY,NO_PROVABLE_TENANT_BOUNDARY,"The live schema proves no organization discriminator or foreign-key path, so exporting rows could cross tenant boundaries.",staging-schema-inventory.json::public.kb_category_translations reviewed ownership graph has no tenant path,NO_PROVABLE_TENANT_BOUNDARY,{}
public,kb_collection_translations,EXCLUDE_SECURITY,NO_PROVABLE_TENANT_BOUNDARY,"The live schema proves no organization discriminator or foreign-key path, so exporting rows could cross tenant boundaries.",staging-schema-inventory.json::public.kb_collection_translations reviewed ownership graph has no tenant path,NO_PROVABLE_TENANT_BOUNDARY,{}
public,kb_collections,EXCLUDE_SECURITY,NO_PROVABLE_TENANT_BOUNDARY,"The live schema proves no organization discriminator or foreign-key path, so exporting rows could cross tenant boundaries.",staging-schema-inventory.json::public.kb_collections reviewed ownership graph has no tenant path,NO_PROVABLE_TENANT_BOUNDARY,{}
public,kb_sources,EXCLUDE_SECURITY,NO_PROVABLE_TENANT_BOUNDARY,"The live schema proves no organization discriminator or foreign-key path, so exporting rows could cross tenant boundaries.",staging-schema-inventory.json::public.kb_sources reviewed ownership graph has no tenant path,NO_PROVABLE_TENANT_BOUNDARY,{}
public,kb_surface_bindings,EXCLUDE_SECURITY,NO_PROVABLE_TENANT_BOUNDARY,"The live schema proves no organization discriminator or foreign-key path, so exporting rows could cross tenant boundaries.",staging-schema-inventory.json::public.kb_surface_bindings reviewed ownership graph has no tenant path,NO_PROVABLE_TENANT_BOUNDARY,{}
public,kb_tag_translations,EXCLUDE_SECURITY,NO_PROVABLE_TENANT_BOUNDARY,"The live schema proves no organization discriminator or foreign-key path, so exporting rows could cross tenant boundaries.",staging-schema-inventory.json::public.kb_tag_translations reviewed ownership graph has no tenant path,NO_PROVABLE_TENANT_BOUNDARY,{}
public,kb_tags,EXCLUDE_SECURITY,NO_PROVABLE_TENANT_BOUNDARY,"The live schema proves no organization discriminator or foreign-key path, so exporting rows could cross tenant boundaries.",staging-schema-inventory.json::public.kb_tags reviewed ownership graph has no tenant path,NO_PROVABLE_TENANT_BOUNDARY,{}
public,kg_audit_log,EXPORT,KNOWLEDGE_MATERIALS,The live schema proves this tenant-owned relation through an exact organization discriminator or foreign-key path.,SQL_INSERT_INTO server/src/services/knowledgeGraph/unifiedKGService.ts:581; SQL_FROM server/src/services/knowledgeGraph/unifiedKGService.ts:634,,"{""column"":""organization_id"",""kind"":""DIRECT_COLUMN""}"
public,kg_rebuild_jobs,EXPORT,KNOWLEDGE_MATERIALS,The live schema proves this tenant-owned relation through an exact organization discriminator or foreign-key path.,SQL_INSERT_INTO server/src/services/knowledgeGraph/unifiedKGService.ts:808; SQL_UPDATE server/src/services/knowledgeGraph/unifiedKGService.ts:834; SQL_UPDATE server/src/services/knowledgeGraph/unifiedKGService.ts:856; SQL_FROM server/src/services/knowledgeGraph/unifiedKGService.ts:867,,"{""column"":""organization_id"",""kind"":""DIRECT_COLUMN""}"
public,knowledge_candidates,EXCLUDE_SECURITY,NO_PROVABLE_TENANT_BOUNDARY,"The live schema proves no organization discriminator or foreign-key path, so exporting rows could cross tenant boundaries.",staging-schema-inventory.json::public.knowledge_candidates reviewed ownership graph has no tenant path,NO_PROVABLE_TENANT_BOUNDARY,{}
public,knowledge_chunks,EXPORT,PLATFORM_AI,The live schema proves this tenant-owned relation through an exact organization discriminator or foreign-key path.,SQL_INSERT_INTO server/src/routes/ai.routes.ts:1017; SQL_INSERT_INTO server/src/scripts/a04ProductionRetrievalRealDbProof.ts:35; SQL_INSERT_INTO server/src/services/KnowledgeService.ts:704; SQL_INSERT_INTO server/src/services/ai/coreDocsService.ts:198; SQL_INSERT_INTO server/src/services/ai/knowledgeIndexer.ts:922,,"{""column"":""organization_id"",""kind"":""DIRECT_COLUMN""}"
public,knowledge_doc_versions,EXPORT,OPERATIONS,The live schema proves this tenant-owned relation through an exact organization discriminator or foreign-key path.,SQL_INSERT_INTO server/src/services/vault/vaultDocumentVersionService.ts:238; SQL_UPDATE server/src/services/vault/vaultDocumentVersionService.ts:360; SQL_FROM server/src/services/vault/vaultDocumentVersionService.ts:326; SQL_FROM server/src/services/vault/vaultDocumentVersionService.ts:341,,"{""column"":""organization_id"",""kind"":""DIRECT_COLUMN""}"
public,knowledge_docs,EXPORT,PLATFORM_AI,The live schema proves this tenant-owned relation through an exact organization discriminator or foreign-key path.,SQL_INSERT_INTO server/src/routes/ai.routes.ts:943; SQL_INSERT_INTO server/src/scripts/a04ProductionRetrievalRealDbProof.ts:32; SQL_INSERT_INTO server/src/services/KnowledgeService.ts:642; SQL_INSERT_INTO server/src/services/ai/knowledgeIndexer.ts:868; SQL_INSERT_INTO server/src/services/demo/demoSeedService.ts:2635,,"{""column"":""organization_id"",""kind"":""DIRECT_COLUMN""}"
public,knowledge_documents,EXPORT,PLATFORM_AI,The live schema proves this tenant-owned relation through an exact organization discriminator or foreign-key path.,SQL_INSERT_INTO server/src/services/ai/coreDocsService.ts:181; SQL_UPDATE server/src/services/ai/coreDocsService.ts:173; SQL_FROM server/src/services/ai/coreDocsService.ts:159; SQL_FROM server/src/services/ai/coreDocsService.ts:216; SQL_FROM server/src/services/ai/coreDocsService.ts:274,,"{""column"":""organization_id"",""kind"":""DIRECT_COLUMN""}"
public,knowledge_graph_entities,EXPORT,KNOWLEDGE_MATERIALS,The live schema proves this tenant-owned relation through an exact organization discriminator or foreign-key path.,SQL_INSERT_INTO server/src/services/ai/knowledgeGraphService.ts:245; SQL_INSERT_INTO server/src/services/knowledgeGraph/unifiedKGService.ts:231; SQL_UPDATE server/src/services/ai/knowledgeGraphService.ts:239; SQL_UPDATE server/src/services/knowledgeGraph/unifiedKGService.ts:206; SQL_UPDATE server/src/services/knowledgeGraph/unifiedKGService.ts:653,,"{""column"":""organization_id"",""kind"":""DIRECT_COLUMN""}"
public,knowledge_graph_relations,EXPORT,KNOWLEDGE_MATERIALS,The live schema proves this tenant-owned relation through an exact organization discriminator or foreign-key path.,SQL_INSERT_INTO server/src/services/ai/knowledgeGraphService.ts:281; SQL_INSERT_INTO server/src/services/knowledgeGraph/unifiedKGService.ts:280; SQL_UPDATE server/src/services/knowledgeGraph/unifiedKGService.ts:720; SQL_UPDATE server/src/services/knowledgeGraph/unifiedKGService.ts:724; SQL_DELETE_FROM server/src/services/knowledgeGraph/unifiedKGService.ts:673,,"{""column"":""organization_id"",""kind"":""DIRECT_COLUMN""}"
public,knowledge_pill_sections,EXCLUDE_SECURITY,NO_PROVABLE_TENANT_BOUNDARY,"The live schema proves no organization discriminator or foreign-key path, so exporting rows could cross tenant boundaries.",staging-schema-inventory.json::public.knowledge_pill_sections reviewed ownership graph has no tenant path,NO_PROVABLE_TENANT_BOUNDARY,{}
public,knowledge_pill_versions,EXCLUDE_SECURITY,NO_PROVABLE_TENANT_BOUNDARY,"The live schema proves no organization discriminator or foreign-key path, so exporting rows could cross tenant boundaries.",staging-schema-inventory.json::public.knowledge_pill_versions reviewed ownership graph has no tenant path,NO_PROVABLE_TENANT_BOUNDARY,{}
public,knowledge_pills,EXCLUDE_SECURITY,NO_PROVABLE_TENANT_BOUNDARY,"The live schema proves no organization discriminator or foreign-key path, so exporting rows could cross tenant boundaries.",staging-schema-inventory.json::public.knowledge_pills reviewed ownership graph has no tenant path,NO_PROVABLE_TENANT_BOUNDARY,{}
public,kpi_attribution_snapshots,EXPORT,OPERATIONS,The live schema proves this tenant-owned relation through an exact organization discriminator or foreign-key path.,SQL_INSERT_INTO server/src/routes/benefits.routes.ts:1770; SQL_FROM server/src/routes/benefits.routes.ts:1798,,"{""column"":""organization_id"",""kind"":""DIRECT_COLUMN""}"
public,kpi_connectors,EXPORT,OPERATIONS,The live schema proves this tenant-owned relation through an exact organization discriminator or foreign-key path.,SQL_INSERT_INTO server/src/services/resultsEnterpriseService.ts:49; SQL_UPDATE server/src/services/resultsEnterpriseService.ts:197; SQL_UPDATE server/src/services/resultsEnterpriseService.ts:688; SQL_UPDATE server/src/services/resultsEnterpriseService.ts:766; SQL_UPDATE server/src/services/resultsEnterpriseService.ts:801,,"{""column"":""organization_id"",""kind"":""DIRECT_COLUMN""}"
public,kpi_crosswalk,EXPORT,OPERATIONS,The live schema proves this tenant-owned relation through an exact organization discriminator or foreign-key path.,SQL_INSERT_INTO server/src/services/resultsVnext/kpi/kpiCrosswalkService.ts:45; SQL_FROM server/src/services/resultsVnext/kpi/kpiShadowReadService.ts:74; SQL_JOIN server/src/services/resultsVnext/kpi/kpiCrosswalkService.ts:86,,"{""column"":""organization_id"",""kind"":""DIRECT_COLUMN""}"
public,kpi_definition_versions,EXPORT,OPERATIONS,The live schema proves this tenant-owned relation through an exact organization discriminator or foreign-key path.,SQL_INSERT_INTO server/src/services/results/kpiDefinitionService.ts:387; SQL_INSERT_INTO server/src/services/results/kpiDefinitionService.ts:480; SQL_FROM server/src/scripts/t01InterviewRealDbProof.ts:1620; SQL_FROM server/src/services/results/kpiDefinitionService.ts:666; SQL_FROM server/src/services/results/kpiDefinitionService.ts:681,,"{""column"":""organization_id"",""kind"":""DIRECT_COLUMN""}"
public,kpi_definitions,EXPORT,REPORTING,The live schema proves this tenant-owned relation through an exact organization discriminator or foreign-key path.,SQL_FROM server/src/routes/results-kpi-reports.routes.ts:136; SQL_FROM server/src/services/resultsVnext/kpi/kpiLegacyArchiveRepository.ts:162; SQL_FROM server/src/services/resultsVnext/kpi/kpiLegacyArchiveRepository.ts:167; SQL_FROM server/src/services/resultsVnext/kpi/kpiLegacyArchiveRepository.ts:181; SQL_FROM server/src/services/resultsVnext/kpi/kpiLegacyArchiveRepository.ts:307,,"{""column"":""organization_id"",""kind"":""DIRECT_COLUMN""}"
public,kpi_deviation_actions,EXPORT,OPERATIONS,The live schema proves this tenant-owned relation through an exact organization discriminator or foreign-key path.,SQL_INSERT_INTO server/src/routes/benefits.routes.ts:829; SQL_INSERT_INTO server/src/routes/v8/results.routes.ts:1513; SQL_INSERT_INTO server/src/routes/v8/results.routes.ts:3613; SQL_UPDATE server/src/routes/benefits.routes.ts:875; SQL_UPDATE server/src/routes/v8/results.routes.ts:1572,,"{""kind"":""FOREIGN_KEY_PATH"",""path"":[{""column"":""case_id"",""parentColumn"":""id"",""parentSchema"":""public"",""parentTable"":""kpi_deviation_cases""}]}"
public,kpi_deviation_cases,EXPORT,OPERATIONS,The live schema proves this tenant-owned relation through an exact organization discriminator or foreign-key path.,SQL_INSERT_INTO server/src/scripts/agentMigrationsIdempotencyRealDbProof.ts:109; SQL_INSERT_INTO server/src/services/results/kpiDeviationService.ts:282; SQL_INSERT_INTO server/src/services/v8/transformationCaseService.ts:6971; SQL_UPDATE server/src/routes/benefits.routes.ts:729; SQL_UPDATE server/src/routes/benefits.routes.ts:772,,"{""column"":""organization_id"",""kind"":""DIRECT_COLUMN""}"
public,kpi_financial_mappings,EXPORT,OPERATIONS,The live schema proves this tenant-owned relation through an exact organization discriminator or foreign-key path.,SQL_INSERT_INTO server/src/routes/benefits.routes.ts:1977; SQL_DELETE_FROM server/src/routes/benefits.routes.ts:2007; SQL_FROM server/src/routes/benefits.routes.ts:1897; SQL_FROM server/src/routes/benefits.routes.ts:2023; SQL_FROM server/src/routes/resultsExtended.routes.ts:783,,"{""column"":""organization_id"",""kind"":""DIRECT_COLUMN""}"
public,kpi_ingestion_log,EXPORT,OPERATIONS,The live schema proves this tenant-owned relation through an exact organization discriminator or foreign-key path.,SQL_INSERT_INTO server/src/services/resultsEnterpriseService.ts:149; SQL_FROM server/src/services/resultsEnterpriseService.ts:214,,"{""column"":""organization_id"",""kind"":""DIRECT_COLUMN""}"
public,kpi_measurements,EXPORT,V8_PLATFORM,The live schema proves this tenant-owned relation through an exact organization discriminator or foreign-key path.,SQL_INSERT_INTO server/src/services/v8/transformationCaseService.ts:6914; SQL_FROM server/src/scripts/t01InterviewRealDbProof.ts:2313; SQL_FROM server/src/scripts/t01InterviewRealDbProof.ts:2351; SQL_FROM server/src/services/v8/transformationCaseService.ts:6934,,"{""kind"":""FOREIGN_KEY_PATH"",""path"":[{""column"":""kpi_id"",""parentColumn"":""id"",""parentSchema"":""public"",""parentTable"":""initiative_kpis""}]}"
public,kpi_metric_audit_log,EXPORT,OPERATIONS,The live schema proves this tenant-owned relation through an exact organization discriminator or foreign-key path.,SQL_INSERT_INTO server/src/services/results/kpiDefinitionService.ts:308; SQL_INSERT_INTO server/src/services/results/kpiDeviationService.ts:307; SQL_INSERT_INTO server/src/services/results/kpiMeasurementWriterService.ts:56; SQL_INSERT_INTO server/src/services/results/kpiRecoveryExperimentService.ts:302; SQL_INSERT_INTO server/src/services/resultsEnterpriseService.ts:464,,"{""column"":""organization_id"",""kind"":""DIRECT_COLUMN""}"
public,kpi_recovery_actions,EXPORT,OPERATIONS,The live schema proves this tenant-owned relation through an exact organization discriminator or foreign-key path.,SQL_INSERT_INTO server/src/services/results/kpiRecoveryCardService.ts:557; SQL_INSERT_INTO server/src/services/results/kpiRecoveryCardService.ts:594; SQL_UPDATE server/src/routes/v8/results.routes.ts:2101; SQL_UPDATE server/src/services/results/kpiRecoveryCardService.ts:652; SQL_UPDATE server/src/services/results/kpiRecoveryCardService.ts:701,,"{""column"":""organization_id"",""kind"":""DIRECT_COLUMN""}"
public,kpi_recovery_cards,EXPORT,OPERATIONS,The live schema proves this tenant-owned relation through an exact organization discriminator or foreign-key path.,SQL_INSERT_INTO server/src/services/results/kpiRecoveryCardService.ts:455; SQL_INSERT_INTO server/src/services/v8/transformationCaseService.ts:6989; SQL_UPDATE server/src/services/results/kpiRecoveryCardService.ts:482; SQL_UPDATE server/src/services/results/kpiRecoveryCardService.ts:893; SQL_UPDATE server/src/services/results/kpiRecoveryCardService.ts:954,,"{""column"":""organization_id"",""kind"":""DIRECT_COLUMN""}"
public,kpi_recovery_cause_decisions,EXPORT,OPERATIONS,The live schema proves this tenant-owned relation through an exact organization discriminator or foreign-key path.,SQL_INSERT_INTO server/src/services/results/kpiRecoveryExperimentService.ts:271; SQL_FROM server/src/services/results/kpiRecoveryExperimentService.ts:265,,"{""column"":""organization_id"",""kind"":""DIRECT_COLUMN""}"
public,kpi_recovery_checkpoints,EXPORT,OPERATIONS,The live schema proves this tenant-owned relation through an exact organization discriminator or foreign-key path.,SQL_INSERT_INTO server/src/services/results/kpiRecoveryCardService.ts:1088; SQL_UPDATE server/src/services/results/kpiRecoveryCardService.ts:1135,,"{""column"":""organization_id"",""kind"":""DIRECT_COLUMN""}"
public,kpi_recovery_experiments,EXPORT,OPERATIONS,The live schema proves this tenant-owned relation through an exact organization discriminator or foreign-key path.,SQL_INSERT_INTO server/src/services/results/kpiRecoveryExperimentService.ts:150; SQL_UPDATE server/src/services/results/kpiRecoveryExperimentService.ts:184; SQL_UPDATE server/src/services/results/kpiRecoveryExperimentService.ts:231; SQL_UPDATE server/src/services/results/kpiRecoveryExperimentService.ts:298; SQL_FROM server/src/services/results/kpiRecoveryExperimentService.ts:98,,"{""column"":""organization_id"",""kind"":""DIRECT_COLUMN""}"
public,kpi_report_delivery_log,EXPORT,OPERATIONS,The live schema proves this tenant-owned relation through an exact organization discriminator or foreign-key path.,SQL_INSERT_INTO server/src/services/resultsEnterpriseService.ts:908; SQL_FROM server/src/services/resultsEnterpriseService.ts:390,,"{""column"":""organization_id"",""kind"":""DIRECT_COLUMN""}"
public,kpi_report_schedules,EXPORT,OPERATIONS,The live schema proves this tenant-owned relation through an exact organization discriminator or foreign-key path.,SQL_INSERT_INTO server/src/services/resultsEnterpriseService.ts:337; SQL_UPDATE server/src/services/resultsEnterpriseService.ts:381; SQL_UPDATE server/src/services/resultsEnterpriseService.ts:727; SQL_UPDATE server/src/services/resultsEnterpriseService.ts:823; SQL_UPDATE server/src/services/resultsEnterpriseService.ts:925,,"{""column"":""organization_id"",""kind"":""DIRECT_COLUMN""}"
public,kpi_scorecard_items,EXPORT,OPERATIONS,The live schema proves this tenant-owned relation through an exact organization discriminator or foreign-key path.,SQL_INSERT_INTO server/src/services/results/kpiScorecardService.ts:329; SQL_DELETE_FROM server/src/services/results/kpiScorecardService.ts:343; SQL_FROM server/src/services/results/kpiScorecardService.ts:116; SQL_FROM server/src/services/results/kpiScorecardService.ts:184; SQL_JOIN server/src/services/results/kpiScorecardService.ts:138,,"{""column"":""organization_id"",""kind"":""DIRECT_COLUMN""}"
public,kpi_scorecards,EXPORT,OPERATIONS,The live schema proves this tenant-owned relation through an exact organization discriminator or foreign-key path.,SQL_INSERT_INTO server/src/services/results/kpiScorecardService.ts:226; SQL_UPDATE server/src/services/legacyCutover/registry/results.ts:313; SQL_UPDATE server/src/services/results/kpiScorecardService.ts:283; SQL_FROM server/src/services/results/kpiScorecardService.ts:137; SQL_FROM server/src/services/results/kpiScorecardService.ts:157,,"{""column"":""organization_id"",""kind"":""DIRECT_COLUMN""}"
public,kpi_time_series,EXPORT,OPERATIONS,The live schema proves this tenant-owned relation through an exact organization discriminator or foreign-key path.,SQL_INSERT_INTO server/src/services/results/kpiMeasurementWriterService.ts:243; SQL_DELETE_FROM server/src/routes/benefits.routes.ts:1333; SQL_FROM server/src/routes/benefits.routes.ts:134; SQL_FROM server/src/routes/benefits.routes.ts:141; SQL_FROM server/src/routes/benefits.routes.ts:511,,"{""column"":""organization_id"",""kind"":""DIRECT_COLUMN""}"
public,kpi_wallboard_alerts,EXPORT,OPERATIONS,The live schema proves this tenant-owned relation through an exact organization discriminator or foreign-key path.,SQL_INSERT_INTO server/src/services/resultsEnterpriseService.ts:603; SQL_FROM server/src/services/resultsEnterpriseService.ts:622,,"{""column"":""organization_id"",""kind"":""DIRECT_COLUMN""}"
public,kpi_wallboards,EXPORT,OPERATIONS,The live schema proves this tenant-owned relation through an exact organization discriminator or foreign-key path.,SQL_INSERT_INTO server/src/services/resultsEnterpriseService.ts:526; SQL_FROM server/src/services/resultsEnterpriseService.ts:548; SQL_FROM server/src/services/resultsEnterpriseService.ts:565; SQL_FROM server/src/services/resultsEnterpriseService.ts:595,,"{""column"":""organization_id"",""kind"":""DIRECT_COLUMN""}"
public,lane_decisions,EXPORT,V8_PLATFORM,The live schema proves this tenant-owned relation through an exact organization discriminator or foreign-key path.,SQL_FROM server/src/services/v8/managerLaneAnalysisService.ts:126,,"{""column"":""organization_id"",""kind"":""DIRECT_COLUMN""}"
public,lane_execution_plans,EXPORT,V8_PLATFORM,The live schema proves this tenant-owned relation through an exact organization discriminator or foreign-key path.,SQL_FROM server/src/services/v8/managerLaneAnalysisService.ts:149,,"{""column"":""organization_id"",""kind"":""DIRECT_COLUMN""}"
public,legacy_cutover_signal_intents,EXPORT,OPERATIONS,The live schema proves this tenant-owned relation through an exact organization discriminator or foreign-key path.,SQL_INSERT_INTO server/src/services/legacyCutover/legacyCutoverIntentService.ts:44; SQL_UPDATE server/src/services/legacyCutover/legacyCutoverIntentService.ts:62; SQL_UPDATE server/src/services/legacyCutover/legacyCutoverIntentService.ts:83; SQL_FROM server/src/services/legacyCutover/legacyCutoverIntentService.ts:34; SQL_FROM server/src/services/legacyCutover/legacyCutoverIntentService.ts:80,,"{""column"":""organization_id"",""kind"":""DIRECT_COLUMN""}"
public,legacy_cutover_usage_events,EXPORT,OPERATIONS,The live schema proves this tenant-owned relation through an exact organization discriminator or foreign-key path.,SQL_INSERT_INTO server/src/services/legacyCutover/legacyCutoverKernel.ts:281; SQL_INSERT_INTO server/src/services/partnerReferralService.ts:1068,,"{""column"":""organization_id"",""kind"":""DIRECT_COLUMN""}"
public,legacy_task_cutover_ledger,EXPORT,INITIATIVES,The live schema proves this tenant-owned relation through an exact organization discriminator or foreign-key path.,SQL_INSERT_INTO server/src/domain/initiatives-execution/postgresMaterialCommandUnitOfWork.ts:972,,"{""column"":""organization_id"",""kind"":""DIRECT_COLUMN""}"
public,legacy_task_cutover_step_ledger,EXCLUDE_SECURITY,ACTIVE_SEMANTIC_POLICY_MISSING,"The relation has a structural tenant path but no active semantic writer or reviewed privacy contract, so export fails closed.",organization-export-semantic-source-index.e1.json::public.legacy_task_cutover_step_ledger ACTIVE_SEMANTIC_SOURCE_MISSING,ACTIVE_SEMANTIC_POLICY_MISSING,{}
public,legal_document_acceptances,EXPORT,OPERATIONS,The live schema proves this tenant-owned relation through an exact organization discriminator or foreign-key path.,SQL_INSERT_INTO server/src/services/legalService.ts:349; SQL_UPDATE server/src/services/legalService.ts:331; SQL_DELETE_FROM server/src/services/demo/demoSignupProvisioning.ts:442; SQL_FROM server/src/services/demo/demoSignupProvisioning.ts:444; SQL_FROM server/src/services/legalService.ts:216,,"{""column"":""organization_id"",""kind"":""DIRECT_COLUMN""}"
public,legal_documents,EXPORT,OPERATIONS,The live schema proves this tenant-owned relation through an exact organization discriminator or foreign-key path.,SQL_INSERT_INTO server/src/services/legalService.ts:441; SQL_UPDATE server/src/services/legalService.ts:425; SQL_UPDATE server/src/services/legalService.ts:486; SQL_UPDATE server/src/services/legalService.ts:495; SQL_FROM server/src/services/legalService.ts:164,,"{""kind"":""FOREIGN_KEY_PATH"",""path"":[{""column"":""created_by"",""parentColumn"":""id"",""parentSchema"":""public"",""parentTable"":""users""}]}"
public,legal_holds,EXCLUDE_SECURITY,ACTIVE_SEMANTIC_POLICY_MISSING,"The relation has a structural tenant path but no active semantic writer or reviewed privacy contract, so export fails closed.",organization-export-semantic-source-index.e1.json::public.legal_holds ACTIVE_SEMANTIC_SOURCE_MISSING,ACTIVE_SEMANTIC_POLICY_MISSING,{}
public,link_graph_edges,EXPORT,OPERATIONS,The live schema proves this tenant-owned relation through an exact organization discriminator or foreign-key path.,SQL_INSERT_INTO server/src/controllers/DecisionController.ts:2503; SQL_INSERT_INTO server/src/controllers/InterviewController.ts:8761; SQL_INSERT_INTO server/src/routes/my-work.routes.ts:947; SQL_INSERT_INTO server/src/services/evidence/evidenceEnvelopeService.ts:391; SQL_INSERT_INTO server/src/services/notebookConversionService.ts:155,,"{""column"":""organization_id"",""kind"":""DIRECT_COLUMN""}"
public,llm_health_events,EXCLUDE_SECURITY,NO_PROVABLE_TENANT_BOUNDARY,"The live schema proves no organization discriminator or foreign-key path, so exporting rows could cross tenant boundaries.",staging-schema-inventory.json::public.llm_health_events reviewed ownership graph has no tenant path,NO_PROVABLE_TENANT_BOUNDARY,{}
public,llm_logs,EXCLUDE_SECURITY,NO_PROVABLE_TENANT_BOUNDARY,"The live schema proves no organization discriminator or foreign-key path, so exporting rows could cross tenant boundaries.",staging-schema-inventory.json::public.llm_logs reviewed ownership graph has no tenant path,NO_PROVABLE_TENANT_BOUNDARY,{}
public,llm_org_policies,EXPORT,ADMIN_SECURITY,The live schema proves this tenant-owned relation through an exact organization discriminator or foreign-key path.,SQL_FROM server/src/routes/adminP32.routes.ts:1537,,"{""column"":""organization_id"",""kind"":""DIRECT_COLUMN""}"
public,llm_providers,EXCLUDE_SECURITY,NO_PROVABLE_TENANT_BOUNDARY,"The live schema proves no organization discriminator or foreign-key path, so exporting rows could cross tenant boundaries.",staging-schema-inventory.json::public.llm_providers reviewed ownership graph has no tenant path,NO_PROVABLE_TENANT_BOUNDARY,{}
public,llm_routing_rules,EXPORT,PLATFORM_AI,The live schema proves this tenant-owned relation through an exact organization discriminator or foreign-key path.,SQL_INSERT_INTO server/src/services/ai/routingRulesService.ts:197; SQL_UPDATE server/src/services/ai/routingRulesService.ts:251; SQL_UPDATE server/src/services/ai/routingRulesService.ts:292; SQL_DELETE_FROM server/src/services/ai/routingRulesService.ts:289; SQL_FROM server/src/services/ai/routingRulesService.ts:141,,"{""column"":""organization_id"",""kind"":""DIRECT_COLUMN""}"
public,llm_tier_assignments,EXCLUDE_SECURITY,NO_PROVABLE_TENANT_BOUNDARY,"The live schema proves no organization discriminator or foreign-key path, so exporting rows could cross tenant boundaries.",staging-schema-inventory.json::public.llm_tier_assignments reviewed ownership graph has no tenant path,NO_PROVABLE_TENANT_BOUNDARY,{}
public,login_history,EXPORT,OPERATIONS,The live schema proves this tenant-owned relation through an exact organization discriminator or foreign-key path.,SQL_INSERT_INTO server/src/routes/loginHistory.routes.ts:113; SQL_INSERT_INTO server/src/routes/user/loginHistory.routes.ts:115; SQL_FROM server/src/controllers/SuperAdminController.ts:275; SQL_FROM server/src/controllers/SuperAdminController.ts:1795; SQL_FROM server/src/routes/admin-data.routes.ts:493,,"{""column"":""organization_id"",""kind"":""DIRECT_COLUMN""}"
public,management_report_approvals,EXPORT,REPORTING,The live schema proves this tenant-owned relation through an exact organization discriminator or foreign-key path.,SQL_INSERT_INTO server/src/services/managementReportsService.ts:1119; SQL_UPDATE server/src/services/managementReportsService.ts:1144; SQL_FROM server/src/services/managementReportsService.ts:1132; SQL_FROM server/src/services/managementReportsService.ts:1161,,"{""kind"":""FOREIGN_KEY_PATH"",""path"":[{""column"":""report_id"",""parentColumn"":""id"",""parentSchema"":""public"",""parentTable"":""management_reports""}]}"
public,management_report_audit_log,EXPORT,REPORTING,The live schema proves this tenant-owned relation through an exact organization discriminator or foreign-key path.,SQL_INSERT_INTO server/src/services/managementReportsService.ts:1708; SQL_FROM server/src/services/managementReportsService.ts:1276,,"{""kind"":""FOREIGN_KEY_PATH"",""path"":[{""column"":""report_id"",""parentColumn"":""id"",""parentSchema"":""public"",""parentTable"":""management_reports""}]}"
public,management_report_comments,EXPORT,REPORTING,The live schema proves this tenant-owned relation through an exact organization discriminator or foreign-key path.,SQL_INSERT_INTO server/src/_backup/ts-js-collisions/repositories/ManagementReportRepository.js:256; SQL_INSERT_INTO server/src/repositories/ManagementReportRepository.ts:298; SQL_UPDATE server/src/_backup/ts-js-collisions/repositories/ManagementReportRepository.js:319; SQL_UPDATE server/src/repositories/ManagementReportRepository.ts:361; SQL_UPDATE server/src/services/managementReportsService.ts:1253,,"{""kind"":""FOREIGN_KEY_PATH"",""path"":[{""column"":""report_id"",""parentColumn"":""id"",""parentSchema"":""public"",""parentTable"":""management_reports""}]}"
public,management_report_recipients,EXCLUDE_SECURITY,ACTIVE_SEMANTIC_POLICY_MISSING,"The relation has a structural tenant path but no active semantic writer or reviewed privacy contract, so export fails closed.",organization-export-semantic-source-index.e1.json::public.management_report_recipients ACTIVE_SEMANTIC_SOURCE_MISSING,ACTIVE_SEMANTIC_POLICY_MISSING,{}
public,management_report_schedules,EXPORT,REPORTING,The live schema proves this tenant-owned relation through an exact organization discriminator or foreign-key path.,SQL_INSERT_INTO server/src/services/managementReportsService.ts:1503; SQL_DELETE_FROM server/src/services/managementReportsService.ts:1539; SQL_FROM server/src/services/managementReportsService.ts:1476,,"{""column"":""organization_id"",""kind"":""DIRECT_COLUMN""}"
public,management_report_templates,EXPORT,REPORTING,The live schema proves this tenant-owned relation through an exact organization discriminator or foreign-key path.,SQL_INSERT_INTO server/src/services/managementReportsService.ts:1429; SQL_UPDATE server/src/services/managementReportsService.ts:1454; SQL_DELETE_FROM server/src/services/managementReportsService.ts:1467; SQL_FROM server/src/services/managementReportsService.ts:1403,,"{""column"":""organization_id"",""kind"":""DIRECT_COLUMN""}"
public,management_report_versions,EXPORT,REPORTING,The live schema proves this tenant-owned relation through an exact organization discriminator or foreign-key path.,SQL_INSERT_INTO server/src/services/managementReportsService.ts:1685; SQL_FROM server/src/services/managementReportsService.ts:1175; SQL_FROM server/src/services/managementReportsService.ts:1183; SQL_FROM server/src/services/managementReportsService.ts:1680,,"{""kind"":""FOREIGN_KEY_PATH"",""path"":[{""column"":""report_id"",""parentColumn"":""id"",""parentSchema"":""public"",""parentTable"":""management_reports""}]}"
public,management_reports,EXPORT,REPORTING,The live schema proves this tenant-owned relation through an exact organization discriminator or foreign-key path.,SQL_INSERT_INTO server/src/_backup/ts-js-collisions/repositories/ManagementReportRepository.js:15; SQL_INSERT_INTO server/src/repositories/ManagementReportRepository.ts:17; SQL_UPDATE server/src/_backup/ts-js-collisions/repositories/ManagementReportRepository.js:63; SQL_UPDATE server/src/_backup/ts-js-collisions/repositories/ManagementReportRepository.js:76; SQL_UPDATE server/src/_backup/ts-js-collisions/repositories/ManagementReportRepository.js:208,,"{""column"":""organization_id"",""kind"":""DIRECT_COLUMN""}"
public,manager_action_audit_log,EXPORT,V8_PLATFORM,The live schema proves this tenant-owned relation through an exact organization discriminator or foreign-key path.,SQL_INSERT_INTO server/src/services/v8/managerActionExecutionService.ts:160; SQL_FROM server/src/services/initiative/executionBankEvidenceReadService.ts:592,,"{""column"":""organization_id"",""kind"":""DIRECT_COLUMN""}"
public,marketplace_imports,EXPORT,OPERATIONS,The live schema proves this tenant-owned relation through an exact organization discriminator or foreign-key path.,SQL_INSERT_INTO server/src/routes/mcp.routes.ts:698,,"{""column"":""organization_id"",""kind"":""DIRECT_COLUMN""}"
public,maturity_assessments,EXPORT,TOOLS,The live schema proves this tenant-owned relation through an exact organization discriminator or foreign-key path.,SQL_FROM server/src/services/ai/toolDefinitions.ts:1257; SQL_FROM server/src/services/aiContextBuilder.ts:1204; SQL_FROM server/src/services/aiContextBuilder.ts:1366; SQL_FROM server/src/services/stageGateService.ts:274; SQL_JOIN server/src/services/ai/proactiveSuggestionsService.ts:455,,"{""kind"":""FOREIGN_KEY_PATH"",""path"":[{""column"":""project_id"",""parentColumn"":""id"",""parentSchema"":""public"",""parentTable"":""projects""}]}"
public,maturity_scores,EXCLUDE_SECURITY,NO_PROVABLE_TENANT_BOUNDARY,"The live schema proves no organization discriminator or foreign-key path, so exporting rows could cross tenant boundaries.",staging-schema-inventory.json::public.maturity_scores reviewed ownership graph has no tenant path,NO_PROVABLE_TENANT_BOUNDARY,{}
public,mcp_audit_logs,EXPORT,OPERATIONS,The live schema proves this tenant-owned relation through an exact organization discriminator or foreign-key path.,SQL_INSERT_INTO server/src/_backup/ts-js-collisions/mcp/mcpServer.js:826; SQL_INSERT_INTO server/src/mcp/mcpServer.ts:829; SQL_INSERT_INTO server/src/services/mcp/mcpProviderClient.ts:121; SQL_FROM server/src/routes/mcp.routes.ts:736,,"{""column"":""organization_id"",""kind"":""DIRECT_COLUMN""}"
public,mcp_provider_allowlist,EXPORT,OPERATIONS,The live schema proves this tenant-owned relation through an exact organization discriminator or foreign-key path.,SQL_INSERT_INTO server/src/routes/mcp.routes.ts:227; SQL_INSERT_INTO server/src/routes/mcp.routes.ts:322; SQL_FROM server/src/routes/mcp.routes.ts:302; SQL_FROM server/src/routes/mcp.routes.ts:426,,"{""column"":""organization_id"",""kind"":""DIRECT_COLUMN""}"
public,mcp_provider_tools_cache,EXPORT,OPERATIONS,The live schema proves this tenant-owned relation through an exact organization discriminator or foreign-key path.,SQL_INSERT_INTO server/src/routes/mcp.routes.ts:361; SQL_FROM server/src/routes/mcp.routes.ts:385,,"{""column"":""organization_id"",""kind"":""DIRECT_COLUMN""}"
public,mcp_providers,EXPORT,OPERATIONS,The live schema proves this tenant-owned relation through an exact organization discriminator or foreign-key path.,SQL_INSERT_INTO server/src/routes/mcp.routes.ts:213; SQL_UPDATE server/src/routes/mcp.routes.ts:275; SQL_UPDATE server/src/routes/mcp.routes.ts:357; SQL_UPDATE server/src/routes/mcp.routes.ts:369; SQL_DELETE_FROM server/src/routes/mcp.routes.ts:289,,"{""column"":""organization_id"",""kind"":""DIRECT_COLUMN""}"
public,meeting_attachments,EXPORT,OPERATIONS,The live schema proves this tenant-owned relation through an exact organization discriminator or foreign-key path.,SQL_INSERT_INTO server/src/services/meeting/meetingAttachmentService.ts:134; SQL_DELETE_FROM server/src/services/meeting/meetingAttachmentService.ts:172; SQL_FROM server/src/services/meeting/meetingAttachmentService.ts:95; SQL_FROM server/src/services/meeting/meetingAttachmentService.ts:166; SQL_FROM server/src/services/meetingService.ts:257,,"{""column"":""organization_id"",""kind"":""DIRECT_COLUMN""}"
public,meeting_decisions,EXPORT,OPERATIONS,The live schema proves this tenant-owned relation through an exact organization discriminator or foreign-key path.,SQL_INSERT_INTO server/src/services/meetingService.ts:676; SQL_UPDATE server/src/services/meetingService.ts:709; SQL_DELETE_FROM server/src/services/meetingService.ts:731; SQL_FROM server/src/services/meetingService.ts:645; SQL_FROM server/src/services/meetingService.ts:658,,"{""column"":""organization_id"",""kind"":""DIRECT_COLUMN""}"
public,meeting_follow_ups,EXPORT,OPERATIONS,The live schema proves this tenant-owned relation through an exact organization discriminator or foreign-key path.,SQL_INSERT_INTO server/src/services/legacyCutover/registry/meetings.ts:128; SQL_INSERT_INTO server/src/services/meetingService.ts:509; SQL_INSERT_INTO server/src/services/meetingService.ts:779; SQL_UPDATE server/src/services/legacyCutover/registry/meetings.ts:139; SQL_UPDATE server/src/services/meetingService.ts:566,,"{""column"":""organization_id"",""kind"":""DIRECT_COLUMN""}"
public,meeting_invitation_deliveries,EXPORT,OPERATIONS,The live schema proves this tenant-owned relation through an exact organization discriminator or foreign-key path.,SQL_INSERT_INTO server/src/services/meeting/meetingInvitationService.ts:131,,"{""column"":""organization_id"",""kind"":""DIRECT_COLUMN""}"
public,meeting_note_materializations,EXPORT,OPERATIONS,The live schema proves this tenant-owned relation through an exact organization discriminator or foreign-key path.,SQL_INSERT_INTO server/src/services/meetingBoundary/meetingBoundaryService.ts:627; SQL_JOIN server/src/services/meetingBoundary/meetingBoundaryService.ts:297; SQL_JOIN server/src/services/meetingBoundary/meetingBoundaryService.ts:342,,"{""column"":""organization_id"",""kind"":""DIRECT_COLUMN""}"
public,meeting_notes,EXPORT,OPERATIONS,The live schema proves this tenant-owned relation through an exact organization discriminator or foreign-key path.,SQL_INSERT_INTO server/src/services/meetingBoundary/meetingBoundaryService.ts:438; SQL_UPDATE server/src/services/meetingBoundary/meetingBoundaryService.ts:521; SQL_UPDATE server/src/services/meetingBoundary/meetingBoundaryService.ts:973; SQL_DELETE_FROM server/src/services/meetingService.ts:471; SQL_FROM server/src/services/initiative/closureEvidenceSourceReader.ts:152,,"{""column"":""organization_id"",""kind"":""DIRECT_COLUMN""}"
public,meeting_participants,EXPORT,OPERATIONS,The live schema proves this tenant-owned relation through an exact organization discriminator or foreign-key path.,SQL_INSERT_INTO server/src/services/meeting/meetingDay16Service.ts:106; SQL_UPDATE server/src/services/meeting/meetingDay16Service.ts:158; SQL_UPDATE server/src/services/meeting/meetingDay16Service.ts:211; SQL_DELETE_FROM server/src/services/meeting/meetingDay16Service.ts:194; SQL_FROM server/src/services/meeting/meetingDay16Service.ts:64,,"{""column"":""organization_id"",""kind"":""DIRECT_COLUMN""}"
public,meetings,EXPORT,OPERATIONS,The live schema proves this tenant-owned relation through an exact organization discriminator or foreign-key path.,SQL_INSERT_INTO server/src/services/legacyCutover/registry/meetings.ts:73; SQL_INSERT_INTO server/src/services/meeting/meetingOccurrenceService.ts:102; SQL_INSERT_INTO server/src/services/meeting/meetingOccurrenceService.ts:145; SQL_INSERT_INTO server/src/services/meetingService.ts:331; SQL_UPDATE server/src/services/legacyCutover/registry/meetings.ts:84,,"{""column"":""organization_id"",""kind"":""DIRECT_COLUMN""}"
public,megatrends,EXCLUDE_SECURITY,NO_PROVABLE_TENANT_BOUNDARY,"The live schema proves no organization discriminator or foreign-key path, so exporting rows could cross tenant boundaries.",staging-schema-inventory.json::public.megatrends reviewed ownership graph has no tenant path,NO_PROVABLE_TENANT_BOUNDARY,{}
public,message_edits,EXPORT,OPERATIONS,The live schema proves this tenant-owned relation through an exact organization discriminator or foreign-key path.,SQL_INSERT_INTO server/src/routes/conversations.routes.ts:1529,,"{""kind"":""FOREIGN_KEY_PATH"",""path"":[{""column"":""message_id"",""parentColumn"":""id"",""parentSchema"":""public"",""parentTable"":""conversation_messages""},{""column"":""session_id"",""parentColumn"":""id"",""parentSchema"":""public"",""parentTable"":""conversation_sessions""},{""column"":""conversation_id"",""parentColumn"":""id"",""parentSchema"":""public"",""parentTable"":""conversations""}]}"
public,method_approvals,EXPORT,OPERATIONS,The live schema proves this tenant-owned relation through an exact organization discriminator or foreign-key path.,SQL_INSERT_INTO server/src/method-core/MethodSessionService.ts:580; SQL_FROM server/src/method-core/MethodSessionService.ts:602,,"{""column"":""organization_id"",""kind"":""DIRECT_COLUMN""}"
public,method_events,EXPORT,OPERATIONS,The live schema proves this tenant-owned relation through an exact organization discriminator or foreign-key path.,SQL_INSERT_INTO server/src/method-core/MethodEventStore.ts:105; SQL_FROM server/src/method-core/MethodEventStore.ts:168; SQL_FROM server/src/method-core/MethodEventStore.ts:178; SQL_FROM server/src/services/assessment/assessmentReportContractService.ts:180,,"{""column"":""organization_id"",""kind"":""DIRECT_COLUMN""}"
public,method_evidence,EXCLUDE_SECURITY,ACTIVE_SEMANTIC_POLICY_MISSING,"The relation has a structural tenant path but no active semantic writer or reviewed privacy contract, so export fails closed.",organization-export-semantic-source-index.e1.json::public.method_evidence ACTIVE_SEMANTIC_SOURCE_MISSING,ACTIVE_SEMANTIC_POLICY_MISSING,{}
public,method_findings,EXPORT,OPERATIONS,The live schema proves this tenant-owned relation through an exact organization discriminator or foreign-key path.,SQL_INSERT_INTO server/src/method-core/outputs/MethodOutputService.ts:453; SQL_FROM server/src/method-core/outputs/MethodOutputService.ts:526,,"{""column"":""organization_id"",""kind"":""DIRECT_COLUMN""}"
public,method_initiative_drafts,EXPORT,INITIATIVES,The live schema proves this tenant-owned relation through an exact organization discriminator or foreign-key path.,SQL_INSERT_INTO server/src/method-core/outputs/MethodInitiativeDraftService.ts:156; SQL_UPDATE server/src/method-core/outputs/MethodInitiativeDraftService.ts:279; SQL_FROM server/src/method-core/outputs/MethodInitiativeDraftService.ts:211; SQL_FROM server/src/method-core/outputs/MethodInitiativeDraftService.ts:223; SQL_FROM server/src/method-core/outputs/MethodInitiativeDraftService.ts:240,,"{""column"":""organization_id"",""kind"":""DIRECT_COLUMN""}"
public,method_outputs,EXPORT,OPERATIONS,The live schema proves this tenant-owned relation through an exact organization discriminator or foreign-key path.,SQL_INSERT_INTO server/src/method-core/outputs/MethodOutputService.ts:415; SQL_FROM server/src/method-core/outputs/MethodOutputService.ts:516; SQL_FROM server/src/method-core/outputs/MethodOutputService.ts:543; SQL_FROM server/src/method-core/outputs/MethodOutputService.ts:567; SQL_FROM server/src/method-core/outputs/MethodOutputService.ts:593,,"{""column"":""organization_id"",""kind"":""DIRECT_COLUMN""}"
public,method_packs,EXPORT,OPERATIONS,The live schema proves this tenant-owned relation through an exact organization discriminator or foreign-key path.,SQL_INSERT_INTO server/src/method-core/MethodPackRegistry.ts:74; SQL_INSERT_INTO server/src/method-core/MethodPackRegistry.ts:250; SQL_FROM server/src/method-core/MethodPackRegistry.ts:116; SQL_FROM server/src/method-core/MethodPackRegistry.ts:125; SQL_FROM server/src/method-core/MethodPackRegistry.ts:139,,"{""column"":""organization_id"",""kind"":""DIRECT_COLUMN""}"
public,method_report_snapshots,EXPORT,REPORTING,The live schema proves this tenant-owned relation through an exact organization discriminator or foreign-key path.,SQL_INSERT_INTO server/src/method-core/outputs/MethodReportSnapshotService.ts:122; SQL_UPDATE server/src/method-core/outputs/MethodReportSnapshotService.ts:236; SQL_FROM server/src/method-core/outputs/MethodReportSnapshotService.ts:164; SQL_FROM server/src/method-core/outputs/MethodReportSnapshotService.ts:177; SQL_FROM server/src/method-core/outputs/MethodReportSnapshotService.ts:196,,"{""column"":""organization_id"",""kind"":""DIRECT_COLUMN""}"
public,method_session_create_idempotency,EXPORT,OPERATIONS,The live schema proves this tenant-owned relation through an exact organization discriminator or foreign-key path.,SQL_INSERT_INTO server/src/routes/method-core.routes.ts:721; SQL_FROM server/src/routes/method-core.routes.ts:663; SQL_FROM server/src/routes/method-core.routes.ts:765,,"{""column"":""organization_id"",""kind"":""DIRECT_COLUMN""}"
public,method_session_report_metadata,EXPORT,REPORTING,The live schema proves this tenant-owned relation through an exact organization discriminator or foreign-key path.,SQL_INSERT_INTO server/src/services/report/methodSessionReportMetadataService.ts:72; SQL_FROM server/src/services/report/methodSessionReportMetadataService.ts:62,,"{""column"":""organization_id"",""kind"":""DIRECT_COLUMN""}"
public,method_session_role_events,EXPORT,OPERATIONS,The live schema proves this tenant-owned relation through an exact organization discriminator or foreign-key path.,SQL_INSERT_INTO server/src/method-core/MethodSessionService.ts:455; SQL_INSERT_INTO server/src/method-core/MethodSessionService.ts:492; SQL_FROM server/src/method-core/MethodSessionService.ts:532,,"{""column"":""organization_id"",""kind"":""DIRECT_COLUMN""}"
public,method_session_roles,EXPORT,OPERATIONS,The live schema proves this tenant-owned relation through an exact organization discriminator or foreign-key path.,SQL_INSERT_INTO server/src/method-core/MethodSessionService.ts:443; SQL_DELETE_FROM server/src/method-core/MethodSessionService.ts:481; SQL_FROM server/src/method-core/MethodSessionService.ts:503; SQL_FROM server/src/method-core/MethodSessionService.ts:515,,"{""column"":""organization_id"",""kind"":""DIRECT_COLUMN""}"
public,method_sessions,EXPORT,OPERATIONS,The live schema proves this tenant-owned relation through an exact organization discriminator or foreign-key path.,SQL_INSERT_INTO server/src/method-core/MethodSessionService.ts:313; SQL_INSERT_INTO server/src/method-core/MethodSessionService.ts:680; SQL_UPDATE server/src/method-core/MethodSessionService.ts:734; SQL_UPDATE server/src/method-core/MethodSessionService.ts:849; SQL_DELETE_FROM server/src/routes/method-core.routes.ts:753,,"{""column"":""organization_id"",""kind"":""DIRECT_COLUMN""}"
public,method_snapshots,EXPORT,OPERATIONS,The live schema proves this tenant-owned relation through an exact organization discriminator or foreign-key path.,SQL_INSERT_INTO server/src/method-core/MethodSessionService.ts:844,,"{""column"":""organization_id"",""kind"":""DIRECT_COLUMN""}"
public,method_teresa_previews,EXPORT,OPERATIONS,The live schema proves this tenant-owned relation through an exact organization discriminator or foreign-key path.,SQL_INSERT_INTO server/src/method-core/TeresaProposalService.ts:96; SQL_UPDATE server/src/method-core/TeresaProposalService.ts:162; SQL_FROM server/src/method-core/TeresaProposalService.ts:188,,"{""column"":""organization_id"",""kind"":""DIRECT_COLUMN""}"
public,metrics_events,EXPORT,OPERATIONS,The live schema proves this tenant-owned relation through an exact organization discriminator or foreign-key path.,SQL_INSERT_INTO server/src/services/metricsCollector.ts:167; SQL_FROM server/src/_backup/ts-js-collisions/ai/aiContextBuilder.js:107; SQL_FROM server/src/ai/aiContextBuilder.ts:114; SQL_FROM server/src/services/metricsCollector.ts:186; SQL_FROM server/src/services/metricsCollector.ts:229,,"{""column"":""organization_id"",""kind"":""DIRECT_COLUMN""}"
public,metrics_snapshots,EXCLUDE_SECURITY,NO_PROVABLE_TENANT_BOUNDARY,"The live schema proves no organization discriminator or foreign-key path, so exporting rows could cross tenant boundaries.",staging-schema-inventory.json::public.metrics_snapshots reviewed ownership graph has no tenant path,NO_PROVABLE_TENANT_BOUNDARY,{}
public,mfa_attempts,EXCLUDE_SECURITY,ACTIVE_SEMANTIC_POLICY_MISSING,"The relation has a structural tenant path but no active semantic writer or reviewed privacy contract, so export fails closed.",organization-export-semantic-source-index.e1.json::public.mfa_attempts ACTIVE_SEMANTIC_SOURCE_MISSING,ACTIVE_SEMANTIC_POLICY_MISSING,{}
public,mfa_login_challenges,EXCLUDE_SECURITY,SECURITY_CREDENTIALS_AND_SESSIONS,"The reviewed relation contains authentication, credential, session, recovery, signing, or token-vault material and is excluded in full.",staging-schema-inventory.json::public.mfa_login_challenges; reviewed exact credential identity list,CREDENTIAL_OR_SESSION_MATERIAL,{}
public,mobile_devices,EXCLUDE_SECURITY,ACTIVE_SEMANTIC_POLICY_MISSING,"The relation has a structural tenant path but no active semantic writer or reviewed privacy contract, so export fails closed.",organization-export-semantic-source-index.e1.json::public.mobile_devices ACTIVE_SEMANTIC_SOURCE_MISSING,ACTIVE_SEMANTIC_POLICY_MISSING,{}
public,mobile_preferences,EXCLUDE_SECURITY,ACTIVE_SEMANTIC_POLICY_MISSING,"The relation has a structural tenant path but no active semantic writer or reviewed privacy contract, so export fails closed.",organization-export-semantic-source-index.e1.json::public.mobile_preferences ACTIVE_SEMANTIC_SOURCE_MISSING,ACTIVE_SEMANTIC_POLICY_MISSING,{}
public,model_audit_log,EXCLUDE_SECURITY,NO_PROVABLE_TENANT_BOUNDARY,"The live schema proves no organization discriminator or foreign-key path, so exporting rows could cross tenant boundaries.",staging-schema-inventory.json::public.model_audit_log reviewed ownership graph has no tenant path,NO_PROVABLE_TENANT_BOUNDARY,{}
public,model_registry,EXCLUDE_SECURITY,NO_PROVABLE_TENANT_BOUNDARY,"The live schema proves no organization discriminator or foreign-key path, so exporting rows could cross tenant boundaries.",staging-schema-inventory.json::public.model_registry reviewed ownership graph has no tenant path,NO_PROVABLE_TENANT_BOUNDARY,{}
public,module_access_grants,EXPORT,OPERATIONS,The live schema proves this tenant-owned relation through an exact organization discriminator or foreign-key path.,SQL_INSERT_INTO server/src/routes/module-access.routes.ts:81; SQL_INSERT_INTO server/src/routes/module-access.routes.ts:248; SQL_UPDATE server/src/routes/module-access.routes.ts:237; SQL_UPDATE server/src/routes/module-access.routes.ts:307; SQL_FROM server/src/routes/module-access.routes.ts:71,,"{""column"":""organization_id"",""kind"":""DIRECT_COLUMN""}"
public,module_help,EXCLUDE_SECURITY,NO_PROVABLE_TENANT_BOUNDARY,"The live schema proves no organization discriminator or foreign-key path, so exporting rows could cross tenant boundaries.",staging-schema-inventory.json::public.module_help reviewed ownership graph has no tenant path,NO_PROVABLE_TENANT_BOUNDARY,{}
public,module_interest,EXPORT,OPERATIONS,The live schema proves this tenant-owned relation through an exact organization discriminator or foreign-key path.,SQL_INSERT_INTO server/src/routes/module-interest.routes.ts:85; SQL_DELETE_FROM server/src/routes/module-interest.routes.ts:122; SQL_FROM server/src/routes/module-interest.routes.ts:49; SQL_FROM server/src/routes/module-interest.routes.ts:105; SQL_FROM server/src/routes/module-interest.routes.ts:142,,"{""column"":""org_id"",""kind"":""DIRECT_COLUMN""}"
public,mrr_snapshots,EXCLUDE_SECURITY,NO_PROVABLE_TENANT_BOUNDARY,"The live schema proves no organization discriminator or foreign-key path, so exporting rows could cross tenant boundaries.",staging-schema-inventory.json::public.mrr_snapshots reviewed ownership graph has no tenant path,NO_PROVABLE_TENANT_BOUNDARY,{}
public,multi_framework_assessment_comments,EXCLUDE_SECURITY,NO_PROVABLE_TENANT_BOUNDARY,"The live schema proves no organization discriminator or foreign-key path, so exporting rows could cross tenant boundaries.",staging-schema-inventory.json::public.multi_framework_assessment_comments reviewed ownership graph has no tenant path,NO_PROVABLE_TENANT_BOUNDARY,{}
public,multi_framework_assessment_reviewers,EXCLUDE_SECURITY,NO_PROVABLE_TENANT_BOUNDARY,"The live schema proves no organization discriminator or foreign-key path, so exporting rows could cross tenant boundaries.",staging-schema-inventory.json::public.multi_framework_assessment_reviewers reviewed ownership graph has no tenant path,NO_PROVABLE_TENANT_BOUNDARY,{}
public,multi_framework_assessment_versions,EXCLUDE_SECURITY,NO_PROVABLE_TENANT_BOUNDARY,"The live schema proves no organization discriminator or foreign-key path, so exporting rows could cross tenant boundaries.",staging-schema-inventory.json::public.multi_framework_assessment_versions reviewed ownership graph has no tenant path,NO_PROVABLE_TENANT_BOUNDARY,{}
public,multi_framework_assessments,EXPORT,ASSESSMENT,The live schema proves this tenant-owned relation through an exact organization discriminator or foreign-key path.,SQL_INSERT_INTO server/src/routes/multi-framework-assessment.routes.ts:63; SQL_INSERT_INTO server/src/routes/multi-framework-assessment.routes.ts:115; SQL_INSERT_INTO server/src/routes/multi-framework-assessment.routes.ts:153; SQL_UPDATE server/src/routes/multi-framework-assessment.routes.ts:184; SQL_DELETE_FROM server/src/routes/multi-framework-assessment.routes.ts:221,,"{""column"":""organization_id"",""kind"":""DIRECT_COLUMN""}"
public,multi_framework_initiatives,EXCLUDE_SECURITY,ACTIVE_SEMANTIC_POLICY_MISSING,"The relation has a structural tenant path but no active semantic writer or reviewed privacy contract, so export fails closed.",organization-export-semantic-source-index.e1.json::public.multi_framework_initiatives ACTIVE_SEMANTIC_SOURCE_MISSING,ACTIVE_SEMANTIC_POLICY_MISSING,{}
public,multi_framework_reports,EXCLUDE_SECURITY,ACTIVE_SEMANTIC_POLICY_MISSING,"The relation has a structural tenant path but no active semantic writer or reviewed privacy contract, so export fails closed.",organization-export-semantic-source-index.e1.json::public.multi_framework_reports ACTIVE_SEMANTIC_SOURCE_MISSING,ACTIVE_SEMANTIC_POLICY_MISSING,{}
public,my_idea_activity,EXPORT,OPERATIONS,The live schema proves this tenant-owned relation through an exact organization discriminator or foreign-key path.,SQL_INSERT_INTO server/src/routes/my-work.routes.ts:6432; SQL_FROM server/src/routes/my-work.routes.ts:6382,,"{""column"":""organization_id"",""kind"":""DIRECT_COLUMN""}"
public,my_idea_conversions,EXPORT,OPERATIONS,The live schema proves this tenant-owned relation through an exact organization discriminator or foreign-key path.,SQL_INSERT_INTO server/src/routes/my-work.routes.ts:7309; SQL_FROM server/src/routes/my-work.routes.ts:7176; SQL_FROM server/src/routes/my-work.routes.ts:8047,,"{""column"":""organization_id"",""kind"":""DIRECT_COLUMN""}"
public,my_idea_edges,EXPORT,OPERATIONS,The live schema proves this tenant-owned relation through an exact organization discriminator or foreign-key path.,SQL_INSERT_INTO server/src/routes/my-work.routes.ts:3939; SQL_DELETE_FROM server/src/routes/my-work.routes.ts:3997; SQL_FROM server/src/routes/my-work.routes.ts:3886; SQL_FROM server/src/routes/my-work.routes.ts:3953; SQL_FROM server/src/routes/my-work.routes.ts:3992,,"{""column"":""organization_id"",""kind"":""DIRECT_COLUMN""}"
public,my_idea_folders,EXPORT,OPERATIONS,The live schema proves this tenant-owned relation through an exact organization discriminator or foreign-key path.,SQL_INSERT_INTO server/src/routes/my-work.routes.ts:3506; SQL_UPDATE server/src/routes/my-work.routes.ts:3542; SQL_DELETE_FROM server/src/routes/my-work.routes.ts:3569; SQL_FROM server/src/routes/my-work.routes.ts:3479,,"{""column"":""organization_id"",""kind"":""DIRECT_COLUMN""}"
public,my_idea_map_snapshots,EXPORT,OPERATIONS,The live schema proves this tenant-owned relation through an exact organization discriminator or foreign-key path.,SQL_INSERT_INTO server/src/services/ideaMapSnapshotService.ts:65; SQL_DELETE_FROM server/src/jobs/ideaMapAutoSnapshotJob.ts:264; SQL_DELETE_FROM server/src/routes/my-work.routes.ts:6106; SQL_FROM server/src/jobs/ideaMapAutoSnapshotJob.ts:197; SQL_FROM server/src/jobs/ideaMapAutoSnapshotJob.ts:247,,"{""column"":""organization_id"",""kind"":""DIRECT_COLUMN""}"
public,my_idea_maps,EXPORT,OPERATIONS,The live schema proves this tenant-owned relation through an exact organization discriminator or foreign-key path.,SQL_INSERT_INTO server/src/routes/my-work.routes.ts:3771; SQL_INSERT_INTO server/src/routes/my-work.routes.ts:5017; SQL_INSERT_INTO server/src/routes/my-work.routes.ts:5348; SQL_INSERT_INTO server/src/routes/my-work.routes.ts:7055; SQL_INSERT_INTO server/src/services/demo/demoSeedService.ts:2948,,"{""column"":""organization_id"",""kind"":""DIRECT_COLUMN""}"
public,my_ideas,EXPORT,TOOLS,The live schema proves this tenant-owned relation through an exact organization discriminator or foreign-key path.,SQL_INSERT_INTO server/src/controllers/ToolController.ts:3050; SQL_INSERT_INTO server/src/routes/my-work.routes.ts:3001; SQL_INSERT_INTO server/src/routes/my-work.routes.ts:3711; SQL_INSERT_INTO server/src/routes/my-work.routes.ts:7001; SQL_INSERT_INTO server/src/scripts/t01InterviewRealDbProof.ts:681,,"{""column"":""organization_id"",""kind"":""DIRECT_COLUMN""}"
public,my_work_decision_prefs,EXPORT,OPERATIONS,The live schema proves this tenant-owned relation through an exact organization discriminator or foreign-key path.,SQL_INSERT_INTO server/src/routes/my-work/decisions.routes.ts:413; SQL_FROM server/src/routes/my-work/decisions.routes.ts:361,,"{""column"":""organization_id"",""kind"":""DIRECT_COLUMN""}"
public,my_work_decision_snoozes,EXPORT,OPERATIONS,The live schema proves this tenant-owned relation through an exact organization discriminator or foreign-key path.,SQL_INSERT_INTO server/src/routes/my-work/decisions.routes.ts:312; SQL_DELETE_FROM server/src/routes/my-work/decisions.routes.ts:341; SQL_JOIN server/src/routes/my-work/decisions.routes.ts:203,,"{""column"":""organization_id"",""kind"":""DIRECT_COLUMN""}"
public,my_work_focus_rules,EXPORT,OPERATIONS,The live schema proves this tenant-owned relation through an exact organization discriminator or foreign-key path.,SQL_INSERT_INTO server/src/routes/my-work/focus.routes.ts:181; SQL_UPDATE server/src/routes/my-work/focus.routes.ts:176; SQL_FROM server/src/routes/my-work/focus.routes.ts:113; SQL_FROM server/src/routes/my-work/focus.routes.ts:154,,"{""column"":""organization_id"",""kind"":""DIRECT_COLUMN""}"
public,my_work_focus_state,EXCLUDE_SECURITY,NO_PROVABLE_TENANT_BOUNDARY,"The live schema proves no organization discriminator or foreign-key path, so exporting rows could cross tenant boundaries.",staging-schema-inventory.json::public.my_work_focus_state reviewed ownership graph has no tenant path,NO_PROVABLE_TENANT_BOUNDARY,{}
public,my_work_inbox_triage,EXCLUDE_SECURITY,NO_PROVABLE_TENANT_BOUNDARY,"The live schema proves no organization discriminator or foreign-key path, so exporting rows could cross tenant boundaries.",staging-schema-inventory.json::public.my_work_inbox_triage reviewed ownership graph has no tenant path,NO_PROVABLE_TENANT_BOUNDARY,{}
public,my_work_session_context,EXPORT,OPERATIONS,The live schema proves this tenant-owned relation through an exact organization discriminator or foreign-key path.,SQL_INSERT_INTO server/src/routes/my-work.routes.ts:9753; SQL_UPDATE server/src/routes/my-work.routes.ts:9745; SQL_UPDATE server/src/routes/my-work.routes.ts:9767; SQL_FROM server/src/routes/my-work.routes.ts:9789,,"{""column"":""organization_id"",""kind"":""DIRECT_COLUMN""}"
public,my_work_signal_dismissals,EXCLUDE_SECURITY,NO_PROVABLE_TENANT_BOUNDARY,"The live schema proves no organization discriminator or foreign-key path, so exporting rows could cross tenant boundaries.",staging-schema-inventory.json::public.my_work_signal_dismissals reviewed ownership graph has no tenant path,NO_PROVABLE_TENANT_BOUNDARY,{}
public,my_work_signal_prefs,EXPORT,OPERATIONS,The live schema proves this tenant-owned relation through an exact organization discriminator or foreign-key path.,SQL_INSERT_INTO server/src/routes/my-work/signals.routes.ts:95; SQL_FROM server/src/routes/my-work/signals.routes.ts:90; SQL_FROM server/src/routes/my-work/signals.routes.ts:102; SQL_FROM server/src/services/signals/signalReadModel.ts:102; SQL_FROM server/src/services/signals/signalReadModel.ts:106,,"{""column"":""organization_id"",""kind"":""DIRECT_COLUMN""}"
public,my_work_signal_snoozes,EXCLUDE_SECURITY,NO_PROVABLE_TENANT_BOUNDARY,"The live schema proves no organization discriminator or foreign-key path, so exporting rows could cross tenant boundaries.",staging-schema-inventory.json::public.my_work_signal_snoozes reviewed ownership graph has no tenant path,NO_PROVABLE_TENANT_BOUNDARY,{}
public,myw_agent_canonical_outbox,EXPORT,OPERATIONS,The live schema proves this tenant-owned relation through an exact organization discriminator or foreign-key path.,SQL_INSERT_INTO server/src/services/decisionService.ts:349; SQL_INSERT_INTO server/src/services/notebookService.ts:1267; SQL_INSERT_INTO server/src/services/notebookService.ts:1302,,"{""column"":""organization_id"",""kind"":""DIRECT_COLUMN""}"
public,myw_agent_materialization_approvals,EXPORT,OPERATIONS,The live schema proves this tenant-owned relation through an exact organization discriminator or foreign-key path.,SQL_INSERT_INTO server/src/services/myWork/agentApprovedMaterializationService.ts:163; SQL_JOIN server/src/services/myWork/agentApprovedMaterializationService.ts:80; SQL_JOIN server/src/services/myWork/agentApprovedMaterializationService.ts:180,,"{""column"":""organization_id"",""kind"":""DIRECT_COLUMN""}"
public,myw_agent_materialization_proposals,EXPORT,OPERATIONS,The live schema proves this tenant-owned relation through an exact organization discriminator or foreign-key path.,SQL_INSERT_INTO server/src/services/myWork/agentApprovedMaterializationService.ts:124; SQL_UPDATE server/src/services/myWork/agentApprovedMaterializationService.ts:156; SQL_UPDATE server/src/services/myWork/agentApprovedMaterializationService.ts:261; SQL_FROM server/src/services/myWork/agentApprovedMaterializationService.ts:79; SQL_FROM server/src/services/myWork/agentApprovedMaterializationService.ts:110,,"{""column"":""organization_id"",""kind"":""DIRECT_COLUMN""}"
public,myw_agent_materialization_receipts,EXPORT,OPERATIONS,The live schema proves this tenant-owned relation through an exact organization discriminator or foreign-key path.,SQL_INSERT_INTO server/src/services/myWork/agentApprovedMaterializationService.ts:198; SQL_UPDATE server/src/services/myWork/agentApprovedMaterializationService.ts:206; SQL_UPDATE server/src/services/myWork/agentApprovedMaterializationService.ts:256; SQL_UPDATE server/src/services/myWork/agentApprovedMaterializationService.ts:268; SQL_FROM server/src/services/myWork/agentApprovedMaterializationService.ts:187,,"{""column"":""organization_id"",""kind"":""DIRECT_COLUMN""}"
public,mywork_focus_cache,EXCLUDE_SECURITY,NO_PROVABLE_TENANT_BOUNDARY,"The live schema proves no organization discriminator or foreign-key path, so exporting rows could cross tenant boundaries.",staging-schema-inventory.json::public.mywork_focus_cache reviewed ownership graph has no tenant path,NO_PROVABLE_TENANT_BOUNDARY,{}
public,mywork_preferences,EXCLUDE_SECURITY,NO_PROVABLE_TENANT_BOUNDARY,"The live schema proves no organization discriminator or foreign-key path, so exporting rows could cross tenant boundaries.",staging-schema-inventory.json::public.mywork_preferences reviewed ownership graph has no tenant path,NO_PROVABLE_TENANT_BOUNDARY,{}
public,notebook_ai_proposals,EXPORT,KNOWLEDGE_MATERIALS,The live schema proves this tenant-owned relation through an exact organization discriminator or foreign-key path.,SQL_INSERT_INTO server/src/services/notebookService.ts:437; SQL_UPDATE server/src/services/notebookService.ts:483; SQL_FROM server/src/services/notebookService.ts:476; SQL_FROM server/src/services/notebookService.ts:492; SQL_FROM server/src/services/notebookService.ts:521,,"{""column"":""organization_id"",""kind"":""DIRECT_COLUMN""}"
public,notebook_embeddings,EXPORT,KNOWLEDGE_MATERIALS,The live schema proves this tenant-owned relation through an exact organization discriminator or foreign-key path.,SQL_INSERT_INTO server/src/services/notebookService.ts:930; SQL_DELETE_FROM server/src/services/notebookService.ts:914; SQL_FROM server/src/services/notebookService.ts:843; SQL_FROM server/src/services/notebookService.ts:867,,"{""column"":""organization_id"",""kind"":""DIRECT_COLUMN""}"
public,notebook_page_topics,EXCLUDE_SECURITY,NO_PROVABLE_TENANT_BOUNDARY,"The live schema proves no organization discriminator or foreign-key path, so exporting rows could cross tenant boundaries.",staging-schema-inventory.json::public.notebook_page_topics reviewed ownership graph has no tenant path,NO_PROVABLE_TENANT_BOUNDARY,{}
public,notebook_page_versions,EXPORT,KNOWLEDGE_MATERIALS,The live schema proves this tenant-owned relation through an exact organization discriminator or foreign-key path.,SQL_INSERT_INTO server/src/routes/v8/notebookVersions.routes.ts:120; SQL_FROM server/src/routes/v8/notebookVersions.routes.ts:175; SQL_FROM server/src/routes/v8/notebookVersions.routes.ts:251; SQL_FROM server/src/services/initiative/closureEvidenceSourceReader.ts:314,,"{""column"":""organization_id"",""kind"":""DIRECT_COLUMN""}"
public,notebook_pages,EXPORT,KNOWLEDGE_MATERIALS,The live schema proves this tenant-owned relation through an exact organization discriminator or foreign-key path.,SQL_INSERT_INTO server/src/routes/my-work/notebook.routes.ts:727; SQL_INSERT_INTO server/src/routes/v8/my-work.routes.ts:1129; SQL_INSERT_INTO server/src/services/demo/demoSeedService.ts:2822; SQL_INSERT_INTO server/src/services/legacyCutover/registry/meetings.ts:149; SQL_INSERT_INTO server/src/services/notebookService.ts:289,,"{""column"":""organization_id"",""kind"":""DIRECT_COLUMN""}"
public,notebook_topics,EXPORT,KNOWLEDGE_MATERIALS,The live schema proves this tenant-owned relation through an exact organization discriminator or foreign-key path.,SQL_INSERT_INTO server/src/services/notebookTopicService.ts:319; SQL_FROM server/src/services/notebookTopicService.ts:279; SQL_FROM server/src/services/notebookTopicService.ts:292; SQL_FROM server/src/services/notebookTopicService.ts:312; SQL_FROM server/src/services/notebookTopicService.ts:327,,"{""column"":""organization_id"",""kind"":""DIRECT_COLUMN""}"
public,notebooks,EXPORT,KNOWLEDGE_MATERIALS,The live schema proves this tenant-owned relation through an exact organization discriminator or foreign-key path.,SQL_INSERT_INTO server/src/routes/my-work/notebook.routes.ts:249; SQL_INSERT_INTO server/src/routes/my-work/notebook.routes.ts:704; SQL_UPDATE server/src/routes/my-work/notebook.routes.ts:354; SQL_DELETE_FROM server/src/routes/my-work/notebook.routes.ts:393; SQL_FROM server/src/routes/my-work/notebook.routes.ts:202,,"{""column"":""organization_id"",""kind"":""DIRECT_COLUMN""}"
public,notification_activity_log,EXPORT,OPERATIONS,The live schema proves this tenant-owned relation through an exact organization discriminator or foreign-key path.,SQL_INSERT_INTO server/src/services/notificationService.ts:1231; SQL_FROM server/src/services/notificationService.ts:811; SQL_FROM server/src/services/notificationService.ts:1198,,"{""kind"":""FOREIGN_KEY_PATH"",""path"":[{""column"":""notification_id"",""parentColumn"":""id"",""parentSchema"":""public"",""parentTable"":""notifications""}]}"
public,notification_comments,EXPORT,OPERATIONS,The live schema proves this tenant-owned relation through an exact organization discriminator or foreign-key path.,SQL_INSERT_INTO server/src/services/notificationService.ts:1130; SQL_DELETE_FROM server/src/services/notificationService.ts:1154; SQL_FROM server/src/services/notificationService.ts:810; SQL_FROM server/src/services/notificationService.ts:1084; SQL_FROM server/src/services/notificationService.ts:1147,,"{""kind"":""FOREIGN_KEY_PATH"",""path"":[{""column"":""notification_id"",""parentColumn"":""id"",""parentSchema"":""public"",""parentTable"":""notifications""}]}"
public,notification_dedup,EXPORT,OPERATIONS,The live schema proves this tenant-owned relation through an exact organization discriminator or foreign-key path.,SQL_INSERT_INTO server/src/services/notificationService.ts:1345; SQL_DELETE_FROM server/src/services/notificationService.ts:1339; SQL_FROM server/src/scripts/t01InterviewRealDbProof.ts:962; SQL_FROM server/src/services/notificationService.ts:1355,,"{""column"":""organization_id"",""kind"":""DIRECT_COLUMN""}"
public,notification_delivery_log,EXPORT,OPERATIONS,The live schema proves this tenant-owned relation through an exact organization discriminator or foreign-key path.,SQL_INSERT_INTO server/src/services/notificationService.ts:1623; SQL_INSERT_INTO server/src/services/notificationService.ts:1633; SQL_FROM server/src/scripts/t01InterviewRealDbProof.ts:907; SQL_FROM server/src/scripts/t01InterviewRealDbProof.ts:964,,"{""kind"":""FOREIGN_KEY_PATH"",""path"":[{""column"":""notification_id"",""parentColumn"":""id"",""parentSchema"":""public"",""parentTable"":""notifications""}]}"
public,notification_digest_queue,EXCLUDE_SECURITY,ACTIVE_SEMANTIC_POLICY_MISSING,"The relation has a structural tenant path but no active semantic writer or reviewed privacy contract, so export fails closed.",organization-export-semantic-source-index.e1.json::public.notification_digest_queue ACTIVE_SEMANTIC_SOURCE_MISSING,ACTIVE_SEMANTIC_POLICY_MISSING,{}
public,notification_outbox,EXPORT,OPERATIONS,The live schema proves this tenant-owned relation through an exact organization discriminator or foreign-key path.,SQL_INSERT_INTO server/src/services/notificationOutboxService.ts:274; SQL_UPDATE server/src/services/notificationOutboxService.ts:158; SQL_UPDATE server/src/services/notificationOutboxService.ts:190; SQL_UPDATE server/src/services/notificationOutboxService.ts:203; SQL_FROM server/src/services/notificationOutboxService.ts:118,,"{""column"":""organization_id"",""kind"":""DIRECT_COLUMN""}"
public,notification_preferences,EXCLUDE_SECURITY,NO_PROVABLE_TENANT_BOUNDARY,"The live schema proves no organization discriminator or foreign-key path, so exporting rows could cross tenant boundaries.",staging-schema-inventory.json::public.notification_preferences reviewed ownership graph has no tenant path,NO_PROVABLE_TENANT_BOUNDARY,{}
public,notification_rules,EXPORT,OPERATIONS,The live schema proves this tenant-owned relation through an exact organization discriminator or foreign-key path.,SQL_INSERT_INTO server/src/routes/notifications/notification-rules.routes.ts:98; SQL_UPDATE server/src/routes/notifications/notification-rules.routes.ts:190; SQL_UPDATE server/src/routes/notifications/notification-rules.routes.ts:265; SQL_DELETE_FROM server/src/routes/notifications/notification-rules.routes.ts:227; SQL_FROM server/src/routes/notifications/notification-rules.routes.ts:35,,"{""column"":""organization_id"",""kind"":""DIRECT_COLUMN""}"
public,notification_settings,EXPORT,SETTINGS,The live schema proves this tenant-owned relation through an exact organization discriminator or foreign-key path.,SQL_INSERT_INTO server/src/routes/notifications/notificationSettings.routes.ts:105; SQL_INSERT_INTO server/src/routes/notifications/notificationSettings.routes.ts:165; SQL_DELETE_FROM server/src/routes/notifications/notificationSettings.routes.ts:198; SQL_FROM server/src/routes/notifications/notificationSettings.routes.ts:56; SQL_FROM server/src/routes/notifications/notificationSettings.routes.ts:143,,"{""kind"":""FOREIGN_KEY_PATH"",""path"":[{""column"":""user_id"",""parentColumn"":""id"",""parentSchema"":""public"",""parentTable"":""users""}]}"
public,notification_templates,EXCLUDE_SECURITY,NO_PROVABLE_TENANT_BOUNDARY,"The live schema proves no organization discriminator or foreign-key path, so exporting rows could cross tenant boundaries.",staging-schema-inventory.json::public.notification_templates reviewed ownership graph has no tenant path,NO_PROVABLE_TENANT_BOUNDARY,{}
public,notification_types,EXCLUDE_SECURITY,NO_PROVABLE_TENANT_BOUNDARY,"The live schema proves no organization discriminator or foreign-key path, so exporting rows could cross tenant boundaries.",staging-schema-inventory.json::public.notification_types reviewed ownership graph has no tenant path,NO_PROVABLE_TENANT_BOUNDARY,{}
public,notifications,EXPORT,PLATFORM_AI,The live schema proves this tenant-owned relation through an exact organization discriminator or foreign-key path.,SQL_INSERT_INTO server/src/_backup/ts-js-collisions/jobs/aiWatchdog.js:399; SQL_INSERT_INTO server/src/_backup/ts-js-collisions/jobs/aiWatchdog.js:627; SQL_INSERT_INTO server/src/jobs/aiWatchdog.ts:438; SQL_INSERT_INTO server/src/jobs/aiWatchdog.ts:672; SQL_INSERT_INTO server/src/routes/webhooks/stripe.routes.ts:833,,"{""column"":""organization_id"",""kind"":""DIRECT_COLUMN""}"
public,oauth_links,EXCLUDE_SECURITY,SECURITY_CREDENTIALS_AND_SESSIONS,"The reviewed relation contains authentication, credential, session, recovery, signing, or token-vault material and is excluded in full.",staging-schema-inventory.json::public.oauth_links; reviewed exact credential identity list,CREDENTIAL_OR_SESSION_MATERIAL,{}
public,object_attachments,EXPORT,OPERATIONS,The live schema proves this tenant-owned relation through an exact organization discriminator or foreign-key path.,SQL_INSERT_INTO server/src/services/objectAttachmentService.ts:170; SQL_DELETE_FROM server/src/services/objectAttachmentService.ts:234; SQL_FROM server/src/services/objectAttachmentService.ts:141; SQL_FROM server/src/services/objectAttachmentService.ts:203; SQL_FROM server/src/services/objectAttachmentService.ts:224,,"{""column"":""organization_id"",""kind"":""DIRECT_COLUMN""}"
public,observability_dr_drills,EXPORT,OPERATIONS,The live schema proves this tenant-owned relation through an exact organization discriminator or foreign-key path.,SQL_INSERT_INTO server/src/services/enterprisePlatformService.ts:334; SQL_UPDATE server/src/services/enterprisePlatformService.ts:359; SQL_FROM server/src/services/enterprisePlatformService.ts:367; SQL_FROM server/src/services/enterprisePlatformService.ts:368,,"{""column"":""organization_id"",""kind"":""DIRECT_COLUMN""}"
public,observability_metrics,EXPORT,OPERATIONS,The live schema proves this tenant-owned relation through an exact organization discriminator or foreign-key path.,SQL_INSERT_INTO server/src/services/enterprisePlatformService.ts:226; SQL_FROM server/src/services/enterprisePlatformService.ts:242; SQL_FROM server/src/services/enterprisePlatformService.ts:243,,"{""column"":""organization_id"",""kind"":""DIRECT_COLUMN""}"
public,observability_slos,EXPORT,OPERATIONS,The live schema proves this tenant-owned relation through an exact organization discriminator or foreign-key path.,SQL_INSERT_INTO server/src/services/enterprisePlatformService.ts:255; SQL_UPDATE server/src/services/enterprisePlatformService.ts:276; SQL_FROM server/src/services/enterprisePlatformService.ts:264; SQL_FROM server/src/services/enterprisePlatformService.ts:265,,"{""column"":""organization_id"",""kind"":""DIRECT_COLUMN""}"
public,observability_traces,EXPORT,OPERATIONS,The live schema proves this tenant-owned relation through an exact organization discriminator or foreign-key path.,SQL_INSERT_INTO server/src/services/enterprisePlatformService.ts:299; SQL_FROM server/src/services/enterprisePlatformService.ts:321,,"{""column"":""organization_id"",""kind"":""DIRECT_COLUMN""}"
public,offline_sync_queue,EXCLUDE_SECURITY,ACTIVE_SEMANTIC_POLICY_MISSING,"The relation has a structural tenant path but no active semantic writer or reviewed privacy contract, so export fails closed.",organization-export-semantic-source-index.e1.json::public.offline_sync_queue ACTIVE_SEMANTIC_SOURCE_MISSING,ACTIVE_SEMANTIC_POLICY_MISSING,{}
public,okr_check_ins,EXPORT,OPERATIONS,The live schema proves this tenant-owned relation through an exact organization discriminator or foreign-key path.,SQL_INSERT_INTO server/src/services/results/okrService.ts:726; SQL_FROM server/src/services/results/okrService.ts:679; SQL_FROM server/src/services/results/okrService.ts:755; SQL_FROM server/src/services/results/okrService.ts:775; SQL_FROM server/src/services/resultsVnext/okr/okrLegacyArchiveRepository.ts:225,,"{""column"":""organization_id"",""kind"":""DIRECT_COLUMN""}"
public,okr_cycles,EXPORT,OPERATIONS,The live schema proves this tenant-owned relation through an exact organization discriminator or foreign-key path.,SQL_INSERT_INTO server/src/services/results/okrService.ts:337; SQL_UPDATE server/src/services/results/okrService.ts:414; SQL_FROM server/src/services/results/okrService.ts:319; SQL_FROM server/src/services/results/okrService.ts:354; SQL_FROM server/src/services/results/okrService.ts:380,,"{""column"":""organization_id"",""kind"":""DIRECT_COLUMN""}"
public,okr_key_results,EXPORT,OPERATIONS,The live schema proves this tenant-owned relation through an exact organization discriminator or foreign-key path.,SQL_INSERT_INTO server/src/services/results/okrService.ts:535; SQL_UPDATE server/src/services/results/okrService.ts:626; SQL_UPDATE server/src/services/results/okrService.ts:697; SQL_UPDATE server/src/services/results/okrService.ts:745; SQL_DELETE_FROM server/src/services/results/okrService.ts:636,,"{""column"":""organization_id"",""kind"":""DIRECT_COLUMN""}"
public,okr_objectives,EXPORT,OPERATIONS,The live schema proves this tenant-owned relation through an exact organization discriminator or foreign-key path.,SQL_INSERT_INTO server/src/services/results/okrService.ts:438; SQL_UPDATE server/src/services/results/okrService.ts:418; SQL_UPDATE server/src/services/results/okrService.ts:497; SQL_DELETE_FROM server/src/services/results/okrService.ts:505; SQL_FROM server/src/routes/resultsStrategic.routes.ts:253,,"{""column"":""organization_id"",""kind"":""DIRECT_COLUMN""}"
public,okr_vnext_alignments,EXPORT,OPERATIONS,The live schema proves this tenant-owned relation through an exact organization discriminator or foreign-key path.,SQL_INSERT_INTO server/src/services/resultsVnext/okr/okrAlignmentCommands.ts:472; SQL_INSERT_INTO server/src/services/resultsVnext/okr/okrAlignmentCommands.ts:480; SQL_UPDATE server/src/services/resultsVnext/okr/okrAlignmentCommands.ts:650; SQL_UPDATE server/src/services/resultsVnext/okr/okrAlignmentCommands.ts:761; SQL_UPDATE server/src/services/resultsVnext/okr/okrAlignmentCommands.ts:885,,"{""column"":""organization_id"",""kind"":""DIRECT_COLUMN""}"
public,okr_vnext_approved_snapshots,EXPORT,OPERATIONS,The live schema proves this tenant-owned relation through an exact organization discriminator or foreign-key path.,SQL_INSERT_INTO server/src/services/resultsVnext/okr/okrSetCommands.ts:1054; SQL_INSERT_INTO server/src/services/resultsVnext/okr/okrSetCommands.ts:1062; SQL_FROM server/src/services/resultsVnext/okr/okrSetCommands.ts:1047; SQL_FROM server/src/services/resultsVnext/okr/okrSetRepository.ts:204; SQL_FROM server/src/services/resultsVnext/okr/okrSetRepository.ts:246,,"{""column"":""organization_id"",""kind"":""DIRECT_COLUMN""}"
public,okr_vnext_checkin_occurrences,EXPORT,OPERATIONS,The live schema proves this tenant-owned relation through an exact organization discriminator or foreign-key path.,SQL_INSERT_INTO server/src/services/resultsVnext/okr/okrCycleScheduler.ts:339; SQL_FROM server/src/services/resultsVnext/okr/okrCheckInCommands.ts:230; SQL_FROM server/src/services/resultsVnext/okr/okrCheckInScheduler.ts:94; SQL_FROM server/src/services/resultsVnext/okr/okrCheckInScheduler.ts:153; SQL_FROM server/src/services/resultsVnext/okr/okrCheckInSummaryRepository.ts:153,,"{""column"":""organization_id"",""kind"":""DIRECT_COLUMN""}"
public,okr_vnext_checkins,EXPORT,OPERATIONS,The live schema proves this tenant-owned relation through an exact organization discriminator or foreign-key path.,SQL_INSERT_INTO server/src/services/resultsVnext/okr/okrCheckInCommands.ts:521; SQL_INSERT_INTO server/src/services/resultsVnext/okr/okrCheckInCommands.ts:554; SQL_INSERT_INTO server/src/services/resultsVnext/okr/okrCheckInCommands.ts:785; SQL_INSERT_INTO server/src/services/resultsVnext/okr/okrCheckInCommands.ts:819; SQL_FROM server/src/services/resultsVnext/okr/okrAttentionRepository.ts:257,,"{""column"":""organization_id"",""kind"":""DIRECT_COLUMN""}"
public,okr_vnext_cycles,EXPORT,OPERATIONS,The live schema proves this tenant-owned relation through an exact organization discriminator or foreign-key path.,SQL_INSERT_INTO server/src/services/resultsVnext/okr/okrCycleCommands.ts:274; SQL_INSERT_INTO server/src/services/resultsVnext/okr/okrCycleCommands.ts:303; SQL_UPDATE server/src/services/resultsVnext/okr/okrCycleCommands.ts:434; SQL_FROM server/src/services/resultsVnext/okr/okrCarryForwardCommands.ts:105; SQL_FROM server/src/services/resultsVnext/okr/okrCycleCommands.ts:118,,"{""column"":""organization_id"",""kind"":""DIRECT_COLUMN""}"
public,okr_vnext_decision_links,EXPORT,OPERATIONS,The live schema proves this tenant-owned relation through an exact organization discriminator or foreign-key path.,SQL_INSERT_INTO server/src/services/resultsVnext/okr/okrDecisionCommands.ts:252; SQL_UPDATE server/src/services/resultsVnext/okr/okrDecisionCommands.ts:411; SQL_FROM server/src/services/resultsVnext/okr/okrDecisionCommands.ts:131; SQL_FROM server/src/services/resultsVnext/okr/okrDecisionResolutionScanner.ts:78; SQL_FROM server/src/services/resultsVnext/okr/okrSupportRepository.ts:131,,"{""column"":""organization_id"",""kind"":""DIRECT_COLUMN""}"
public,okr_vnext_key_results,EXPORT,OPERATIONS,The live schema proves this tenant-owned relation through an exact organization discriminator or foreign-key path.,SQL_INSERT_INTO server/src/services/resultsVnext/okr/okrKeyResultCommands.ts:232; SQL_UPDATE server/src/services/resultsVnext/okr/okrCheckInCommands.ts:584; SQL_UPDATE server/src/services/resultsVnext/okr/okrCheckInCommands.ts:824; SQL_UPDATE server/src/services/resultsVnext/okr/okrKeyResultCommands.ts:485; SQL_UPDATE server/src/services/resultsVnext/okr/okrKeyResultCommands.ts:639,,"{""column"":""organization_id"",""kind"":""DIRECT_COLUMN""}"
public,okr_vnext_objectives,EXPORT,OPERATIONS,The live schema proves this tenant-owned relation through an exact organization discriminator or foreign-key path.,SQL_INSERT_INTO server/src/services/resultsVnext/okr/okrObjectiveCommands.ts:476; SQL_UPDATE server/src/services/resultsVnext/okr/okrObjectiveCommands.ts:333; SQL_UPDATE server/src/services/resultsVnext/okr/okrObjectiveCommands.ts:643; SQL_UPDATE server/src/services/resultsVnext/okr/okrObjectiveCommands.ts:775; SQL_FROM server/src/services/resultsVnext/okr/okrAlignmentCommands.ts:235,,"{""column"":""organization_id"",""kind"":""DIRECT_COLUMN""}"
public,okr_vnext_program_policy_versions,EXPORT,OPERATIONS,The live schema proves this tenant-owned relation through an exact organization discriminator or foreign-key path.,SQL_INSERT_INTO server/src/services/resultsVnext/okr/okrProgramCommands.ts:545; SQL_INSERT_INTO server/src/services/resultsVnext/okr/okrProgramCommands.ts:553; SQL_FROM server/src/services/resultsVnext/okr/okrCycleScheduler.ts:316; SQL_FROM server/src/services/resultsVnext/okr/okrProgramCommands.ts:536; SQL_JOIN server/src/services/resultsVnext/okr/okrObjectiveCommands.ts:164,,"{""column"":""organization_id"",""kind"":""DIRECT_COLUMN""}"
public,okr_vnext_programs,EXPORT,OPERATIONS,The live schema proves this tenant-owned relation through an exact organization discriminator or foreign-key path.,SQL_INSERT_INTO server/src/services/resultsVnext/okr/okrProgramCommands.ts:211; SQL_INSERT_INTO server/src/services/resultsVnext/okr/okrProgramCommands.ts:250; SQL_UPDATE server/src/services/resultsVnext/okr/okrProgramCommands.ts:387; SQL_UPDATE server/src/services/resultsVnext/okr/okrProgramCommands.ts:559; SQL_FROM server/src/services/resultsVnext/okr/okrCycleCommands.ts:252,,"{""column"":""organization_id"",""kind"":""DIRECT_COLUMN""}"
public,okr_vnext_reflections,EXPORT,OPERATIONS,The live schema proves this tenant-owned relation through an exact organization discriminator or foreign-key path.,SQL_INSERT_INTO server/src/services/resultsVnext/okr/okrReflectionCommands.ts:282; SQL_INSERT_INTO server/src/services/resultsVnext/okr/okrReflectionCommands.ts:494; SQL_INSERT_INTO server/src/services/resultsVnext/okr/okrReflectionCommands.ts:789; SQL_UPDATE server/src/services/resultsVnext/okr/okrReflectionCommands.ts:526; SQL_UPDATE server/src/services/resultsVnext/okr/okrReflectionCommands.ts:831,,"{""column"":""organization_id"",""kind"":""DIRECT_COLUMN""}"
public,okr_vnext_reviews,EXPORT,OPERATIONS,The live schema proves this tenant-owned relation through an exact organization discriminator or foreign-key path.,SQL_INSERT_INTO server/src/services/resultsVnext/okr/okrReviewCommands.ts:311; SQL_INSERT_INTO server/src/services/resultsVnext/okr/okrReviewCommands.ts:473; SQL_UPDATE server/src/services/resultsVnext/okr/okrReviewCommands.ts:331; SQL_UPDATE server/src/services/resultsVnext/okr/okrReviewCommands.ts:493; SQL_UPDATE server/src/services/resultsVnext/okr/okrReviewCommands.ts:652,,"{""column"":""organization_id"",""kind"":""DIRECT_COLUMN""}"
public,okr_vnext_set_versions,EXPORT,OPERATIONS,The live schema proves this tenant-owned relation through an exact organization discriminator or foreign-key path.,SQL_INSERT_INTO server/src/services/resultsVnext/okr/okrSetMaterialChangeCommands.ts:150; SQL_INSERT_INTO server/src/services/resultsVnext/okr/okrSetMaterialChangeCommands.ts:158; SQL_FROM server/src/services/resultsVnext/okr/okrSetHistoryRepository.ts:179,,"{""column"":""organization_id"",""kind"":""DIRECT_COLUMN""}"
public,okr_vnext_sets,EXPORT,OPERATIONS,The live schema proves this tenant-owned relation through an exact organization discriminator or foreign-key path.,SQL_INSERT_INTO server/src/services/resultsVnext/okr/okrSetCommands.ts:369; SQL_INSERT_INTO server/src/services/resultsVnext/okr/okrSetCommands.ts:378; SQL_UPDATE server/src/services/resultsVnext/okr/okrCheckInCommands.ts:307; SQL_UPDATE server/src/services/resultsVnext/okr/okrReflectionCommands.ts:319; SQL_UPDATE server/src/services/resultsVnext/okr/okrSetCommands.ts:567,,"{""column"":""organization_id"",""kind"":""DIRECT_COLUMN""}"
public,okr_vnext_support_requests,EXPORT,OPERATIONS,The live schema proves this tenant-owned relation through an exact organization discriminator or foreign-key path.,SQL_INSERT_INTO server/src/services/resultsVnext/okr/okrSupportCommands.ts:208; SQL_INSERT_INTO server/src/services/resultsVnext/okr/okrSupportCommands.ts:315; SQL_INSERT_INTO server/src/services/resultsVnext/okr/okrSupportCommands.ts:433; SQL_UPDATE server/src/services/resultsVnext/okr/okrDecisionCommands.ts:275; SQL_UPDATE server/src/services/resultsVnext/okr/okrSupportCommands.ts:546,,"{""column"":""organization_id"",""kind"":""DIRECT_COLUMN""}"
public,onboarding_achievements,EXCLUDE_SECURITY,NO_PROVABLE_TENANT_BOUNDARY,"The live schema proves no organization discriminator or foreign-key path, so exporting rows could cross tenant boundaries.",staging-schema-inventory.json::public.onboarding_achievements reviewed ownership graph has no tenant path,NO_PROVABLE_TENANT_BOUNDARY,{}
public,onboarding_steps,EXCLUDE_SECURITY,NO_PROVABLE_TENANT_BOUNDARY,"The live schema proves no organization discriminator or foreign-key path, so exporting rows could cross tenant boundaries.",staging-schema-inventory.json::public.onboarding_steps reviewed ownership graph has no tenant path,NO_PROVABLE_TENANT_BOUNDARY,{}
public,onboarding_tooltips,EXCLUDE_SECURITY,NO_PROVABLE_TENANT_BOUNDARY,"The live schema proves no organization discriminator or foreign-key path, so exporting rows could cross tenant boundaries.",staging-schema-inventory.json::public.onboarding_tooltips reviewed ownership graph has no tenant path,NO_PROVABLE_TENANT_BOUNDARY,{}
public,onboarding_tours,EXCLUDE_SECURITY,NO_PROVABLE_TENANT_BOUNDARY,"The live schema proves no organization discriminator or foreign-key path, so exporting rows could cross tenant boundaries.",staging-schema-inventory.json::public.onboarding_tours reviewed ownership graph has no tenant path,NO_PROVABLE_TENANT_BOUNDARY,{}
public,operational_alert_delivery_outbox,EXPORT,ADMIN_SECURITY,The live schema proves this tenant-owned relation through an exact organization discriminator or foreign-key path.,SQL_INSERT_INTO server/src/services/adminIamAlertEvaluator.ts:231; SQL_INSERT_INTO server/src/services/operationalAlertSignalDeliveryService.ts:129; SQL_UPDATE server/src/services/operationalAlertSignalDeliveryService.ts:175; SQL_UPDATE server/src/services/operationalAlertSignalDeliveryService.ts:185; SQL_UPDATE server/src/services/operationalAlertSignalDeliveryService.ts:196,,"{""column"":""organization_id"",""kind"":""DIRECT_COLUMN""}"
public,operational_alert_delivery_receipts,EXPORT,OPERATIONS,The live schema proves this tenant-owned relation through an exact organization discriminator or foreign-key path.,SQL_INSERT_INTO server/src/services/operationalAlertSignalDeliveryService.ts:184,,"{""column"":""organization_id"",""kind"":""DIRECT_COLUMN""}"
public,operational_alert_incident_events,EXCLUDE_SECURITY,NO_PROVABLE_TENANT_BOUNDARY,"The live schema proves no organization discriminator or foreign-key path, so exporting rows could cross tenant boundaries.",staging-schema-inventory.json::public.operational_alert_incident_events reviewed ownership graph has no tenant path,NO_PROVABLE_TENANT_BOUNDARY,{}
public,operational_alert_incidents,EXCLUDE_SECURITY,NO_PROVABLE_TENANT_BOUNDARY,"The live schema proves no organization discriminator or foreign-key path, so exporting rows could cross tenant boundaries.",staging-schema-inventory.json::public.operational_alert_incidents reviewed ownership graph has no tenant path,NO_PROVABLE_TENANT_BOUNDARY,{}
public,operational_alert_repair_attempts,EXPORT,PLATFORM_AI,The live schema proves this tenant-owned relation through an exact organization discriminator or foreign-key path.,SQL_INSERT_INTO server/src/services/operationalAlertRepairService.ts:177; SQL_INSERT_INTO server/src/services/operationalAlertRepairService.ts:218; SQL_INSERT_INTO server/src/services/operationalAlertRepairService.ts:235; SQL_INSERT_INTO server/src/services/operationalAlertRepairService.ts:261; SQL_INSERT_INTO server/src/services/operationalAlertRepairService.ts:308,,"{""column"":""organization_id"",""kind"":""DIRECT_COLUMN""}"
public,operational_alert_repair_cursors,EXCLUDE_SECURITY,NO_PROVABLE_TENANT_BOUNDARY,"The live schema proves no organization discriminator or foreign-key path, so exporting rows could cross tenant boundaries.",staging-schema-inventory.json::public.operational_alert_repair_cursors reviewed ownership graph has no tenant path,NO_PROVABLE_TENANT_BOUNDARY,{}
public,operational_alert_repair_intents,EXPORT,PLATFORM_AI,The live schema proves this tenant-owned relation through an exact organization discriminator or foreign-key path.,SQL_INSERT_INTO server/src/services/operationalAlertRepairService.ts:44; SQL_INSERT_INTO server/src/services/operationalAlertRepairService.ts:119; SQL_UPDATE server/src/services/operationalAlertRepairService.ts:169; SQL_UPDATE server/src/services/operationalAlertRepairService.ts:209; SQL_UPDATE server/src/services/operationalAlertRepairService.ts:250,,"{""column"":""organization_id"",""kind"":""DIRECT_COLUMN""}"
public,operational_alert_repair_receipts,EXPORT,PLATFORM_AI,The live schema proves this tenant-owned relation through an exact organization discriminator or foreign-key path.,SQL_INSERT_INTO server/src/services/operationalAlertRepairService.ts:214,,"{""column"":""organization_id"",""kind"":""DIRECT_COLUMN""}"
public,operational_alert_signals,EXPORT,OPERATIONS,The live schema proves this tenant-owned relation through an exact organization discriminator or foreign-key path.,SQL_INSERT_INTO server/src/services/operationalAlertSignalDeliveryService.ts:71; SQL_FROM server/src/services/operationalAlertSignalDeliveryService.ts:66; SQL_FROM server/src/services/operationalAlertSignalDeliveryService.ts:96; SQL_FROM server/src/services/operationalAlertSignalDeliveryService.ts:139,,"{""column"":""organization_id"",""kind"":""DIRECT_COLUMN""}"
public,operational_alert_tenant_states,EXPORT,ADMIN_SECURITY,The live schema proves this tenant-owned relation through an exact organization discriminator or foreign-key path.,SQL_INSERT_INTO server/src/services/adminIamAlertEvaluator.ts:201; SQL_INSERT_INTO server/src/services/operationalAlertSignalDeliveryService.ts:121; SQL_UPDATE server/src/services/operationalAlertSignalDeliveryService.ts:162; SQL_FROM server/src/jobs/adminIamAlertEvaluationJob.ts:45; SQL_FROM server/src/services/adminIamAlertEvaluator.ts:185,,"{""column"":""organization_id"",""kind"":""DIRECT_COLUMN""}"
public,org_policies,EXPORT,OPERATIONS,The live schema proves this tenant-owned relation through an exact organization discriminator or foreign-key path.,SQL_INSERT_INTO server/src/services/OrgPoliciesService.ts:162; SQL_UPDATE server/src/services/OrgPoliciesService.ts:156; SQL_FROM server/src/routes/admin/legal-hold.routes.ts:31; SQL_FROM server/src/routes/superadmin.routes.ts:459; SQL_FROM server/src/services/OrgPoliciesService.ts:27,,"{""column"":""organization_id"",""kind"":""DIRECT_COLUMN""}"
public,org_user_permissions,EXPORT,OPERATIONS,The live schema proves this tenant-owned relation through an exact organization discriminator or foreign-key path.,SQL_INSERT_INTO server/src/services/permissionService.ts:507; SQL_INSERT_INTO server/src/services/permissionService.ts:552; SQL_DELETE_FROM server/src/services/permissionService.ts:587; SQL_FROM server/src/services/interviewAssignmentReviewAccess.ts:49; SQL_FROM server/src/services/interviewAssignmentReviewAccess.ts:86,,"{""column"":""organization_id"",""kind"":""DIRECT_COLUMN""}"
public,organization_ai_config,EXPORT,PLATFORM_AI,The live schema proves this tenant-owned relation through an exact organization discriminator or foreign-key path.,SQL_INSERT_INTO server/src/services/ai/dataResidencyService.ts:80; SQL_INSERT_INTO server/src/services/ai/orgAiPolicyService.ts:124; SQL_UPDATE server/src/services/ai/dataResidencyService.ts:74; SQL_UPDATE server/src/services/ai/orgAiPolicyService.ts:91; SQL_FROM server/src/services/ai/dataResidencyService.ts:25,,"{""column"":""organization_id"",""kind"":""DIRECT_COLUMN""}"
public,organization_ai_policy,EXPORT,OPERATIONS,The live schema proves this tenant-owned relation through an exact organization discriminator or foreign-key path.,SQL_INSERT_INTO server/src/routes/llm.routes.ts:1789; SQL_INSERT_INTO server/src/routes/llm.routes.ts:1857; SQL_INSERT_INTO server/src/services/ai/dataResidencyService.ts:154; SQL_INSERT_INTO server/src/services/ai/evalHarnessService.ts:1128; SQL_FROM server/src/routes/llm.routes.ts:1031,,"{""column"":""organization_id"",""kind"":""DIRECT_COLUMN""}"
public,organization_ai_settings,EXPORT,PLATFORM_AI,The live schema proves this tenant-owned relation through an exact organization discriminator or foreign-key path.,SQL_INSERT_INTO server/src/services/ai/contextGovernance.ts:94; SQL_INSERT_INTO server/src/services/aiSettingsService.ts:336; SQL_UPDATE server/src/services/ai/contextGovernance.ts:88; SQL_FROM server/src/_backup/ts-js-collisions/jobs/tierAutoAssignmentJob.js:47; SQL_FROM server/src/_backup/ts-js-collisions/jobs/tierAutoAssignmentJob.js:76,,"{""column"":""organization_id"",""kind"":""DIRECT_COLUMN""}"
public,organization_billing,EXPORT,ADMIN_SECURITY,The live schema proves this tenant-owned relation through an exact organization discriminator or foreign-key path.,SQL_INSERT_INTO server/src/routes/adminP32.routes.ts:1458; SQL_INSERT_INTO server/src/services/billing/BillingCommandService.ts:188; SQL_INSERT_INTO server/src/services/billing/billingAdminOps.ts:304; SQL_UPDATE server/src/routes/adminP32.routes.ts:1448; SQL_UPDATE server/src/routes/billing/billing.routes.ts:2035,,"{""column"":""organization_id"",""kind"":""DIRECT_COLUMN""}"
public,organization_brand_voice_profiles,EXPORT,OPERATIONS,The live schema proves this tenant-owned relation through an exact organization discriminator or foreign-key path.,SQL_INSERT_INTO server/src/services/brandVoiceProfileService.ts:173; SQL_UPDATE server/src/services/brandVoiceProfileService.ts:228; SQL_FROM server/src/services/brandVoiceProfileService.ts:161,,"{""column"":""organization_id"",""kind"":""DIRECT_COLUMN""}"
public,organization_branding,EXPORT,ORGANIZATION_GOVERNANCE,The live schema proves this tenant-owned relation through an exact organization discriminator or foreign-key path.,SQL_INSERT_INTO server/src/routes/organization/branding.routes.ts:462; SQL_INSERT_INTO server/src/routes/organization/branding.routes.ts:595; SQL_INSERT_INTO server/src/routes/organization/organization-profiles.routes.ts:154; SQL_UPDATE server/src/routes/organization/branding.routes.ts:452; SQL_UPDATE server/src/routes/organization/branding.routes.ts:695,,"{""column"":""organization_id"",""kind"":""DIRECT_COLUMN""}"
public,organization_context,EXPORT,INTERVIEW,The live schema proves this tenant-owned relation through an exact organization discriminator or foreign-key path.,SQL_INSERT_INTO server/src/controllers/InterviewController.ts:8924; SQL_UPDATE server/src/controllers/InterviewController.ts:8891; SQL_FROM server/src/controllers/InterviewController.ts:8823; SQL_FROM server/src/controllers/InterviewController.ts:8873; SQL_FROM server/src/controllers/InterviewController.ts:8968,,"{""column"":""organization_id"",""kind"":""DIRECT_COLUMN""}"
public,organization_context_claim_reviews,EXPORT,ORGANIZATION_GOVERNANCE,The live schema proves this tenant-owned relation through an exact organization discriminator or foreign-key path.,SQL_INSERT_INTO server/src/services/organizationContext/OrganizationContextService.ts:2137; SQL_FROM server/src/services/organizationContext/OrganizationContextService.ts:2158; SQL_JOIN server/src/services/organizationContext/OrganizationContextService.ts:2078,,"{""column"":""organization_id"",""kind"":""DIRECT_COLUMN""}"
public,organization_context_claims,EXPORT,ORGANIZATION_GOVERNANCE,The live schema proves this tenant-owned relation through an exact organization discriminator or foreign-key path.,SQL_INSERT_INTO server/src/services/organizationContext/OrganizationContextService.ts:1008; SQL_INSERT_INTO server/src/services/organizationContext/OrganizationContextService.ts:1011; SQL_UPDATE server/src/services/organizationContext/OrganizationContextService.ts:1860; SQL_UPDATE server/src/services/organizationContext/OrganizationContextService.ts:1868; SQL_FROM server/src/jobs/orgContextRebuildJob.ts:38,,"{""column"":""organization_id"",""kind"":""DIRECT_COLUMN""}"
public,organization_context_consumer_bindings,EXPORT,ORGANIZATION_GOVERNANCE,The live schema proves this tenant-owned relation through an exact organization discriminator or foreign-key path.,SQL_INSERT_INTO server/src/services/organizationContext/governedSnapshotConsumerBindingService.ts:189; SQL_FROM server/src/services/organizationContext/governedSnapshotConsumerBindingService.ts:176; SQL_FROM server/src/services/organizationContext/governedSnapshotConsumerBindingService.ts:196,,"{""column"":""organization_id"",""kind"":""DIRECT_COLUMN""}"
public,organization_context_items,EXPORT,ORGANIZATION_GOVERNANCE,The live schema proves this tenant-owned relation through an exact organization discriminator or foreign-key path.,SQL_INSERT_INTO server/src/services/organizationContext/OrganizationContextService.ts:981; SQL_INSERT_INTO server/src/services/organizationContext/OrganizationContextService.ts:984; SQL_FROM server/src/routes/conversations.routes.ts:1410; SQL_FROM server/src/services/aiContextBuilder.ts:620; SQL_FROM server/src/services/organizationContext/OrganizationContextService.ts:1105,,"{""column"":""organization_id"",""kind"":""DIRECT_COLUMN""}"
public,organization_context_lineage_events,EXPORT,INTERVIEW,The live schema proves this tenant-owned relation through an exact organization discriminator or foreign-key path.,SQL_INSERT_INTO server/src/services/InterviewInsightService.ts:1435; SQL_INSERT_INTO server/src/services/organizationContext/ContextDocumentService.ts:1127; SQL_INSERT_INTO server/src/services/organizationContext/ContextDocumentService.ts:4069; SQL_INSERT_INTO server/src/services/organizationContext/ContextDocumentService.ts:4117; SQL_INSERT_INTO server/src/services/organizationContext/ContextRetrievalService.ts:653,,"{""column"":""organization_id"",""kind"":""DIRECT_COLUMN""}"
public,organization_context_processing_attention_receipts,EXPORT,ORGANIZATION_GOVERNANCE,The live schema proves this tenant-owned relation through an exact organization discriminator or foreign-key path.,SQL_INSERT_INTO server/src/services/organizationContext/ContextDocumentService.ts:3922; SQL_DELETE_FROM server/src/services/organizationContext/ContextDocumentService.ts:3916; SQL_FROM server/src/services/organizationContext/ContextDocumentService.ts:1518,,"{""column"":""organization_id"",""kind"":""DIRECT_COLUMN""}"
public,organization_context_processing_jobs,EXPORT,ORGANIZATION_GOVERNANCE,The live schema proves this tenant-owned relation through an exact organization discriminator or foreign-key path.,SQL_INSERT_INTO server/src/services/organizationContext/ContextDocumentService.ts:729; SQL_UPDATE server/src/services/organizationContext/ContextDocumentService.ts:759; SQL_UPDATE server/src/services/organizationContext/ContextDocumentService.ts:774; SQL_UPDATE server/src/services/organizationContext/ContextDocumentService.ts:793; SQL_UPDATE server/src/services/organizationContext/ContextDocumentService.ts:828,,"{""column"":""organization_id"",""kind"":""DIRECT_COLUMN""}"
public,organization_context_snapshot_versions,EXPORT,ORGANIZATION_GOVERNANCE,The live schema proves this tenant-owned relation through an exact organization discriminator or foreign-key path.,SQL_INSERT_INTO server/src/services/organizationContext/OrganizationContextService.ts:2271; SQL_FROM server/src/services/organizationContext/OrganizationContextService.ts:2274; SQL_FROM server/src/services/organizationContext/OrganizationContextService.ts:2306; SQL_FROM server/src/services/organizationContext/OrganizationContextService.ts:2337; SQL_FROM server/src/services/organizationContext/OrganizationContextService.ts:2385,,"{""column"":""organization_id"",""kind"":""DIRECT_COLUMN""}"
public,organization_context_snapshots,EXPORT,ORGANIZATION_GOVERNANCE,The live schema proves this tenant-owned relation through an exact organization discriminator or foreign-key path.,SQL_INSERT_INTO server/src/services/organizationContext/OrganizationContextService.ts:1081; SQL_UPDATE server/src/services/organizationContext/OrganizationContextService.ts:1074; SQL_FROM server/src/services/organizationContext/OrganizationContextService.ts:1068; SQL_FROM server/src/services/organizationContext/OrganizationContextService.ts:1247; SQL_JOIN server/src/jobs/orgContextRebuildJob.ts:39,,"{""column"":""organization_id"",""kind"":""DIRECT_COLUMN""}"
public,organization_context_storage_events,EXPORT,ORGANIZATION_GOVERNANCE,The live schema proves this tenant-owned relation through an exact organization discriminator or foreign-key path.,SQL_INSERT_INTO server/src/services/organizationContext/ContextDocumentService.ts:670; SQL_FROM server/src/routes/auditLog.routes.ts:182; SQL_FROM server/src/services/organizationContext/ContextDocumentService.ts:1871,,"{""column"":""organization_id"",""kind"":""DIRECT_COLUMN""}"
public,organization_context_store,EXPORT,ORGANIZATION_GOVERNANCE,The live schema proves this tenant-owned relation through an exact organization discriminator or foreign-key path.,SQL_INSERT_INTO server/src/routes/organization-context-store.routes.ts:92; SQL_FROM server/src/routes/organization-context-store.routes.ts:42; SQL_FROM server/src/routes/organization-context-store.routes.ts:115,,"{""column"":""organization_id"",""kind"":""DIRECT_COLUMN""}"
public,organization_context_upload_receipts,EXCLUDE_SECURITY,ACTIVE_SEMANTIC_POLICY_MISSING,"The relation has a structural tenant path but no active semantic writer or reviewed privacy contract, so export fails closed.",organization-export-semantic-source-index.e1.json::public.organization_context_upload_receipts ACTIVE_SEMANTIC_SOURCE_MISSING,ACTIVE_SEMANTIC_POLICY_MISSING,{}
public,organization_context_versions,EXPORT,INTERVIEW,The live schema proves this tenant-owned relation through an exact organization discriminator or foreign-key path.,SQL_INSERT_INTO server/src/services/interviewEnterpriseService.ts:762; SQL_INSERT_INTO server/src/services/legacyCutover/registry/interview.ts:187; SQL_UPDATE server/src/services/interviewEnterpriseService.ts:814; SQL_UPDATE server/src/services/legacyCutover/registry/interview.ts:198; SQL_FROM server/src/services/interviewEnterpriseService.ts:756,,"{""column"":""organization_id"",""kind"":""DIRECT_COLUMN""}"
public,organization_data_retention,EXPORT,ORGANIZATION_GOVERNANCE,The live schema proves this tenant-owned relation through an exact organization discriminator or foreign-key path.,SQL_INSERT_INTO server/src/routes/organization/organization-data.routes.ts:461; SQL_FROM server/src/routes/organization/organization-data.routes.ts:406,,"{""column"":""organization_id"",""kind"":""DIRECT_COLUMN""}"
public,organization_discounts,EXPORT,PARTNER,The live schema proves this tenant-owned relation through an exact organization discriminator or foreign-key path.,SQL_INSERT_INTO server/src/routes/organization/partner-code.routes.ts:203; SQL_INSERT_INTO server/src/services/partnerConfigService.ts:372; SQL_UPDATE server/src/routes/organization/partner-code.routes.ts:277; SQL_UPDATE server/src/services/partnerConfigService.ts:445; SQL_FROM server/src/routes/organization/partner-code.routes.ts:91,,"{""column"":""organization_id"",""kind"":""DIRECT_COLUMN""}"
public,organization_events,EXPORT,ORGANIZATION_GOVERNANCE,The live schema proves this tenant-owned relation through an exact organization discriminator or foreign-key path.,SQL_INSERT_INTO server/src/routes/organization/organization-profiles.routes.ts:588; SQL_FROM server/src/_backup/ts-js-collisions/ai/aiContextBuilder.js:120; SQL_FROM server/src/ai/aiContextBuilder.ts:127; SQL_FROM server/src/routes/my-work/home.routes.ts:404; SQL_FROM server/src/routes/my-work/home.routes.ts:412,,"{""column"":""organization_id"",""kind"":""DIRECT_COLUMN""}"
public,organization_facilities,EXCLUDE_SECURITY,ACTIVE_SEMANTIC_POLICY_MISSING,"The relation has a structural tenant path but no active semantic writer or reviewed privacy contract, so export fails closed.",organization-export-semantic-source-index.e1.json::public.organization_facilities ACTIVE_SEMANTIC_SOURCE_MISSING,ACTIVE_SEMANTIC_POLICY_MISSING,{}
public,organization_limits,EXPORT,ADMIN_SECURITY,The live schema proves this tenant-owned relation through an exact organization discriminator or foreign-key path.,SQL_INSERT_INTO server/src/routes/adminP32.routes.ts:1482; SQL_INSERT_INTO server/src/services/billing/billingAdminOps.ts:353; SQL_UPDATE server/src/routes/adminP32.routes.ts:1472; SQL_DELETE_FROM server/src/services/access/AccessLimitService.ts:131; SQL_DELETE_FROM server/src/services/trialService.ts:161,,"{""column"":""organization_id"",""kind"":""DIRECT_COLUMN""}"
public,organization_llm_settings,EXCLUDE_SECURITY,ACTIVE_SEMANTIC_POLICY_MISSING,"The relation has a structural tenant path but no active semantic writer or reviewed privacy contract, so export fails closed.",organization-export-semantic-source-index.e1.json::public.organization_llm_settings ACTIVE_SEMANTIC_SOURCE_MISSING,ACTIVE_SEMANTIC_POLICY_MISSING,{}
public,organization_media,EXPORT,ORGANIZATION_GOVERNANCE,The live schema proves this tenant-owned relation through an exact organization discriminator or foreign-key path.,SQL_INSERT_INTO server/src/services/organizationMediaService.ts:54; SQL_UPDATE server/src/services/organizationMediaService.ts:118; SQL_UPDATE server/src/services/organizationMediaService.ts:236; SQL_UPDATE server/src/services/organizationMediaService.ts:243; SQL_FROM server/src/routes/presentations.routes.ts:7773,,"{""column"":""organization_id"",""kind"":""DIRECT_COLUMN""}"
public,organization_members,EXPORT,ADMIN_SECURITY,The live schema proves this tenant-owned relation through an exact organization discriminator or foreign-key path.,SQL_INSERT_INTO server/src/middleware/auth.middleware.ts:1539; SQL_INSERT_INTO server/src/routes/admin-bulk.routes.ts:87; SQL_INSERT_INTO server/src/routes/adminP32.routes.ts:476; SQL_INSERT_INTO server/src/routes/testSupport.routes.ts:872; SQL_INSERT_INTO server/src/routes/testSupport.routes.ts:951,,"{""column"":""organization_id"",""kind"":""DIRECT_COLUMN""}"
public,organization_memory,EXPORT,PLATFORM_AI,The live schema proves this tenant-owned relation through an exact organization discriminator or foreign-key path.,SQL_INSERT_INTO server/src/services/ai/organizationMemoryStore.ts:186; SQL_INSERT_INTO server/src/services/ai/organizationMemoryStore.ts:212; SQL_UPDATE server/src/services/ai/organizationMemoryStore.ts:688; SQL_UPDATE server/src/services/ai/organizationMemoryStore.ts:701; SQL_UPDATE server/src/services/ai/organizationMemoryStore.ts:723,,"{""column"":""organization_id"",""kind"":""DIRECT_COLUMN""}"
public,organization_metadata,EXPORT,ORGANIZATION_GOVERNANCE,The live schema proves this tenant-owned relation through an exact organization discriminator or foreign-key path.,SQL_INSERT_INTO server/src/services/organizationMetadataService.ts:40; SQL_DELETE_FROM server/src/services/organizationMetadataService.ts:54; SQL_FROM server/src/services/organizationContext/OrganizationContextService.ts:1213; SQL_FROM server/src/services/organizationMetadataService.ts:26,,"{""column"":""organization_id"",""kind"":""DIRECT_COLUMN""}"
public,organization_profiles,EXPORT,ORGANIZATION_GOVERNANCE,The live schema proves this tenant-owned relation through an exact organization discriminator or foreign-key path.,SQL_INSERT_INTO server/src/routes/organization/organization-profiles.routes.ts:525; SQL_UPDATE server/src/routes/organization/organization-profiles.routes.ts:511; SQL_FROM server/src/routes/organization/organization-profiles.routes.ts:220; SQL_FROM server/src/routes/organization/organization-profiles.routes.ts:457; SQL_FROM server/src/services/assessment/assessmentLegacyReportContractService.ts:195,,"{""column"":""organization_id"",""kind"":""DIRECT_COLUMN""}"
public,organization_provider_settings,EXPORT,PLATFORM_AI,The live schema proves this tenant-owned relation through an exact organization discriminator or foreign-key path.,SQL_INSERT_INTO server/src/services/ai/llmConfigService.ts:880; SQL_FROM server/src/controllers/ai/LLMController.ts:144; SQL_FROM server/src/services/ai/llmConfigService.ts:841; SQL_JOIN server/src/services/ai/modelRouter.ts:1007; SQL_JOIN server/src/services/ai/modelRouter.ts:1066,,"{""column"":""organization_id"",""kind"":""DIRECT_COLUMN""}"
public,organization_seats,EXPORT,OPERATIONS,The live schema proves this tenant-owned relation through an exact organization discriminator or foreign-key path.,SQL_INSERT_INTO server/src/services/seatManagementService.ts:200; SQL_UPDATE server/src/services/seatManagementService.ts:273; SQL_UPDATE server/src/services/seatManagementService.ts:369; SQL_UPDATE server/src/services/seatManagementService.ts:403; SQL_UPDATE server/src/services/seatManagementService.ts:441,,"{""column"":""organization_id"",""kind"":""DIRECT_COLUMN""}"
public,organization_settings,EXPORT,FINANCE,The live schema proves this tenant-owned relation through an exact organization discriminator or foreign-key path.,SQL_INSERT_INTO server/src/services/finance/canonical/financeSettingsCommandService.ts:252; SQL_INSERT_INTO server/src/services/valuationService.ts:221; SQL_FROM server/src/controllers/InterviewController.ts:6071; SQL_FROM server/src/middleware/sessionIdlePolicy.ts:50; SQL_FROM server/src/routes/admin-bulk.routes.ts:378,,"{""column"":""organization_id"",""kind"":""DIRECT_COLUMN""}"
public,organization_snapshot_candidate_handoffs,EXPORT,ORGANIZATION_GOVERNANCE,The live schema proves this tenant-owned relation through an exact organization discriminator or foreign-key path.,SQL_INSERT_INTO server/src/services/organizationContext/organizationSnapshotCandidateHandoffService.ts:165; SQL_FROM server/src/services/flowTransform/flowTransformLineageService.ts:85; SQL_FROM server/src/services/organizationContext/organizationSnapshotCandidateHandoffService.ts:123; SQL_FROM server/src/services/organizationContext/organizationSnapshotCandidateHandoffService.ts:195,,"{""column"":""organization_id"",""kind"":""DIRECT_COLUMN""}"
public,organization_style_profiles,EXPORT,ORGANIZATION_GOVERNANCE,The live schema proves this tenant-owned relation through an exact organization discriminator or foreign-key path.,SQL_INSERT_INTO server/src/services/organizationStyleProfileService.ts:52; SQL_UPDATE server/src/services/organizationStyleProfileService.ts:108; SQL_UPDATE server/src/services/organizationStyleProfileService.ts:165; SQL_UPDATE server/src/services/organizationStyleProfileService.ts:185; SQL_FROM server/src/services/organizationStyleProfileService.ts:47,,"{""column"":""organization_id"",""kind"":""DIRECT_COLUMN""}"
public,organization_switch_log,EXPORT,ADMIN_SECURITY,The live schema proves this tenant-owned relation through an exact organization discriminator or foreign-key path.,SQL_INSERT_INTO server/src/routes/auth.routes.ts:1164,,"{""kind"":""FOREIGN_KEY_PATH"",""path"":[{""column"":""from_organization_id"",""parentColumn"":""id"",""parentSchema"":""public"",""parentTable"":""organizations""}]}"
public,organizations,EXPORT,ORGANIZATION_ROOT,The organization root is tenant-owned and has an explicit safe projection in the existing v9 contract.,server/src/services/organizationExportContract.ts,,"{""column"":""id"",""kind"":""ORGANIZATION_ROOT""}"
public,ownership_transfers,EXPORT,ORGANIZATION_GOVERNANCE,The live schema proves this tenant-owned relation through an exact organization discriminator or foreign-key path.,SQL_INSERT_INTO server/src/routes/organization/ownership.routes.ts:449,,"{""column"":""organization_id"",""kind"":""DIRECT_COLUMN""}"
public,partner,EXPORT,PARTNER,The live schema proves this tenant-owned relation through an exact organization discriminator or foreign-key path.,SQL_FROM server/src/services/partnerConfigService.ts:379,,"{""column"":""organization_id"",""kind"":""DIRECT_COLUMN""}"
public,partner_activity_log,EXCLUDE_SECURITY,ACTIVE_SEMANTIC_POLICY_MISSING,"The relation has a structural tenant path but no active semantic writer or reviewed privacy contract, so export fails closed.",organization-export-semantic-source-index.e1.json::public.partner_activity_log ACTIVE_SEMANTIC_SOURCE_MISSING,ACTIVE_SEMANTIC_POLICY_MISSING,{}
public,partner_attributions,EXPORT,PARTNER,The live schema proves this tenant-owned relation through an exact organization discriminator or foreign-key path.,SQL_INSERT_INTO server/src/services/partnerDemoSeedService.ts:121; SQL_INSERT_INTO server/src/services/partnerDemoSeedService.ts:139; SQL_INSERT_INTO server/src/services/partnerDemoSeedService.ts:157; SQL_INSERT_INTO server/src/services/partnerReferralService.ts:1244; SQL_UPDATE server/src/routes/webhooks/stripe.routes.ts:543,,"{""column"":""organization_id"",""kind"":""DIRECT_COLUMN""}"
public,partner_campaign_links,EXPORT,PARTNER,The live schema proves this tenant-owned relation through an exact organization discriminator or foreign-key path.,SQL_INSERT_INTO server/src/services/partnerDemoSeedService.ts:327; SQL_INSERT_INTO server/src/services/partnerDemoSeedService.ts:337; SQL_INSERT_INTO server/src/services/partnerReferralService.ts:786; SQL_UPDATE server/src/services/partnerReferralService.ts:900; SQL_UPDATE server/src/services/partnerReferralService.ts:1061,,"{""kind"":""FOREIGN_KEY_PATH"",""path"":[{""column"":""partner_org_id"",""parentColumn"":""id"",""parentSchema"":""public"",""parentTable"":""partner_organizations""},{""column"":""owner_organization_id"",""parentColumn"":""id"",""parentSchema"":""public"",""parentTable"":""organizations""}]}"
public,partner_certificates,EXPORT,PARTNER,The live schema proves this tenant-owned relation through an exact organization discriminator or foreign-key path.,SQL_INSERT_INTO server/src/services/partnerCertificationService.ts:906; SQL_INSERT_INTO server/src/services/partnerCertificationService.ts:1024; SQL_INSERT_INTO server/src/services/partnerOperatorReviewService.ts:140; SQL_FROM server/src/routes/partners.routes.ts:1936,,"{""kind"":""FOREIGN_KEY_PATH"",""path"":[{""column"":""partner_org_id"",""parentColumn"":""id"",""parentSchema"":""public"",""parentTable"":""partner_organizations""},{""column"":""owner_organization_id"",""parentColumn"":""id"",""parentSchema"":""public"",""parentTable"":""organizations""}]}"
public,partner_certification_attempts,EXPORT,PARTNER,The live schema proves this tenant-owned relation through an exact organization discriminator or foreign-key path.,SQL_INSERT_INTO server/src/services/partnerCertificationService.ts:771; SQL_UPDATE server/src/services/partnerCertificationService.ts:888; SQL_FROM server/src/services/partnerCertificationService.ts:683; SQL_FROM server/src/services/partnerCertificationService.ts:843; SQL_FROM server/src/services/partnerCertificationService.ts:1098,,"{""kind"":""FOREIGN_KEY_PATH"",""path"":[{""column"":""partner_org_id"",""parentColumn"":""id"",""parentSchema"":""public"",""parentTable"":""partner_organizations""},{""column"":""owner_organization_id"",""parentColumn"":""id"",""parentSchema"":""public"",""parentTable"":""organizations""}]}"
public,partner_certification_mutation_receipts,EXPORT,PARTNER,The live schema proves this tenant-owned relation through an exact organization discriminator or foreign-key path.,SQL_INSERT_INTO server/src/services/partnerCertificationService.ts:578; SQL_UPDATE server/src/services/partnerCertificationService.ts:646; SQL_FROM server/src/services/partnerCertificationService.ts:566,,"{""kind"":""FOREIGN_KEY_PATH"",""path"":[{""column"":""user_id"",""parentColumn"":""id"",""parentSchema"":""public"",""parentTable"":""users""}]}"
public,partner_certifications,EXPORT,PARTNER,The live schema proves this tenant-owned relation through an exact organization discriminator or foreign-key path.,SQL_INSERT_INTO server/src/services/partnerCertificationService.ts:324; SQL_UPDATE server/src/services/partnerCertificationService.ts:356; SQL_UPDATE server/src/services/partnerCertificationService.ts:495; SQL_UPDATE server/src/services/partnerCertificationService.ts:629; SQL_UPDATE server/src/services/partnerCertificationService.ts:788,,"{""kind"":""FOREIGN_KEY_PATH"",""path"":[{""column"":""partner_org_id"",""parentColumn"":""id"",""parentSchema"":""public"",""parentTable"":""partner_organizations""},{""column"":""owner_organization_id"",""parentColumn"":""id"",""parentSchema"":""public"",""parentTable"":""organizations""}]}"
public,partner_client_organizations,EXPORT,PARTNER,The live schema proves this tenant-owned relation through an exact organization discriminator or foreign-key path.,SQL_FROM server/src/services/partnerReferralService.ts:1464,,"{""column"":""organization_id"",""kind"":""DIRECT_COLUMN""}"
public,partner_commission_rates,EXCLUDE_SECURITY,NO_PROVABLE_TENANT_BOUNDARY,"The live schema proves no organization discriminator or foreign-key path, so exporting rows could cross tenant boundaries.",staging-schema-inventory.json::public.partner_commission_rates reviewed ownership graph has no tenant path,NO_PROVABLE_TENANT_BOUNDARY,{}
public,partner_commission_transactions,EXPORT,PARTNER,The live schema proves this tenant-owned relation through an exact organization discriminator or foreign-key path.,SQL_INSERT_INTO server/src/services/partnerCommissionService.ts:383; SQL_INSERT_INTO server/src/services/partnerDemoSeedService.ts:234; SQL_INSERT_INTO server/src/services/partnerDemoSeedService.ts:251; SQL_INSERT_INTO server/src/services/partnerDemoSeedService.ts:268; SQL_INSERT_INTO server/src/services/partnerDemoSeedService.ts:284,,"{""column"":""organization_id"",""kind"":""DIRECT_COLUMN""}"
public,partner_commissions,EXCLUDE_SECURITY,ACTIVE_SEMANTIC_POLICY_MISSING,"The relation has a structural tenant path but no active semantic writer or reviewed privacy contract, so export fails closed.",organization-export-semantic-source-index.e1.json::public.partner_commissions ACTIVE_SEMANTIC_SOURCE_MISSING,ACTIVE_SEMANTIC_POLICY_MISSING,{}
public,partner_connection_receipts,EXPORT,PARTNER,The live schema proves this tenant-owned relation through an exact organization discriminator or foreign-key path.,SQL_INSERT_INTO server/src/services/partnerConnectionService.ts:213; SQL_UPDATE server/src/services/partnerConnectionService.ts:301; SQL_FROM server/src/services/partnerConnectionService.ts:187,,"{""column"":""organization_id"",""kind"":""DIRECT_COLUMN""}"
public,partner_discount_config,EXCLUDE_SECURITY,NO_PROVABLE_TENANT_BOUNDARY,"The live schema proves no organization discriminator or foreign-key path, so exporting rows could cross tenant boundaries.",staging-schema-inventory.json::public.partner_discount_config reviewed ownership graph has no tenant path,NO_PROVABLE_TENANT_BOUNDARY,{}
public,partner_economics_policy_events,EXCLUDE_SECURITY,ACTIVE_SEMANTIC_POLICY_MISSING,"The relation has a structural tenant path but no active semantic writer or reviewed privacy contract, so export fails closed.",organization-export-semantic-source-index.e1.json::public.partner_economics_policy_events ACTIVE_SEMANTIC_SOURCE_MISSING,ACTIVE_SEMANTIC_POLICY_MISSING,{}
public,partner_exam_questions,EXCLUDE_SECURITY,NO_PROVABLE_TENANT_BOUNDARY,"The live schema proves no organization discriminator or foreign-key path, so exporting rows could cross tenant boundaries.",staging-schema-inventory.json::public.partner_exam_questions reviewed ownership graph has no tenant path,NO_PROVABLE_TENANT_BOUNDARY,{}
public,partner_invoices,EXCLUDE_SECURITY,ACTIVE_SEMANTIC_POLICY_MISSING,"The relation has a structural tenant path but no active semantic writer or reviewed privacy contract, so export fails closed.",organization-export-semantic-source-index.e1.json::public.partner_invoices ACTIVE_SEMANTIC_SOURCE_MISSING,ACTIVE_SEMANTIC_POLICY_MISSING,{}
public,partner_learning_modules,EXCLUDE_SECURITY,NO_PROVABLE_TENANT_BOUNDARY,"The live schema proves no organization discriminator or foreign-key path, so exporting rows could cross tenant boundaries.",staging-schema-inventory.json::public.partner_learning_modules reviewed ownership graph has no tenant path,NO_PROVABLE_TENANT_BOUNDARY,{}
public,partner_learning_progress,EXPORT,PARTNER,The live schema proves this tenant-owned relation through an exact organization discriminator or foreign-key path.,SQL_INSERT_INTO server/src/routes/partners.routes.ts:1814; SQL_INSERT_INTO server/src/services/partnerCertificationService.ts:439; SQL_INSERT_INTO server/src/services/partnerCertificationService.ts:598; SQL_FROM server/src/routes/partners.routes.ts:1616; SQL_FROM server/src/routes/partners.routes.ts:1726,,"{""kind"":""FOREIGN_KEY_PATH"",""path"":[{""column"":""certification_id"",""parentColumn"":""id"",""parentSchema"":""public"",""parentTable"":""partner_certifications""},{""column"":""partner_org_id"",""parentColumn"":""id"",""parentSchema"":""public"",""parentTable"":""partner_organizations""},{""column"":""owner_organization_id"",""parentColumn"":""id"",""parentSchema"":""public"",""parentTable"":""organizations""}]}"
public,partner_legacy_usage_events,EXCLUDE_SECURITY,NO_PROVABLE_TENANT_BOUNDARY,"The live schema proves no organization discriminator or foreign-key path, so exporting rows could cross tenant boundaries.",staging-schema-inventory.json::public.partner_legacy_usage_events reviewed ownership graph has no tenant path,NO_PROVABLE_TENANT_BOUNDARY,{}
public,partner_licenses,EXCLUDE_SECURITY,ACTIVE_SEMANTIC_POLICY_MISSING,"The relation has a structural tenant path but no active semantic writer or reviewed privacy contract, so export fails closed.",organization-export-semantic-source-index.e1.json::public.partner_licenses ACTIVE_SEMANTIC_SOURCE_MISSING,ACTIVE_SEMANTIC_POLICY_MISSING,{}
public,partner_operator_review_receipts,EXPORT,PARTNER,The live schema proves this tenant-owned relation through an exact organization discriminator or foreign-key path.,SQL_INSERT_INTO server/src/services/partnerOperatorReviewService.ts:82; SQL_UPDATE server/src/services/partnerOperatorReviewService.ts:89; SQL_FROM server/src/services/partnerOperatorReviewService.ts:57,,"{""kind"":""FOREIGN_KEY_PATH"",""path"":[{""column"":""actor_user_id"",""parentColumn"":""id"",""parentSchema"":""public"",""parentTable"":""users""}]}"
public,partner_organizations,EXPORT,PARTNER,The live schema proves this tenant-owned relation through an exact organization discriminator or foreign-key path.,SQL_INSERT_INTO server/src/routes/partners.routes.ts:456; SQL_INSERT_INTO server/src/services/partnerConnectionService.ts:262; SQL_UPDATE server/src/routes/partners.routes.ts:662; SQL_UPDATE server/src/routes/partners.routes.ts:788; SQL_UPDATE server/src/routes/v8/partner.routes.ts:1390,,"{""kind"":""FOREIGN_KEY_PATH"",""path"":[{""column"":""owner_organization_id"",""parentColumn"":""id"",""parentSchema"":""public"",""parentTable"":""organizations""}]}"
public,partner_outreach_campaigns,EXCLUDE_SECURITY,NO_PROVABLE_TENANT_BOUNDARY,"The live schema proves no organization discriminator or foreign-key path, so exporting rows could cross tenant boundaries.",staging-schema-inventory.json::public.partner_outreach_campaigns reviewed ownership graph has no tenant path,NO_PROVABLE_TENANT_BOUNDARY,{}
public,partner_outreach_enrollments,EXCLUDE_SECURITY,NO_PROVABLE_TENANT_BOUNDARY,"The live schema proves no organization discriminator or foreign-key path, so exporting rows could cross tenant boundaries.",staging-schema-inventory.json::public.partner_outreach_enrollments reviewed ownership graph has no tenant path,NO_PROVABLE_TENANT_BOUNDARY,{}
public,partner_outreach_events,EXCLUDE_SECURITY,NO_PROVABLE_TENANT_BOUNDARY,"The live schema proves no organization discriminator or foreign-key path, so exporting rows could cross tenant boundaries.",staging-schema-inventory.json::public.partner_outreach_events reviewed ownership graph has no tenant path,NO_PROVABLE_TENANT_BOUNDARY,{}
public,partner_outreach_leads,EXCLUDE_SECURITY,NO_PROVABLE_TENANT_BOUNDARY,"The live schema proves no organization discriminator or foreign-key path, so exporting rows could cross tenant boundaries.",staging-schema-inventory.json::public.partner_outreach_leads reviewed ownership graph has no tenant path,NO_PROVABLE_TENANT_BOUNDARY,{}
public,partner_outreach_message_instances,EXCLUDE_SECURITY,NO_PROVABLE_TENANT_BOUNDARY,"The live schema proves no organization discriminator or foreign-key path, so exporting rows could cross tenant boundaries.",staging-schema-inventory.json::public.partner_outreach_message_instances reviewed ownership graph has no tenant path,NO_PROVABLE_TENANT_BOUNDARY,{}
public,partner_outreach_steps,EXCLUDE_SECURITY,NO_PROVABLE_TENANT_BOUNDARY,"The live schema proves no organization discriminator or foreign-key path, so exporting rows could cross tenant boundaries.",staging-schema-inventory.json::public.partner_outreach_steps reviewed ownership graph has no tenant path,NO_PROVABLE_TENANT_BOUNDARY,{}
public,partner_outreach_unsubscribes,EXCLUDE_SECURITY,NO_PROVABLE_TENANT_BOUNDARY,"The live schema proves no organization discriminator or foreign-key path, so exporting rows could cross tenant boundaries.",staging-schema-inventory.json::public.partner_outreach_unsubscribes reviewed ownership graph has no tenant path,NO_PROVABLE_TENANT_BOUNDARY,{}
public,partner_owner_binding_receipts,EXCLUDE_SECURITY,ACTIVE_SEMANTIC_POLICY_MISSING,"The relation has a structural tenant path but no active semantic writer or reviewed privacy contract, so export fails closed.",organization-export-semantic-source-index.e1.json::public.partner_owner_binding_receipts ACTIVE_SEMANTIC_SOURCE_MISSING,ACTIVE_SEMANTIC_POLICY_MISSING,{}
public,partner_participant_ledger,EXCLUDE_SECURITY,NO_PROVABLE_TENANT_BOUNDARY,"The live schema proves no organization discriminator or foreign-key path, so exporting rows could cross tenant boundaries.",staging-schema-inventory.json::public.partner_participant_ledger reviewed ownership graph has no tenant path,NO_PROVABLE_TENANT_BOUNDARY,{}
public,partner_payout_accounts,EXCLUDE_SECURITY,NO_PROVABLE_TENANT_BOUNDARY,"The live schema proves no organization discriminator or foreign-key path, so exporting rows could cross tenant boundaries.",staging-schema-inventory.json::public.partner_payout_accounts reviewed ownership graph has no tenant path,NO_PROVABLE_TENANT_BOUNDARY,{}
public,partner_payout_settings,EXCLUDE_SECURITY,NO_PROVABLE_TENANT_BOUNDARY,"The live schema proves no organization discriminator or foreign-key path, so exporting rows could cross tenant boundaries.",staging-schema-inventory.json::public.partner_payout_settings reviewed ownership graph has no tenant path,NO_PROVABLE_TENANT_BOUNDARY,{}
public,partner_payouts,EXCLUDE_SECURITY,NO_PROVABLE_TENANT_BOUNDARY,"The live schema proves no organization discriminator or foreign-key path, so exporting rows could cross tenant boundaries.",staging-schema-inventory.json::public.partner_payouts reviewed ownership graph has no tenant path,NO_PROVABLE_TENANT_BOUNDARY,{}
public,partner_program_ledger,EXCLUDE_SECURITY,NO_PROVABLE_TENANT_BOUNDARY,"The live schema proves no organization discriminator or foreign-key path, so exporting rows could cross tenant boundaries.",staging-schema-inventory.json::public.partner_program_ledger reviewed ownership graph has no tenant path,NO_PROVABLE_TENANT_BOUNDARY,{}
public,partner_program_runtime,EXCLUDE_SECURITY,NO_PROVABLE_TENANT_BOUNDARY,"The live schema proves no organization discriminator or foreign-key path, so exporting rows could cross tenant boundaries.",staging-schema-inventory.json::public.partner_program_runtime reviewed ownership graph has no tenant path,NO_PROVABLE_TENANT_BOUNDARY,{}
public,partner_projects,EXCLUDE_SECURITY,ACTIVE_SEMANTIC_POLICY_MISSING,"The relation has a structural tenant path but no active semantic writer or reviewed privacy contract, so export fails closed.",organization-export-semantic-source-index.e1.json::public.partner_projects ACTIVE_SEMANTIC_SOURCE_MISSING,ACTIVE_SEMANTIC_POLICY_MISSING,{}
public,partner_referral_click_receipts,EXPORT,PARTNER,The live schema proves this tenant-owned relation through an exact organization discriminator or foreign-key path.,SQL_INSERT_INTO server/src/services/partnerReferralService.ts:1032; SQL_UPDATE server/src/services/partnerReferralService.ts:1083; SQL_FROM server/src/services/partnerReferralService.ts:984,,"{""kind"":""FOREIGN_KEY_PATH"",""path"":[{""column"":""partner_org_id"",""parentColumn"":""id"",""parentSchema"":""public"",""parentTable"":""partner_organizations""},{""column"":""owner_organization_id"",""parentColumn"":""id"",""parentSchema"":""public"",""parentTable"":""organizations""}]}"
public,partner_referral_clicks,EXPORT,PARTNER,The live schema proves this tenant-owned relation through an exact organization discriminator or foreign-key path.,SQL_INSERT_INTO server/src/services/partnerDemoSeedService.ts:359; SQL_INSERT_INTO server/src/services/partnerDemoSeedService.ts:367; SQL_INSERT_INTO server/src/services/partnerDemoSeedService.ts:375; SQL_INSERT_INTO server/src/services/partnerReferralService.ts:874; SQL_INSERT_INTO server/src/services/partnerReferralService.ts:1038,,"{""kind"":""FOREIGN_KEY_PATH"",""path"":[{""column"":""partner_org_id"",""parentColumn"":""id"",""parentSchema"":""public"",""parentTable"":""partner_organizations""},{""column"":""owner_organization_id"",""parentColumn"":""id"",""parentSchema"":""public"",""parentTable"":""organizations""}]}"
public,partner_regions,EXPORT,PARTNER,The live schema proves this tenant-owned relation through an exact organization discriminator or foreign-key path.,SQL_INSERT_INTO server/src/routes/partners.routes.ts:750; SQL_INSERT_INTO server/src/routes/v8/partner.routes.ts:1506; SQL_DELETE_FROM server/src/routes/partners.routes.ts:748; SQL_DELETE_FROM server/src/routes/v8/partner.routes.ts:1502; SQL_FROM server/src/routes/partners.routes.ts:324,,"{""kind"":""FOREIGN_KEY_PATH"",""path"":[{""column"":""partner_org_id"",""parentColumn"":""id"",""parentSchema"":""public"",""parentTable"":""partner_organizations""},{""column"":""owner_organization_id"",""parentColumn"":""id"",""parentSchema"":""public"",""parentTable"":""organizations""}]}"
public,partner_resource_downloads,EXPORT,PARTNER,The live schema proves this tenant-owned relation through an exact organization discriminator or foreign-key path.,SQL_INSERT_INTO server/src/routes/partners.routes.ts:2288; SQL_INSERT_INTO server/src/routes/partners.routes.ts:2296; SQL_FROM server/src/routes/partners.routes.ts:3122,,"{""kind"":""FOREIGN_KEY_PATH"",""path"":[{""column"":""partner_org_id"",""parentColumn"":""id"",""parentSchema"":""public"",""parentTable"":""partner_organizations""},{""column"":""owner_organization_id"",""parentColumn"":""id"",""parentSchema"":""public"",""parentTable"":""organizations""}]}"
public,partner_resources,EXCLUDE_SECURITY,NO_PROVABLE_TENANT_BOUNDARY,"The live schema proves no organization discriminator or foreign-key path, so exporting rows could cross tenant boundaries.",staging-schema-inventory.json::public.partner_resources reviewed ownership graph has no tenant path,NO_PROVABLE_TENANT_BOUNDARY,{}
public,partner_specializations,EXPORT,PARTNER,The live schema proves this tenant-owned relation through an exact organization discriminator or foreign-key path.,SQL_INSERT_INTO server/src/routes/partners.routes.ts:705; SQL_INSERT_INTO server/src/routes/v8/partner.routes.ts:1446; SQL_DELETE_FROM server/src/routes/partners.routes.ts:701; SQL_DELETE_FROM server/src/routes/v8/partner.routes.ts:1442; SQL_FROM server/src/routes/partners.routes.ts:319,,"{""kind"":""FOREIGN_KEY_PATH"",""path"":[{""column"":""partner_org_id"",""parentColumn"":""id"",""parentSchema"":""public"",""parentTable"":""partner_organizations""},{""column"":""owner_organization_id"",""parentColumn"":""id"",""parentSchema"":""public"",""parentTable"":""organizations""}]}"
public,partner_users,EXPORT,PARTNER,The live schema proves this tenant-owned relation through an exact organization discriminator or foreign-key path.,SQL_INSERT_INTO server/src/routes/partners.routes.ts:462; SQL_INSERT_INTO server/src/services/partnerConnectionService.ts:251; SQL_INSERT_INTO server/src/services/partnerConnectionService.ts:277; SQL_INSERT_INTO server/src/services/partnerOrgResolution.ts:67; SQL_INSERT_INTO server/src/services/partnerOrgResolution.ts:85,,"{""kind"":""FOREIGN_KEY_PATH"",""path"":[{""column"":""user_id"",""parentColumn"":""id"",""parentSchema"":""public"",""parentTable"":""users""}]}"
public,password_resets,EXCLUDE_SECURITY,SECURITY_CREDENTIALS_AND_SESSIONS,"The reviewed relation contains authentication, credential, session, recovery, signing, or token-vault material and is excluded in full.",staging-schema-inventory.json::public.password_resets; reviewed exact credential identity list,CREDENTIAL_OR_SESSION_MATERIAL,{}
public,payment_attempts,EXPORT,OPERATIONS,The live schema proves this tenant-owned relation through an exact organization discriminator or foreign-key path.,SQL_INSERT_INTO server/src/services/dunningService.ts:178; SQL_INSERT_INTO server/src/services/dunningService.ts:213,,"{""column"":""organization_id"",""kind"":""DIRECT_COLUMN""}"
public,payment_failures,EXPORT,ADMIN_SECURITY,The live schema proves this tenant-owned relation through an exact organization discriminator or foreign-key path.,SQL_UPDATE server/src/controllers/superadmin/revenueController.ts:518; SQL_UPDATE server/src/controllers/superadmin/revenueController.ts:523; SQL_UPDATE server/src/routes/revenue.routes.ts:752; SQL_FROM server/src/controllers/superadmin/revenueController.ts:483; SQL_FROM server/src/controllers/superadmin/revenueController.ts:508,,"{""column"":""organization_id"",""kind"":""DIRECT_COLUMN""}"
public,payment_methods,EXPORT,ADMIN_SECURITY,The live schema proves this tenant-owned relation through an exact organization discriminator or foreign-key path.,SQL_INSERT_INTO server/src/controllers/superadmin/revenueController.ts:444; SQL_INSERT_INTO server/src/routes/adminP32.routes.ts:1586; SQL_INSERT_INTO server/src/routes/billing/billing.routes.ts:2827; SQL_INSERT_INTO server/src/services/billing/BillingCommandService.ts:1145; SQL_UPDATE server/src/controllers/superadmin/revenueController.ts:438,,"{""column"":""organization_id"",""kind"":""DIRECT_COLUMN""}"
public,pdf_imports,EXCLUDE_SECURITY,ACTIVE_SEMANTIC_POLICY_MISSING,"The relation has a structural tenant path but no active semantic writer or reviewed privacy contract, so export fails closed.",organization-export-semantic-source-index.e1.json::public.pdf_imports ACTIVE_SEMANTIC_SOURCE_MISSING,ACTIVE_SEMANTIC_POLICY_MISSING,{}
public,permission_definitions,EXCLUDE_SECURITY,NO_PROVABLE_TENANT_BOUNDARY,"The live schema proves no organization discriminator or foreign-key path, so exporting rows could cross tenant boundaries.",staging-schema-inventory.json::public.permission_definitions reviewed ownership graph has no tenant path,NO_PROVABLE_TENANT_BOUNDARY,{}
public,permission_requests,EXPORT,OPERATIONS,The live schema proves this tenant-owned relation through an exact organization discriminator or foreign-key path.,SQL_INSERT_INTO server/src/routes/permissionRequests.routes.ts:68; SQL_UPDATE server/src/routes/permissionRequests.routes.ts:90; SQL_UPDATE server/src/routes/permissionRequests.routes.ts:112; SQL_FROM server/src/routes/permissionRequests.routes.ts:24; SQL_FROM server/src/routes/permissionRequests.routes.ts:41,,"{""column"":""organization_id"",""kind"":""DIRECT_COLUMN""}"
public,permissions,EXCLUDE_SECURITY,NO_PROVABLE_TENANT_BOUNDARY,"The live schema proves no organization discriminator or foreign-key path, so exporting rows could cross tenant boundaries.",staging-schema-inventory.json::public.permissions reviewed ownership graph has no tenant path,NO_PROVABLE_TENANT_BOUNDARY,{}
public,pinned_insights,EXPORT,PLATFORM_AI,The live schema proves this tenant-owned relation through an exact organization discriminator or foreign-key path.,SQL_INSERT_INTO server/src/services/ai/pinnedInsightsService.ts:38; SQL_UPDATE server/src/services/ai/pinnedInsightsService.ts:117; SQL_DELETE_FROM server/src/services/ai/pinnedInsightsService.ts:96; SQL_FROM server/src/services/ai/pinnedInsightsService.ts:85; SQL_FROM server/src/services/ai/pinnedInsightsService.ts:109,,"{""column"":""organization_id"",""kind"":""DIRECT_COLUMN""}"
public,pinned_prompts,EXPORT,OPERATIONS,The live schema proves this tenant-owned relation through an exact organization discriminator or foreign-key path.,SQL_INSERT_INTO server/src/routes/pinned-prompts.routes.ts:43; SQL_UPDATE server/src/routes/pinned-prompts.routes.ts:83; SQL_DELETE_FROM server/src/routes/pinned-prompts.routes.ts:95; SQL_FROM server/src/routes/pinned-prompts.routes.ts:25,,"{""column"":""organization_id"",""kind"":""DIRECT_COLUMN""}"
public,plan_baselines,EXPORT,OPERATIONS,The live schema proves this tenant-owned relation through an exact organization discriminator or foreign-key path.,SQL_INSERT_INTO server/src/services/rolloutBaselineService.ts:113; SQL_FROM server/src/services/rolloutBaselineService.ts:142; SQL_FROM server/src/services/rolloutBaselineService.ts:157,,"{""column"":""organization_id"",""kind"":""DIRECT_COLUMN""}"
public,plan_features,EXCLUDE_SECURITY,NO_PROVABLE_TENANT_BOUNDARY,"The live schema proves no organization discriminator or foreign-key path, so exporting rows could cross tenant boundaries.",staging-schema-inventory.json::public.plan_features reviewed ownership graph has no tenant path,NO_PROVABLE_TENANT_BOUNDARY,{}
public,pmo_audit_trail,EXCLUDE_SECURITY,NO_PROVABLE_TENANT_BOUNDARY,"The live schema proves no organization discriminator or foreign-key path, so exporting rows could cross tenant boundaries.",staging-schema-inventory.json::public.pmo_audit_trail reviewed ownership graph has no tenant path,NO_PROVABLE_TENANT_BOUNDARY,{}
public,pmo_role_definitions,EXCLUDE_SECURITY,NO_PROVABLE_TENANT_BOUNDARY,"The live schema proves no organization discriminator or foreign-key path, so exporting rows could cross tenant boundaries.",staging-schema-inventory.json::public.pmo_role_definitions reviewed ownership graph has no tenant path,NO_PROVABLE_TENANT_BOUNDARY,{}
public,pmo_roles,EXPORT,OPERATIONS,The live schema proves this tenant-owned relation through an exact organization discriminator or foreign-key path.,SQL_INSERT_INTO server/src/routes/pmo/pmoRoles.routes.ts:334; SQL_UPDATE server/src/routes/pmo/pmoRoles.routes.ts:412; SQL_DELETE_FROM server/src/routes/pmo/pmoRoles.routes.ts:481; SQL_FROM server/src/routes/pmo/pmoRoles.routes.ts:212; SQL_FROM server/src/routes/pmo/pmoRoles.routes.ts:275,,"{""column"":""organization_id"",""kind"":""DIRECT_COLUMN""}"
public,pmo_standards,EXCLUDE_SECURITY,NO_PROVABLE_TENANT_BOUNDARY,"The live schema proves no organization discriminator or foreign-key path, so exporting rows could cross tenant boundaries.",staging-schema-inventory.json::public.pmo_standards reviewed ownership graph has no tenant path,NO_PROVABLE_TENANT_BOUNDARY,{}
public,post_implementation_reviews,EXPORT,OPERATIONS,The live schema proves this tenant-owned relation through an exact organization discriminator or foreign-key path.,SQL_INSERT_INTO server/src/services/pirService.ts:89; SQL_UPDATE server/src/services/pirService.ts:127; SQL_FROM server/src/services/pirService.ts:53; SQL_FROM server/src/services/pirService.ts:142,,"{""column"":""organization_id"",""kind"":""DIRECT_COLUMN""}"
public,predictive_model_predictions,EXPORT,ADMIN_SECURITY,The live schema proves this tenant-owned relation through an exact organization discriminator or foreign-key path.,SQL_INSERT_INTO server/src/routes/analytics-superadmin.routes.ts:1120; SQL_DELETE_FROM server/src/routes/analytics-superadmin.routes.ts:1156; SQL_FROM server/src/routes/analytics-superadmin.routes.ts:904,,"{""kind"":""FOREIGN_KEY_PATH"",""path"":[{""column"":""model_id"",""parentColumn"":""id"",""parentSchema"":""public"",""parentTable"":""predictive_models""},{""column"":""created_by"",""parentColumn"":""id"",""parentSchema"":""public"",""parentTable"":""users""}]}"
public,predictive_model_runs,EXPORT,ADMIN_SECURITY,The live schema proves this tenant-owned relation through an exact organization discriminator or foreign-key path.,SQL_INSERT_INTO server/src/routes/analytics-superadmin.routes.ts:1028; SQL_DELETE_FROM server/src/routes/analytics-superadmin.routes.ts:1155; SQL_FROM server/src/routes/analytics-superadmin.routes.ts:874; SQL_FROM server/src/routes/analytics-superadmin.routes.ts:1066,,"{""kind"":""FOREIGN_KEY_PATH"",""path"":[{""column"":""model_id"",""parentColumn"":""id"",""parentSchema"":""public"",""parentTable"":""predictive_models""},{""column"":""created_by"",""parentColumn"":""id"",""parentSchema"":""public"",""parentTable"":""users""}]}"
public,predictive_models,EXPORT,ADMIN_SECURITY,The live schema proves this tenant-owned relation through an exact organization discriminator or foreign-key path.,SQL_INSERT_INTO server/src/controllers/SuperAdminController.ts:5700; SQL_INSERT_INTO server/src/routes/analytics-superadmin.routes.ts:934; SQL_UPDATE server/src/controllers/SuperAdminController.ts:5720; SQL_UPDATE server/src/controllers/SuperAdminController.ts:5741; SQL_UPDATE server/src/routes/analytics-superadmin.routes.ts:1034,,"{""kind"":""FOREIGN_KEY_PATH"",""path"":[{""column"":""created_by"",""parentColumn"":""id"",""parentSchema"":""public"",""parentTable"":""users""}]}"
public,presentation_ai_operations,EXPORT,PRESENTATIONS,The live schema proves this tenant-owned relation through an exact organization discriminator or foreign-key path.,SQL_INSERT_INTO server/src/routes/presentations.routes.ts:907; SQL_INSERT_INTO server/src/routes/presentations.routes.ts:7248; SQL_INSERT_INTO server/src/routes/presentations.routes.ts:7575; SQL_INSERT_INTO server/src/services/legacyCutover/registry/materials.ts:143; SQL_INSERT_INTO server/src/services/presentationTeresaBridgeService.ts:162,,"{""column"":""organization_id"",""kind"":""DIRECT_COLUMN""}"
public,presentation_analytics,EXCLUDE_SECURITY,NO_PROVABLE_TENANT_BOUNDARY,"The live schema proves no organization discriminator or foreign-key path, so exporting rows could cross tenant boundaries.",staging-schema-inventory.json::public.presentation_analytics reviewed ownership graph has no tenant path,NO_PROVABLE_TENANT_BOUNDARY,{}
public,presentation_benchmark_runs,EXPORT,PRESENTATIONS,The live schema proves this tenant-owned relation through an exact organization discriminator or foreign-key path.,SQL_INSERT_INTO server/src/services/presentationBenchmarkScorecardService.ts:451; SQL_FROM server/src/services/presentationBenchmarkScorecardService.ts:503; SQL_FROM server/src/services/presentationBenchmarkScorecardService.ts:536; SQL_FROM server/src/services/presentationBenchmarkTrendService.ts:504,,"{""column"":""organization_id"",""kind"":""DIRECT_COLUMN""}"
public,presentation_cards,EXPORT,TOOLS,The live schema proves this tenant-owned relation through an exact organization discriminator or foreign-key path.,SQL_INSERT_INTO server/src/controllers/ToolController.ts:2931; SQL_INSERT_INTO server/src/routes/presentations.routes.ts:2390; SQL_INSERT_INTO server/src/routes/presentations.routes.ts:2539; SQL_DELETE_FROM server/src/controllers/ToolController.ts:2992; SQL_DELETE_FROM server/src/routes/presentations.routes.ts:2418,,"{""kind"":""FOREIGN_KEY_PATH"",""path"":[{""column"":""deck_id"",""parentColumn"":""id"",""parentSchema"":""public"",""parentTable"":""presentation_decks""}]}"
public,presentation_deck_collaborators,EXPORT,PRESENTATIONS,The live schema proves this tenant-owned relation through an exact organization discriminator or foreign-key path.,SQL_INSERT_INTO server/src/services/presentationDeckCollaboratorService.ts:189; SQL_UPDATE server/src/services/presentationDeckCollaboratorService.ts:175; SQL_UPDATE server/src/services/presentationDeckCollaboratorService.ts:239; SQL_FROM server/src/gateways/presentationCollabWs.gateway.ts:182; SQL_FROM server/src/services/presentationDeckCollaboratorService.ts:98,,"{""column"":""organization_id"",""kind"":""DIRECT_COLUMN""}"
public,presentation_deck_versions,EXPORT,PRESENTATIONS,The live schema proves this tenant-owned relation through an exact organization discriminator or foreign-key path.,SQL_INSERT_INTO server/src/routes/presentations.routes.ts:4172; SQL_INSERT_INTO server/src/routes/presentations.routes.ts:4379; SQL_INSERT_INTO server/src/routes/presentations.routes.ts:8370; SQL_INSERT_INTO server/src/scripts/agentMigrationsIdempotencyRealDbProof.ts:112; SQL_INSERT_INTO server/src/scripts/u02MigrationSafetyRealDbProof.ts:106,,"{""kind"":""FOREIGN_KEY_PATH"",""path"":[{""column"":""deck_id"",""parentColumn"":""id"",""parentSchema"":""public"",""parentTable"":""presentation_decks""}]}"
public,presentation_decks,EXPORT,TOOLS,The live schema proves this tenant-owned relation through an exact organization discriminator or foreign-key path.,SQL_INSERT_INTO server/src/controllers/ToolController.ts:2900; SQL_INSERT_INTO server/src/routes/presentations.routes.ts:2364; SQL_INSERT_INTO server/src/routes/presentations.routes.ts:2519; SQL_INSERT_INTO server/src/scripts/u02MigrationSafetyRealDbProof.ts:101; SQL_INSERT_INTO server/src/scripts/u02MigrationSafetyRealDbProof.ts:140,,"{""column"":""organization_id"",""kind"":""DIRECT_COLUMN""}"
public,presentation_export_records,EXPORT,PRESENTATIONS,The live schema proves this tenant-owned relation through an exact organization discriminator or foreign-key path.,SQL_INSERT_INTO server/src/routes/presentations.routes.ts:509; SQL_FROM server/src/routes/presentations.routes.ts:5160; SQL_FROM server/src/routes/presentations.routes.ts:5558; SQL_FROM server/src/services/presentationAuditIntegrityService.ts:621; SQL_FROM server/src/services/presentationExportParityService.ts:598,,"{""column"":""organization_id"",""kind"":""DIRECT_COLUMN""}"
public,presentation_governance_alert_dispatches,EXPORT,PRESENTATIONS,The live schema proves this tenant-owned relation through an exact organization discriminator or foreign-key path.,SQL_INSERT_INTO server/src/services/presentationGovernanceAlertService.ts:427; SQL_INSERT_INTO server/src/services/presentationGovernanceAlertService.ts:462; SQL_FROM server/src/routes/presentations.routes.ts:1135; SQL_FROM server/src/routes/presentations.routes.ts:5297; SQL_FROM server/src/routes/presentations.routes.ts:6787,,"{""column"":""organization_id"",""kind"":""DIRECT_COLUMN""}"
public,presentation_governance_alert_subscriptions,EXPORT,PRESENTATIONS,The live schema proves this tenant-owned relation through an exact organization discriminator or foreign-key path.,SQL_INSERT_INTO server/src/routes/presentations.routes.ts:6167; SQL_UPDATE server/src/routes/presentations.routes.ts:6225; SQL_UPDATE server/src/services/presentationGovernanceAlertService.ts:514; SQL_UPDATE server/src/services/presentationGovernanceAlertSubscriberService.ts:245; SQL_UPDATE server/src/services/presentationIncidentClassificationService.ts:107,,"{""column"":""organization_id"",""kind"":""DIRECT_COLUMN""}"
public,presentation_governance_alert_worker_state,EXPORT,PRESENTATIONS,The live schema proves this tenant-owned relation through an exact organization discriminator or foreign-key path.,SQL_FROM server/src/routes/presentations.routes.ts:5245; SQL_FROM server/src/services/presentationMigrationDryRunService.ts:168,,"{""column"":""organization_id"",""kind"":""DIRECT_COLUMN""}"
public,presentation_governance_subscriber_tokens,EXPORT,PRESENTATIONS,The live schema proves this tenant-owned relation through an exact organization discriminator or foreign-key path.,SQL_INSERT_INTO server/src/services/presentationGovernanceAlertSubscriberService.ts:506; SQL_UPDATE server/src/routes/presentations.routes.ts:1153; SQL_UPDATE server/src/services/presentationSubscriberTokenManagementService.ts:473; SQL_FROM server/src/routes/presentations.routes.ts:1076; SQL_FROM server/src/services/presentationMigrationDryRunService.ts:200,,"{""column"":""organization_id"",""kind"":""DIRECT_COLUMN""}"
public,presentation_intents,EXCLUDE_SECURITY,NO_PROVABLE_TENANT_BOUNDARY,"The live schema proves no organization discriminator or foreign-key path, so exporting rows could cross tenant boundaries.",staging-schema-inventory.json::public.presentation_intents reviewed ownership graph has no tenant path,NO_PROVABLE_TENANT_BOUNDARY,{}
public,presentation_migration_reports,EXPORT,PRESENTATIONS,The live schema proves this tenant-owned relation through an exact organization discriminator or foreign-key path.,SQL_FROM server/src/services/presentationMigrationDryRunService.ts:107,,"{""column"":""organization_id"",""kind"":""DIRECT_COLUMN""}"
public,presentation_runtime_events,EXPORT,PRESENTATIONS,The live schema proves this tenant-owned relation through an exact organization discriminator or foreign-key path.,SQL_INSERT_INTO server/src/services/presentationRuntimeTelemetryService.ts:31; SQL_FROM server/src/routes/presentations.routes.ts:4527; SQL_FROM server/src/routes/presentations.routes.ts:4655; SQL_FROM server/src/routes/presentations.routes.ts:4944; SQL_FROM server/src/routes/presentations.routes.ts:5134,,"{""column"":""organization_id"",""kind"":""DIRECT_COLUMN""}"
public,presentation_template_governance_events,EXCLUDE_SECURITY,ACTIVE_SEMANTIC_POLICY_MISSING,"The relation has a structural tenant path but no active semantic writer or reviewed privacy contract, so export fails closed.",organization-export-semantic-source-index.e1.json::public.presentation_template_governance_events ACTIVE_SEMANTIC_SOURCE_MISSING,ACTIVE_SEMANTIC_POLICY_MISSING,{}
public,presentation_templates,EXPORT,OPERATIONS,The live schema proves this tenant-owned relation through an exact organization discriminator or foreign-key path.,SQL_INSERT_INTO server/src/routes/artifacts.routes.ts:1269; SQL_INSERT_INTO server/src/routes/mcp.routes.ts:668; SQL_INSERT_INTO server/src/routes/presentations.routes.ts:1462; SQL_INSERT_INTO server/src/routes/presentations.routes.ts:1550; SQL_INSERT_INTO server/src/services/deliverableTemplateSeedService.ts:365,,"{""column"":""organization_id"",""kind"":""DIRECT_COLUMN""}"
public,presentation_watchlist_presets,EXPORT,PRESENTATIONS,The live schema proves this tenant-owned relation through an exact organization discriminator or foreign-key path.,SQL_INSERT_INTO server/src/routes/presentations.routes.ts:5839; SQL_UPDATE server/src/routes/presentations.routes.ts:5831; SQL_DELETE_FROM server/src/routes/presentations.routes.ts:5932; SQL_FROM server/src/routes/presentations.routes.ts:5770; SQL_FROM server/src/routes/presentations.routes.ts:5885,,"{""column"":""organization_id"",""kind"":""DIRECT_COLUMN""}"
public,presentation_watchlist_saved_searches,EXPORT,PRESENTATIONS,The live schema proves this tenant-owned relation through an exact organization discriminator or foreign-key path.,SQL_FROM server/src/services/presentationMigrationDryRunService.ts:217,,"{""column"":""organization_id"",""kind"":""DIRECT_COLUMN""}"
public,preserved_conversations,EXPORT,PLATFORM_AI,The live schema proves this tenant-owned relation through an exact organization discriminator or foreign-key path.,SQL_INSERT_INTO server/src/services/ai/retentionAutomationService.ts:161; SQL_DELETE_FROM server/src/services/ai/retentionAutomationService.ts:171; SQL_FROM server/src/services/ai/retentionAutomationService.ts:223; SQL_FROM server/src/services/ai/retentionAutomationService.ts:281,,"{""column"":""organization_id"",""kind"":""DIRECT_COLUMN""}"
public,pricing_plan_features,EXCLUDE_SECURITY,NO_PROVABLE_TENANT_BOUNDARY,"The live schema proves no organization discriminator or foreign-key path, so exporting rows could cross tenant boundaries.",staging-schema-inventory.json::public.pricing_plan_features reviewed ownership graph has no tenant path,NO_PROVABLE_TENANT_BOUNDARY,{}
public,process_definitions,EXPORT,OPERATIONS,The live schema proves this tenant-owned relation through an exact organization discriminator or foreign-key path.,SQL_INSERT_INTO server/src/services/caseWorkspace/playService.ts:709; SQL_UPDATE server/src/services/caseWorkspace/playService.ts:877; SQL_FROM server/src/services/caseWorkspace/playService.ts:633; SQL_FROM server/src/services/caseWorkspace/playService.ts:775; SQL_FROM server/src/services/caseWorkspace/playService.ts:825,,"{""column"":""organization_id"",""kind"":""DIRECT_COLUMN""}"
public,process_versions,EXPORT,OPERATIONS,The live schema proves this tenant-owned relation through an exact organization discriminator or foreign-key path.,SQL_INSERT_INTO server/src/services/caseWorkspace/playService.ts:954; SQL_UPDATE server/src/services/caseWorkspace/playService.ts:1051; SQL_UPDATE server/src/services/caseWorkspace/playService.ts:1193; SQL_UPDATE server/src/services/caseWorkspace/playService.ts:1276; SQL_UPDATE server/src/services/caseWorkspace/playService.ts:1327,,"{""kind"":""FOREIGN_KEY_PATH"",""path"":[{""column"":""process_definition_id"",""parentColumn"":""process_definition_id"",""parentSchema"":""public"",""parentTable"":""process_definitions""}]}"
public,processing_records,EXCLUDE_SECURITY,NO_PROVABLE_TENANT_BOUNDARY,"The live schema proves no organization discriminator or foreign-key path, so exporting rows could cross tenant boundaries.",staging-schema-inventory.json::public.processing_records reviewed ownership graph has no tenant path,NO_PROVABLE_TENANT_BOUNDARY,{}
public,programs,EXPORT,INITIATIVES,The live schema proves this tenant-owned relation through an exact organization discriminator or foreign-key path.,SQL_INSERT_INTO server/src/routes/pmo/initiatives.routes.ts:925; SQL_UPDATE server/src/routes/pmo/initiatives.routes.ts:1101; SQL_DELETE_FROM server/src/routes/pmo/initiatives.routes.ts:1188; SQL_FROM server/src/controllers/InitiativeController.ts:2108; SQL_FROM server/src/routes/pmo/initiatives.routes.ts:845,,"{""column"":""organization_id"",""kind"":""DIRECT_COLUMN""}"
public,project_ai_settings,EXPORT,PLATFORM_AI,The live schema proves this tenant-owned relation through an exact organization discriminator or foreign-key path.,SQL_INSERT_INTO server/src/services/aiRoleGuard.ts:70; SQL_INSERT_INTO server/src/services/regulatoryModeGuard.ts:52; SQL_FROM server/src/services/aiRoleGuard.ts:43; SQL_FROM server/src/services/regulatoryModeGuard.ts:14,,"{""kind"":""FOREIGN_KEY_PATH"",""path"":[{""column"":""project_id"",""parentColumn"":""id"",""parentSchema"":""public"",""parentTable"":""projects""}]}"
public,project_budgets,EXPORT,OPERATIONS,The live schema proves this tenant-owned relation through an exact organization discriminator or foreign-key path.,SQL_INSERT_INTO server/src/services/budgetManagementService.ts:222; SQL_UPDATE server/src/services/budgetManagementService.ts:509; SQL_FROM server/src/_backup/ts-js-collisions/repositories/ManagementReportRepository.js:581; SQL_FROM server/src/repositories/ManagementReportRepository.ts:644; SQL_FROM server/src/services/budgetManagementService.ts:323,,"{""kind"":""FOREIGN_KEY_PATH"",""path"":[{""column"":""project_id"",""parentColumn"":""id"",""parentSchema"":""public"",""parentTable"":""projects""}]}"
public,project_insights,EXPORT,REPORTING,The live schema proves this tenant-owned relation through an exact organization discriminator or foreign-key path.,SQL_FROM server/src/services/managementReportsService.ts:897,,"{""kind"":""FOREIGN_KEY_PATH"",""path"":[{""column"":""session_id"",""parentColumn"":""id"",""parentSchema"":""public"",""parentTable"":""interview_sessions""}]}"
public,project_knowledge,EXCLUDE_SECURITY,NO_PROVABLE_TENANT_BOUNDARY,"The live schema proves no organization discriminator or foreign-key path, so exporting rows could cross tenant boundaries.",staging-schema-inventory.json::public.project_knowledge reviewed ownership graph has no tenant path,NO_PROVABLE_TENANT_BOUNDARY,{}
public,project_kpis,EXPORT,OPERATIONS,The live schema proves this tenant-owned relation through an exact organization discriminator or foreign-key path.,SQL_INSERT_INTO server/src/services/demo/demoSeedService.ts:3961; SQL_FROM server/src/_backup/ts-js-collisions/repositories/ManagementReportRepository.js:602; SQL_FROM server/src/repositories/ManagementReportRepository.ts:665,,"{""kind"":""FOREIGN_KEY_PATH"",""path"":[{""column"":""project_id"",""parentColumn"":""id"",""parentSchema"":""public"",""parentTable"":""projects""}]}"
public,project_members,EXPORT,PROJECT_MEMBERSHIP,Project membership is tenant-owned governance data; person-identifying columns require exclusion in the final projection.,server/src/services/organizationExportMvpContract.ts,,"{""kind"":""FOREIGN_KEY_PATH"",""path"":[{""column"":""project_id"",""parentColumn"":""id"",""parentSchema"":""public"",""parentTable"":""projects""}]}"
public,project_notification_settings,EXPORT,PROJECTS_PMO,The live schema proves this tenant-owned relation through an exact organization discriminator or foreign-key path.,SQL_FROM server/src/controllers/ProjectController.ts:513; SQL_FROM server/src/controllers/ProjectController.ts:568,,"{""kind"":""FOREIGN_KEY_PATH"",""path"":[{""column"":""project_id"",""parentColumn"":""id"",""parentSchema"":""public"",""parentTable"":""projects""}]}"
public,project_role_assignments,EXCLUDE_SECURITY,NO_PROVABLE_TENANT_BOUNDARY,"The live schema proves no organization discriminator or foreign-key path, so exporting rows could cross tenant boundaries.",staging-schema-inventory.json::public.project_role_assignments reviewed ownership graph has no tenant path,NO_PROVABLE_TENANT_BOUNDARY,{}
public,project_role_overrides,EXCLUDE_SECURITY,ACTIVE_SEMANTIC_POLICY_MISSING,"The relation has a structural tenant path but no active semantic writer or reviewed privacy contract, so export fails closed.",organization-export-semantic-source-index.e1.json::public.project_role_overrides ACTIVE_SEMANTIC_SOURCE_MISSING,ACTIVE_SEMANTIC_POLICY_MISSING,{}
public,project_role_templates,EXPORT,OPERATIONS,The live schema proves this tenant-owned relation through an exact organization discriminator or foreign-key path.,SQL_INSERT_INTO server/src/routes/access.routes.ts:162; SQL_INSERT_INTO server/src/routes/access.routes.ts:212; SQL_INSERT_INTO server/src/services/effectiveAccessService.ts:683; SQL_UPDATE server/src/routes/access.routes.ts:230; SQL_FROM server/src/routes/access.routes.ts:105,,"{""column"":""organization_id"",""kind"":""DIRECT_COLUMN""}"
public,project_steering_board,EXPORT,PROJECTS_PMO,The live schema proves this tenant-owned relation through an exact organization discriminator or foreign-key path.,SQL_INSERT_INTO server/src/controllers/ProjectController.ts:1370; SQL_UPDATE server/src/controllers/ProjectController.ts:1355; SQL_FROM server/src/controllers/ProjectController.ts:1298; SQL_FROM server/src/controllers/ProjectController.ts:1350; SQL_FROM server/src/services/initiative/initiativeAccessResolver.ts:84,,"{""kind"":""FOREIGN_KEY_PATH"",""path"":[{""column"":""project_id"",""parentColumn"":""id"",""parentSchema"":""public"",""parentTable"":""projects""}]}"
public,project_steering_board_members,EXPORT,PROJECTS_PMO,The live schema proves this tenant-owned relation through an exact organization discriminator or foreign-key path.,SQL_DELETE_FROM server/src/controllers/ProjectController.ts:1441; SQL_FROM server/src/controllers/InitiativeController.ts:6774; SQL_FROM server/src/controllers/ProjectController.ts:1310; SQL_FROM server/src/services/initiative/initiativeAccessResolver.ts:91; SQL_FROM server/src/services/v8/planningPortfolioReadService.ts:985,,"{""kind"":""FOREIGN_KEY_PATH"",""path"":[{""column"":""project_id"",""parentColumn"":""id"",""parentSchema"":""public"",""parentTable"":""projects""}]}"
public,project_team_members,EXPORT,OPERATIONS,The live schema proves this tenant-owned relation through an exact organization discriminator or foreign-key path.,SQL_INSERT_INTO server/src/routes/pmo/pmoRoles.routes.ts:792; SQL_DELETE_FROM server/src/routes/pmo/pmoRoles.routes.ts:836; SQL_FROM server/src/routes/pmo/pmoRoles.routes.ts:623,,"{""column"":""organization_id"",""kind"":""DIRECT_COLUMN""}"
public,project_users,EXPORT,OPERATIONS,The live schema proves this tenant-owned relation through an exact organization discriminator or foreign-key path.,SQL_INSERT_INTO server/src/services/demo/demoSeedService.ts:2163; SQL_INSERT_INTO server/src/services/invitationService.ts:753; SQL_DELETE_FROM server/src/controllers/SuperAdminController.ts:431; SQL_FROM server/src/services/userActivityService.ts:161; SQL_JOIN server/src/routes/mcp.routes.ts:492,,"{""kind"":""FOREIGN_KEY_PATH"",""path"":[{""column"":""project_id"",""parentColumn"":""id"",""parentSchema"":""public"",""parentTable"":""projects""}]}"
public,projects,EXPORT,PROJECTS,Projects are tenant-owned business records with an explicit organization discriminator and reviewed v9 projection.,server/src/services/organizationExportMvpContract.ts,,"{""column"":""organization_id"",""kind"":""DIRECT_COLUMN""}"
public,prompt_library,EXPORT,PLATFORM_AI,The live schema proves this tenant-owned relation through an exact organization discriminator or foreign-key path.,SQL_INSERT_INTO server/src/services/ai/promptLibraryService.ts:45; SQL_UPDATE server/src/services/ai/promptLibraryService.ts:127; SQL_UPDATE server/src/services/ai/promptLibraryService.ts:151; SQL_DELETE_FROM server/src/services/ai/promptLibraryService.ts:176; SQL_FROM server/src/services/ai/promptLibraryService.ts:114,,"{""column"":""organization_id"",""kind"":""DIRECT_COLUMN""}"
public,proration_records,EXCLUDE_SECURITY,ACTIVE_SEMANTIC_POLICY_MISSING,"The relation has a structural tenant path but no active semantic writer or reviewed privacy contract, so export fails closed.",organization-export-semantic-source-index.e1.json::public.proration_records ACTIVE_SEMANTIC_SOURCE_MISSING,ACTIVE_SEMANTIC_POLICY_MISSING,{}
public,public_booking_requests,EXPORT,V8_PLATFORM,The live schema proves this tenant-owned relation through an exact organization discriminator or foreign-key path.,SQL_INSERT_INTO server/src/services/v8/publicBookingService.ts:275; SQL_FROM server/src/services/v8/publicBookingService.ts:137,,"{""column"":""organization_id"",""kind"":""DIRECT_COLUMN""}"
public,public_mini_assessments,EXPORT,ASSESSMENT,The live schema proves this tenant-owned relation through an exact organization discriminator or foreign-key path.,SQL_INSERT_INTO server/src/services/publicMiniAssessmentService.ts:191; SQL_UPDATE server/src/services/publicMiniAssessmentService.ts:221; SQL_UPDATE server/src/services/publicMiniAssessmentService.ts:250; SQL_FROM server/src/services/publicMiniAssessmentService.ts:208; SQL_FROM server/src/services/publicMiniAssessmentService.ts:496,,"{""column"":""organization_id"",""kind"":""DIRECT_COLUMN""}"
public,public_partner_applications,EXCLUDE_SECURITY,NO_PROVABLE_TENANT_BOUNDARY,"The live schema proves no organization discriminator or foreign-key path, so exporting rows could cross tenant boundaries.",staging-schema-inventory.json::public.public_partner_applications reviewed ownership graph has no tenant path,NO_PROVABLE_TENANT_BOUNDARY,{}
public,purpose_assignments,EXCLUDE_SECURITY,NO_PROVABLE_TENANT_BOUNDARY,"The live schema proves no organization discriminator or foreign-key path, so exporting rows could cross tenant boundaries.",staging-schema-inventory.json::public.purpose_assignments reviewed ownership graph has no tenant path,NO_PROVABLE_TENANT_BOUNDARY,{}
public,push_notification_log,EXCLUDE_SECURITY,ACTIVE_SEMANTIC_POLICY_MISSING,"The relation has a structural tenant path but no active semantic writer or reviewed privacy contract, so export fails closed.",organization-export-semantic-source-index.e1.json::public.push_notification_log ACTIVE_SEMANTIC_SOURCE_MISSING,ACTIVE_SEMANTIC_POLICY_MISSING,{}
public,radar_actions,EXPORT,OPERATIONS,The live schema proves this tenant-owned relation through an exact organization discriminator or foreign-key path.,SQL_INSERT_INTO server/src/services/radar/radarActionService.ts:29; SQL_FROM server/src/services/radar/radarRankingService.ts:532; SQL_FROM server/src/services/radar/radarService.ts:238; SQL_FROM server/src/services/radar/radarService.ts:245; SQL_FROM server/src/services/radar/radarService.ts:395,,"{""column"":""organization_id"",""kind"":""DIRECT_COLUMN""}"
public,radar_processed_signals,EXCLUDE_SECURITY,NO_PROVABLE_TENANT_BOUNDARY,"The live schema proves no organization discriminator or foreign-key path, so exporting rows could cross tenant boundaries.",staging-schema-inventory.json::public.radar_processed_signals reviewed ownership graph has no tenant path,NO_PROVABLE_TENANT_BOUNDARY,{}
public,radar_ranked_signals,EXPORT,OPERATIONS,The live schema proves this tenant-owned relation through an exact organization discriminator or foreign-key path.,SQL_INSERT_INTO server/src/services/radar/radarRankingService.ts:675; SQL_UPDATE server/src/services/radar/radarInsightService.ts:203,,"{""column"":""organization_id"",""kind"":""DIRECT_COLUMN""}"
public,radar_raw_items,EXCLUDE_SECURITY,NO_PROVABLE_TENANT_BOUNDARY,"The live schema proves no organization discriminator or foreign-key path, so exporting rows could cross tenant boundaries.",staging-schema-inventory.json::public.radar_raw_items reviewed ownership graph has no tenant path,NO_PROVABLE_TENANT_BOUNDARY,{}
public,radar_sources,EXCLUDE_SECURITY,NO_PROVABLE_TENANT_BOUNDARY,"The live schema proves no organization discriminator or foreign-key path, so exporting rows could cross tenant boundaries.",staging-schema-inventory.json::public.radar_sources reviewed ownership graph has no tenant path,NO_PROVABLE_TENANT_BOUNDARY,{}
public,rag_metrics,EXPORT,PLATFORM_AI,The live schema proves this tenant-owned relation through an exact organization discriminator or foreign-key path.,SQL_INSERT_INTO server/src/services/ai/ragMetricsService.ts:123; SQL_FROM server/src/services/ai/aiObservabilityService.ts:359; SQL_FROM server/src/services/ai/ragMetricsService.ts:73,,"{""column"":""organization_id"",""kind"":""DIRECT_COLUMN""}"
public,rag_retrieval_feedback,EXPORT,PLATFORM_AI,The live schema proves this tenant-owned relation through an exact organization discriminator or foreign-key path.,SQL_INSERT_INTO server/src/services/ai/retrievalFeedbackService.ts:44; SQL_INSERT_INTO server/src/services/ai/retrievalFeedbackService.ts:73; SQL_FROM server/src/services/ai/retrievalFeedbackService.ts:108; SQL_FROM server/src/services/ai/retrievalFeedbackService.ts:202; SQL_FROM server/src/services/ai/retrievalFeedbackService.ts:209,,"{""column"":""organization_id"",""kind"":""DIRECT_COLUMN""}"
public,raid_appetite_thresholds,EXPORT,PLATFORM_AI,The live schema proves this tenant-owned relation through an exact organization discriminator or foreign-key path.,SQL_INSERT_INTO server/src/routes/raid.routes.ts:402; SQL_UPDATE server/src/routes/raid.routes.ts:381; SQL_FROM server/src/routes/raid.routes.ts:283; SQL_FROM server/src/routes/raid.routes.ts:284; SQL_FROM server/src/routes/raid.routes.ts:332,,"{""column"":""organization_id"",""kind"":""DIRECT_COLUMN""}"
public,raid_items,EXPORT,INITIATIVES,The live schema proves this tenant-owned relation through an exact organization discriminator or foreign-key path.,SQL_INSERT_INTO server/src/controllers/InitiativeController.ts:5993; SQL_INSERT_INTO server/src/domain/initiatives-execution/postgresMaterialCommandUnitOfWork.ts:442; SQL_INSERT_INTO server/src/routes/pmo/initiatives.routes.ts:1983; SQL_INSERT_INTO server/src/routes/raid.routes.ts:130; SQL_INSERT_INTO server/src/routes/v8/execution-control.routes.ts:1572,,"{""column"":""organization_id"",""kind"":""DIRECT_COLUMN""}"
public,rapid_lean_assessments,EXPORT,OPERATIONS,The live schema proves this tenant-owned relation through an exact organization discriminator or foreign-key path.,SQL_INSERT_INTO server/src/routes/rapidlean.routes.ts:40; SQL_UPDATE server/src/routes/rapidlean.routes.ts:76; SQL_FROM server/src/routes/rapidlean.routes.ts:25,,"{""column"":""organization_id"",""kind"":""DIRECT_COLUMN""}"
public,realtime_channels,EXPORT,OPERATIONS,The live schema proves this tenant-owned relation through an exact organization discriminator or foreign-key path.,SQL_INSERT_INTO server/src/services/realtimePlatformService.ts:42; SQL_DELETE_FROM server/src/services/realtimePlatformService.ts:69; SQL_FROM server/src/services/realtimePlatformService.ts:54; SQL_FROM server/src/services/realtimePlatformService.ts:61; SQL_FROM server/src/services/realtimePlatformService.ts:62,,"{""column"":""organization_id"",""kind"":""DIRECT_COLUMN""}"
public,realtime_presence,EXCLUDE_SECURITY,NO_PROVABLE_TENANT_BOUNDARY,"The live schema proves no organization discriminator or foreign-key path, so exporting rows could cross tenant boundaries.",staging-schema-inventory.json::public.realtime_presence reviewed ownership graph has no tenant path,NO_PROVABLE_TENANT_BOUNDARY,{}
public,refresh_tokens,EXCLUDE_SECURITY,SECURITY_CREDENTIALS_AND_SESSIONS,"The reviewed relation contains authentication, credential, session, recovery, signing, or token-vault material and is excluded in full.",staging-schema-inventory.json::public.refresh_tokens; reviewed exact credential identity list,CREDENTIAL_OR_SESSION_MATERIAL,{}
public,report_agent_messages,EXPORT,REPORTING,The live schema proves this tenant-owned relation through an exact organization discriminator or foreign-key path.,SQL_INSERT_INTO server/src/services/reportAgentService.ts:149; SQL_INSERT_INTO server/src/services/reportAgentService.ts:156; SQL_UPDATE server/src/services/reportAgentService.ts:237; SQL_FROM server/src/services/reportAgentService.ts:187; SQL_FROM server/src/services/reportAgentService.ts:250,,"{""column"":""organization_id"",""kind"":""DIRECT_COLUMN""}"
public,report_ai_proposals,EXPORT,REPORTING,The live schema proves this tenant-owned relation through an exact organization discriminator or foreign-key path.,SQL_INSERT_INTO server/src/services/reportEnterpriseService.ts:528; SQL_UPDATE server/src/services/reportEnterpriseService.ts:572; SQL_UPDATE server/src/services/reportEnterpriseService.ts:579; SQL_FROM server/src/services/reportEnterpriseService.ts:563; SQL_FROM server/src/services/reportEnterpriseService.ts:594,,"{""column"":""organization_id"",""kind"":""DIRECT_COLUMN""}"
public,report_blocks,EXCLUDE_SECURITY,ACTIVE_SEMANTIC_POLICY_MISSING,"The relation has a structural tenant path but no active semantic writer or reviewed privacy contract, so export fails closed.",organization-export-semantic-source-index.e1.json::public.report_blocks ACTIVE_SEMANTIC_SOURCE_MISSING,ACTIVE_SEMANTIC_POLICY_MISSING,{}
public,report_brand_voice_policies,EXPORT,REPORTING,The live schema proves this tenant-owned relation through an exact organization discriminator or foreign-key path.,SQL_INSERT_INTO server/src/services/reportEnterpriseService.ts:418; SQL_FROM server/src/services/reportEnterpriseService.ts:447,,"{""column"":""organization_id"",""kind"":""DIRECT_COLUMN""}"
public,report_builder_activity,EXPORT,REPORTING,The live schema proves this tenant-owned relation through an exact organization discriminator or foreign-key path.,SQL_INSERT_INTO server/src/services/reportBuilderService.ts:2040,,"{""kind"":""FOREIGN_KEY_PATH"",""path"":[{""column"":""report_id"",""parentColumn"":""id"",""parentSchema"":""public"",""parentTable"":""report_builder_reports""}]}"
public,report_builder_block_types,EXPORT,REPORTING,The live schema proves this tenant-owned relation through an exact organization discriminator or foreign-key path.,SQL_INSERT_INTO server/src/services/reportBuilderService.ts:1623; SQL_UPDATE server/src/services/reportBuilderService.ts:1714; SQL_UPDATE server/src/services/reportBuilderService.ts:1737; SQL_FROM server/src/services/reportBuilderService.ts:1576; SQL_FROM server/src/services/reportBuilderService.ts:1684,,"{""column"":""organization_id"",""kind"":""DIRECT_COLUMN""}"
public,report_builder_comment_activity,EXPORT,REPORTING,The live schema proves this tenant-owned relation through an exact organization discriminator or foreign-key path.,SQL_INSERT_INTO server/src/services/reportBuilderCommentsService.ts:191,,"{""kind"":""FOREIGN_KEY_PATH"",""path"":[{""column"":""report_id"",""parentColumn"":""id"",""parentSchema"":""public"",""parentTable"":""report_builder_reports""}]}"
public,report_builder_comments,EXPORT,REPORTING,The live schema proves this tenant-owned relation through an exact organization discriminator or foreign-key path.,SQL_INSERT_INTO server/src/services/reportBuilderCommentsService.ts:245; SQL_UPDATE server/src/services/reportBuilderCommentsService.ts:424; SQL_UPDATE server/src/services/reportBuilderCommentsService.ts:479; SQL_DELETE_FROM server/src/services/reportBuilderCommentsService.ts:457; SQL_FROM server/src/services/reportBuilderCommentsService.ts:237,,"{""kind"":""FOREIGN_KEY_PATH"",""path"":[{""column"":""report_id"",""parentColumn"":""id"",""parentSchema"":""public"",""parentTable"":""report_builder_reports""}]}"
public,report_builder_reports,EXPORT,OPERATIONS,The live schema proves this tenant-owned relation through an exact organization discriminator or foreign-key path.,SQL_INSERT_INTO server/src/routes/work-canvas.routes.ts:2650; SQL_INSERT_INTO server/src/scripts/u02MigrationSafetyRealDbProof.ts:100; SQL_INSERT_INTO server/src/scripts/u02MigrationSafetyRealDbProof.ts:139; SQL_INSERT_INTO server/src/services/conclusions/ConclusionReadoutService.ts:260; SQL_INSERT_INTO server/src/services/reportBuilderService.ts:860,,"{""column"":""organization_id"",""kind"":""DIRECT_COLUMN""}"
public,report_builder_sections,EXPORT,OPERATIONS,The live schema proves this tenant-owned relation through an exact organization discriminator or foreign-key path.,SQL_INSERT_INTO server/src/services/conclusions/ConclusionReadoutService.ts:291; SQL_INSERT_INTO server/src/services/reportAgentService.ts:202; SQL_INSERT_INTO server/src/services/reportBuilderService.ts:895; SQL_INSERT_INTO server/src/services/reportBuilderService.ts:1185; SQL_INSERT_INTO server/src/services/reportBuilderService.ts:1927,,"{""kind"":""FOREIGN_KEY_PATH"",""path"":[{""column"":""report_id"",""parentColumn"":""id"",""parentSchema"":""public"",""parentTable"":""report_builder_reports""}]}"
public,report_builder_sessions,EXPORT,REPORTING,The live schema proves this tenant-owned relation through an exact organization discriminator or foreign-key path.,SQL_INSERT_INTO server/src/services/reportBuilderService.ts:3625; SQL_UPDATE server/src/services/reportBuilderService.ts:3653; SQL_UPDATE server/src/services/reportBuilderService.ts:3680; SQL_FROM server/src/services/reportBuilderService.ts:3572; SQL_FROM server/src/services/reportBuilderService.ts:3643,,"{""column"":""organization_id"",""kind"":""DIRECT_COLUMN""}"
public,report_builder_templates,EXPORT,OPERATIONS,The live schema proves this tenant-owned relation through an exact organization discriminator or foreign-key path.,SQL_INSERT_INTO server/src/services/deliverableTemplateSeedService.ts:349; SQL_INSERT_INTO server/src/services/reportBuilderService.ts:2979; SQL_UPDATE server/src/services/deliverableTemplateService.ts:1105; SQL_UPDATE server/src/services/reportBuilderService.ts:3058; SQL_DELETE_FROM server/src/services/deliverableTemplateService.ts:1180,,"{""column"":""organization_id"",""kind"":""DIRECT_COLUMN""}"
public,report_builder_versions,EXPORT,OPERATIONS,The live schema proves this tenant-owned relation through an exact organization discriminator or foreign-key path.,SQL_INSERT_INTO server/src/scripts/agentMigrationsIdempotencyRealDbProof.ts:111; SQL_INSERT_INTO server/src/scripts/u02MigrationSafetyRealDbProof.ts:103; SQL_INSERT_INTO server/src/scripts/u02MigrationSafetyRealDbProof.ts:130; SQL_INSERT_INTO server/src/scripts/u02MigrationSafetyRealDbProof.ts:142; SQL_INSERT_INTO server/src/services/reportBuilderService.ts:3146,,"{""kind"":""FOREIGN_KEY_PATH"",""path"":[{""column"":""report_id"",""parentColumn"":""id"",""parentSchema"":""public"",""parentTable"":""report_builder_reports""}]}"
public,report_comments,EXCLUDE_SECURITY,ACTIVE_SEMANTIC_POLICY_MISSING,"The relation has a structural tenant path but no active semantic writer or reviewed privacy contract, so export fails closed.",organization-export-semantic-source-index.e1.json::public.report_comments ACTIVE_SEMANTIC_SOURCE_MISSING,ACTIVE_SEMANTIC_POLICY_MISSING,{}
public,report_data_bindings,EXPORT,REPORTING,The live schema proves this tenant-owned relation through an exact organization discriminator or foreign-key path.,SQL_INSERT_INTO server/src/services/reportEnterpriseService.ts:231; SQL_UPDATE server/src/services/reportEnterpriseService.ts:265; SQL_UPDATE server/src/services/reportEnterpriseService.ts:273; SQL_FROM server/src/services/reportEnterpriseService.ts:251; SQL_FROM server/src/services/reportEnterpriseService.ts:282,,"{""column"":""organization_id"",""kind"":""DIRECT_COLUMN""}"
public,report_definitions,EXPORT,REPORTING,The live schema proves this tenant-owned relation through an exact organization discriminator or foreign-key path.,SQL_FROM server/src/routes/executionReports.routes.ts:268; SQL_FROM server/src/services/report/reportContract.ts:177; SQL_FROM server/src/services/report/reportContract.ts:187,,"{""column"":""organization_id"",""kind"":""DIRECT_COLUMN""}"
public,report_distribution_log,EXPORT,REPORTING,The live schema proves this tenant-owned relation through an exact organization discriminator or foreign-key path.,SQL_INSERT_INTO server/src/services/reportEnterpriseService.ts:689; SQL_FROM server/src/services/reportEnterpriseService.ts:699,,"{""column"":""organization_id"",""kind"":""DIRECT_COLUMN""}"
public,report_distribution_schedules,EXPORT,REPORTING,The live schema proves this tenant-owned relation through an exact organization discriminator or foreign-key path.,SQL_INSERT_INTO server/src/services/reportEnterpriseService.ts:627; SQL_UPDATE server/src/services/reportEnterpriseService.ts:654; SQL_FROM server/src/services/reportEnterpriseService.ts:663,,"{""column"":""organization_id"",""kind"":""DIRECT_COLUMN""}"
public,report_distributions,EXPORT,REPORTING,The live schema proves this tenant-owned relation through an exact organization discriminator or foreign-key path.,SQL_INSERT_INTO server/src/routes/status-reports.routes.ts:110; SQL_UPDATE server/src/services/executionDistributionService.ts:85; SQL_FROM server/src/services/executionDistributionService.ts:115,,"{""kind"":""FOREIGN_KEY_PATH"",""path"":[{""column"":""report_id"",""parentColumn"":""id"",""parentSchema"":""public"",""parentTable"":""status_reports""}]}"
public,report_edit_history,EXCLUDE_SECURITY,ACTIVE_SEMANTIC_POLICY_MISSING,"The relation has a structural tenant path but no active semantic writer or reviewed privacy contract, so export fails closed.",organization-export-semantic-source-index.e1.json::public.report_edit_history ACTIVE_SEMANTIC_SOURCE_MISSING,ACTIVE_SEMANTIC_POLICY_MISSING,{}
public,report_exports,EXCLUDE_SECURITY,NO_PROVABLE_TENANT_BOUNDARY,"The live schema proves no organization discriminator or foreign-key path, so exporting rows could cross tenant boundaries.",staging-schema-inventory.json::public.report_exports reviewed ownership graph has no tenant path,NO_PROVABLE_TENANT_BOUNDARY,{}
public,report_initiatives,EXPORT,INITIATIVES,The live schema proves this tenant-owned relation through an exact organization discriminator or foreign-key path.,SQL_INSERT_INTO server/src/services/reportInitiativeService.ts:740; SQL_JOIN server/src/services/reportInitiativeService.ts:760,,"{""column"":""organization_id"",""kind"":""DIRECT_COLUMN""}"
public,report_public_links,EXPORT,REPORTING,The live schema proves this tenant-owned relation through an exact organization discriminator or foreign-key path.,SQL_INSERT_INTO server/src/services/reportBuilderService.ts:2746; SQL_UPDATE server/src/services/reportBuilderService.ts:2850; SQL_UPDATE server/src/services/reportBuilderService.ts:2886; SQL_FROM server/src/routes/report-builder-public.routes.ts:657; SQL_FROM server/src/services/reportBuilderService.ts:2794,,"{""column"":""organization_id"",""kind"":""DIRECT_COLUMN""}"
public,report_quality_gates,EXPORT,REPORTING,The live schema proves this tenant-owned relation through an exact organization discriminator or foreign-key path.,SQL_INSERT_INTO server/src/services/reportQualityGatesService.ts:333; SQL_DELETE_FROM server/src/services/reportQualityGatesService.ts:330,,"{""column"":""organization_id"",""kind"":""DIRECT_COLUMN""}"
public,report_schedules,EXPORT,REPORTING,The live schema proves this tenant-owned relation through an exact organization discriminator or foreign-key path.,SQL_INSERT_INTO server/src/services/scheduledReportService.ts:245; SQL_UPDATE server/src/services/scheduledReportService.ts:327; SQL_UPDATE server/src/services/scheduledReportService.ts:445; SQL_UPDATE server/src/services/scheduledReportService.ts:582; SQL_UPDATE server/src/services/scheduledReportService.ts:598,,"{""column"":""organization_id"",""kind"":""DIRECT_COLUMN""}"
public,report_section_history,EXPORT,REPORTING,The live schema proves this tenant-owned relation through an exact organization discriminator or foreign-key path.,SQL_INSERT_INTO server/src/services/statusReportService.ts:168,,"{""kind"":""FOREIGN_KEY_PATH"",""path"":[{""column"":""report_id"",""parentColumn"":""id"",""parentSchema"":""public"",""parentTable"":""status_reports""}]}"
public,report_snapshots,EXCLUDE_SECURITY,ACTIVE_SEMANTIC_POLICY_MISSING,"The relation has a structural tenant path but no active semantic writer or reviewed privacy contract, so export fails closed.",organization-export-semantic-source-index.e1.json::public.report_snapshots ACTIVE_SEMANTIC_SOURCE_MISSING,ACTIVE_SEMANTIC_POLICY_MISSING,{}
public,report_source_pack_items,EXCLUDE_SECURITY,NO_PROVABLE_TENANT_BOUNDARY,"The live schema proves no organization discriminator or foreign-key path, so exporting rows could cross tenant boundaries.",staging-schema-inventory.json::public.report_source_pack_items reviewed ownership graph has no tenant path,NO_PROVABLE_TENANT_BOUNDARY,{}
public,report_source_packs,EXPORT,REPORTING,The live schema proves this tenant-owned relation through an exact organization discriminator or foreign-key path.,SQL_INSERT_INTO server/src/services/reportEnterpriseService.ts:119; SQL_FROM server/src/services/reportEnterpriseService.ts:156; SQL_FROM server/src/services/reportEnterpriseService.ts:182; SQL_JOIN server/src/services/reportEnterpriseService.ts:201,,"{""column"":""organization_id"",""kind"":""DIRECT_COLUMN""}"
public,report_template_versions,EXCLUDE_SECURITY,NO_PROVABLE_TENANT_BOUNDARY,"The live schema proves no organization discriminator or foreign-key path, so exporting rows could cross tenant boundaries.",staging-schema-inventory.json::public.report_template_versions reviewed ownership graph has no tenant path,NO_PROVABLE_TENANT_BOUNDARY,{}
public,report_templates,EXPORT,REPORTING,The live schema proves this tenant-owned relation through an exact organization discriminator or foreign-key path.,SQL_INSERT_INTO server/src/services/reportEnterpriseService.ts:318; SQL_UPDATE server/src/services/reportEnterpriseService.ts:361; SQL_FROM server/src/_backup/ts-js-collisions/repositories/ReportRepository.js:94; SQL_FROM server/src/services/reportEnterpriseService.ts:348; SQL_FROM server/src/services/reportEnterpriseService.ts:370,,"{""column"":""organization_id"",""kind"":""DIRECT_COLUMN""}"
public,reports,EXPORT,OPERATIONS,The live schema proves this tenant-owned relation through an exact organization discriminator or foreign-key path.,SQL_INSERT_INTO server/src/routes/my-work.routes.ts:7742; SQL_FROM server/src/routes/presentations.routes.ts:4091; SQL_FROM server/src/services/aiOperatorService.ts:292; SQL_FROM server/src/services/aiOperatorService.ts:1047,,"{""column"":""organization_id"",""kind"":""DIRECT_COLUMN""}"
public,research_evidence,EXPORT,OPERATIONS,The live schema proves this tenant-owned relation through an exact organization discriminator or foreign-key path.,SQL_INSERT_INTO server/src/routes/research.routes.ts:336; SQL_INSERT_INTO server/src/routes/research.routes.ts:413; SQL_INSERT_INTO server/src/routes/research.routes.ts:472; SQL_INSERT_INTO server/src/routes/research.routes.ts:528; SQL_INSERT_INTO server/src/routes/research.routes.ts:594,,"{""column"":""organization_id"",""kind"":""DIRECT_COLUMN""}"
public,research_evidence_graph,EXPORT,OPERATIONS,The live schema proves this tenant-owned relation through an exact organization discriminator or foreign-key path.,SQL_INSERT_INTO server/src/services/researchSessionService.ts:842; SQL_INSERT_INTO server/src/services/researchSessionService.ts:917; SQL_FROM server/src/services/researchSessionService.ts:1037,,"{""column"":""organization_id"",""kind"":""DIRECT_COLUMN""}"
public,research_report_artifacts,EXPORT,OPERATIONS,The live schema proves this tenant-owned relation through an exact organization discriminator or foreign-key path.,SQL_INSERT_INTO server/src/services/researchSessionService.ts:957; SQL_UPDATE server/src/services/researchSessionService.ts:1001; SQL_FROM server/src/services/researchSessionService.ts:1048,,"{""column"":""organization_id"",""kind"":""DIRECT_COLUMN""}"
public,research_session_events,EXPORT,OPERATIONS,The live schema proves this tenant-owned relation through an exact organization discriminator or foreign-key path.,SQL_INSERT_INTO server/src/services/researchSessionService.ts:339; SQL_FROM server/src/services/researchSessionService.ts:1029,,"{""column"":""organization_id"",""kind"":""DIRECT_COLUMN""}"
public,research_sessions,EXPORT,OPERATIONS,The live schema proves this tenant-owned relation through an exact organization discriminator or foreign-key path.,SQL_INSERT_INTO server/src/services/researchSessionService.ts:390; SQL_UPDATE server/src/services/researchSessionService.ts:439; SQL_UPDATE server/src/services/researchSessionService.ts:451; SQL_UPDATE server/src/services/researchSessionService.ts:505; SQL_UPDATE server/src/services/researchSessionService.ts:547,,"{""column"":""organization_id"",""kind"":""DIRECT_COLUMN""}"
public,results_kpi_report_snapshots,EXPORT,V8_PLATFORM,The live schema proves this tenant-owned relation through an exact organization discriminator or foreign-key path.,SQL_INSERT_INTO server/src/routes/v8/results.routes.ts:3717; SQL_INSERT_INTO server/src/services/results/kpiReportSnapshotService.ts:499; SQL_FROM server/src/routes/v8/results.routes.ts:314; SQL_FROM server/src/routes/v8/results.routes.ts:3573; SQL_FROM server/src/services/results/kpiReportSnapshotService.ts:525,,"{""column"":""organization_id"",""kind"":""DIRECT_COLUMN""}"
public,results_writer_observations,EXPORT,OPERATIONS,The live schema proves this tenant-owned relation through an exact organization discriminator or foreign-key path.,SQL_INSERT_INTO server/src/services/results/resultsWriterObservationService.ts:169; SQL_FROM server/src/services/results/resultsWriterObservationService.ts:197,,"{""column"":""organization_id"",""kind"":""DIRECT_COLUMN""}"
public,retention_policies,EXCLUDE_SECURITY,ACTIVE_SEMANTIC_POLICY_MISSING,"The relation has a structural tenant path but no active semantic writer or reviewed privacy contract, so export fails closed.",organization-export-semantic-source-index.e1.json::public.retention_policies ACTIVE_SEMANTIC_SOURCE_MISSING,ACTIVE_SEMANTIC_POLICY_MISSING,{}
public,revenue_forecasts,EXCLUDE_SECURITY,NO_PROVABLE_TENANT_BOUNDARY,"The live schema proves no organization discriminator or foreign-key path, so exporting rows could cross tenant boundaries.",staging-schema-inventory.json::public.revenue_forecasts reviewed ownership graph has no tenant path,NO_PROVABLE_TENANT_BOUNDARY,{}
public,revenue_recognition,EXPORT,ADMIN_SECURITY,The live schema proves this tenant-owned relation through an exact organization discriminator or foreign-key path.,SQL_INSERT_INTO server/src/controllers/superadmin/revenueController.ts:202; SQL_INSERT_INTO server/src/routes/billing/billing.routes.ts:4828; SQL_INSERT_INTO server/src/routes/revenue.routes.ts:348; SQL_UPDATE server/src/controllers/superadmin/revenueController.ts:224; SQL_UPDATE server/src/controllers/superadmin/revenueController.ts:244,,"{""column"":""organization_id"",""kind"":""DIRECT_COLUMN""}"
public,revoked_tokens,EXPORT,OPERATIONS,The live schema proves this tenant-owned relation through an exact organization discriminator or foreign-key path.,SQL_INSERT_INTO server/src/services/orgPeopleIamService.ts:431; SQL_DELETE_FROM server/src/cron/CleanupRevokedTokens.ts:46; SQL_FROM server/src/middleware/auth.middleware.ts:310; SQL_FROM server/src/middleware/auth.middleware.ts:1229,,"{""kind"":""FOREIGN_KEY_PATH"",""path"":[{""column"":""user_id"",""parentColumn"":""id"",""parentSchema"":""public"",""parentTable"":""users""}]}"
public,risk_register,EXPORT,PLATFORM_AI,The live schema proves this tenant-owned relation through an exact organization discriminator or foreign-key path.,SQL_INSERT_INTO server/src/services/aiRiskChangeControl.ts:460; SQL_UPDATE server/src/services/aiRiskChangeControl.ts:778; SQL_FROM server/src/_backup/ts-js-collisions/repositories/ManagementReportRepository.js:551; SQL_FROM server/src/_backup/ts-js-collisions/repositories/ManagementReportRepository.js:648; SQL_FROM server/src/repositories/ManagementReportRepository.ts:614,,"{""column"":""organization_id"",""kind"":""DIRECT_COLUMN""}"
public,risk_signal_alerts,EXPORT,OPERATIONS,The live schema proves this tenant-owned relation through an exact organization discriminator or foreign-key path.,SQL_INSERT_INTO server/src/routes/executionControl.routes.ts:146; SQL_INSERT_INTO server/src/routes/v8/execution-control.routes.ts:243; SQL_FROM server/src/services/aiOperatorService.ts:454; SQL_FROM server/src/services/riskDetectionService.ts:128,,"{""column"":""organization_id"",""kind"":""DIRECT_COLUMN""}"
public,roadmap_waves,EXPORT,OPERATIONS,The live schema proves this tenant-owned relation through an exact organization discriminator or foreign-key path.,SQL_INSERT_INTO server/src/controllers/RoadmapController.ts:53; SQL_FROM server/src/controllers/RoadmapController.ts:30; SQL_FROM server/src/controllers/RoadmapController.ts:88; SQL_FROM server/src/services/stageGateService.ts:313,,"{""column"":""organization_id"",""kind"":""DIRECT_COLUMN""}"
public,roi_assumptions,EXPORT,OPERATIONS,The live schema proves this tenant-owned relation through an exact organization discriminator or foreign-key path.,SQL_INSERT_INTO server/src/routes/benefits.routes.ts:1530; SQL_INSERT_INTO server/src/routes/v8/results.routes.ts:3187; SQL_FROM server/src/routes/benefits.routes.ts:1481; SQL_FROM server/src/routes/benefits.routes.ts:1639; SQL_FROM server/src/routes/benefits.routes.ts:2079,,"{""column"":""organization_id"",""kind"":""DIRECT_COLUMN""}"
public,roi_evidence,EXPORT,OPERATIONS,The live schema proves this tenant-owned relation through an exact organization discriminator or foreign-key path.,SQL_INSERT_INTO server/src/services/resultsEnterpriseService.ts:254; SQL_UPDATE server/src/services/resultsEnterpriseService.ts:310; SQL_FROM server/src/services/resultsEnterpriseService.ts:287,,"{""column"":""organization_id"",""kind"":""DIRECT_COLUMN""}"
public,roi_realized_values,EXPORT,OPERATIONS,The live schema proves this tenant-owned relation through an exact organization discriminator or foreign-key path.,SQL_INSERT_INTO server/src/routes/benefits.routes.ts:1614; SQL_INSERT_INTO server/src/routes/v8/results.routes.ts:3279; SQL_INSERT_INTO server/src/services/executionRealizationService.ts:82; SQL_INSERT_INTO server/src/services/executionRealizationService.ts:362; SQL_FROM server/src/routes/benefits.routes.ts:1574,,"{""column"":""organization_id"",""kind"":""DIRECT_COLUMN""}"
public,role_change_audit_events,EXPORT,ADMIN_SECURITY,The live schema proves this tenant-owned relation through an exact organization discriminator or foreign-key path.,SQL_INSERT_INTO server/src/services/adminIamCommandService.ts:375; SQL_INSERT_INTO server/src/services/orgPeopleIamService.ts:81; SQL_INSERT_INTO server/src/services/orgPeopleIamService.ts:337; SQL_INSERT_INTO server/src/services/orgPeopleIamService.ts:417; SQL_FROM server/src/routes/adminP32.routes.ts:2295,,"{""column"":""organization_id"",""kind"":""DIRECT_COLUMN""}"
public,role_permission_assignments,EXCLUDE_SECURITY,NO_PROVABLE_TENANT_BOUNDARY,"The live schema proves no organization discriminator or foreign-key path, so exporting rows could cross tenant boundaries.",staging-schema-inventory.json::public.role_permission_assignments reviewed ownership graph has no tenant path,NO_PROVABLE_TENANT_BOUNDARY,{}
public,role_permissions,EXCLUDE_SECURITY,NO_PROVABLE_TENANT_BOUNDARY,"The live schema proves no organization discriminator or foreign-key path, so exporting rows could cross tenant boundaries.",staging-schema-inventory.json::public.role_permissions reviewed ownership graph has no tenant path,NO_PROVABLE_TENANT_BOUNDARY,{}
public,rollout_changes,EXPORT,OPERATIONS,The live schema proves this tenant-owned relation through an exact organization discriminator or foreign-key path.,SQL_INSERT_INTO server/src/routes/rollout.routes.ts:412; SQL_INSERT_INTO server/src/services/changeControlService.ts:114; SQL_INSERT_INTO server/src/services/demo/demoSeedService.ts:4046; SQL_UPDATE server/src/routes/rollout.routes.ts:448; SQL_DELETE_FROM server/src/routes/rollout.routes.ts:480,,"{""column"":""organization_id"",""kind"":""DIRECT_COLUMN""}"
public,rollout_closures,EXPORT,OPERATIONS,The live schema proves this tenant-owned relation through an exact organization discriminator or foreign-key path.,SQL_INSERT_INTO server/src/routes/rollout.routes.ts:530; SQL_INSERT_INTO server/src/services/demo/demoSeedService.ts:4072; SQL_UPDATE server/src/routes/rollout.routes.ts:564; SQL_DELETE_FROM server/src/routes/rollout.routes.ts:596; SQL_FROM server/src/routes/rollout.routes.ts:512,,"{""column"":""organization_id"",""kind"":""DIRECT_COLUMN""}"
public,rollout_kpi_history,EXCLUDE_SECURITY,NO_PROVABLE_TENANT_BOUNDARY,"The live schema proves no organization discriminator or foreign-key path, so exporting rows could cross tenant boundaries.",staging-schema-inventory.json::public.rollout_kpi_history reviewed ownership graph has no tenant path,NO_PROVABLE_TENANT_BOUNDARY,{}
public,rollout_kpis,EXPORT,OPERATIONS,The live schema proves this tenant-owned relation through an exact organization discriminator or foreign-key path.,SQL_INSERT_INTO server/src/routes/rollout.routes.ts:116; SQL_INSERT_INTO server/src/services/demo/demoSeedService.ts:3998; SQL_UPDATE server/src/routes/rollout.routes.ts:180; SQL_DELETE_FROM server/src/routes/rollout.routes.ts:222; SQL_FROM server/src/routes/rollout.routes.ts:97,,"{""column"":""organization_id"",""kind"":""DIRECT_COLUMN""}"
public,rollout_risks,EXPORT,OPERATIONS,The live schema proves this tenant-owned relation through an exact organization discriminator or foreign-key path.,SQL_INSERT_INTO server/src/routes/rollout.routes.ts:293; SQL_INSERT_INTO server/src/services/demo/demoSeedService.ts:4022; SQL_UPDATE server/src/routes/rollout.routes.ts:328; SQL_DELETE_FROM server/src/routes/rollout.routes.ts:362; SQL_FROM server/src/routes/rollout.routes.ts:275,,"{""column"":""organization_id"",""kind"":""DIRECT_COLUMN""}"
public,rollout_stages,EXPORT,OPERATIONS,The live schema proves this tenant-owned relation through an exact organization discriminator or foreign-key path.,SQL_INSERT_INTO server/src/services/rolloutStagesService.ts:194; SQL_UPDATE server/src/services/rolloutStagesService.ts:291; SQL_FROM server/src/services/rolloutStagesService.ts:144; SQL_FROM server/src/services/rolloutStagesService.ts:165,,"{""column"":""organization_id"",""kind"":""DIRECT_COLUMN""}"
public,rvn_execution_signal_receipts,EXPORT,OPERATIONS,The live schema proves this tenant-owned relation through an exact organization discriminator or foreign-key path.,SQL_INSERT_INTO server/src/services/resultsVnext/platform/executionSignalIngress.ts:82; SQL_FROM server/src/services/resultsVnext/platform/executionSignalIngress.ts:102; SQL_JOIN server/src/services/executionBvpService.ts:343,,"{""column"":""organization_id"",""kind"":""DIRECT_COLUMN""}"
public,rvn_finance_reconciliation_decisions,EXPORT,FINANCE,The live schema proves this tenant-owned relation through an exact organization discriminator or foreign-key path.,SQL_INSERT_INTO server/src/services/resultsVnext/roi/roiFinanceReconciliationCommands.ts:1001; SQL_FROM server/src/services/flowTransform/flowTransformLineageService.ts:301,,"{""column"":""organization_id"",""kind"":""DIRECT_COLUMN""}"
public,rvn_finance_reconciliation_grant_events,EXPORT,FINANCE,The live schema proves this tenant-owned relation through an exact organization discriminator or foreign-key path.,SQL_INSERT_INTO server/src/services/resultsVnext/roi/roiFinanceReconciliationCommands.ts:287; SQL_FROM server/src/services/resultsVnext/platform/visibilityResolver.ts:510; SQL_FROM server/src/services/resultsVnext/roi/roiFinanceReconciliationCommands.ts:162; SQL_FROM server/src/services/resultsVnext/roi/roiFinanceReconciliationCommands.ts:255; SQL_FROM server/src/services/resultsVnext/roi/roiFinanceReconciliationCommands.ts:271,,"{""column"":""organization_id"",""kind"":""DIRECT_COLUMN""}"
public,rvn_kpi_corrective_actions,EXPORT,OPERATIONS,The live schema proves this tenant-owned relation through an exact organization discriminator or foreign-key path.,SQL_INSERT_INTO server/src/services/resultsVnext/kpi/kpiCorrectiveActionCommands.ts:154; SQL_UPDATE server/src/services/resultsVnext/kpi/kpiCorrectiveActionCommands.ts:300; SQL_FROM server/src/routes/resultsVnext/kpiDeviation.routes.ts:280; SQL_FROM server/src/services/actionCard/adapters/index.ts:19; SQL_FROM server/src/services/resultsVnext/kpi/kpiCorrectiveActionCommands.ts:204,,"{""column"":""organization_id"",""kind"":""DIRECT_COLUMN""}"
public,rvn_kpi_definition_versions,EXPORT,OPERATIONS,The live schema proves this tenant-owned relation through an exact organization discriminator or foreign-key path.,SQL_INSERT_INTO server/src/services/resultsVnext/kpi/kpiDefinitionCommands.ts:421; SQL_INSERT_INTO server/src/services/resultsVnext/kpi/kpiDefinitionCommands.ts:449; SQL_INSERT_INTO server/src/services/resultsVnext/kpi/kpiDefinitionCommands.ts:1237; SQL_INSERT_INTO server/src/services/resultsVnext/kpi/kpiDefinitionCommands.ts:1265; SQL_UPDATE server/src/services/resultsVnext/kpi/kpiDefinitionCommands.ts:610,,"{""column"":""organization_id"",""kind"":""DIRECT_COLUMN""}"
public,rvn_kpi_definitions,EXPORT,OPERATIONS,The live schema proves this tenant-owned relation through an exact organization discriminator or foreign-key path.,SQL_INSERT_INTO server/src/services/resultsVnext/kpi/kpiDefinitionCommands.ts:409; SQL_INSERT_INTO server/src/services/resultsVnext/kpi/kpiDefinitionCommands.ts:417; SQL_UPDATE server/src/services/resultsVnext/kpi/kpiDefinitionCommands.ts:453; SQL_UPDATE server/src/services/resultsVnext/kpi/kpiDefinitionCommands.ts:758; SQL_UPDATE server/src/services/resultsVnext/kpi/kpiDefinitionCommands.ts:895,,"{""column"":""organization_id"",""kind"":""DIRECT_COLUMN""}"
public,rvn_kpi_deviation_cases,EXPORT,OPERATIONS,The live schema proves this tenant-owned relation through an exact organization discriminator or foreign-key path.,SQL_INSERT_INTO server/src/services/resultsVnext/kpi/kpiDeviationCommands.ts:312; SQL_INSERT_INTO server/src/services/resultsVnext/kpi/kpiDeviationCommands.ts:1360; SQL_UPDATE server/src/services/resultsVnext/kpi/kpiCorrectiveActionCommands.ts:329; SQL_UPDATE server/src/services/resultsVnext/kpi/kpiDeviationCommands.ts:243; SQL_UPDATE server/src/services/resultsVnext/kpi/kpiDeviationCommands.ts:477,,"{""column"":""organization_id"",""kind"":""DIRECT_COLUMN""}"
public,rvn_kpi_effectiveness_verification_measurements,EXPORT,OPERATIONS,The live schema proves this tenant-owned relation through an exact organization discriminator or foreign-key path.,SQL_INSERT_INTO server/src/services/resultsVnext/kpi/kpiDeviationCommands.ts:1099; SQL_FROM server/src/services/resultsVnext/kpi/kpiDeviationRepository.ts:258,,"{""kind"":""FOREIGN_KEY_PATH"",""path"":[{""column"":""verification_id"",""parentColumn"":""verification_id"",""parentSchema"":""public"",""parentTable"":""rvn_kpi_effectiveness_verifications""}]}"
public,rvn_kpi_effectiveness_verifications,EXPORT,OPERATIONS,The live schema proves this tenant-owned relation through an exact organization discriminator or foreign-key path.,SQL_INSERT_INTO server/src/services/resultsVnext/kpi/kpiDeviationCommands.ts:1087; SQL_FROM server/src/services/resultsVnext/kpi/kpiDeviationCommands.ts:459; SQL_FROM server/src/services/resultsVnext/kpi/kpiDeviationRepository.ts:233; SQL_FROM server/src/services/resultsVnext/kpi/kpiPerspectivesRepository.ts:573,,"{""column"":""organization_id"",""kind"":""DIRECT_COLUMN""}"
public,rvn_kpi_initiative_impacts,EXPORT,INITIATIVES,The live schema proves this tenant-owned relation through an exact organization discriminator or foreign-key path.,SQL_INSERT_INTO server/src/services/resultsVnext/kpi/kpiInitiativeImpactCommands.ts:270; SQL_INSERT_INTO server/src/services/resultsVnext/kpi/kpiInitiativeImpactCommands.ts:761; SQL_UPDATE server/src/services/resultsVnext/kpi/kpiInitiativeImpactCommands.ts:442; SQL_UPDATE server/src/services/resultsVnext/kpi/kpiInitiativeImpactCommands.ts:604; SQL_UPDATE server/src/services/resultsVnext/kpi/kpiInitiativeImpactCommands.ts:750,,"{""column"":""organization_id"",""kind"":""DIRECT_COLUMN""}"
public,rvn_kpi_measurements,EXPORT,OPERATIONS,The live schema proves this tenant-owned relation through an exact organization discriminator or foreign-key path.,SQL_INSERT_INTO server/src/services/resultsVnext/kpi/kpiMeasurementCommands.ts:237; SQL_INSERT_INTO server/src/services/resultsVnext/kpi/kpiMeasurementCommands.ts:412; SQL_FROM server/src/routes/resultsVnext/kpi.routes.ts:343; SQL_FROM server/src/services/resultsVnext/kpi/kpiDeviationCommands.ts:975; SQL_FROM server/src/services/resultsVnext/kpi/kpiInitiativeImpactCommands.ts:433,,"{""column"":""organization_id"",""kind"":""DIRECT_COLUMN""}"
public,rvn_kpi_recovery_actions,EXPORT,OPERATIONS,The live schema proves this tenant-owned relation through an exact organization discriminator or foreign-key path.,SQL_INSERT_INTO server/src/services/resultsVnext/kpi/kpiRecoveryChildCommands.ts:309; SQL_UPDATE server/src/services/resultsVnext/kpi/kpiRecoveryChildCommands.ts:366; SQL_UPDATE server/src/services/resultsVnext/kpi/kpiRecoveryChildCommands.ts:444; SQL_FROM server/src/services/results/kpiRecoveryCardService.ts:287; SQL_FROM server/src/services/resultsVnext/kpi/kpiRecoveryChildCommands.ts:218,,"{""column"":""organization_id"",""kind"":""DIRECT_COLUMN""}"
public,rvn_kpi_recovery_backfill_receipts,EXCLUDE_SECURITY,ACTIVE_SEMANTIC_POLICY_MISSING,"The relation has a structural tenant path but no active semantic writer or reviewed privacy contract, so export fails closed.",organization-export-semantic-source-index.e1.json::public.rvn_kpi_recovery_backfill_receipts ACTIVE_SEMANTIC_SOURCE_MISSING,ACTIVE_SEMANTIC_POLICY_MISSING,{}
public,rvn_kpi_recovery_checkpoints,EXPORT,OPERATIONS,The live schema proves this tenant-owned relation through an exact organization discriminator or foreign-key path.,SQL_INSERT_INTO server/src/services/resultsVnext/kpi/kpiRecoveryChildCommands.ts:478; SQL_UPDATE server/src/services/resultsVnext/kpi/kpiRecoveryChildCommands.ts:538; SQL_FROM server/src/services/results/kpiRecoveryCardService.ts:302; SQL_FROM server/src/services/resultsVnext/kpi/kpiRecoveryChildCommands.ts:511,,"{""column"":""organization_id"",""kind"":""DIRECT_COLUMN""}"
public,rvn_kpi_response_policies,EXPORT,OPERATIONS,The live schema proves this tenant-owned relation through an exact organization discriminator or foreign-key path.,SQL_JOIN server/src/services/resultsVnext/kpi/kpiDeviationCommands.ts:452,,"{""column"":""organization_id"",""kind"":""DIRECT_COLUMN""}"
public,rvn_kpi_scorecard_items,EXPORT,OPERATIONS,The live schema proves this tenant-owned relation through an exact organization discriminator or foreign-key path.,SQL_INSERT_INTO server/src/services/resultsVnext/kpi/kpiScorecardCommands.ts:434; SQL_INSERT_INTO server/src/services/resultsVnext/kpi/kpiScorecardCommands.ts:441; SQL_UPDATE server/src/services/resultsVnext/kpi/kpiScorecardCommands.ts:642; SQL_DELETE_FROM server/src/services/resultsVnext/kpi/kpiScorecardCommands.ts:532; SQL_FROM server/src/services/resultsVnext/kpi/kpiPerspectivesRepository.ts:274,,"{""column"":""organization_id"",""kind"":""DIRECT_COLUMN""}"
public,rvn_kpi_scorecard_review_snapshot_measurements,EXPORT,OPERATIONS,The live schema proves this tenant-owned relation through an exact organization discriminator or foreign-key path.,SQL_INSERT_INTO server/src/services/resultsVnext/kpi/kpiScorecardCommands.ts:1213,,"{""kind"":""FOREIGN_KEY_PATH"",""path"":[{""column"":""measurement_id"",""parentColumn"":""measurement_id"",""parentSchema"":""public"",""parentTable"":""rvn_kpi_measurements""}]}"
public,rvn_kpi_scorecard_review_snapshots,EXPORT,OPERATIONS,The live schema proves this tenant-owned relation through an exact organization discriminator or foreign-key path.,SQL_INSERT_INTO server/src/services/resultsVnext/kpi/kpiScorecardCommands.ts:930; SQL_UPDATE server/src/services/resultsVnext/kpi/kpiScorecardCommands.ts:1188; SQL_UPDATE server/src/services/resultsVnext/kpi/kpiScorecardCommands.ts:1200; SQL_FROM server/src/services/resultsVnext/kpi/kpiPerspectivesRepository.ts:264; SQL_FROM server/src/services/resultsVnext/kpi/kpiScorecardCommands.ts:982,,"{""column"":""organization_id"",""kind"":""DIRECT_COLUMN""}"
public,rvn_kpi_scorecards,EXPORT,OPERATIONS,The live schema proves this tenant-owned relation through an exact organization discriminator or foreign-key path.,SQL_INSERT_INTO server/src/services/resultsVnext/kpi/kpiScorecardCommands.ts:252; SQL_INSERT_INTO server/src/services/resultsVnext/kpi/kpiScorecardCommands.ts:259; SQL_UPDATE server/src/services/resultsVnext/kpi/kpiScorecardCommands.ts:444; SQL_UPDATE server/src/services/resultsVnext/kpi/kpiScorecardCommands.ts:544; SQL_UPDATE server/src/services/resultsVnext/kpi/kpiScorecardCommands.ts:660,,"{""column"":""organization_id"",""kind"":""DIRECT_COLUMN""}"
public,rvn_platform_consumer_processed,EXPORT,PROJECTS_PMO,The live schema proves this tenant-owned relation through an exact organization discriminator or foreign-key path.,SQL_INSERT_INTO server/src/services/resultsVnext/platform/financeProjectionConsumer.ts:684; SQL_INSERT_INTO server/src/services/resultsVnext/platform/myworkProjectionConsumer.ts:447,,"{""kind"":""FOREIGN_KEY_PATH"",""path"":[{""column"":""event_id"",""parentColumn"":""event_id"",""parentSchema"":""public"",""parentTable"":""rvn_platform_events""}]}"
public,rvn_platform_events,EXPORT,OPERATIONS,The live schema proves this tenant-owned relation through an exact organization discriminator or foreign-key path.,SQL_INSERT_INTO server/src/services/resultsVnext/platform/atomicWrite.ts:722; SQL_FROM server/src/services/resultsVnext/kpi/kpiHistoryRepository.ts:89; SQL_FROM server/src/services/resultsVnext/kpi/kpiRecoveryCardCommands.ts:229; SQL_FROM server/src/services/resultsVnext/okr/okrReflectionCommands.ts:601; SQL_FROM server/src/services/resultsVnext/okr/okrReflectionCommands.ts:902,,"{""column"":""organization_id"",""kind"":""DIRECT_COLUMN""}"
public,rvn_platform_management_chain_closure,EXPORT,PLATFORM_AI,The live schema proves this tenant-owned relation through an exact organization discriminator or foreign-key path.,SQL_INSERT_INTO server/src/services/resultsVnext/platform/managementChainMaintenance.ts:329; SQL_INSERT_INTO server/src/services/resultsVnext/platform/managementChainMaintenance.ts:342; SQL_DELETE_FROM server/src/services/resultsVnext/platform/managementChainMaintenance.ts:319; SQL_FROM server/src/services/resultsVnext/kpi/kpiPerspectivesRepository.ts:365; SQL_FROM server/src/services/resultsVnext/okr/okrAttentionRepository.ts:85,,"{""column"":""organization_id"",""kind"":""DIRECT_COLUMN""}"
public,rvn_platform_obligations,EXPORT,OPERATIONS,The live schema proves this tenant-owned relation through an exact organization discriminator or foreign-key path.,SQL_INSERT_INTO server/src/services/resultsVnext/platform/obligations.ts:94; SQL_UPDATE server/src/services/resultsVnext/kpi/kpiDeviationCommands.ts:696; SQL_UPDATE server/src/services/resultsVnext/platform/obligations.ts:161; SQL_UPDATE server/src/services/resultsVnext/platform/obligations.ts:213; SQL_FROM server/src/services/resultsVnext/kpi/kpiNextObligationRepository.ts:72,,"{""column"":""organization_id"",""kind"":""DIRECT_COLUMN""}"
public,rvn_platform_outbox,EXPORT,OPERATIONS,The live schema proves this tenant-owned relation through an exact organization discriminator or foreign-key path.,SQL_INSERT_INTO server/src/services/resultsVnext/kpi/kpiDeviationCommands.ts:193; SQL_INSERT_INTO server/src/services/resultsVnext/okr/okrObjectiveCommands.ts:215; SQL_INSERT_INTO server/src/services/resultsVnext/okr/okrReflectionCommands.ts:628; SQL_INSERT_INTO server/src/services/resultsVnext/okr/okrReflectionCommands.ts:929; SQL_INSERT_INTO server/src/services/resultsVnext/okr/okrReviewCommands.ts:231,,"{""kind"":""FOREIGN_KEY_PATH"",""path"":[{""column"":""event_id"",""parentColumn"":""event_id"",""parentSchema"":""public"",""parentTable"":""rvn_platform_events""}]}"
public,rvn_platform_projection_checkpoints,EXPORT,PROJECTS_PMO,The live schema proves this tenant-owned relation through an exact organization discriminator or foreign-key path.,SQL_INSERT_INTO server/src/services/resultsVnext/platform/myworkProjectionConsumer.ts:215,,"{""column"":""organization_id"",""kind"":""DIRECT_COLUMN""}"
public,rvn_platform_resource_acl,EXCLUDE_SECURITY,NO_PROVABLE_TENANT_BOUNDARY,"The live schema proves no organization discriminator or foreign-key path, so exporting rows could cross tenant boundaries.",staging-schema-inventory.json::public.rvn_platform_resource_acl reviewed ownership graph has no tenant path,NO_PROVABLE_TENANT_BOUNDARY,{}
public,rvn_platform_resource_visibility,EXPORT,OPERATIONS,The live schema proves this tenant-owned relation through an exact organization discriminator or foreign-key path.,SQL_INSERT_INTO server/src/services/resultsVnext/kpi/kpiDefinitionCommands.ts:460; SQL_INSERT_INTO server/src/services/resultsVnext/kpi/kpiScorecardCommands.ts:262; SQL_INSERT_INTO server/src/services/resultsVnext/okr/okrSetCommands.ts:412; SQL_INSERT_INTO server/src/services/resultsVnext/roi/roiCaseCommands.ts:490; SQL_UPDATE server/src/services/resultsVnext/okr/okrSetCommands.ts:747,,"{""column"":""organization_id"",""kind"":""DIRECT_COLUMN""}"
public,rvn_platform_visibility_policies,EXPORT,OPERATIONS,The live schema proves this tenant-owned relation through an exact organization discriminator or foreign-key path.,SQL_INSERT_INTO server/src/services/resultsVnext/platform/visibilityResolver.ts:342; SQL_UPDATE server/src/services/resultsVnext/platform/visibilityResolver.ts:325; SQL_FROM server/src/services/resultsVnext/kpi/kpiDefinitionCommands.ts:392; SQL_FROM server/src/services/resultsVnext/kpi/kpiScorecardCommands.ts:240; SQL_FROM server/src/services/resultsVnext/okr/okrSetCommands.ts:334,,"{""column"":""organization_id"",""kind"":""DIRECT_COLUMN""}"
public,rvn_roi_actual_entries,EXPORT,OPERATIONS,The live schema proves this tenant-owned relation through an exact organization discriminator or foreign-key path.,SQL_INSERT_INTO server/src/services/resultsVnext/roi/roiActualEntryCommands.ts:272; SQL_INSERT_INTO server/src/services/resultsVnext/roi/roiActualEntryCommands.ts:415; SQL_FROM server/src/services/resultsVnext/roi/roiActualEntryCommands.ts:386; SQL_FROM server/src/services/resultsVnext/roi/roiActualEntryCommands.ts:592; SQL_FROM server/src/services/resultsVnext/roi/roiActualEntryCommands.ts:596,,"{""column"":""organization_id"",""kind"":""DIRECT_COLUMN""}"
public,rvn_roi_actual_snapshots,EXPORT,OPERATIONS,The live schema proves this tenant-owned relation through an exact organization discriminator or foreign-key path.,SQL_INSERT_INTO server/src/services/resultsVnext/roi/roiActualSnapshotCommands.ts:235; SQL_INSERT_INTO server/src/services/resultsVnext/roi/roiActualSnapshotCommands.ts:261; SQL_FROM server/src/services/flowTransform/flowTransformLineageService.ts:266; SQL_FROM server/src/services/resultsVnext/platform/financeProjectionConsumer.ts:212; SQL_FROM server/src/services/resultsVnext/roi/roiActualSnapshotCommands.ts:229,,"{""column"":""organization_id"",""kind"":""DIRECT_COLUMN""}"
public,rvn_roi_approval_snapshots,EXPORT,PROJECTS_PMO,The live schema proves this tenant-owned relation through an exact organization discriminator or foreign-key path.,SQL_FROM server/src/services/resultsVnext/platform/financeProjectionConsumer.ts:126; SQL_FROM server/src/services/resultsVnext/roi/roiApprovalSnapshotRepository.ts:76; SQL_FROM server/src/services/resultsVnext/roi/roiApprovalSnapshotRepository.ts:139; SQL_FROM server/src/services/resultsVnext/roi/roiBenefitsRealizationRepository.ts:82; SQL_FROM server/src/services/resultsVnext/roi/roiCompareRepository.ts:99,,"{""column"":""organization_id"",""kind"":""DIRECT_COLUMN""}"
public,rvn_roi_assumption_outcomes,EXPORT,OPERATIONS,The live schema proves this tenant-owned relation through an exact organization discriminator or foreign-key path.,SQL_FROM server/src/services/resultsVnext/roi/card/roiCaseCardRepository.ts:472,,"{""column"":""organization_id"",""kind"":""DIRECT_COLUMN""}"
public,rvn_roi_assumptions,EXPORT,OPERATIONS,The live schema proves this tenant-owned relation through an exact organization discriminator or foreign-key path.,SQL_INSERT_INTO server/src/services/resultsVnext/roi/roiAssumptionCommands.ts:156; SQL_UPDATE server/src/services/resultsVnext/roi/roiAssumptionCommands.ts:308; SQL_UPDATE server/src/services/resultsVnext/roi/roiAssumptionCommands.ts:419; SQL_UPDATE server/src/services/resultsVnext/roi/roiEconomicModelFreeze.ts:49; SQL_UPDATE server/src/services/resultsVnext/roi/roiEconomicModelFreeze.ts:110,,"{""column"":""organization_id"",""kind"":""DIRECT_COLUMN""}"
public,rvn_roi_baselines,EXPORT,OPERATIONS,The live schema proves this tenant-owned relation through an exact organization discriminator or foreign-key path.,SQL_INSERT_INTO server/src/services/resultsVnext/roi/roiCaseCommands.ts:460; SQL_INSERT_INTO server/src/services/resultsVnext/roi/roiCaseCommands.ts:467; SQL_UPDATE server/src/services/resultsVnext/roi/roiBaselineCommands.ts:211; SQL_UPDATE server/src/services/resultsVnext/roi/roiBaselineCommands.ts:307; SQL_UPDATE server/src/services/resultsVnext/roi/roiBaselineCommands.ts:333,,"{""column"":""organization_id"",""kind"":""DIRECT_COLUMN""}"
public,rvn_roi_benefit_evidence_links,EXPORT,OPERATIONS,The live schema proves this tenant-owned relation through an exact organization discriminator or foreign-key path.,SQL_INSERT_INTO server/src/services/resultsVnext/roi/roiBenefitEvidenceLinkCommands.ts:195; SQL_UPDATE server/src/services/resultsVnext/roi/roiBenefitEvidenceLinkCommands.ts:416; SQL_UPDATE server/src/services/resultsVnext/roi/roiBenefitEvidenceLinkCommands.ts:527; SQL_DELETE_FROM server/src/services/resultsVnext/roi/roiBenefitEvidenceLinkCommands.ts:314; SQL_FROM server/src/services/resultsVnext/roi/roiBenefitEvidenceLinkCommands.ts:257,,"{""column"":""organization_id"",""kind"":""DIRECT_COLUMN""}"
public,rvn_roi_benefit_lines,EXPORT,OPERATIONS,The live schema proves this tenant-owned relation through an exact organization discriminator or foreign-key path.,SQL_INSERT_INTO server/src/services/resultsVnext/roi/roiBenefitLineCommands.ts:194; SQL_UPDATE server/src/services/resultsVnext/roi/roiBenefitLineCommands.ts:387; SQL_UPDATE server/src/services/resultsVnext/roi/roiBenefitLineCommands.ts:505; SQL_UPDATE server/src/services/resultsVnext/roi/roiEconomicModelFreeze.ts:63; SQL_UPDATE server/src/services/resultsVnext/roi/roiEconomicModelFreeze.ts:124,,"{""column"":""organization_id"",""kind"":""DIRECT_COLUMN""}"
public,rvn_roi_calculation_policy,EXPORT,OPERATIONS,The live schema proves this tenant-owned relation through an exact organization discriminator or foreign-key path.,SQL_INSERT_INTO server/src/services/resultsVnext/roi/roiCaseCommands.ts:474; SQL_INSERT_INTO server/src/services/resultsVnext/roi/roiCaseCommands.ts:481; SQL_UPDATE server/src/services/resultsVnext/roi/roiCalculationPolicyCommands.ts:175; SQL_UPDATE server/src/services/resultsVnext/roi/roiEconomicModelFreeze.ts:42; SQL_UPDATE server/src/services/resultsVnext/roi/roiEconomicModelFreeze.ts:103,,"{""column"":""organization_id"",""kind"":""DIRECT_COLUMN""}"
public,rvn_roi_calculation_runs,EXPORT,OPERATIONS,The live schema proves this tenant-owned relation through an exact organization discriminator or foreign-key path.,SQL_INSERT_INTO server/src/services/resultsVnext/roi/roiCalculationRunCommands.ts:419; SQL_INSERT_INTO server/src/services/resultsVnext/roi/roiCalculationRunCommands.ts:463; SQL_FROM server/src/services/resultsVnext/roi/card/roiCaseCardRepository.ts:325; SQL_FROM server/src/services/resultsVnext/roi/card/roiCaseCardRepository.ts:445; SQL_FROM server/src/services/resultsVnext/roi/card/roiCaseCardRepository.ts:455,,"{""column"":""organization_id"",""kind"":""DIRECT_COLUMN""}"
public,rvn_roi_cases,EXPORT,OPERATIONS,The live schema proves this tenant-owned relation through an exact organization discriminator or foreign-key path.,SQL_INSERT_INTO server/src/services/resultsVnext/roi/roiCaseCommands.ts:427; SQL_INSERT_INTO server/src/services/resultsVnext/roi/roiCaseCommands.ts:436; SQL_UPDATE server/src/services/resultsVnext/roi/roiActualSnapshotCommands.ts:265; SQL_UPDATE server/src/services/resultsVnext/roi/roiBenefitsRealizationCommands.ts:154; SQL_UPDATE server/src/services/resultsVnext/roi/roiBenefitsRealizationCommands.ts:285,,"{""column"":""organization_id"",""kind"":""DIRECT_COLUMN""}"
public,rvn_roi_cost_lines,EXPORT,OPERATIONS,The live schema proves this tenant-owned relation through an exact organization discriminator or foreign-key path.,SQL_INSERT_INTO server/src/services/resultsVnext/roi/roiCostLineCommands.ts:149; SQL_UPDATE server/src/services/resultsVnext/roi/roiCostLineCommands.ts:309; SQL_UPDATE server/src/services/resultsVnext/roi/roiCostLineCommands.ts:422; SQL_UPDATE server/src/services/resultsVnext/roi/roiEconomicModelFreeze.ts:56; SQL_UPDATE server/src/services/resultsVnext/roi/roiEconomicModelFreeze.ts:117,,"{""column"":""organization_id"",""kind"":""DIRECT_COLUMN""}"
public,rvn_roi_finance_links,EXPORT,FINANCE,The live schema proves this tenant-owned relation through an exact organization discriminator or foreign-key path.,SQL_INSERT_INTO server/src/services/resultsVnext/roi/roiFinanceLinkCommands.ts:144; SQL_DELETE_FROM server/src/services/resultsVnext/roi/roiFinanceLinkCommands.ts:266; SQL_FROM server/src/services/finance/canonical/roiFinanceLinkAdapter.ts:275; SQL_FROM server/src/services/resultsVnext/platform/financeProjectionConsumer.ts:529; SQL_FROM server/src/services/resultsVnext/platform/financeProjectionConsumer.ts:584,,"{""column"":""organization_id"",""kind"":""DIRECT_COLUMN""}"
public,rvn_roi_finance_projections,EXPORT,PROJECTS_PMO,The live schema proves this tenant-owned relation through an exact organization discriminator or foreign-key path.,SQL_INSERT_INTO server/src/services/resultsVnext/platform/financeProjectionConsumer.ts:458; SQL_UPDATE server/src/services/resultsVnext/platform/financeProjectionConsumer.ts:499; SQL_UPDATE server/src/services/resultsVnext/platform/financeProjectionConsumer.ts:638; SQL_UPDATE server/src/services/resultsVnext/platform/financeProjectionConsumer.ts:667; SQL_FROM server/src/services/resultsVnext/roi/roiFinanceProjectionRepository.ts:103,,"{""column"":""organization_id"",""kind"":""DIRECT_COLUMN""}"
public,rvn_roi_finance_reconciliations,EXPORT,FINANCE,The live schema proves this tenant-owned relation through an exact organization discriminator or foreign-key path.,SQL_INSERT_INTO server/src/services/resultsVnext/roi/roiFinanceReconciliationCommands.ts:595; SQL_UPDATE server/src/services/resultsVnext/roi/roiFinanceReconciliationCommands.ts:1013; SQL_FROM server/src/services/finance/canonical/roiFinanceReconciliationAdapter.ts:485; SQL_FROM server/src/services/flowTransform/flowTransformLineageService.ts:286; SQL_FROM server/src/services/resultsVnext/platform/financeProjectionConsumer.ts:335,,"{""column"":""organization_id"",""kind"":""DIRECT_COLUMN""}"
public,rvn_roi_forecast_versions,EXPORT,OPERATIONS,The live schema proves this tenant-owned relation through an exact organization discriminator or foreign-key path.,SQL_INSERT_INTO server/src/services/resultsVnext/roi/roiForecastVersionCommands.ts:267; SQL_INSERT_INTO server/src/services/resultsVnext/roi/roiForecastVersionCommands.ts:316; SQL_FROM server/src/services/resultsVnext/platform/financeProjectionConsumer.ts:159; SQL_FROM server/src/services/resultsVnext/roi/roiCompareRepository.ts:124; SQL_FROM server/src/services/resultsVnext/roi/roiForecastVersionCommands.ts:261,,"{""column"":""organization_id"",""kind"":""DIRECT_COLUMN""}"
public,rvn_roi_post_investment_reviews,EXPORT,OPERATIONS,The live schema proves this tenant-owned relation through an exact organization discriminator or foreign-key path.,SQL_INSERT_INTO server/src/services/resultsVnext/roi/roiPirCommands.ts:558; SQL_INSERT_INTO server/src/services/resultsVnext/roi/roiPirCommands.ts:566; SQL_UPDATE server/src/services/resultsVnext/roi/roiPirCommands.ts:695; SQL_UPDATE server/src/services/resultsVnext/roi/roiPirCommands.ts:830; SQL_UPDATE server/src/services/resultsVnext/roi/roiPirCommands.ts:964,,"{""column"":""organization_id"",""kind"":""DIRECT_COLUMN""}"
public,rvn_roi_risks,EXPORT,OPERATIONS,The live schema proves this tenant-owned relation through an exact organization discriminator or foreign-key path.,SQL_FROM server/src/services/resultsVnext/roi/card/roiCaseCardRepository.ts:436,,"{""column"":""organization_id"",""kind"":""DIRECT_COLUMN""}"
public,rvn_roi_scenario_overrides,EXPORT,OPERATIONS,The live schema proves this tenant-owned relation through an exact organization discriminator or foreign-key path.,SQL_INSERT_INTO server/src/services/resultsVnext/roi/roiScenarioCommands.ts:481; SQL_DELETE_FROM server/src/services/resultsVnext/roi/roiScenarioCommands.ts:581; SQL_FROM server/src/services/resultsVnext/roi/roiCalculationRunCommands.ts:266; SQL_FROM server/src/services/resultsVnext/roi/roiEconomicModelRepository.ts:450,,"{""column"":""organization_id"",""kind"":""DIRECT_COLUMN""}"
public,rvn_roi_scenarios,EXPORT,OPERATIONS,The live schema proves this tenant-owned relation through an exact organization discriminator or foreign-key path.,SQL_INSERT_INTO server/src/services/resultsVnext/roi/roiScenarioCommands.ts:149; SQL_UPDATE server/src/services/resultsVnext/roi/roiEconomicModelFreeze.ts:70; SQL_UPDATE server/src/services/resultsVnext/roi/roiEconomicModelFreeze.ts:131; SQL_UPDATE server/src/services/resultsVnext/roi/roiScenarioCommands.ts:269; SQL_UPDATE server/src/services/resultsVnext/roi/roiScenarioCommands.ts:359,,"{""column"":""organization_id"",""kind"":""DIRECT_COLUMN""}"
public,rvn_roi_variance_causes,EXPORT,OPERATIONS,The live schema proves this tenant-owned relation through an exact organization discriminator or foreign-key path.,SQL_INSERT_INTO server/src/services/resultsVnext/roi/roiVarianceCommands.ts:524; SQL_DELETE_FROM server/src/services/resultsVnext/roi/roiVarianceCommands.ts:627; SQL_FROM server/src/services/resultsVnext/roi/roiVarianceRepository.ts:89,,"{""column"":""organization_id"",""kind"":""DIRECT_COLUMN""}"
public,rvn_roi_variances,EXPORT,OPERATIONS,The live schema proves this tenant-owned relation through an exact organization discriminator or foreign-key path.,SQL_INSERT_INTO server/src/services/resultsVnext/roi/roiVarianceCommands.ts:277; SQL_UPDATE server/src/services/resultsVnext/roi/roiVarianceCommands.ts:426; SQL_FROM server/src/services/resultsVnext/roi/card/roiCaseCardRepository.ts:331; SQL_FROM server/src/services/resultsVnext/roi/card/roiCaseCardRepository.ts:462; SQL_FROM server/src/services/resultsVnext/roi/roiPirCommands.ts:1105,,"{""column"":""organization_id"",""kind"":""DIRECT_COLUMN""}"
public,rvn_roi_visibility_governance,EXPORT,OPERATIONS,The live schema proves this tenant-owned relation through an exact organization discriminator or foreign-key path.,SQL_INSERT_INTO server/src/services/resultsVnext/platform/visibilityResolver.ts:796; SQL_FROM server/src/services/resultsVnext/platform/visibilityResolver.ts:557; SQL_FROM server/src/services/resultsVnext/platform/visibilityResolver.ts:739; SQL_FROM server/src/services/resultsVnext/platform/visibilityResolver.ts:878,,"{""column"":""organization_id"",""kind"":""DIRECT_COLUMN""}"
public,sandbox_activity,EXCLUDE_SECURITY,ACTIVE_SEMANTIC_POLICY_MISSING,"The relation has a structural tenant path but no active semantic writer or reviewed privacy contract, so export fails closed.",organization-export-semantic-source-index.e1.json::public.sandbox_activity ACTIVE_SEMANTIC_SOURCE_MISSING,ACTIVE_SEMANTIC_POLICY_MISSING,{}
public,sandbox_exports,EXCLUDE_SECURITY,ACTIVE_SEMANTIC_POLICY_MISSING,"The relation has a structural tenant path but no active semantic writer or reviewed privacy contract, so export fails closed.",organization-export-semantic-source-index.e1.json::public.sandbox_exports ACTIVE_SEMANTIC_SOURCE_MISSING,ACTIVE_SEMANTIC_POLICY_MISSING,{}
public,sandbox_projects,EXCLUDE_SECURITY,ACTIVE_SEMANTIC_POLICY_MISSING,"The relation has a structural tenant path but no active semantic writer or reviewed privacy contract, so export fails closed.",organization-export-semantic-source-index.e1.json::public.sandbox_projects ACTIVE_SEMANTIC_SOURCE_MISSING,ACTIVE_SEMANTIC_POLICY_MISSING,{}
public,sandbox_templates,EXCLUDE_SECURITY,NO_PROVABLE_TENANT_BOUNDARY,"The live schema proves no organization discriminator or foreign-key path, so exporting rows could cross tenant boundaries.",staging-schema-inventory.json::public.sandbox_templates reviewed ownership graph has no tenant path,NO_PROVABLE_TENANT_BOUNDARY,{}
public,schedule_executions,EXPORT,REPORTING,The live schema proves this tenant-owned relation through an exact organization discriminator or foreign-key path.,SQL_INSERT_INTO server/src/services/scheduledReportService.ts:794; SQL_FROM server/src/services/scheduledReportService.ts:901,,"{""kind"":""FOREIGN_KEY_PATH"",""path"":[{""column"":""schedule_id"",""parentColumn"":""id"",""parentSchema"":""public"",""parentTable"":""report_schedules""}]}"
public,schedule_trigger_rules,EXPORT,OPERATIONS,The live schema proves this tenant-owned relation through an exact organization discriminator or foreign-key path.,SQL_INSERT_INTO server/src/services/triggerEvaluationService.ts:79; SQL_UPDATE server/src/services/triggerEvaluationService.ts:125; SQL_UPDATE server/src/services/triggerEvaluationService.ts:350; SQL_DELETE_FROM server/src/services/triggerEvaluationService.ts:135; SQL_FROM server/src/services/triggerEvaluationService.ts:101,,"{""kind"":""FOREIGN_KEY_PATH"",""path"":[{""column"":""schedule_id"",""parentColumn"":""id"",""parentSchema"":""public"",""parentTable"":""report_schedules""}]}"
public,scheduled_emails,EXCLUDE_SECURITY,NO_PROVABLE_TENANT_BOUNDARY,"The live schema proves no organization discriminator or foreign-key path, so exporting rows could cross tenant boundaries.",staging-schema-inventory.json::public.scheduled_emails reviewed ownership graph has no tenant path,NO_PROVABLE_TENANT_BOUNDARY,{}
public,scheduled_events,EXPORT,ADMIN_SECURITY,The live schema proves this tenant-owned relation through an exact organization discriminator or foreign-key path.,SQL_INSERT_INTO server/src/routes/admin-data.routes.ts:784; SQL_UPDATE server/src/routes/admin-data.routes.ts:913; SQL_DELETE_FROM server/src/routes/admin-data.routes.ts:954; SQL_DELETE_FROM server/src/routes/admin-data.routes.ts:955; SQL_FROM server/src/routes/admin-data.routes.ts:733,,"{""column"":""organization_id"",""kind"":""DIRECT_COLUMN""}"
public,schema_migrations,EXCLUDE_SECURITY,NO_PROVABLE_TENANT_BOUNDARY,"The live schema proves no organization discriminator or foreign-key path, so exporting rows could cross tenant boundaries.",staging-schema-inventory.json::public.schema_migrations reviewed ownership graph has no tenant path,NO_PROVABLE_TENANT_BOUNDARY,{}
public,scim_conflict_log,EXPORT,OPERATIONS,The live schema proves this tenant-owned relation through an exact organization discriminator or foreign-key path.,SQL_INSERT_INTO server/src/routes/integrations/scim.routes.ts:260; SQL_UPDATE server/src/routes/integrations/scim.routes.ts:1168; SQL_FROM server/src/routes/adminP32.routes.ts:2136; SQL_FROM server/src/routes/integrations/scim.routes.ts:1119; SQL_FROM server/src/routes/integrations/scim.routes.ts:1120,,"{""column"":""organization_id"",""kind"":""DIRECT_COLUMN""}"
public,scim_group_mappings,EXPORT,OPERATIONS,The live schema proves this tenant-owned relation through an exact organization discriminator or foreign-key path.,SQL_INSERT_INTO server/src/routes/integrations/scim.routes.ts:1061; SQL_UPDATE server/src/routes/integrations/scim.routes.ts:1264; SQL_DELETE_FROM server/src/routes/adminP32.routes.ts:2169; SQL_DELETE_FROM server/src/routes/integrations/scim.routes.ts:1076; SQL_FROM server/src/routes/adminP32.routes.ts:2113,,"{""column"":""organization_id"",""kind"":""DIRECT_COLUMN""}"
public,scim_sync_logs,EXPORT,OPERATIONS,The live schema proves this tenant-owned relation through an exact organization discriminator or foreign-key path.,SQL_INSERT_INTO server/src/routes/integrations/scim.routes.ts:236; SQL_FROM server/src/routes/adminP32.routes.ts:2130; SQL_FROM server/src/routes/integrations/scim.routes.ts:1090,,"{""column"":""organization_id"",""kind"":""DIRECT_COLUMN""}"
public,scim_tokens,EXCLUDE_SECURITY,SECURITY_CREDENTIALS_AND_SESSIONS,"The reviewed relation contains authentication, credential, session, recovery, signing, or token-vault material and is excluded in full.",staging-schema-inventory.json::public.scim_tokens; reviewed exact credential identity list,CREDENTIAL_OR_SESSION_MATERIAL,{}
public,seat_transactions,EXPORT,OPERATIONS,The live schema proves this tenant-owned relation through an exact organization discriminator or foreign-key path.,SQL_INSERT_INTO server/src/services/seatManagementService.ts:251; SQL_INSERT_INTO server/src/services/seatManagementService.ts:319; SQL_INSERT_INTO server/src/services/seatManagementService.ts:359; SQL_FROM server/src/services/seatManagementService.ts:420,,"{""column"":""organization_id"",""kind"":""DIRECT_COLUMN""}"
public,security_events,EXPORT,ADMIN_SECURITY,The live schema proves this tenant-owned relation through an exact organization discriminator or foreign-key path.,SQL_INSERT_INTO server/src/services/securityService.ts:452; SQL_UPDATE server/src/controllers/SuperAdminController.ts:1832; SQL_UPDATE server/src/routes/admin-data.routes.ts:305; SQL_UPDATE server/src/routes/admin/security-alerts.routes.ts:51; SQL_FROM server/src/controllers/AdminDataController.ts:126,,"{""column"":""organization_id"",""kind"":""DIRECT_COLUMN""}"
public,security_incidents,EXPORT,ADMIN_SECURITY,The live schema proves this tenant-owned relation through an exact organization discriminator or foreign-key path.,SQL_INSERT_INTO server/src/services/securityIncidentService.ts:235; SQL_INSERT_INTO server/src/services/securityIncidentService.ts:251; SQL_UPDATE server/src/services/securityIncidentService.ts:285; SQL_UPDATE server/src/services/securityIncidentService.ts:294; SQL_DELETE_FROM server/src/services/securityIncidentService.ts:302,,"{""column"":""organization_id"",""kind"":""DIRECT_COLUMN""}"
public,security_policies,EXPORT,ADMIN_SECURITY,The live schema proves this tenant-owned relation through an exact organization discriminator or foreign-key path.,SQL_INSERT_INTO server/src/routes/securityPolicies.routes.ts:96; SQL_UPDATE server/src/controllers/superadmin/securityController.ts:267; SQL_UPDATE server/src/routes/securityPolicies.routes.ts:212; SQL_UPDATE server/src/routes/securityPolicies.routes.ts:230; SQL_UPDATE server/src/routes/securityPolicies.routes.ts:247,,"{""column"":""organization_id"",""kind"":""DIRECT_COLUMN""}"
public,security_roles,EXPORT,ADMIN_SECURITY,The live schema proves this tenant-owned relation through an exact organization discriminator or foreign-key path.,SQL_INSERT_INTO server/src/routes/security/roles.routes.ts:135; SQL_UPDATE server/src/routes/security/roles.routes.ts:193; SQL_DELETE_FROM server/src/routes/security/roles.routes.ts:223; SQL_FROM server/src/routes/security/roles.routes.ts:75; SQL_FROM server/src/routes/security/roles.routes.ts:154,,"{""column"":""organization_id"",""kind"":""DIRECT_COLUMN""}"
public,security_settings,EXCLUDE_SECURITY,ACTIVE_SEMANTIC_POLICY_MISSING,"The relation has a structural tenant path but no active semantic writer or reviewed privacy contract, so export fails closed.",organization-export-semantic-source-index.e1.json::public.security_settings ACTIVE_SEMANTIC_SOURCE_MISSING,ACTIVE_SEMANTIC_POLICY_MISSING,{}
public,sellix_config,EXCLUDE_SECURITY,SECURITY_CREDENTIALS_AND_SESSIONS,"The reviewed relation contains authentication, credential, session, recovery, signing, or token-vault material and is excluded in full.",staging-schema-inventory.json::public.sellix_config; reviewed exact credential identity list,CREDENTIAL_OR_SESSION_MATERIAL,{}
public,sellix_delivery_log,EXPORT,OPERATIONS,The live schema proves this tenant-owned relation through an exact organization discriminator or foreign-key path.,SQL_INSERT_INTO server/src/services/sellixIntegrationService.ts:255; SQL_FROM server/src/services/sellixIntegrationService.ts:237; SQL_FROM server/src/services/sellixIntegrationService.ts:317,,"{""column"":""organization_id"",""kind"":""DIRECT_COLUMN""}"
public,sellix_events,EXPORT,OPERATIONS,The live schema proves this tenant-owned relation through an exact organization discriminator or foreign-key path.,SQL_INSERT_INTO server/src/services/sellixIntegrationService.ts:74; SQL_INSERT_INTO server/src/services/sellixIntegrationService.ts:288; SQL_UPDATE server/src/services/sellixIntegrationService.ts:91; SQL_FROM server/src/services/sellixIntegrationService.ts:70; SQL_FROM server/src/services/sellixIntegrationService.ts:283,,"{""column"":""organization_id"",""kind"":""DIRECT_COLUMN""}"
public,server_start_events,EXCLUDE_SECURITY,NO_PROVABLE_TENANT_BOUNDARY,"The live schema proves no organization discriminator or foreign-key path, so exporting rows could cross tenant boundaries.",staging-schema-inventory.json::public.server_start_events reviewed ownership graph has no tenant path,NO_PROVABLE_TENANT_BOUNDARY,{}
public,sessions,EXPORT,OPERATIONS,The live schema proves this tenant-owned relation through an exact organization discriminator or foreign-key path.,SQL_INSERT_INTO server/src/services/demo/demoSeedService.ts:2751; SQL_DELETE_FROM server/src/controllers/SuperAdminController.ts:427; SQL_DELETE_FROM server/src/controllers/UserController.ts:765,,"{""kind"":""FOREIGN_KEY_PATH"",""path"":[{""column"":""project_id"",""parentColumn"":""id"",""parentSchema"":""public"",""parentTable"":""projects""}]}"
public,settings,EXCLUDE_SECURITY,NO_PROVABLE_TENANT_BOUNDARY,"The live schema proves no organization discriminator or foreign-key path, so exporting rows could cross tenant boundaries.",staging-schema-inventory.json::public.settings reviewed ownership graph has no tenant path,NO_PROVABLE_TENANT_BOUNDARY,{}
public,settings_audit_log,EXPORT,SETTINGS,The live schema proves this tenant-owned relation through an exact organization discriminator or foreign-key path.,SQL_INSERT_INTO server/src/routes/settings.routes.ts:5152; SQL_INSERT_INTO server/src/routes/settings.routes.ts:6120; SQL_INSERT_INTO server/src/routes/settings.routes.ts:6325; SQL_FROM server/src/routes/settings.routes.ts:5091; SQL_FROM server/src/routes/settings.routes.ts:5109,,"{""kind"":""FOREIGN_KEY_PATH"",""path"":[{""column"":""user_id"",""parentColumn"":""id"",""parentSchema"":""public"",""parentTable"":""users""}]}"
public,settings_templates,EXPORT,SETTINGS,The live schema proves this tenant-owned relation through an exact organization discriminator or foreign-key path.,SQL_INSERT_INTO server/src/routes/settings.routes.ts:4964; SQL_UPDATE server/src/routes/settings.routes.ts:4988; SQL_UPDATE server/src/routes/settings.routes.ts:5014; SQL_FROM server/src/routes/settings.routes.ts:3262; SQL_FROM server/src/routes/settings.routes.ts:4903,,"{""kind"":""FOREIGN_KEY_PATH"",""path"":[{""column"":""user_id"",""parentColumn"":""id"",""parentSchema"":""public"",""parentTable"":""users""}]}"
public,siri_dimension_scores,EXCLUDE_SECURITY,ACTIVE_SEMANTIC_POLICY_MISSING,"The relation has a structural tenant path but no active semantic writer or reviewed privacy contract, so export fails closed.",organization-export-semantic-source-index.e1.json::public.siri_dimension_scores ACTIVE_SEMANTIC_SOURCE_MISSING,ACTIVE_SEMANTIC_POLICY_MISSING,{}
public,siri_prioritisation_snapshots,EXCLUDE_SECURITY,ACTIVE_SEMANTIC_POLICY_MISSING,"The relation has a structural tenant path but no active semantic writer or reviewed privacy contract, so export fails closed.",organization-export-semantic-source-index.e1.json::public.siri_prioritisation_snapshots ACTIVE_SEMANTIC_SOURCE_MISSING,ACTIVE_SEMANTIC_POLICY_MISSING,{}
public,skills_gap_snapshots,EXPORT,OPERATIONS,The live schema proves this tenant-owned relation through an exact organization discriminator or foreign-key path.,SQL_INSERT_INTO server/src/services/skillsGapService.ts:337; SQL_FROM server/src/services/skillsGapService.ts:370; SQL_FROM server/src/services/skillsGapService.ts:380,,"{""column"":""organization_id"",""kind"":""DIRECT_COLUMN""}"
public,sla_tracking,EXPORT,OPERATIONS,The live schema proves this tenant-owned relation through an exact organization discriminator or foreign-key path.,SQL_FROM server/src/services/enterpriseService.ts:422,,"{""column"":""organization_id"",""kind"":""DIRECT_COLUMN""}"
public,slack_router_dedupe,EXCLUDE_SECURITY,NO_PROVABLE_TENANT_BOUNDARY,"The live schema proves no organization discriminator or foreign-key path, so exporting rows could cross tenant boundaries.",staging-schema-inventory.json::public.slack_router_dedupe reviewed ownership graph has no tenant path,NO_PROVABLE_TENANT_BOUNDARY,{}
public,sms_delivery_log,EXPORT,OPERATIONS,The live schema proves this tenant-owned relation through an exact organization discriminator or foreign-key path.,SQL_INSERT_INTO server/src/services/smsService.ts:524; SQL_UPDATE server/src/services/smsService.ts:233; SQL_UPDATE server/src/services/smsService.ts:434; SQL_FROM server/src/services/smsService.ts:474; SQL_FROM server/src/services/smsService.ts:485,,"{""kind"":""FOREIGN_KEY_PATH"",""path"":[{""column"":""user_id"",""parentColumn"":""id"",""parentSchema"":""public"",""parentTable"":""users""}]}"
public,sms_rate_limits,EXCLUDE_SECURITY,NO_PROVABLE_TENANT_BOUNDARY,"The live schema proves no organization discriminator or foreign-key path, so exporting rows could cross tenant boundaries.",staging-schema-inventory.json::public.sms_rate_limits reviewed ownership graph has no tenant path,NO_PROVABLE_TENANT_BOUNDARY,{}
public,sms_verification_codes,EXPORT,OPERATIONS,The live schema proves this tenant-owned relation through an exact organization discriminator or foreign-key path.,SQL_INSERT_INTO server/src/services/smsService.ts:277; SQL_UPDATE server/src/services/smsService.ts:264; SQL_UPDATE server/src/services/smsService.ts:336; SQL_UPDATE server/src/services/smsService.ts:343; SQL_UPDATE server/src/services/smsService.ts:359,,"{""kind"":""FOREIGN_KEY_PATH"",""path"":[{""column"":""user_id"",""parentColumn"":""id"",""parentSchema"":""public"",""parentTable"":""users""}]}"
public,spending_alerts,EXPORT,OPERATIONS,The live schema proves this tenant-owned relation through an exact organization discriminator or foreign-key path.,SQL_INSERT_INTO server/src/routes/billing.routes.ts:1223; SQL_INSERT_INTO server/src/routes/billing/billing.routes.ts:3180; SQL_UPDATE server/src/routes/billing.routes.ts:1260; SQL_UPDATE server/src/routes/billing.routes.ts:1297; SQL_UPDATE server/src/routes/billing/billing.routes.ts:3217,,"{""column"":""organization_id"",""kind"":""DIRECT_COLUMN""}"
public,sso_auth_states,EXCLUDE_SECURITY,SECURITY_CREDENTIALS_AND_SESSIONS,"The reviewed relation contains authentication, credential, session, recovery, signing, or token-vault material and is excluded in full.",staging-schema-inventory.json::public.sso_auth_states; reviewed exact credential identity list,CREDENTIAL_OR_SESSION_MATERIAL,{}
public,sso_configs,EXCLUDE_SECURITY,SECURITY_CREDENTIALS_AND_SESSIONS,"The reviewed relation contains authentication, credential, session, recovery, signing, or token-vault material and is excluded in full.",staging-schema-inventory.json::public.sso_configs; reviewed exact credential identity list,CREDENTIAL_OR_SESSION_MATERIAL,{}
public,sso_configurations,EXCLUDE_SECURITY,SECURITY_CREDENTIALS_AND_SESSIONS,"The reviewed relation contains authentication, credential, session, recovery, signing, or token-vault material and is excluded in full.",staging-schema-inventory.json::public.sso_configurations; reviewed exact credential identity list,CREDENTIAL_OR_SESSION_MATERIAL,{}
public,sso_login_attempts,EXCLUDE_SECURITY,ACTIVE_SEMANTIC_POLICY_MISSING,"The relation has a structural tenant path but no active semantic writer or reviewed privacy contract, so export fails closed.",organization-export-semantic-source-index.e1.json::public.sso_login_attempts ACTIVE_SEMANTIC_SOURCE_MISSING,ACTIVE_SEMANTIC_POLICY_MISSING,{}
public,sso_sessions,EXCLUDE_SECURITY,SECURITY_CREDENTIALS_AND_SESSIONS,"The reviewed relation contains authentication, credential, session, recovery, signing, or token-vault material and is excluded in full.",staging-schema-inventory.json::public.sso_sessions; reviewed exact credential identity list,CREDENTIAL_OR_SESSION_MATERIAL,{}
public,staffing_plan_roles,EXPORT,INITIATIVES,The live schema proves this tenant-owned relation through an exact organization discriminator or foreign-key path.,SQL_INSERT_INTO server/src/domain/initiatives-execution/postgresMaterialCommandUnitOfWork.ts:401; SQL_INSERT_INTO server/src/services/staffingPlanService.ts:236; SQL_UPDATE server/src/domain/initiatives-execution/postgresMaterialCommandUnitOfWork.ts:403; SQL_UPDATE server/src/services/staffingPlanService.ts:302; SQL_DELETE_FROM server/src/domain/initiatives-execution/postgresMaterialCommandUnitOfWork.ts:402,,"{""kind"":""FOREIGN_KEY_PATH"",""path"":[{""column"":""staffing_plan_id"",""parentColumn"":""id"",""parentSchema"":""public"",""parentTable"":""staffing_plans""}]}"
public,staffing_plans,EXPORT,INITIATIVES,The live schema proves this tenant-owned relation through an exact organization discriminator or foreign-key path.,SQL_INSERT_INTO server/src/domain/initiatives-execution/postgresMaterialCommandUnitOfWork.ts:394; SQL_INSERT_INTO server/src/services/staffingPlanService.ts:142; SQL_UPDATE server/src/domain/initiatives-execution/postgresMaterialCommandUnitOfWork.ts:396; SQL_UPDATE server/src/domain/initiatives-execution/postgresMaterialCommandUnitOfWork.ts:405; SQL_UPDATE server/src/services/staffingPlanService.ts:189,,"{""column"":""organization_id"",""kind"":""DIRECT_COLUMN""}"
public,stakeholder_engagements,EXPORT,OPERATIONS,The live schema proves this tenant-owned relation through an exact organization discriminator or foreign-key path.,SQL_INSERT_INTO server/src/services/stakeholderRegistryService.ts:306; SQL_UPDATE server/src/services/stakeholderRegistryService.ts:282; SQL_UPDATE server/src/services/stakeholderRegistryService.ts:339; SQL_DELETE_FROM server/src/services/stakeholderRegistryService.ts:374; SQL_FROM server/src/routes/pmo/stakeholders.routes.ts:54,,"{""column"":""organization_id"",""kind"":""DIRECT_COLUMN""}"
public,stakeholder_registry,EXPORT,OPERATIONS,The live schema proves this tenant-owned relation through an exact organization discriminator or foreign-key path.,SQL_INSERT_INTO server/src/services/stakeholderRegistryService.ts:157; SQL_UPDATE server/src/services/stakeholderRegistryService.ts:187; SQL_DELETE_FROM server/src/services/stakeholderRegistryService.ts:210; SQL_FROM server/src/services/stakeholderRegistryService.ts:127; SQL_FROM server/src/services/stakeholderRegistryService.ts:139,,"{""column"":""organization_id"",""kind"":""DIRECT_COLUMN""}"
public,stakeholder_segments,EXPORT,OPERATIONS,The live schema proves this tenant-owned relation through an exact organization discriminator or foreign-key path.,SQL_INSERT_INTO server/src/services/stakeholderCommService.ts:193; SQL_UPDATE server/src/services/stakeholderCommService.ts:260; SQL_DELETE_FROM server/src/services/stakeholderCommService.ts:267; SQL_FROM server/src/services/stakeholderCommService.ts:214; SQL_FROM server/src/services/stakeholderCommService.ts:226,,"{""column"":""organization_id"",""kind"":""DIRECT_COLUMN""}"
public,status_reports,EXPORT,REPORTING,The live schema proves this tenant-owned relation through an exact organization discriminator or foreign-key path.,SQL_INSERT_INTO server/src/routes/status-reports.routes.ts:182; SQL_INSERT_INTO server/src/services/demo/demoSeedService.ts:2566; SQL_INSERT_INTO server/src/services/statusReportService.ts:116; SQL_UPDATE server/src/services/statusReportService.ts:717; SQL_UPDATE server/src/services/statusReportService.ts:732,,"{""column"":""organization_id"",""kind"":""DIRECT_COLUMN""}"
public,steerco_pack_recipients,EXPORT,OPERATIONS,The live schema proves this tenant-owned relation through an exact organization discriminator or foreign-key path.,SQL_INSERT_INTO server/src/services/stakeholderCommService.ts:771; SQL_INSERT_INTO server/src/services/stakeholderCommService.ts:794; SQL_UPDATE server/src/services/stakeholderCommService.ts:833; SQL_FROM server/src/services/stakeholderCommService.ts:694; SQL_FROM server/src/services/stakeholderCommService.ts:836,,"{""kind"":""FOREIGN_KEY_PATH"",""path"":[{""column"":""pack_id"",""parentColumn"":""id"",""parentSchema"":""public"",""parentTable"":""steerco_packs""}]}"
public,steerco_packs,EXPORT,OPERATIONS,The live schema proves this tenant-owned relation through an exact organization discriminator or foreign-key path.,SQL_INSERT_INTO server/src/services/stakeholderCommService.ts:641; SQL_UPDATE server/src/services/stakeholderCommService.ts:743; SQL_UPDATE server/src/services/stakeholderCommService.ts:813; SQL_FROM server/src/services/stakeholderCommService.ts:655; SQL_FROM server/src/services/stakeholderCommService.ts:664,,"{""column"":""organization_id"",""kind"":""DIRECT_COLUMN""}"
public,stripe_events,EXPORT,OPERATIONS,The live schema proves this tenant-owned relation through an exact organization discriminator or foreign-key path.,SQL_INSERT_INTO server/src/routes/webhooks/stripe.routes.ts:66; SQL_UPDATE server/src/routes/webhooks/stripe.routes.ts:99; SQL_UPDATE server/src/routes/webhooks/stripe.routes.ts:116; SQL_FROM server/src/routes/webhooks/stripe.routes.ts:61,,"{""column"":""organization_id"",""kind"":""DIRECT_COLUMN""}"
public,studio_ai_sessions,EXCLUDE_SECURITY,ACTIVE_SEMANTIC_POLICY_MISSING,"The relation has a structural tenant path but no active semantic writer or reviewed privacy contract, so export fails closed.",organization-export-semantic-source-index.e1.json::public.studio_ai_sessions ACTIVE_SEMANTIC_SOURCE_MISSING,ACTIVE_SEMANTIC_POLICY_MISSING,{}
public,studio_comments,EXCLUDE_SECURITY,ACTIVE_SEMANTIC_POLICY_MISSING,"The relation has a structural tenant path but no active semantic writer or reviewed privacy contract, so export fails closed.",organization-export-semantic-source-index.e1.json::public.studio_comments ACTIVE_SEMANTIC_SOURCE_MISSING,ACTIVE_SEMANTIC_POLICY_MISSING,{}
public,studio_documents,EXPORT,OPERATIONS,The live schema proves this tenant-owned relation through an exact organization discriminator or foreign-key path.,SQL_INSERT_INTO server/src/services/StudioService.ts:148; SQL_UPDATE server/src/services/StudioService.ts:274; SQL_DELETE_FROM server/src/services/StudioService.ts:302; SQL_FROM server/src/services/StudioService.ts:76; SQL_FROM server/src/services/StudioService.ts:119,,"{""column"":""organization_id"",""kind"":""DIRECT_COLUMN""}"
public,studio_snapshots,EXPORT,OPERATIONS,The live schema proves this tenant-owned relation through an exact organization discriminator or foreign-key path.,SQL_INSERT_INTO server/src/services/StudioService.ts:344; SQL_FROM server/src/services/StudioService.ts:338; SQL_FROM server/src/services/StudioService.ts:387; SQL_FROM server/src/services/StudioService.ts:426,,"{""kind"":""FOREIGN_KEY_PATH"",""path"":[{""column"":""document_id"",""parentColumn"":""id"",""parentSchema"":""public"",""parentTable"":""studio_documents""}]}"
public,studio_templates,EXCLUDE_SECURITY,ACTIVE_SEMANTIC_POLICY_MISSING,"The relation has a structural tenant path but no active semantic writer or reviewed privacy contract, so export fails closed.",organization-export-semantic-source-index.e1.json::public.studio_templates ACTIVE_SEMANTIC_SOURCE_MISSING,ACTIVE_SEMANTIC_POLICY_MISSING,{}
public,sub_processors,EXCLUDE_SECURITY,NO_PROVABLE_TENANT_BOUNDARY,"The live schema proves no organization discriminator or foreign-key path, so exporting rows could cross tenant boundaries.",staging-schema-inventory.json::public.sub_processors reviewed ownership graph has no tenant path,NO_PROVABLE_TENANT_BOUNDARY,{}
public,subscription_changes,EXPORT,ADMIN_SECURITY,The live schema proves this tenant-owned relation through an exact organization discriminator or foreign-key path.,SQL_INSERT_INTO server/src/controllers/superadmin/revenueController.ts:112; SQL_UPDATE server/src/controllers/superadmin/revenueController.ts:124; SQL_UPDATE server/src/controllers/superadmin/revenueController.ts:134; SQL_UPDATE server/src/routes/billing/billing.routes.ts:4637; SQL_UPDATE server/src/routes/billing/billing.routes.ts:4671,,"{""column"":""organization_id"",""kind"":""DIRECT_COLUMN""}"
public,subscription_events,EXPORT,OPERATIONS,The live schema proves this tenant-owned relation through an exact organization discriminator or foreign-key path.,SQL_INSERT_INTO server/src/services/analytics/SnapshotService.ts:134; SQL_FROM server/src/routes/billing/billing.routes.ts:402; SQL_FROM server/src/routes/billing/billing.routes.ts:705; SQL_FROM server/src/services/analytics/ChurnAnalyticsService.ts:54; SQL_FROM server/src/services/analytics/MrrAnalyticsService.ts:200,,"{""column"":""organization_id"",""kind"":""DIRECT_COLUMN""}"
public,subscription_history,EXPORT,OPERATIONS,The live schema proves this tenant-owned relation through an exact organization discriminator or foreign-key path.,SQL_INSERT_INTO server/src/services/dunningService.ts:511; SQL_FROM server/src/routes/admin/billing-history.routes.ts:72; SQL_FROM server/src/services/analytics/ChurnAnalyticsService.ts:129; SQL_FROM server/src/services/analytics/SnapshotService.ts:118,,"{""column"":""organization_id"",""kind"":""DIRECT_COLUMN""}"
public,subscription_plans,EXCLUDE_SECURITY,NO_PROVABLE_TENANT_BOUNDARY,"The live schema proves no organization discriminator or foreign-key path, so exporting rows could cross tenant boundaries.",staging-schema-inventory.json::public.subscription_plans reviewed ownership graph has no tenant path,NO_PROVABLE_TENANT_BOUNDARY,{}
public,subscription_state_history,EXCLUDE_SECURITY,ACTIVE_SEMANTIC_POLICY_MISSING,"The relation has a structural tenant path but no active semantic writer or reviewed privacy contract, so export fails closed.",organization-export-semantic-source-index.e1.json::public.subscription_state_history ACTIVE_SEMANTIC_SOURCE_MISSING,ACTIVE_SEMANTIC_POLICY_MISSING,{}
public,subscriptions,EXPORT,OPERATIONS,The live schema proves this tenant-owned relation through an exact organization discriminator or foreign-key path.,SQL_INSERT_INTO server/src/routes/billing.routes.ts:620; SQL_INSERT_INTO server/src/routes/billing/billing.routes.ts:1827; SQL_UPDATE server/src/routes/billing.routes.ts:693; SQL_UPDATE server/src/routes/billing.routes.ts:731; SQL_UPDATE server/src/routes/billing.routes.ts:740,,"{""column"":""organization_id"",""kind"":""DIRECT_COLUMN""}"
public,summary_sends,EXCLUDE_SECURITY,NO_PROVABLE_TENANT_BOUNDARY,"The live schema proves no organization discriminator or foreign-key path, so exporting rows could cross tenant boundaries.",staging-schema-inventory.json::public.summary_sends reviewed ownership graph has no tenant path,NO_PROVABLE_TENANT_BOUNDARY,{}
public,superadmin_ai_settings,EXCLUDE_SECURITY,NO_PROVABLE_TENANT_BOUNDARY,"The live schema proves no organization discriminator or foreign-key path, so exporting rows could cross tenant boundaries.",staging-schema-inventory.json::public.superadmin_ai_settings reviewed ownership graph has no tenant path,NO_PROVABLE_TENANT_BOUNDARY,{}
public,superadmin_audit_log,EXPORT,ADMIN_SECURITY,The live schema proves this tenant-owned relation through an exact organization discriminator or foreign-key path.,SQL_FROM server/src/routes/superadmin.routes.ts:332,,"{""kind"":""FOREIGN_KEY_PATH"",""path"":[{""column"":""admin_user_id"",""parentColumn"":""id"",""parentSchema"":""public"",""parentTable"":""users""}]}"
public,superadmin_confirmed_actions,EXPORT,OPERATIONS,The live schema proves this tenant-owned relation through an exact organization discriminator or foreign-key path.,SQL_INSERT_INTO server/src/middleware/confirmAction.middleware.ts:187,,"{""kind"":""FOREIGN_KEY_PATH"",""path"":[{""column"":""admin_id"",""parentColumn"":""id"",""parentSchema"":""public"",""parentTable"":""users""}]}"
public,superadmin_impersonation_sessions,EXPORT,ADMIN_SECURITY,The live schema proves this tenant-owned relation through an exact organization discriminator or foreign-key path.,SQL_INSERT_INTO server/src/controllers/SuperAdminController.ts:1194; SQL_UPDATE server/src/routes/auth.routes.ts:1331; SQL_FROM server/src/routes/auth.routes.ts:1319,,"{""kind"":""FOREIGN_KEY_PATH"",""path"":[{""column"":""admin_id"",""parentColumn"":""id"",""parentSchema"":""public"",""parentTable"":""users""}]}"
public,support_ticket_comments,EXCLUDE_SECURITY,NO_PROVABLE_TENANT_BOUNDARY,"The live schema proves no organization discriminator or foreign-key path, so exporting rows could cross tenant boundaries.",staging-schema-inventory.json::public.support_ticket_comments reviewed ownership graph has no tenant path,NO_PROVABLE_TENANT_BOUNDARY,{}
public,support_tickets,EXPORT,OPERATIONS,The live schema proves this tenant-owned relation through an exact organization discriminator or foreign-key path.,SQL_INSERT_INTO server/src/services/helpService.ts:360; SQL_INSERT_INTO server/src/services/supportTicketService.ts:213; SQL_UPDATE server/src/services/helpService.ts:472; SQL_UPDATE server/src/services/supportTicketService.ts:273; SQL_UPDATE server/src/services/supportTicketService.ts:307,,"{""column"":""organization_id"",""kind"":""DIRECT_COLUMN""}"
public,swot_candidate_handoffs,EXPORT,TOOLS,The live schema proves this tenant-owned relation through an exact organization discriminator or foreign-key path.,SQL_INSERT_INTO server/src/services/tools/swotCandidateHandoffService.ts:276; SQL_FROM server/src/services/flowTransform/flowTransformLineageService.ts:161; SQL_FROM server/src/services/tools/swotCandidateHandoffService.ts:215; SQL_FROM server/src/services/tools/swotCandidateHandoffService.ts:324; SQL_JOIN server/src/domain/initiatives-execution/postgresMaterialCommandUnitOfWork.ts:571,,"{""column"":""organization_id"",""kind"":""DIRECT_COLUMN""}"
public,swot_proposals,EXPORT,TOOLS,The live schema proves this tenant-owned relation through an exact organization discriminator or foreign-key path.,SQL_INSERT_INTO server/src/controllers/ToolController.ts:3621; SQL_UPDATE server/src/controllers/ToolController.ts:3827; SQL_UPDATE server/src/controllers/ToolController.ts:4037; SQL_FROM server/src/controllers/ToolController.ts:3693; SQL_FROM server/src/controllers/ToolController.ts:3782,,"{""column"":""organization_id"",""kind"":""DIRECT_COLUMN""}"
public,sync_error_log,EXPORT,PLATFORM_AI,The live schema proves this tenant-owned relation through an exact organization discriminator or foreign-key path.,SQL_INSERT_INTO server/src/services/syncGuardrailsService.ts:255; SQL_UPDATE server/src/services/syncGuardrailsService.ts:407; SQL_FROM server/src/services/syncGuardrailsService.ts:241; SQL_FROM server/src/services/syncGuardrailsService.ts:368,,"{""column"":""organization_id"",""kind"":""DIRECT_COLUMN""}"
public,sync_rate_limits,EXPORT,PLATFORM_AI,The live schema proves this tenant-owned relation through an exact organization discriminator or foreign-key path.,SQL_INSERT_INTO server/src/services/syncGuardrailsService.ts:142; SQL_UPDATE server/src/services/syncGuardrailsService.ts:107; SQL_UPDATE server/src/services/syncGuardrailsService.ts:149; SQL_FROM server/src/services/syncGuardrailsService.ts:83,,"{""column"":""organization_id"",""kind"":""DIRECT_COLUMN""}"
public,system_config,EXCLUDE_SECURITY,NO_PROVABLE_TENANT_BOUNDARY,"The live schema proves no organization discriminator or foreign-key path, so exporting rows could cross tenant boundaries.",staging-schema-inventory.json::public.system_config reviewed ownership graph has no tenant path,NO_PROVABLE_TENANT_BOUNDARY,{}
public,system_feedback,EXPORT,OPERATIONS,The live schema proves this tenant-owned relation through an exact organization discriminator or foreign-key path.,SQL_INSERT_INTO server/src/routes/feedback.routes.ts:3379; SQL_FROM server/src/services/feedbackAIService.ts:315; SQL_FROM server/src/services/feedbackAIService.ts:592; SQL_JOIN server/src/services/feedbackAIService.ts:512,,"{""kind"":""FOREIGN_KEY_PATH"",""path"":[{""column"":""user_id"",""parentColumn"":""id"",""parentSchema"":""public"",""parentTable"":""users""}]}"
public,system_health_alerts,EXCLUDE_SECURITY,NO_PROVABLE_TENANT_BOUNDARY,"The live schema proves no organization discriminator or foreign-key path, so exporting rows could cross tenant boundaries.",staging-schema-inventory.json::public.system_health_alerts reviewed ownership graph has no tenant path,NO_PROVABLE_TENANT_BOUNDARY,{}
public,system_health_history,EXCLUDE_SECURITY,NO_PROVABLE_TENANT_BOUNDARY,"The live schema proves no organization discriminator or foreign-key path, so exporting rows could cross tenant boundaries.",staging-schema-inventory.json::public.system_health_history reviewed ownership graph has no tenant path,NO_PROVABLE_TENANT_BOUNDARY,{}
public,system_metrics,EXCLUDE_SECURITY,NO_PROVABLE_TENANT_BOUNDARY,"The live schema proves no organization discriminator or foreign-key path, so exporting rows could cross tenant boundaries.",staging-schema-inventory.json::public.system_metrics reviewed ownership graph has no tenant path,NO_PROVABLE_TENANT_BOUNDARY,{}
public,system_prompts,EXCLUDE_SECURITY,NO_PROVABLE_TENANT_BOUNDARY,"The live schema proves no organization discriminator or foreign-key path, so exporting rows could cross tenant boundaries.",staging-schema-inventory.json::public.system_prompts reviewed ownership graph has no tenant path,NO_PROVABLE_TENANT_BOUNDARY,{}
public,task_allocations,EXPORT,TASKS,The live schema proves this tenant-owned relation through an exact organization discriminator or foreign-key path.,SQL_INSERT_INTO server/src/routes/pmo/tasks.routes.ts:1023; SQL_INSERT_INTO server/src/routes/pmo/tasks.routes.ts:1105; SQL_FROM server/src/routes/pmo/tasks.routes.ts:1133; SQL_FROM server/src/services/workloadCapacityService.ts:330; SQL_FROM server/src/services/workloadCapacityService.ts:1134,,"{""column"":""organization_id"",""kind"":""DIRECT_COLUMN""}"
public,task_automation_rules,EXPORT,OPERATIONS,The live schema proves this tenant-owned relation through an exact organization discriminator or foreign-key path.,SQL_INSERT_INTO server/src/routes/my-work.routes.ts:9263; SQL_UPDATE server/src/services/automationRulesService.ts:351; SQL_DELETE_FROM server/src/services/automationRulesService.ts:381; SQL_FROM server/src/routes/my-work.routes.ts:9230; SQL_FROM server/src/services/automationRulesService.ts:310,,"{""column"":""organization_id"",""kind"":""DIRECT_COLUMN""}"
public,task_baseline_snapshots,EXPORT,TASKS,The live schema proves this tenant-owned relation through an exact organization discriminator or foreign-key path.,SQL_INSERT_INTO server/src/routes/pmo/tasks.routes.ts:392; SQL_FROM server/src/routes/pmo/tasks.routes.ts:423; SQL_FROM server/src/routes/pmo/tasks.routes.ts:453; SQL_FROM server/src/routes/pmo/tasks.routes.ts:487; SQL_FROM server/src/routes/pmo/tasks.routes.ts:878,,"{""column"":""organization_id"",""kind"":""DIRECT_COLUMN""}"
public,task_comments,EXPORT,TASKS,The live schema proves this tenant-owned relation through an exact organization discriminator or foreign-key path.,SQL_INSERT_INTO server/src/controllers/TaskController.ts:2364; SQL_INSERT_INTO server/src/routes/feedback.routes.ts:2687; SQL_INSERT_INTO server/src/services/demo/demoSeedService.ts:2405; SQL_INSERT_INTO server/src/services/demo/demoSeedService.ts:2419; SQL_DELETE_FROM server/src/controllers/TaskController.ts:2216,,"{""kind"":""FOREIGN_KEY_PATH"",""path"":[{""column"":""task_id"",""parentColumn"":""id"",""parentSchema"":""public"",""parentTable"":""tasks""}]}"
public,task_custom_field_schemas,EXPORT,TASKS,The live schema proves this tenant-owned relation through an exact organization discriminator or foreign-key path.,SQL_INSERT_INTO server/src/routes/pmo/tasks.routes.ts:212; SQL_UPDATE server/src/routes/pmo/tasks.routes.ts:299; SQL_UPDATE server/src/routes/pmo/tasks.routes.ts:327; SQL_FROM server/src/controllers/TaskController.ts:1257; SQL_FROM server/src/controllers/TaskController.ts:1627,,"{""column"":""organization_id"",""kind"":""DIRECT_COLUMN""}"
public,task_dependencies,EXPORT,TASKS,The live schema proves this tenant-owned relation through an exact organization discriminator or foreign-key path.,SQL_INSERT_INTO server/src/controllers/TaskController.ts:3462; SQL_INSERT_INTO server/src/controllers/TaskController.ts:3468; SQL_INSERT_INTO server/src/services/initiativeGovernanceService.ts:494; SQL_DELETE_FROM server/src/controllers/TaskController.ts:3575; SQL_DELETE_FROM server/src/routes/v8/execution-control.routes.ts:1669,,"{""kind"":""FOREIGN_KEY_PATH"",""path"":[{""column"":""from_task_id"",""parentColumn"":""id"",""parentSchema"":""public"",""parentTable"":""tasks""}]}"
public,task_escalations,EXCLUDE_SECURITY,NO_PROVABLE_TENANT_BOUNDARY,"The live schema proves no organization discriminator or foreign-key path, so exporting rows could cross tenant boundaries.",staging-schema-inventory.json::public.task_escalations reviewed ownership graph has no tenant path,NO_PROVABLE_TENANT_BOUNDARY,{}
public,task_history,EXPORT,TASKS,The live schema proves this tenant-owned relation through an exact organization discriminator or foreign-key path.,SQL_INSERT_INTO server/src/controllers/TaskController.ts:1815; SQL_INSERT_INTO server/src/controllers/TaskController.ts:2987; SQL_DELETE_FROM server/src/controllers/TaskController.ts:2219; SQL_FROM server/src/services/initiative/executionBankEvidenceReadService.ts:612,,"{""column"":""organization_id"",""kind"":""DIRECT_COLUMN""}"
public,task_labels,EXPORT,OPERATIONS,The live schema proves this tenant-owned relation through an exact organization discriminator or foreign-key path.,SQL_FROM server/src/routes/pmo/pmo-context.routes.ts:164,,"{""kind"":""FOREIGN_KEY_PATH"",""path"":[{""column"":""project_id"",""parentColumn"":""id"",""parentSchema"":""public"",""parentTable"":""projects""}]}"
public,task_status_transitions,EXCLUDE_SECURITY,ACTIVE_SEMANTIC_POLICY_MISSING,"The relation has a structural tenant path but no active semantic writer or reviewed privacy contract, so export fails closed.",organization-export-semantic-source-index.e1.json::public.task_status_transitions ACTIVE_SEMANTIC_SOURCE_MISSING,ACTIVE_SEMANTIC_POLICY_MISSING,{}
public,tasks,EXPORT,PERSONAL_TASKS,Personal task content is included under DEC-493 through the existing owner and privacy projection without person identification.,server/src/services/organizationExportTaskContract.ts,,"{""column"":""organization_id"",""kind"":""DIRECT_COLUMN""}"
public,tax_rates,EXCLUDE_SECURITY,NO_PROVABLE_TENANT_BOUNDARY,"The live schema proves no organization discriminator or foreign-key path, so exporting rows could cross tenant boundaries.",staging-schema-inventory.json::public.tax_rates reviewed ownership graph has no tenant path,NO_PROVABLE_TENANT_BOUNDARY,{}
public,team_members,EXPORT,ORGANIZATION_GOVERNANCE,The live schema proves this tenant-owned relation through an exact organization discriminator or foreign-key path.,SQL_INSERT_INTO server/src/routes/organization/teams.routes.ts:276; SQL_INSERT_INTO server/src/routes/teams.routes.ts:218; SQL_INSERT_INTO server/src/services/demo/demoSeedService.ts:2084; SQL_DELETE_FROM server/src/routes/organization/teams.routes.ts:381; SQL_DELETE_FROM server/src/routes/organization/teams.routes.ts:480,,"{""kind"":""FOREIGN_KEY_PATH"",""path"":[{""column"":""team_id"",""parentColumn"":""id"",""parentSchema"":""public"",""parentTable"":""teams""}]}"
public,teams,EXPORT,ORGANIZATION_GOVERNANCE,The live schema proves this tenant-owned relation through an exact organization discriminator or foreign-key path.,SQL_INSERT_INTO server/src/routes/organization/teams.routes.ts:254; SQL_INSERT_INTO server/src/routes/teams.routes.ts:200; SQL_INSERT_INTO server/src/services/demo/demoSeedService.ts:2065; SQL_UPDATE server/src/routes/organization/teams.routes.ts:325; SQL_UPDATE server/src/routes/teams.routes.ts:266,,"{""column"":""organization_id"",""kind"":""DIRECT_COLUMN""}"
public,template_provenance_approval_receipts,EXPORT,OPERATIONS,The live schema proves this tenant-owned relation through an exact organization discriminator or foreign-key path.,SQL_INSERT_INTO server/src/services/deliverableTemplateService.ts:1514; SQL_FROM server/src/services/deliverableTemplateService.ts:1562; SQL_FROM server/src/services/deliverableTemplateService.ts:1610,,"{""column"":""organization_id"",""kind"":""DIRECT_COLUMN""}"
public,teresa_audit_log,EXPORT,V8_PLATFORM,The live schema proves this tenant-owned relation through an exact organization discriminator or foreign-key path.,SQL_INSERT_INTO server/src/services/v8/teresaCopilotService.ts:3569; SQL_FROM server/src/services/v8/teresaCopilotService.ts:1763; SQL_FROM server/src/services/v8/teresaCopilotService.ts:2013; SQL_FROM server/src/services/v8/teresaCopilotService.ts:3598,,"{""kind"":""FOREIGN_KEY_PATH"",""path"":[{""column"":""proposal_id"",""parentColumn"":""id"",""parentSchema"":""public"",""parentTable"":""teresa_proposals""}]}"
public,teresa_handoff_results,EXPORT,V8_PLATFORM,The live schema proves this tenant-owned relation through an exact organization discriminator or foreign-key path.,SQL_INSERT_INTO server/src/services/v8/teresaCopilotService.ts:2308; SQL_INSERT_INTO server/src/services/v8/teresaCopilotService.ts:2352; SQL_INSERT_INTO server/src/services/v8/teresaCopilotService.ts:2404; SQL_INSERT_INTO server/src/services/v8/teresaCopilotService.ts:2453; SQL_INSERT_INTO server/src/services/v8/teresaCopilotService.ts:2501,,"{""column"":""organization_id"",""kind"":""DIRECT_COLUMN""}"
public,teresa_proposals,EXPORT,V8_PLATFORM,The live schema proves this tenant-owned relation through an exact organization discriminator or foreign-key path.,SQL_INSERT_INTO server/src/services/v8/teresaCopilotService.ts:1511; SQL_UPDATE server/src/services/v8/teresaCopilotService.ts:1481; SQL_UPDATE server/src/services/v8/teresaCopilotService.ts:3551; SQL_FROM server/src/services/v8/teresaCopilotService.ts:602; SQL_FROM server/src/services/v8/teresaCopilotService.ts:1384,,"{""column"":""organization_id"",""kind"":""DIRECT_COLUMN""}"
public,test_support_runs,EXPORT,OPERATIONS,The live schema proves this tenant-owned relation through an exact organization discriminator or foreign-key path.,SQL_INSERT_INTO server/src/routes/testSupport.routes.ts:1009; SQL_DELETE_FROM server/src/routes/testSupport.routes.ts:1040; SQL_DELETE_FROM server/src/routes/testSupport.routes.ts:1396; SQL_DELETE_FROM server/src/routes/testSupport.routes.ts:1485; SQL_FROM server/src/routes/testSupport.routes.ts:674,,"{""column"":""organization_id"",""kind"":""DIRECT_COLUMN""}"
public,threat_intelligence,EXPORT,ADMIN_SECURITY,The live schema proves this tenant-owned relation through an exact organization discriminator or foreign-key path.,SQL_INSERT_INTO server/src/routes/superadmin.routes.ts:2910; SQL_INSERT_INTO server/src/services/threatIntelligenceService.ts:141; SQL_UPDATE server/src/routes/superadmin.routes.ts:2933; SQL_UPDATE server/src/routes/superadmin.routes.ts:2945; SQL_UPDATE server/src/services/threatIntelligenceService.ts:167,,"{""column"":""organization_id"",""kind"":""DIRECT_COLUMN""}"
public,ticket_messages,EXPORT,OPERATIONS,The live schema proves this tenant-owned relation through an exact organization discriminator or foreign-key path.,SQL_INSERT_INTO server/src/services/helpService.ts:466; SQL_FROM server/src/services/helpService.ts:490,,"{""kind"":""FOREIGN_KEY_PATH"",""path"":[{""column"":""ticket_id"",""parentColumn"":""id"",""parentSchema"":""public"",""parentTable"":""support_tickets""}]}"
public,tier_round_robin_state,EXPORT,PLATFORM_AI,The live schema proves this tenant-owned relation through an exact organization discriminator or foreign-key path.,SQL_FROM server/src/services/ai/modelRouter.ts:1164; SQL_FROM server/src/services/ai/modelRouter.ts:1165,,"{""column"":""organization_id"",""kind"":""DIRECT_COLUMN""}"
public,time_entries,EXPORT,TASKS,The live schema proves this tenant-owned relation through an exact organization discriminator or foreign-key path.,SQL_INSERT_INTO server/src/routes/pmo/tasks.routes.ts:1009; SQL_FROM server/src/routes/pmo/tasks.routes.ts:1054; SQL_FROM server/src/services/workloadCapacityService.ts:240; SQL_FROM server/src/services/workloadCapacityService.ts:489,,"{""column"":""organization_id"",""kind"":""DIRECT_COLUMN""}"
public,token_ledger,EXPORT,OPERATIONS,The live schema proves this tenant-owned relation through an exact organization discriminator or foreign-key path.,SQL_INSERT_INTO server/src/services/tokenBillingService.ts:444; SQL_INSERT_INTO server/src/services/tokenBillingService.ts:622; SQL_FROM server/src/services/tokenBillingService.ts:559; SQL_FROM server/src/services/tokenBillingService.ts:578,,"{""column"":""organization_id"",""kind"":""DIRECT_COLUMN""}"
public,token_packages,EXCLUDE_SECURITY,NO_PROVABLE_TENANT_BOUNDARY,"The live schema proves no organization discriminator or foreign-key path, so exporting rows could cross tenant boundaries.",staging-schema-inventory.json::public.token_packages reviewed ownership graph has no tenant path,NO_PROVABLE_TENANT_BOUNDARY,{}
public,token_transactions,EXPORT,OPERATIONS,The live schema proves this tenant-owned relation through an exact organization discriminator or foreign-key path.,SQL_INSERT_INTO server/src/services/tokenBillingService.ts:290; SQL_INSERT_INTO server/src/services/tokenBillingService.ts:413; SQL_UPDATE server/src/controllers/SuperAdminController.ts:1889; SQL_FROM server/src/controllers/SuperAdminController.ts:1657; SQL_FROM server/src/controllers/SuperAdminController.ts:1693,,"{""column"":""organization_id"",""kind"":""DIRECT_COLUMN""}"
public,tool_assets,EXCLUDE_SECURITY,NO_PROVABLE_TENANT_BOUNDARY,"The live schema proves no organization discriminator or foreign-key path, so exporting rows could cross tenant boundaries.",staging-schema-inventory.json::public.tool_assets reviewed ownership graph has no tenant path,NO_PROVABLE_TENANT_BOUNDARY,{}
public,tool_comments,EXPORT,TOOLS,The live schema proves this tenant-owned relation through an exact organization discriminator or foreign-key path.,SQL_INSERT_INTO server/src/controllers/ToolController.ts:3310; SQL_DELETE_FROM server/src/controllers/ToolController.ts:3364; SQL_FROM server/src/controllers/ToolController.ts:3267; SQL_FROM server/src/controllers/ToolController.ts:3341,,"{""column"":""organization_id"",""kind"":""DIRECT_COLUMN""}"
public,tool_decisions,EXCLUDE_SECURITY,NO_PROVABLE_TENANT_BOUNDARY,"The live schema proves no organization discriminator or foreign-key path, so exporting rows could cross tenant boundaries.",staging-schema-inventory.json::public.tool_decisions reviewed ownership graph has no tenant path,NO_PROVABLE_TENANT_BOUNDARY,{}
public,tool_entitlements,EXPORT,TOOLS,The live schema proves this tenant-owned relation through an exact organization discriminator or foreign-key path.,SQL_INSERT_INTO server/src/services/toolEnterpriseService.ts:233; SQL_UPDATE server/src/services/toolEnterpriseService.ts:327; SQL_FROM server/src/services/toolEnterpriseService.ts:254; SQL_FROM server/src/services/toolEnterpriseService.ts:267,,"{""column"":""organization_id"",""kind"":""DIRECT_COLUMN""}"
public,tool_facilitation_outcomes,EXCLUDE_SECURITY,NO_PROVABLE_TENANT_BOUNDARY,"The live schema proves no organization discriminator or foreign-key path, so exporting rows could cross tenant boundaries.",staging-schema-inventory.json::public.tool_facilitation_outcomes reviewed ownership graph has no tenant path,NO_PROVABLE_TENANT_BOUNDARY,{}
public,tool_facilitation_roles,EXCLUDE_SECURITY,NO_PROVABLE_TENANT_BOUNDARY,"The live schema proves no organization discriminator or foreign-key path, so exporting rows could cross tenant boundaries.",staging-schema-inventory.json::public.tool_facilitation_roles reviewed ownership graph has no tenant path,NO_PROVABLE_TENANT_BOUNDARY,{}
public,tool_facilitation_sessions,EXPORT,OPERATIONS,The live schema proves this tenant-owned relation through an exact organization discriminator or foreign-key path.,SQL_INSERT_INTO server/src/services/realtimePlatformService.ts:266; SQL_UPDATE server/src/services/realtimePlatformService.ts:315; SQL_UPDATE server/src/services/realtimePlatformService.ts:365; SQL_UPDATE server/src/services/realtimePlatformService.ts:381; SQL_FROM server/src/services/realtimePlatformService.ts:256,,"{""column"":""organization_id"",""kind"":""DIRECT_COLUMN""}"
public,tool_facilitation_votes,EXCLUDE_SECURITY,NO_PROVABLE_TENANT_BOUNDARY,"The live schema proves no organization discriminator or foreign-key path, so exporting rows could cross tenant boundaries.",staging-schema-inventory.json::public.tool_facilitation_votes reviewed ownership graph has no tenant path,NO_PROVABLE_TENANT_BOUNDARY,{}
public,tool_initiative_batches,EXCLUDE_SECURITY,NO_PROVABLE_TENANT_BOUNDARY,"The live schema proves no organization discriminator or foreign-key path, so exporting rows could cross tenant boundaries.",staging-schema-inventory.json::public.tool_initiative_batches reviewed ownership graph has no tenant path,NO_PROVABLE_TENANT_BOUNDARY,{}
public,tool_initiative_links,EXPORT,TOOLS,The live schema proves this tenant-owned relation through an exact organization discriminator or foreign-key path.,SQL_INSERT_INTO server/src/controllers/ToolController.ts:2509; SQL_INSERT_INTO server/src/services/ToolInitiativeService.ts:336; SQL_UPDATE server/src/controllers/ToolController.ts:566; SQL_UPDATE server/src/controllers/ToolController.ts:570; SQL_UPDATE server/src/controllers/ToolController.ts:573,,"{""column"":""organization_id"",""kind"":""DIRECT_COLUMN""}"
public,tool_initiative_links_backfill_reports,EXCLUDE_SECURITY,NO_PROVABLE_TENANT_BOUNDARY,"The live schema proves no organization discriminator or foreign-key path, so exporting rows could cross tenant boundaries.",staging-schema-inventory.json::public.tool_initiative_links_backfill_reports reviewed ownership graph has no tenant path,NO_PROVABLE_TENANT_BOUNDARY,{}
public,tool_knowledge_bank,EXPORT,TOOLS,The live schema proves this tenant-owned relation through an exact organization discriminator or foreign-key path.,SQL_INSERT_INTO server/src/services/toolEnterpriseService.ts:142; SQL_DELETE_FROM server/src/services/toolEnterpriseService.ts:179; SQL_FROM server/src/services/toolEnterpriseService.ts:161; SQL_FROM server/src/services/toolEnterpriseService.ts:162; SQL_FROM server/src/services/toolEnterpriseService.ts:172,,"{""column"":""organization_id"",""kind"":""DIRECT_COLUMN""}"
public,tool_output_approvals,EXPORT,TOOLS,The live schema proves this tenant-owned relation through an exact organization discriminator or foreign-key path.,SQL_INSERT_INTO server/src/services/tools/toolOutputSnapshotService.ts:330,,"{""column"":""organization_id"",""kind"":""DIRECT_COLUMN""}"
public,tool_output_initiative_proposals,EXPORT,TOOLS,The live schema proves this tenant-owned relation through an exact organization discriminator or foreign-key path.,SQL_INSERT_INTO server/src/services/tools/toolOutputSnapshotService.ts:821; SQL_FROM server/src/controllers/ToolOutputsController.ts:411,,"{""column"":""organization_id"",""kind"":""DIRECT_COLUMN""}"
public,tool_outputs,EXPORT,TOOLS,The live schema proves this tenant-owned relation through an exact organization discriminator or foreign-key path.,SQL_INSERT_INTO server/src/services/tools/toolOutputSnapshotService.ts:482; SQL_INSERT_INTO server/src/services/tools/toolOutputSnapshotService.ts:886; SQL_UPDATE server/src/services/tools/toolOutputSnapshotService.ts:877; SQL_FROM server/src/controllers/ToolOutputsController.ts:219; SQL_FROM server/src/controllers/ToolOutputsController.ts:224,,"{""column"":""organization_id"",""kind"":""DIRECT_COLUMN""}"
public,tool_rag_queries,EXPORT,TOOLS,The live schema proves this tenant-owned relation through an exact organization discriminator or foreign-key path.,SQL_INSERT_INTO server/src/services/toolEnterpriseService.ts:196; SQL_FROM server/src/services/toolEnterpriseService.ts:212; SQL_FROM server/src/services/toolEnterpriseService.ts:213,,"{""column"":""organization_id"",""kind"":""DIRECT_COLUMN""}"
public,tool_report_sources,EXPORT,TOOLS,The live schema proves this tenant-owned relation through an exact organization discriminator or foreign-key path.,SQL_INSERT_INTO server/src/services/tools/toolOutputSnapshotService.ts:789; SQL_JOIN server/src/controllers/ToolOutputsController.ts:356,,"{""column"":""organization_id"",""kind"":""DIRECT_COLUMN""}"
public,tool_reports,EXPORT,TOOLS,The live schema proves this tenant-owned relation through an exact organization discriminator or foreign-key path.,SQL_INSERT_INTO server/src/services/tools/toolOutputSnapshotService.ts:764; SQL_FROM server/src/controllers/ToolOutputsController.ts:355; SQL_FROM server/src/controllers/ToolOutputsController.ts:375,,"{""column"":""organization_id"",""kind"":""DIRECT_COLUMN""}"
public,tool_session_edit_locks,EXPORT,OPERATIONS,The live schema proves this tenant-owned relation through an exact organization discriminator or foreign-key path.,SQL_INSERT_INTO server/src/services/realtimePlatformService.ts:688; SQL_DELETE_FROM server/src/services/realtimePlatformService.ts:681; SQL_DELETE_FROM server/src/services/realtimePlatformService.ts:704; SQL_FROM server/src/services/realtimePlatformService.ts:695; SQL_FROM server/src/services/realtimePlatformService.ts:712,,"{""column"":""organization_id"",""kind"":""DIRECT_COLUMN""}"
public,tool_session_events,EXPORT,OPERATIONS,The live schema proves this tenant-owned relation through an exact organization discriminator or foreign-key path.,SQL_INSERT_INTO server/src/services/teresa/teresaEventStore.ts:70; SQL_INSERT_INTO server/src/services/tools/toolOutputSnapshotService.ts:351; SQL_FROM server/src/services/teresa/teresaEventStore.ts:100; SQL_FROM server/src/services/teresa/teresaEventStore.ts:112; SQL_FROM server/src/services/teresa/teresaEventStore.ts:123,,"{""column"":""organization_id"",""kind"":""DIRECT_COLUMN""}"
public,tool_session_presence,EXPORT,OPERATIONS,The live schema proves this tenant-owned relation through an exact organization discriminator or foreign-key path.,SQL_INSERT_INTO server/src/services/realtimePlatformService.ts:619; SQL_UPDATE server/src/services/realtimePlatformService.ts:601; SQL_UPDATE server/src/services/realtimePlatformService.ts:644; SQL_UPDATE server/src/services/realtimePlatformService.ts:645; SQL_UPDATE server/src/services/realtimePlatformService.ts:655,,"{""column"":""organization_id"",""kind"":""DIRECT_COLUMN""}"
public,tool_sessions,EXPORT,INTERVIEW,The live schema proves this tenant-owned relation through an exact organization discriminator or foreign-key path.,SQL_INSERT_INTO server/src/controllers/InterviewController.ts:9971; SQL_INSERT_INTO server/src/controllers/ToolController.ts:887; SQL_INSERT_INTO server/src/routes/my-work.routes.ts:892; SQL_INSERT_INTO server/src/routes/v8/interview.routes.ts:1704; SQL_INSERT_INTO server/src/services/demo/demoSeedService.ts:2729,,"{""column"":""organization_id"",""kind"":""DIRECT_COLUMN""}"
public,tool_template_library,EXPORT,TOOLS,The live schema proves this tenant-owned relation through an exact organization discriminator or foreign-key path.,SQL_INSERT_INTO server/src/services/toolEnterpriseService.ts:32; SQL_UPDATE server/src/services/toolEnterpriseService.ts:109; SQL_DELETE_FROM server/src/services/toolEnterpriseService.ts:119; SQL_FROM server/src/services/toolEnterpriseService.ts:53; SQL_FROM server/src/services/toolEnterpriseService.ts:54,,"{""column"":""organization_id"",""kind"":""DIRECT_COLUMN""}"
public,tool_usage_log,EXPORT,TOOLS,The live schema proves this tenant-owned relation through an exact organization discriminator or foreign-key path.,SQL_INSERT_INTO server/src/services/toolEnterpriseService.ts:300; SQL_FROM server/src/services/toolEnterpriseService.ts:274; SQL_FROM server/src/services/toolEnterpriseService.ts:317; SQL_FROM server/src/services/toolEnterpriseService.ts:320,,"{""column"":""organization_id"",""kind"":""DIRECT_COLUMN""}"
public,tool_works,EXPORT,REPORTING,The live schema proves this tenant-owned relation through an exact organization discriminator or foreign-key path.,SQL_FROM server/src/routes/report-builder.routes.ts:953,,"{""column"":""organization_id"",""kind"":""DIRECT_COLUMN""}"
public,tools,EXCLUDE_SECURITY,NO_PROVABLE_TENANT_BOUNDARY,"The live schema proves no organization discriminator or foreign-key path, so exporting rows could cross tenant boundaries.",staging-schema-inventory.json::public.tools reviewed ownership graph has no tenant path,NO_PROVABLE_TENANT_BOUNDARY,{}
public,tooltip_dismissals,EXCLUDE_SECURITY,NO_PROVABLE_TENANT_BOUNDARY,"The live schema proves no organization discriminator or foreign-key path, so exporting rows could cross tenant boundaries.",staging-schema-inventory.json::public.tooltip_dismissals reviewed ownership graph has no tenant path,NO_PROVABLE_TENANT_BOUNDARY,{}
public,tp_ai_usage,EXCLUDE_SECURITY,NO_PROVABLE_TENANT_BOUNDARY,"The live schema proves no organization discriminator or foreign-key path, so exporting rows could cross tenant boundaries.",staging-schema-inventory.json::public.tp_ai_usage reviewed ownership graph has no tenant path,NO_PROVABLE_TENANT_BOUNDARY,{}
public,tp_attachments,EXPORT,OPERATIONS,The live schema proves this tenant-owned relation through an exact organization discriminator or foreign-key path.,SQL_INSERT_INTO server/src/services/tablePlatform/AttachmentService.ts:305; SQL_INSERT_INTO server/src/services/tablePlatform/AttachmentService.ts:427; SQL_UPDATE server/src/services/tablePlatform/AttachmentService.ts:262; SQL_DELETE_FROM server/src/services/tablePlatform/AttachmentService.ts:397; SQL_FROM server/src/services/tablePlatform/AttachmentService.ts:143,,"{""kind"":""FOREIGN_KEY_PATH"",""path"":[{""column"":""field_id"",""parentColumn"":""id"",""parentSchema"":""public"",""parentTable"":""tp_fields""},{""column"":""table_id"",""parentColumn"":""id"",""parentSchema"":""public"",""parentTable"":""tp_tables""},{""column"":""base_id"",""parentColumn"":""id"",""parentSchema"":""public"",""parentTable"":""tp_bases""}]}"
public,tp_audit_events,EXCLUDE_SECURITY,NO_PROVABLE_TENANT_BOUNDARY,"The live schema proves no organization discriminator or foreign-key path, so exporting rows could cross tenant boundaries.",staging-schema-inventory.json::public.tp_audit_events reviewed ownership graph has no tenant path,NO_PROVABLE_TENANT_BOUNDARY,{}
public,tp_automation_actions,EXPORT,OPERATIONS,The live schema proves this tenant-owned relation through an exact organization discriminator or foreign-key path.,SQL_INSERT_INTO server/src/services/tablePlatform/AutomationService.ts:101; SQL_JOIN server/src/services/tablePlatform/AutomationService.ts:125; SQL_JOIN server/src/services/tablePlatform/AutomationService.ts:156; SQL_JOIN server/src/services/tablePlatform/AutomationService.ts:214; SQL_JOIN server/src/services/tablePlatform/ScheduledAutomationExecutor.ts:214,,"{""kind"":""FOREIGN_KEY_PATH"",""path"":[{""column"":""automation_id"",""parentColumn"":""id"",""parentSchema"":""public"",""parentTable"":""tp_automations""},{""column"":""base_id"",""parentColumn"":""id"",""parentSchema"":""public"",""parentTable"":""tp_bases""}]}"
public,tp_automation_run_counts,EXPORT,OPERATIONS,The live schema proves this tenant-owned relation through an exact organization discriminator or foreign-key path.,SQL_INSERT_INTO server/src/services/tablePlatform/AutomationService.ts:265; SQL_INSERT_INTO server/src/services/tablePlatform/ScheduledAutomationExecutor.ts:289; SQL_FROM server/src/services/tablePlatform/AutomationService.ts:508,,"{""column"":""organization_id"",""kind"":""DIRECT_COLUMN""}"
public,tp_automation_runs,EXPORT,OPERATIONS,The live schema proves this tenant-owned relation through an exact organization discriminator or foreign-key path.,SQL_INSERT_INTO server/src/services/tablePlatform/AutomationService.ts:236; SQL_INSERT_INTO server/src/services/tablePlatform/ScheduledAutomationExecutor.ts:263; SQL_UPDATE server/src/services/tablePlatform/AutomationService.ts:257; SQL_UPDATE server/src/services/tablePlatform/AutomationService.ts:276; SQL_UPDATE server/src/services/tablePlatform/ScheduledAutomationExecutor.ts:283,,"{""kind"":""FOREIGN_KEY_PATH"",""path"":[{""column"":""automation_id"",""parentColumn"":""id"",""parentSchema"":""public"",""parentTable"":""tp_automations""},{""column"":""base_id"",""parentColumn"":""id"",""parentSchema"":""public"",""parentTable"":""tp_bases""}]}"
public,tp_automations,EXPORT,OPERATIONS,The live schema proves this tenant-owned relation through an exact organization discriminator or foreign-key path.,SQL_INSERT_INTO server/src/services/tablePlatform/AutomationService.ts:73; SQL_UPDATE server/src/services/tablePlatform/AutomationService.ts:90; SQL_UPDATE server/src/services/tablePlatform/AutomationService.ts:136; SQL_UPDATE server/src/services/tablePlatform/ScheduledAutomationExecutor.ts:247; SQL_UPDATE server/src/services/tablePlatform/ScheduledAutomationExecutor.ts:426,,"{""kind"":""FOREIGN_KEY_PATH"",""path"":[{""column"":""base_id"",""parentColumn"":""id"",""parentSchema"":""public"",""parentTable"":""tp_bases""}]}"
public,tp_base_members,EXPORT,OPERATIONS,The live schema proves this tenant-owned relation through an exact organization discriminator or foreign-key path.,SQL_INSERT_INTO server/src/services/tablePlatform/MetadataService.ts:132; SQL_INSERT_INTO server/src/services/tablePlatform/OrgMemberSyncService.ts:54; SQL_INSERT_INTO server/src/services/tablePlatform/PermissionsService.ts:120; SQL_DELETE_FROM server/src/services/tablePlatform/PermissionsService.ts:137; SQL_FROM server/src/services/tablePlatform/OrgMemberSyncService.ts:40,,"{""kind"":""FOREIGN_KEY_PATH"",""path"":[{""column"":""base_id"",""parentColumn"":""id"",""parentSchema"":""public"",""parentTable"":""tp_bases""}]}"
public,tp_base_templates,EXPORT,OPERATIONS,The live schema proves this tenant-owned relation through an exact organization discriminator or foreign-key path.,SQL_INSERT_INTO server/src/services/deliverableTemplateSeedService.ts:381; SQL_INSERT_INTO server/src/services/deliverableTemplateService.ts:1031; SQL_INSERT_INTO server/src/services/tablePlatform/TemplateService.ts:100; SQL_INSERT_INTO server/src/services/tablePlatform/TemplateService.ts:438; SQL_INSERT_INTO server/src/services/tablePlatform/seeds/tabeleConsultingTemplatesSeeder.ts:53,,"{""column"":""organization_id"",""kind"":""DIRECT_COLUMN""}"
public,tp_bases,EXPORT,OPERATIONS,The live schema proves this tenant-owned relation through an exact organization discriminator or foreign-key path.,SQL_INSERT_INTO server/src/services/tablePlatform/MetadataService.ts:121; SQL_INSERT_INTO server/src/services/tablePlatform/MetadataService.ts:1079; SQL_UPDATE server/src/services/tablePlatform/MetadataService.ts:79; SQL_UPDATE server/src/services/tablePlatform/MetadataService.ts:209; SQL_UPDATE server/src/services/tablePlatform/MetadataService.ts:924,,"{""column"":""organization_id"",""kind"":""DIRECT_COLUMN""}"
public,tp_cell_history,EXPORT,AUDIT_COMPLIANCE,The live schema proves this tenant-owned relation through an exact organization discriminator or foreign-key path.,SQL_INSERT_INTO server/src/services/tablePlatform/AuditService.ts:293; SQL_FROM server/src/services/tablePlatform/AuditService.ts:316; SQL_FROM server/src/services/tablePlatform/AuditService.ts:338,,"{""kind"":""FOREIGN_KEY_PATH"",""path"":[{""column"":""table_id"",""parentColumn"":""id"",""parentSchema"":""public"",""parentTable"":""tp_tables""},{""column"":""base_id"",""parentColumn"":""id"",""parentSchema"":""public"",""parentTable"":""tp_bases""}]}"
public,tp_connector_runs,EXPORT,OPERATIONS,The live schema proves this tenant-owned relation through an exact organization discriminator or foreign-key path.,SQL_INSERT_INTO server/src/services/dataCollection/connectorFramework.ts:133; SQL_UPDATE server/src/services/dataCollection/connectorFramework.ts:160; SQL_UPDATE server/src/services/dataCollection/connectorFramework.ts:174; SQL_UPDATE server/src/services/dataCollection/connectorFramework.ts:284; SQL_FROM server/src/routes/data-collection.routes.ts:350,,"{""kind"":""FOREIGN_KEY_PATH"",""path"":[{""column"":""connector_id"",""parentColumn"":""id"",""parentSchema"":""public"",""parentTable"":""tp_connectors""}]}"
public,tp_connectors,EXPORT,OPERATIONS,The live schema proves this tenant-owned relation through an exact organization discriminator or foreign-key path.,SQL_INSERT_INTO server/src/routes/data-collection.routes.ts:120; SQL_UPDATE server/src/routes/data-collection.routes.ts:253; SQL_UPDATE server/src/routes/data-collection.routes.ts:405; SQL_UPDATE server/src/routes/data-collection.routes.ts:439; SQL_UPDATE server/src/services/dataCollection/connectorFramework.ts:180,,"{""column"":""organization_id"",""kind"":""DIRECT_COLUMN""}"
public,tp_dimensions,EXPORT,OPERATIONS,The live schema proves this tenant-owned relation through an exact organization discriminator or foreign-key path.,SQL_INSERT_INTO server/src/services/tablePlatform/GovernedModelService.ts:263; SQL_DELETE_FROM server/src/services/tablePlatform/GovernedModelService.ts:308; SQL_FROM server/src/services/tablePlatform/GovernedModelService.ts:75; SQL_FROM server/src/services/tablePlatform/GovernedModelService.ts:275; SQL_FROM server/src/services/tablePlatform/GovernedModelService.ts:292,,"{""kind"":""FOREIGN_KEY_PATH"",""path"":[{""column"":""model_id"",""parentColumn"":""model_id"",""parentSchema"":""public"",""parentTable"":""tp_governed_models""},{""column"":""base_id"",""parentColumn"":""id"",""parentSchema"":""public"",""parentTable"":""tp_bases""}]}"
public,tp_distributions,EXPORT,OPERATIONS,The live schema proves this tenant-owned relation through an exact organization discriminator or foreign-key path.,SQL_INSERT_INTO server/src/services/tablePlatform/DistributionService.ts:42; SQL_UPDATE server/src/services/tablePlatform/DistributionService.ts:108; SQL_UPDATE server/src/services/tablePlatform/DistributionService.ts:123; SQL_UPDATE server/src/services/tablePlatform/DistributionService.ts:256; SQL_DELETE_FROM server/src/services/tablePlatform/DistributionService.ts:116,,"{""kind"":""FOREIGN_KEY_PATH"",""path"":[{""column"":""base_id"",""parentColumn"":""id"",""parentSchema"":""public"",""parentTable"":""tp_bases""}]}"
public,tp_extension_installs,EXPORT,OPERATIONS,The live schema proves this tenant-owned relation through an exact organization discriminator or foreign-key path.,SQL_INSERT_INTO server/src/services/tablePlatform/ExtensionService.ts:115; SQL_UPDATE server/src/services/tablePlatform/ExtensionService.ts:178; SQL_DELETE_FROM server/src/services/tablePlatform/ExtensionService.ts:139; SQL_FROM server/src/services/tablePlatform/ExtensionService.ts:159,,"{""kind"":""FOREIGN_KEY_PATH"",""path"":[{""column"":""base_id"",""parentColumn"":""id"",""parentSchema"":""public"",""parentTable"":""tp_bases""}]}"
public,tp_extensions,EXCLUDE_SECURITY,NO_PROVABLE_TENANT_BOUNDARY,"The live schema proves no organization discriminator or foreign-key path, so exporting rows could cross tenant boundaries.",staging-schema-inventory.json::public.tp_extensions reviewed ownership graph has no tenant path,NO_PROVABLE_TENANT_BOUNDARY,{}
public,tp_fields,EXPORT,AUDIT_COMPLIANCE,The live schema proves this tenant-owned relation through an exact organization discriminator or foreign-key path.,SQL_INSERT_INTO server/src/services/tablePlatform/AuditService.ts:406; SQL_INSERT_INTO server/src/services/tablePlatform/MetadataService.ts:488; SQL_INSERT_INTO server/src/services/tablePlatform/MetadataService.ts:568; SQL_INSERT_INTO server/src/services/tablePlatform/MetadataService.ts:1175; SQL_UPDATE server/src/routes/table-platform.routes.ts:812,,"{""kind"":""FOREIGN_KEY_PATH"",""path"":[{""column"":""table_id"",""parentColumn"":""id"",""parentSchema"":""public"",""parentTable"":""tp_tables""},{""column"":""base_id"",""parentColumn"":""id"",""parentSchema"":""public"",""parentTable"":""tp_bases""}]}"
public,tp_form_submissions,EXPORT,OPERATIONS,The live schema proves this tenant-owned relation through an exact organization discriminator or foreign-key path.,SQL_INSERT_INTO server/src/services/tablePlatform/FormIntakeService.ts:345,,"{""kind"":""FOREIGN_KEY_PATH"",""path"":[{""column"":""table_id"",""parentColumn"":""id"",""parentSchema"":""public"",""parentTable"":""tp_tables""},{""column"":""base_id"",""parentColumn"":""id"",""parentSchema"":""public"",""parentTable"":""tp_bases""}]}"
public,tp_forms,EXPORT,OPERATIONS,The live schema proves this tenant-owned relation through an exact organization discriminator or foreign-key path.,SQL_INSERT_INTO server/src/services/tablePlatform/FormService.ts:119; SQL_UPDATE server/src/services/tablePlatform/FormIntakeService.ts:324; SQL_UPDATE server/src/services/tablePlatform/FormIntakeService.ts:636; SQL_UPDATE server/src/services/tablePlatform/FormService.ts:219; SQL_UPDATE server/src/services/tablePlatform/FormService.ts:324,,"{""kind"":""FOREIGN_KEY_PATH"",""path"":[{""column"":""embed_target_table_id"",""parentColumn"":""id"",""parentSchema"":""public"",""parentTable"":""tp_tables""},{""column"":""base_id"",""parentColumn"":""id"",""parentSchema"":""public"",""parentTable"":""tp_bases""}]}"
public,tp_governed_models,EXPORT,OPERATIONS,The live schema proves this tenant-owned relation through an exact organization discriminator or foreign-key path.,SQL_INSERT_INTO server/src/services/tablePlatform/GovernedModelService.ts:41; SQL_UPDATE server/src/services/tablePlatform/GovernedModelService.ts:149; SQL_DELETE_FROM server/src/services/tablePlatform/GovernedModelService.ts:173; SQL_FROM server/src/services/tablePlatform/GovernedModelService.ts:46; SQL_FROM server/src/services/tablePlatform/GovernedModelService.ts:61,,"{""kind"":""FOREIGN_KEY_PATH"",""path"":[{""column"":""base_id"",""parentColumn"":""id"",""parentSchema"":""public"",""parentTable"":""tp_bases""}]}"
public,tp_interfaces,EXPORT,OPERATIONS,The live schema proves this tenant-owned relation through an exact organization discriminator or foreign-key path.,SQL_INSERT_INTO server/src/services/tablePlatform/InterfaceService.ts:39; SQL_UPDATE server/src/services/tablePlatform/InterfaceService.ts:78; SQL_UPDATE server/src/services/tablePlatform/InterfaceService.ts:88; SQL_UPDATE server/src/services/tablePlatform/InterfaceService.ts:98; SQL_UPDATE server/src/services/tablePlatform/InterfaceService.ts:122,,"{""kind"":""FOREIGN_KEY_PATH"",""path"":[{""column"":""base_id"",""parentColumn"":""id"",""parentSchema"":""public"",""parentTable"":""tp_bases""}]}"
public,tp_kpi_definitions,EXPORT,OPERATIONS,The live schema proves this tenant-owned relation through an exact organization discriminator or foreign-key path.,SQL_INSERT_INTO server/src/services/tablePlatform/GovernedModelService.ts:193; SQL_DELETE_FROM server/src/services/tablePlatform/GovernedModelService.ts:243; SQL_FROM server/src/services/resultsVnext/kpi/kpiLegacyArchiveRepository.ts:236; SQL_FROM server/src/services/tablePlatform/GovernedModelService.ts:69; SQL_FROM server/src/services/tablePlatform/GovernedModelService.ts:210,,"{""kind"":""FOREIGN_KEY_PATH"",""path"":[{""column"":""model_id"",""parentColumn"":""model_id"",""parentSchema"":""public"",""parentTable"":""tp_governed_models""},{""column"":""base_id"",""parentColumn"":""id"",""parentSchema"":""public"",""parentTable"":""tp_bases""}]}"
public,tp_migration_history,EXCLUDE_SECURITY,NO_PROVABLE_TENANT_BOUNDARY,"The live schema proves no organization discriminator or foreign-key path, so exporting rows could cross tenant boundaries.",staging-schema-inventory.json::public.tp_migration_history reviewed ownership graph has no tenant path,NO_PROVABLE_TENANT_BOUNDARY,{}
public,tp_model_sources,EXPORT,OPERATIONS,The live schema proves this tenant-owned relation through an exact organization discriminator or foreign-key path.,SQL_INSERT_INTO server/src/services/tablePlatform/GovernedModelService.ts:335; SQL_UPDATE server/src/services/tablePlatform/GovernedModelService.ts:382; SQL_FROM server/src/services/tablePlatform/GovernedModelService.ts:82; SQL_FROM server/src/services/tablePlatform/GovernedModelService.ts:341; SQL_FROM server/src/services/tablePlatform/GovernedModelService.ts:362,,"{""kind"":""FOREIGN_KEY_PATH"",""path"":[{""column"":""model_id"",""parentColumn"":""model_id"",""parentSchema"":""public"",""parentTable"":""tp_governed_models""},{""column"":""base_id"",""parentColumn"":""id"",""parentSchema"":""public"",""parentTable"":""tp_bases""}]}"
public,tp_module_sync_results,EXPORT,OPERATIONS,The live schema proves this tenant-owned relation through an exact organization discriminator or foreign-key path.,SQL_INSERT_INTO server/src/services/tablePlatform/ModuleSyncService.ts:90; SQL_INSERT_INTO server/src/services/tablePlatform/ModuleSyncService.ts:122; SQL_FROM server/src/services/tablePlatform/ModuleSyncService.ts:161,,"{""kind"":""FOREIGN_KEY_PATH"",""path"":[{""column"":""model_id"",""parentColumn"":""model_id"",""parentSchema"":""public"",""parentTable"":""tp_governed_models""},{""column"":""base_id"",""parentColumn"":""id"",""parentSchema"":""public"",""parentTable"":""tp_bases""}]}"
public,tp_notifications,EXCLUDE_SECURITY,ACTIVE_SEMANTIC_POLICY_MISSING,"The relation has a structural tenant path but no active semantic writer or reviewed privacy contract, so export fails closed.",organization-export-semantic-source-index.e1.json::public.tp_notifications ACTIVE_SEMANTIC_SOURCE_MISSING,ACTIVE_SEMANTIC_POLICY_MISSING,{}
public,tp_qa_reports,EXPORT,OPERATIONS,The live schema proves this tenant-owned relation through an exact organization discriminator or foreign-key path.,SQL_INSERT_INTO server/src/services/tablePlatform/TableQaService.ts:1140; SQL_FROM server/src/services/tablePlatform/TableQaService.ts:1037,,"{""column"":""organization_id"",""kind"":""DIRECT_COLUMN""}"
public,tp_qa_suggestion_dismissals,EXPORT,OPERATIONS,The live schema proves this tenant-owned relation through an exact organization discriminator or foreign-key path.,SQL_INSERT_INTO server/src/services/tablePlatform/TableQaService.ts:1070; SQL_FROM server/src/services/tablePlatform/TableQaService.ts:445,,"{""column"":""organization_id"",""kind"":""DIRECT_COLUMN""}"
public,tp_record_comments,EXPORT,OPERATIONS,The live schema proves this tenant-owned relation through an exact organization discriminator or foreign-key path.,SQL_INSERT_INTO server/src/services/tablePlatform/RecordCommentService.ts:36; SQL_UPDATE server/src/services/tablePlatform/RecordCommentService.ts:98; SQL_DELETE_FROM server/src/services/tablePlatform/RecordCommentService.ts:118; SQL_FROM server/src/services/tablePlatform/RecordCommentService.ts:68; SQL_FROM server/src/services/tablePlatform/RecordCommentService.ts:74,,"{""kind"":""FOREIGN_KEY_PATH"",""path"":[{""column"":""table_id"",""parentColumn"":""id"",""parentSchema"":""public"",""parentTable"":""tp_tables""},{""column"":""base_id"",""parentColumn"":""id"",""parentSchema"":""public"",""parentTable"":""tp_bases""}]}"
public,tp_record_links,EXPORT,OPERATIONS,The live schema proves this tenant-owned relation through an exact organization discriminator or foreign-key path.,SQL_INSERT_INTO server/src/services/tablePlatform/RelationService.ts:134; SQL_INSERT_INTO server/src/services/tablePlatform/RelationService.ts:148; SQL_DELETE_FROM server/src/services/tablePlatform/MetadataService.ts:398; SQL_DELETE_FROM server/src/services/tablePlatform/RelationService.ts:209; SQL_DELETE_FROM server/src/services/tablePlatform/RelationService.ts:222,,"{""kind"":""FOREIGN_KEY_PATH"",""path"":[{""column"":""from_field_id"",""parentColumn"":""id"",""parentSchema"":""public"",""parentTable"":""tp_fields""},{""column"":""table_id"",""parentColumn"":""id"",""parentSchema"":""public"",""parentTable"":""tp_tables""},{""column"":""base_id"",""parentColumn"":""id"",""parentSchema"":""public"",""parentTable"":""tp_bases""}]}"
public,tp_record_provenance,EXPORT,OPERATIONS,The live schema proves this tenant-owned relation through an exact organization discriminator or foreign-key path.,SQL_INSERT_INTO server/src/services/dataCollection/connectorFramework.ts:244,,"{""kind"":""FOREIGN_KEY_PATH"",""path"":[{""column"":""connector_id"",""parentColumn"":""id"",""parentSchema"":""public"",""parentTable"":""tp_connectors""}]}"
public,tp_record_sources,EXPORT,OPERATIONS,The live schema proves this tenant-owned relation through an exact organization discriminator or foreign-key path.,SQL_INSERT_INTO server/src/services/tablePlatform/RecordSourcesService.ts:278; SQL_UPDATE server/src/services/tablePlatform/RecordSourcesService.ts:379; SQL_UPDATE server/src/services/tablePlatform/RecordSourcesService.ts:440; SQL_UPDATE server/src/services/tablePlatform/RecordSourcesService.ts:504; SQL_FROM server/src/services/tablePlatform/ConfidenceScoringService.ts:106,,"{""column"":""organization_id"",""kind"":""DIRECT_COLUMN""}"
public,tp_record_watches,EXPORT,OPERATIONS,The live schema proves this tenant-owned relation through an exact organization discriminator or foreign-key path.,SQL_INSERT_INTO server/src/services/tablePlatform/RecordWatchService.ts:42; SQL_DELETE_FROM server/src/services/tablePlatform/RecordWatchService.ts:70; SQL_FROM server/src/services/tablePlatform/RecordWatchService.ts:50; SQL_FROM server/src/services/tablePlatform/RecordWatchService.ts:88; SQL_FROM server/src/services/tablePlatform/RecordWatchService.ts:106,,"{""kind"":""FOREIGN_KEY_PATH"",""path"":[{""column"":""table_id"",""parentColumn"":""id"",""parentSchema"":""public"",""parentTable"":""tp_tables""},{""column"":""base_id"",""parentColumn"":""id"",""parentSchema"":""public"",""parentTable"":""tp_bases""}]}"
public,tp_records,EXPORT,OPERATIONS,The live schema proves this tenant-owned relation through an exact organization discriminator or foreign-key path.,SQL_INSERT_INTO server/src/routes/table-platform.routes.ts:5130; SQL_INSERT_INTO server/src/services/tablePlatform/AuditService.ts:440; SQL_INSERT_INTO server/src/services/tablePlatform/MetadataService.ts:1229; SQL_INSERT_INTO server/src/services/tablePlatform/RecordsService.ts:344; SQL_INSERT_INTO server/src/services/tablePlatform/ScheduledAutomationExecutor.ts:324,,"{""kind"":""FOREIGN_KEY_PATH"",""path"":[{""column"":""table_id"",""parentColumn"":""id"",""parentSchema"":""public"",""parentTable"":""tp_tables""},{""column"":""base_id"",""parentColumn"":""id"",""parentSchema"":""public"",""parentTable"":""tp_bases""}]}"
public,tp_row_policies,EXPORT,OPERATIONS,The live schema proves this tenant-owned relation through an exact organization discriminator or foreign-key path.,SQL_INSERT_INTO server/src/services/tablePlatform/RowPolicyService.ts:62; SQL_UPDATE server/src/services/tablePlatform/RowPolicyService.ts:162; SQL_DELETE_FROM server/src/services/tablePlatform/RowPolicyService.ts:178; SQL_FROM server/src/routes/table-platform.routes.ts:4716; SQL_FROM server/src/routes/table-platform.routes.ts:4745,,"{""kind"":""FOREIGN_KEY_PATH"",""path"":[{""column"":""table_id"",""parentColumn"":""id"",""parentSchema"":""public"",""parentTable"":""tp_tables""},{""column"":""base_id"",""parentColumn"":""id"",""parentSchema"":""public"",""parentTable"":""tp_bases""}]}"
public,tp_schema_proposals,EXCLUDE_SECURITY,NO_PROVABLE_TENANT_BOUNDARY,"The live schema proves no organization discriminator or foreign-key path, so exporting rows could cross tenant boundaries.",staging-schema-inventory.json::public.tp_schema_proposals reviewed ownership graph has no tenant path,NO_PROVABLE_TENANT_BOUNDARY,{}
public,tp_schema_versions,EXPORT,OPERATIONS,The live schema proves this tenant-owned relation through an exact organization discriminator or foreign-key path.,SQL_INSERT_INTO server/src/services/tablePlatform/MetadataService.ts:86,,"{""kind"":""FOREIGN_KEY_PATH"",""path"":[{""column"":""base_id"",""parentColumn"":""id"",""parentSchema"":""public"",""parentTable"":""tp_bases""}]}"
public,tp_scim_tokens,EXCLUDE_SECURITY,SECURITY_CREDENTIALS_AND_SESSIONS,"The reviewed relation contains authentication, credential, session, recovery, signing, or token-vault material and is excluded in full.",staging-schema-inventory.json::public.tp_scim_tokens; reviewed exact credential identity list,CREDENTIAL_OR_SESSION_MATERIAL,{}
public,tp_service_accounts,EXCLUDE_SECURITY,SECURITY_CREDENTIALS_AND_SESSIONS,"The reviewed relation contains authentication, credential, session, recovery, signing, or token-vault material and is excluded in full.",staging-schema-inventory.json::public.tp_service_accounts; reviewed exact credential identity list,CREDENTIAL_OR_SESSION_MATERIAL,{}
public,tp_source_packs,EXPORT,OPERATIONS,The live schema proves this tenant-owned relation through an exact organization discriminator or foreign-key path.,SQL_INSERT_INTO server/src/services/tablePlatform/SourcePackBuilderService.ts:574; SQL_UPDATE server/src/services/tablePlatform/SourcePackBuilderService.ts:679; SQL_FROM server/src/services/tablePlatform/SourcePackBuilderService.ts:611; SQL_FROM server/src/services/tablePlatform/SourcePackBuilderService.ts:657,,"{""column"":""organization_id"",""kind"":""DIRECT_COLUMN""}"
public,tp_sso_configs,EXPORT,OPERATIONS,The live schema proves this tenant-owned relation through an exact organization discriminator or foreign-key path.,SQL_INSERT_INTO server/src/services/tablePlatform/SSOService.ts:56; SQL_INSERT_INTO server/src/services/tablePlatform/SSOService.ts:69; SQL_UPDATE server/src/services/tablePlatform/SSOService.ts:120; SQL_UPDATE server/src/services/tablePlatform/SSOService.ts:151; SQL_FROM server/src/services/tablePlatform/SSOService.ts:88,,"{""column"":""organization_id"",""kind"":""DIRECT_COLUMN""}"
public,tp_table_conversions,EXPORT,OPERATIONS,The live schema proves this tenant-owned relation through an exact organization discriminator or foreign-key path.,SQL_INSERT_INTO server/src/services/tablePlatform/TableArtifactConversionService.ts:474; SQL_UPDATE server/src/services/tablePlatform/TableArtifactConversionService.ts:503; SQL_UPDATE server/src/services/tablePlatform/TableArtifactConversionService.ts:517; SQL_UPDATE server/src/services/tablePlatform/TableArtifactConversionService.ts:541; SQL_FROM server/src/services/tablePlatform/TableArtifactConversionService.ts:762,,"{""column"":""organization_id"",""kind"":""DIRECT_COLUMN""}"
public,tp_table_syncs,EXPORT,OPERATIONS,The live schema proves this tenant-owned relation through an exact organization discriminator or foreign-key path.,SQL_INSERT_INTO server/src/services/tablePlatform/TableSyncService.ts:52; SQL_UPDATE server/src/services/tablePlatform/TableSyncService.ts:152; SQL_DELETE_FROM server/src/services/tablePlatform/TableSyncService.ts:110; SQL_FROM server/src/services/tablePlatform/TableSyncService.ts:77; SQL_FROM server/src/services/tablePlatform/TableSyncService.ts:92,,"{""kind"":""FOREIGN_KEY_PATH"",""path"":[{""column"":""source_table_id"",""parentColumn"":""id"",""parentSchema"":""public"",""parentTable"":""tp_tables""},{""column"":""base_id"",""parentColumn"":""id"",""parentSchema"":""public"",""parentTable"":""tp_bases""}]}"
public,tp_tables,EXPORT,AUDIT_COMPLIANCE,The live schema proves this tenant-owned relation through an exact organization discriminator or foreign-key path.,SQL_INSERT_INTO server/src/services/tablePlatform/AuditService.ts:389; SQL_INSERT_INTO server/src/services/tablePlatform/MetadataService.ts:483; SQL_INSERT_INTO server/src/services/tablePlatform/MetadataService.ts:1160; SQL_UPDATE server/src/routes/table-platform.routes.ts:5238; SQL_UPDATE server/src/services/tablePlatform/MetadataService.ts:268,,"{""kind"":""FOREIGN_KEY_PATH"",""path"":[{""column"":""base_id"",""parentColumn"":""id"",""parentSchema"":""public"",""parentTable"":""tp_bases""}]}"
public,tp_views,EXPORT,AUDIT_COMPLIANCE,The live schema proves this tenant-owned relation through an exact organization discriminator or foreign-key path.,SQL_INSERT_INTO server/src/services/tablePlatform/AuditService.ts:423; SQL_INSERT_INTO server/src/services/tablePlatform/MetadataService.ts:497; SQL_INSERT_INTO server/src/services/tablePlatform/MetadataService.ts:695; SQL_INSERT_INTO server/src/services/tablePlatform/MetadataService.ts:1198; SQL_UPDATE server/src/services/tablePlatform/MetadataService.ts:336,,"{""kind"":""FOREIGN_KEY_PATH"",""path"":[{""column"":""table_id"",""parentColumn"":""id"",""parentSchema"":""public"",""parentTable"":""tp_tables""},{""column"":""base_id"",""parentColumn"":""id"",""parentSchema"":""public"",""parentTable"":""tp_bases""}]}"
public,tp_webhook_buffer,EXPORT,OPERATIONS,The live schema proves this tenant-owned relation through an exact organization discriminator or foreign-key path.,SQL_INSERT_INTO server/src/routes/data-collection.routes.ts:68; SQL_UPDATE server/src/services/dataCollection/connectors/webhook.ts:91; SQL_FROM server/src/services/dataCollection/connectors/webhook.ts:39; SQL_FROM server/src/services/dataCollection/connectors/webhook.ts:68,,"{""kind"":""FOREIGN_KEY_PATH"",""path"":[{""column"":""connector_id"",""parentColumn"":""id"",""parentSchema"":""public"",""parentTable"":""tp_connectors""}]}"
public,tp_webhook_payloads,EXPORT,OPERATIONS,The live schema proves this tenant-owned relation through an exact organization discriminator or foreign-key path.,SQL_INSERT_INTO server/src/services/tablePlatform/WebhookDispatcherService.ts:147; SQL_FROM server/src/services/tablePlatform/WebhookDispatcherService.ts:99,,"{""kind"":""FOREIGN_KEY_PATH"",""path"":[{""column"":""webhook_id"",""parentColumn"":""id"",""parentSchema"":""public"",""parentTable"":""tp_webhooks""},{""column"":""base_id"",""parentColumn"":""id"",""parentSchema"":""public"",""parentTable"":""tp_bases""}]}"
public,tp_webhook_relays,EXCLUDE_SECURITY,SECURITY_CREDENTIALS_AND_SESSIONS,"The reviewed relation contains authentication, credential, session, recovery, signing, or token-vault material and is excluded in full.",staging-schema-inventory.json::public.tp_webhook_relays; reviewed exact credential identity list,CREDENTIAL_OR_SESSION_MATERIAL,{}
public,tp_webhooks,EXCLUDE_SECURITY,SECURITY_CREDENTIALS_AND_SESSIONS,"The reviewed relation contains authentication, credential, session, recovery, signing, or token-vault material and is excluded in full.",staging-schema-inventory.json::public.tp_webhooks; reviewed exact credential identity list,CREDENTIAL_OR_SESSION_MATERIAL,{}
public,tp_workspace_settings,EXCLUDE_SECURITY,NO_PROVABLE_TENANT_BOUNDARY,"The live schema proves no organization discriminator or foreign-key path, so exporting rows could cross tenant boundaries.",staging-schema-inventory.json::public.tp_workspace_settings reviewed ownership graph has no tenant path,NO_PROVABLE_TENANT_BOUNDARY,{}
public,transaction_readiness_events,EXPORT,OPERATIONS,The live schema proves this tenant-owned relation through an exact organization discriminator or foreign-key path.,SQL_INSERT_INTO server/src/services/transactionReadinessService.ts:313,,"{""column"":""organization_id"",""kind"":""DIRECT_COLUMN""}"
public,transaction_readiness_scores,EXPORT,OPERATIONS,The live schema proves this tenant-owned relation through an exact organization discriminator or foreign-key path.,SQL_INSERT_INTO server/src/services/transactionReadinessService.ts:285; SQL_FROM server/src/services/transactionReadinessService.ts:320; SQL_FROM server/src/services/transactionReadinessService.ts:329; SQL_FROM server/src/services/transactionReadinessService.ts:340,,"{""column"":""organization_id"",""kind"":""DIRECT_COLUMN""}"
public,transformation_case_artifact_links,EXPORT,INITIATIVES,The live schema proves this tenant-owned relation through an exact organization discriminator or foreign-key path.,SQL_INSERT_INTO server/src/scripts/t01InitiativeGateDecisionRealDbProof.ts:163; SQL_INSERT_INTO server/src/scripts/t01InterviewRealDbProof.ts:686; SQL_INSERT_INTO server/src/scripts/u03OwnerBackedExecutionRealDbProof.ts:7; SQL_INSERT_INTO server/src/services/v8/transformationCaseService.ts:2387; SQL_INSERT_INTO server/src/services/v8/transformationCaseService.ts:2918,,"{""column"":""organization_id"",""kind"":""DIRECT_COLUMN""}"
public,transformation_case_audit_events,EXPORT,OPERATIONS,The live schema proves this tenant-owned relation through an exact organization discriminator or foreign-key path.,SQL_INSERT_INTO server/src/scripts/t01FinalOutputRealDbProof.ts:531; SQL_INSERT_INTO server/src/scripts/t01FinalOutputRealDbProof.ts:564; SQL_INSERT_INTO server/src/scripts/t01FinalOutputRealDbProof.ts:582; SQL_INSERT_INTO server/src/scripts/t01InterviewRealDbProof.ts:667; SQL_INSERT_INTO server/src/services/v8/transformationCaseService.ts:404,,"{""column"":""organization_id"",""kind"":""DIRECT_COLUMN""}"
public,transformation_cases,EXPORT,OPERATIONS,The live schema proves this tenant-owned relation through an exact organization discriminator or foreign-key path.,SQL_INSERT_INTO server/src/scripts/a01A02CanonicalRunRealDbProof.ts:101; SQL_INSERT_INTO server/src/scripts/a03PlanningWorkshopRealDbProof.ts:73; SQL_INSERT_INTO server/src/scripts/a04ContextGroundingRealDbProof.ts:59; SQL_INSERT_INTO server/src/scripts/a04ProductionRetrievalRealDbProof.ts:43; SQL_INSERT_INTO server/src/scripts/a04WorkerClaimContextRealDbProof.ts:135,,"{""column"":""organization_id"",""kind"":""DIRECT_COLUMN""}"
public,transformation_final_output_governance,EXPORT,V8_PLATFORM,The live schema proves this tenant-owned relation through an exact organization discriminator or foreign-key path.,SQL_INSERT_INTO server/src/services/v8/transformationFinalOutputService.ts:902; SQL_UPDATE server/src/services/v8/transformationFinalOutputService.ts:1233; SQL_FROM server/src/services/v8/transformationFinalOutputService.ts:855; SQL_FROM server/src/services/v8/transformationFinalOutputService.ts:954; SQL_JOIN server/src/services/v8/transformationFinalOutputService.ts:1263,,"{""column"":""organization_id"",""kind"":""DIRECT_COLUMN""}"
public,transformation_final_output_runs,EXPORT,OPERATIONS,The live schema proves this tenant-owned relation through an exact organization discriminator or foreign-key path.,SQL_INSERT_INTO server/src/scripts/a01A02CanonicalRunRealDbProof.ts:257; SQL_INSERT_INTO server/src/services/v8/transformationFinalOutputService.ts:1161; SQL_FROM server/src/scripts/t01FinalOutputRealDbProof.ts:240; SQL_FROM server/src/scripts/t01FinalOutputRealDbProof.ts:288; SQL_FROM server/src/scripts/t01FinalOutputRealDbProof.ts:320,,"{""column"":""organization_id"",""kind"":""DIRECT_COLUMN""}"
public,transformation_mobilization_owner_receipts,EXPORT,V8_PLATFORM,The live schema proves this tenant-owned relation through an exact organization discriminator or foreign-key path.,SQL_INSERT_INTO server/src/services/v8/transformationMobilizationOwnerAdapterService.ts:41; SQL_FROM server/src/scripts/u03OwnerBackedExecutionRealDbProof.ts:9; SQL_FROM server/src/services/v8/transformationCaseService.ts:5685; SQL_FROM server/src/services/v8/transformationCaseService.ts:6170; SQL_FROM server/src/services/v8/transformationMobilizationOwnerAdapterService.ts:20,,"{""column"":""organization_id"",""kind"":""DIRECT_COLUMN""}"
public,transformation_monitoring_definitions,EXPORT,V8_PLATFORM,The live schema proves this tenant-owned relation through an exact organization discriminator or foreign-key path.,SQL_INSERT_INTO server/src/services/v8/transformationMobilizationOwnerAdapterService.ts:39; SQL_UPDATE server/src/scripts/u03OwnerBackedExecutionRealDbProof.ts:10; SQL_UPDATE server/src/services/v8/transformationMobilizationOwnerAdapterService.ts:49; SQL_UPDATE server/src/services/v8/transformationMobilizationOwnerAdapterService.ts:54; SQL_FROM server/src/services/v8/transformationMobilizationOwnerAdapterService.ts:49,,"{""column"":""organization_id"",""kind"":""DIRECT_COLUMN""}"
public,transformation_monitoring_snapshots,EXPORT,V8_PLATFORM,The live schema proves this tenant-owned relation through an exact organization discriminator or foreign-key path.,SQL_INSERT_INTO server/src/services/v8/transformationMobilizationOwnerAdapterService.ts:53; SQL_FROM server/src/scripts/u03OwnerBackedExecutionRealDbProof.ts:10,,"{""column"":""organization_id"",""kind"":""DIRECT_COLUMN""}"
public,transformation_plan_steps,EXPORT,OPERATIONS,The live schema proves this tenant-owned relation through an exact organization discriminator or foreign-key path.,SQL_INSERT_INTO server/src/scripts/a03PlanningWorkshopRealDbProof.ts:87; SQL_INSERT_INTO server/src/scripts/t01InterviewRealDbProof.ts:634; SQL_INSERT_INTO server/src/services/v8/transformationCaseService.ts:1317; SQL_INSERT_INTO server/src/services/v8/transformationCaseService.ts:1665; SQL_INSERT_INTO server/src/services/v8/transformationPlanningIntakeService.ts:159,,"{""column"":""organization_id"",""kind"":""DIRECT_COLUMN""}"
public,transformation_planning_intakes,EXPORT,OPERATIONS,The live schema proves this tenant-owned relation through an exact organization discriminator or foreign-key path.,SQL_INSERT_INTO server/src/scripts/agentMigrationsIdempotencyRealDbProof.ts:144; SQL_INSERT_INTO server/src/services/v8/transformationPlanningIntakeService.ts:72; SQL_INSERT_INTO server/src/services/v8/transformationPlanningIntakeService.ts:124; SQL_UPDATE server/src/services/v8/transformationPlanningIntakeService.ts:81; SQL_UPDATE server/src/services/v8/transformationPlanningIntakeService.ts:89,,"{""column"":""organization_id"",""kind"":""DIRECT_COLUMN""}"
public,transformation_plans,EXPORT,OPERATIONS,The live schema proves this tenant-owned relation through an exact organization discriminator or foreign-key path.,SQL_INSERT_INTO server/src/scripts/a03PlanningWorkshopRealDbProof.ts:78; SQL_INSERT_INTO server/src/scripts/t01InterviewRealDbProof.ts:627; SQL_INSERT_INTO server/src/scripts/t01InterviewRealDbProof.ts:703; SQL_INSERT_INTO server/src/services/v8/transformationCaseService.ts:1297; SQL_INSERT_INTO server/src/services/v8/transformationCaseService.ts:1644,,"{""column"":""organization_id"",""kind"":""DIRECT_COLUMN""}"
public,transformation_portfolio_decision_packs,EXPORT,V8_PLATFORM,The live schema proves this tenant-owned relation through an exact organization discriminator or foreign-key path.,SQL_INSERT_INTO server/src/services/v8/transformationCaseService.ts:5054; SQL_UPDATE server/src/services/v8/transformationCaseService.ts:5272; SQL_FROM server/src/scripts/t01InterviewRealDbProof.ts:1788; SQL_FROM server/src/services/v8/transformationCaseService.ts:4929; SQL_FROM server/src/services/v8/transformationCaseService.ts:5417,,"{""column"":""organization_id"",""kind"":""DIRECT_COLUMN""}"
public,transformation_portfolio_decision_receipts,EXPORT,V8_PLATFORM,The live schema proves this tenant-owned relation through an exact organization discriminator or foreign-key path.,SQL_INSERT_INTO server/src/services/v8/transformationCaseService.ts:5485; SQL_FROM server/src/scripts/t01InterviewRealDbProof.ts:1778; SQL_FROM server/src/services/v8/transformationCaseService.ts:5372; SQL_FROM server/src/services/v8/transformationFinalOutputService.ts:209; SQL_JOIN server/src/scripts/t01InterviewRealDbProof.ts:1789,,"{""column"":""organization_id"",""kind"":""DIRECT_COLUMN""}"
public,transformation_project_team_audit_events,EXPORT,PROJECTS_PMO,The live schema proves this tenant-owned relation through an exact organization discriminator or foreign-key path.,SQL_INSERT_INTO server/src/services/v8/transformationProjectTeamService.ts:251; SQL_INSERT_INTO server/src/services/v8/transformationProjectTeamService.ts:343; SQL_INSERT_INTO server/src/services/v8/transformationProjectTeamService.ts:427,,"{""column"":""organization_id"",""kind"":""DIRECT_COLUMN""}"
public,transformation_project_team_blueprints,EXPORT,PROJECTS_PMO,The live schema proves this tenant-owned relation through an exact organization discriminator or foreign-key path.,SQL_INSERT_INTO server/src/services/v8/transformationProjectTeamService.ts:204; SQL_UPDATE server/src/services/v8/transformationProjectTeamService.ts:200; SQL_UPDATE server/src/services/v8/transformationProjectTeamService.ts:320; SQL_UPDATE server/src/services/v8/transformationProjectTeamService.ts:410; SQL_FROM server/src/scripts/t01ProjectTeamRealDbProof.ts:247,,"{""column"":""organization_id"",""kind"":""DIRECT_COLUMN""}"
public,transformation_project_team_receipts,EXPORT,PROJECTS_PMO,The live schema proves this tenant-owned relation through an exact organization discriminator or foreign-key path.,SQL_INSERT_INTO server/src/services/v8/transformationProjectTeamService.ts:238; SQL_INSERT_INTO server/src/services/v8/transformationProjectTeamService.ts:330; SQL_INSERT_INTO server/src/services/v8/transformationProjectTeamService.ts:414; SQL_FROM server/src/scripts/t01ProjectTeamRealDbProof.ts:247; SQL_FROM server/src/services/v8/transformationProjectTeamService.ts:74,,"{""column"":""organization_id"",""kind"":""DIRECT_COLUMN""}"
public,transformation_result_gate_governance,EXPORT,V8_PLATFORM,The live schema proves this tenant-owned relation through an exact organization discriminator or foreign-key path.,SQL_INSERT_INTO server/src/services/v8/transformationCaseService.ts:476; SQL_UPDATE server/src/services/v8/transformationCaseService.ts:522; SQL_UPDATE server/src/services/v8/transformationCaseService.ts:542; SQL_FROM server/src/scripts/t01InterviewRealDbProof.ts:1308; SQL_FROM server/src/scripts/t01InterviewRealDbProof.ts:2047,,"{""column"":""organization_id"",""kind"":""DIRECT_COLUMN""}"
public,transformation_stage_proposals,EXPORT,V8_PLATFORM,The live schema proves this tenant-owned relation through an exact organization discriminator or foreign-key path.,SQL_INSERT_INTO server/src/services/v8/transformationCaseService.ts:2104; SQL_INSERT_INTO server/src/services/v8/transformationCaseService.ts:2596; SQL_INSERT_INTO server/src/services/v8/transformationCaseService.ts:3330; SQL_INSERT_INTO server/src/services/v8/transformationCaseService.ts:3914; SQL_INSERT_INTO server/src/services/v8/transformationCaseService.ts:4497,,"{""column"":""organization_id"",""kind"":""DIRECT_COLUMN""}"
public,transformation_template_conversion_receipts,EXPORT,V8_PLATFORM,The live schema proves this tenant-owned relation through an exact organization discriminator or foreign-key path.,SQL_INSERT_INTO server/src/services/v8/transformationPlanningIntakeService.ts:166; SQL_FROM server/src/scripts/a03TemplateIntakeRealDbProof.ts:46; SQL_FROM server/src/services/v8/transformationPlanningIntakeService.ts:135,,"{""column"":""organization_id"",""kind"":""DIRECT_COLUMN""}"
public,trigger_fire_log,EXPORT,OPERATIONS,The live schema proves this tenant-owned relation through an exact organization discriminator or foreign-key path.,SQL_INSERT_INTO server/src/services/triggerEvaluationService.ts:317; SQL_FROM server/src/services/triggerEvaluationService.ts:261; SQL_FROM server/src/services/triggerEvaluationService.ts:410,,"{""kind"":""FOREIGN_KEY_PATH"",""path"":[{""column"":""schedule_id"",""parentColumn"":""id"",""parentSchema"":""public"",""parentTable"":""report_schedules""}]}"
public,trusted_devices,EXCLUDE_SECURITY,SECURITY_CREDENTIALS_AND_SESSIONS,"The reviewed relation contains authentication, credential, session, recovery, signing, or token-vault material and is excluded in full.",staging-schema-inventory.json::public.trusted_devices; reviewed exact credential identity list,CREDENTIAL_OR_SESSION_MATERIAL,{}
public,usage_alerts_sent,EXPORT,OPERATIONS,The live schema proves this tenant-owned relation through an exact organization discriminator or foreign-key path.,SQL_INSERT_INTO server/src/services/usageService.ts:948; SQL_FROM server/src/services/usageService.ts:881,,"{""column"":""organization_id"",""kind"":""DIRECT_COLUMN""}"
public,usage_counters,EXPORT,OPERATIONS,The live schema proves this tenant-owned relation through an exact organization discriminator or foreign-key path.,SQL_INSERT_INTO server/src/services/access/AccessUsageService.ts:82; SQL_UPDATE server/src/services/access/AccessUsageService.ts:92; SQL_DELETE_FROM server/src/cron/TrialCron.ts:167; SQL_FROM server/src/services/access/AccessUsageService.ts:29,,"{""column"":""organization_id"",""kind"":""DIRECT_COLUMN""}"
public,usage_pricing_tiers,EXCLUDE_SECURITY,NO_PROVABLE_TENANT_BOUNDARY,"The live schema proves no organization discriminator or foreign-key path, so exporting rows could cross tenant boundaries.",staging-schema-inventory.json::public.usage_pricing_tiers reviewed ownership graph has no tenant path,NO_PROVABLE_TENANT_BOUNDARY,{}
public,usage_records,EXPORT,OPERATIONS,The live schema proves this tenant-owned relation through an exact organization discriminator or foreign-key path.,SQL_INSERT_INTO server/src/routes/billing.routes.ts:1127; SQL_INSERT_INTO server/src/routes/billing/billing.routes.ts:3084; SQL_INSERT_INTO server/src/services/usageService.ts:249; SQL_INSERT_INTO server/src/services/usageService.ts:321; SQL_FROM server/src/routes/adminP32.routes.ts:1637,,"{""column"":""organization_id"",""kind"":""DIRECT_COLUMN""}"
public,usage_summaries,EXPORT,OPERATIONS,The live schema proves this tenant-owned relation through an exact organization discriminator or foreign-key path.,SQL_INSERT_INTO server/src/services/usageService.ts:523; SQL_FROM server/src/services/usageService.ts:556,,"{""column"":""organization_id"",""kind"":""DIRECT_COLUMN""}"
public,user_2fa,EXCLUDE_SECURITY,SECURITY_CREDENTIALS_AND_SESSIONS,"The reviewed relation contains authentication, credential, session, recovery, signing, or token-vault material and is excluded in full.",staging-schema-inventory.json::public.user_2fa; reviewed exact credential identity list,CREDENTIAL_OR_SESSION_MATERIAL,{}
public,user_achievements,EXCLUDE_SECURITY,ACTIVE_SEMANTIC_POLICY_MISSING,"The relation has a structural tenant path but no active semantic writer or reviewed privacy contract, so export fails closed.",organization-export-semantic-source-index.e1.json::public.user_achievements ACTIVE_SEMANTIC_SOURCE_MISSING,ACTIVE_SEMANTIC_POLICY_MISSING,{}
public,user_activation_status,EXPORT,OPERATIONS,The live schema proves this tenant-owned relation through an exact organization discriminator or foreign-key path.,SQL_UPDATE server/src/services/behaviorIntelligenceService.ts:129; SQL_FROM server/src/services/behaviorIntelligenceService.ts:103; SQL_FROM server/src/services/behaviorIntelligenceService.ts:155; SQL_FROM server/src/services/behaviorIntelligenceService.ts:363; SQL_FROM server/src/services/behaviorIntelligenceService.ts:393,,"{""kind"":""FOREIGN_KEY_PATH"",""path"":[{""column"":""user_id"",""parentColumn"":""id"",""parentSchema"":""public"",""parentTable"":""users""}]}"
public,user_activity,EXPORT,OPERATIONS,The live schema proves this tenant-owned relation through an exact organization discriminator or foreign-key path.,SQL_INSERT_INTO server/src/services/myWorkService.ts:531; SQL_FROM server/src/services/analyticsService.ts:262; SQL_FROM server/src/services/myWorkService.ts:450,,"{""column"":""organization_id"",""kind"":""DIRECT_COLUMN""}"
public,user_activity_summary,EXPORT,OPERATIONS,The live schema proves this tenant-owned relation through an exact organization discriminator or foreign-key path.,SQL_INSERT_INTO server/src/services/userActivityService.ts:177; SQL_FROM server/src/services/userActivityService.ts:122; SQL_FROM server/src/services/userActivityService.ts:227,,"{""column"":""organization_id"",""kind"":""DIRECT_COLUMN""}"
public,user_adoption_metrics,EXPORT,OPERATIONS,The live schema proves this tenant-owned relation through an exact organization discriminator or foreign-key path.,SQL_INSERT_INTO server/src/services/userAdoptionService.ts:79; SQL_FROM server/src/services/transactionReadinessService.ts:132; SQL_FROM server/src/services/userAdoptionService.ts:123,,"{""column"":""organization_id"",""kind"":""DIRECT_COLUMN""}"
public,user_ai_preferences,EXPORT,PLATFORM_AI,The live schema proves this tenant-owned relation through an exact organization discriminator or foreign-key path.,SQL_INSERT_INTO server/src/services/aiMemoryManager.ts:1088; SQL_FROM server/src/services/aiMemoryManager.ts:1052,,"{""kind"":""FOREIGN_KEY_PATH"",""path"":[{""column"":""user_id"",""parentColumn"":""id"",""parentSchema"":""public"",""parentTable"":""users""}]}"
public,user_ai_profiles,EXPORT,PLATFORM_AI,The live schema proves this tenant-owned relation through an exact organization discriminator or foreign-key path.,SQL_FROM server/src/routes/ai/ai-feedback.routes.ts:660,,"{""kind"":""FOREIGN_KEY_PATH"",""path"":[{""column"":""user_id"",""parentColumn"":""id"",""parentSchema"":""public"",""parentTable"":""users""}]}"
public,user_ai_settings,EXPORT,OPERATIONS,The live schema proves this tenant-owned relation through an exact organization discriminator or foreign-key path.,SQL_INSERT_INTO server/src/_backup/ts-js-collisions/jobs/tierAutoAssignmentJob.js:188; SQL_INSERT_INTO server/src/services/aiSettingsService.ts:450; SQL_FROM server/src/services/aiSettingsService.ts:406; SQL_JOIN server/src/_backup/ts-js-collisions/jobs/tierAutoAssignmentJob.js:277,,"{""kind"":""FOREIGN_KEY_PATH"",""path"":[{""column"":""user_id"",""parentColumn"":""id"",""parentSchema"":""public"",""parentTable"":""users""}]}"
public,user_api_keys,EXCLUDE_SECURITY,SECURITY_CREDENTIALS_AND_SESSIONS,"The reviewed relation contains authentication, credential, session, recovery, signing, or token-vault material and is excluded in full.",staging-schema-inventory.json::public.user_api_keys; reviewed exact credential identity list,CREDENTIAL_OR_SESSION_MATERIAL,{}
public,user_appearance_preferences,EXCLUDE_SECURITY,ACTIVE_SEMANTIC_POLICY_MISSING,"The relation has a structural tenant path but no active semantic writer or reviewed privacy contract, so export fails closed.",organization-export-semantic-source-index.e1.json::public.user_appearance_preferences ACTIVE_SEMANTIC_SOURCE_MISSING,ACTIVE_SEMANTIC_POLICY_MISSING,{}
public,user_availability,EXPORT,PLATFORM_AI,The live schema proves this tenant-owned relation through an exact organization discriminator or foreign-key path.,SQL_INSERT_INTO server/src/routes/user/user-availability.routes.ts:56; SQL_FROM server/src/routes/user/user-availability.routes.ts:30,,"{""kind"":""FOREIGN_KEY_PATH"",""path"":[{""column"":""user_id"",""parentColumn"":""id"",""parentSchema"":""public"",""parentTable"":""users""}]}"
public,user_budgets,EXPORT,OPERATIONS,The live schema proves this tenant-owned relation through an exact organization discriminator or foreign-key path.,SQL_INSERT_INTO server/src/services/budgetManagementService.ts:168; SQL_UPDATE server/src/services/budgetManagementService.ts:493; SQL_FROM server/src/services/budgetManagementService.ts:312; SQL_FROM server/src/services/budgetManagementService.ts:415,,"{""column"":""organization_id"",""kind"":""DIRECT_COLUMN""}"
public,user_capabilities,EXPORT,OPERATIONS,The live schema proves this tenant-owned relation through an exact organization discriminator or foreign-key path.,SQL_INSERT_INTO server/src/services/capabilityService.ts:246; SQL_INSERT_INTO server/src/services/cvMatchingService.ts:617; SQL_UPDATE server/src/services/cvMatchingService.ts:609; SQL_DELETE_FROM server/src/services/capabilityService.ts:294; SQL_FROM server/src/services/capabilityService.ts:268,,"{""column"":""organization_id"",""kind"":""DIRECT_COLUMN""}"
public,user_collaboration_preferences,EXCLUDE_SECURITY,ACTIVE_SEMANTIC_POLICY_MISSING,"The relation has a structural tenant path but no active semantic writer or reviewed privacy contract, so export fails closed.",organization-export-semantic-source-index.e1.json::public.user_collaboration_preferences ACTIVE_SEMANTIC_SOURCE_MISSING,ACTIVE_SEMANTIC_POLICY_MISSING,{}
public,user_consents,EXCLUDE_SECURITY,ACTIVE_SEMANTIC_POLICY_MISSING,"The relation has a structural tenant path but no active semantic writer or reviewed privacy contract, so export fails closed.",organization-export-semantic-source-index.e1.json::public.user_consents ACTIVE_SEMANTIC_SOURCE_MISSING,ACTIVE_SEMANTIC_POLICY_MISSING,{}
public,user_contact,EXPORT,OPERATIONS,The live schema proves this tenant-owned relation through an exact organization discriminator or foreign-key path.,SQL_INSERT_INTO server/src/routes/user/user-contact.routes.ts:36; SQL_FROM server/src/routes/user/user-contact.routes.ts:22,,"{""kind"":""FOREIGN_KEY_PATH"",""path"":[{""column"":""user_id"",""parentColumn"":""id"",""parentSchema"":""public"",""parentTable"":""users""}]}"
public,user_data_export_receipts,EXPORT,OPERATIONS,The live schema proves this tenant-owned relation through an exact organization discriminator or foreign-key path.,SQL_INSERT_INTO server/src/services/gdprService.ts:338; SQL_FROM server/src/services/gdprService.ts:348,,"{""column"":""organization_id"",""kind"":""DIRECT_COLUMN""}"
public,user_data_retention,EXPORT,OPERATIONS,The live schema proves this tenant-owned relation through an exact organization discriminator or foreign-key path.,SQL_INSERT_INTO server/src/routes/gdpr.routes.ts:336; SQL_FROM server/src/routes/gdpr.routes.ts:268,,"{""kind"":""FOREIGN_KEY_PATH"",""path"":[{""column"":""user_id"",""parentColumn"":""id"",""parentSchema"":""public"",""parentTable"":""users""}]}"
public,user_experiments,EXCLUDE_SECURITY,ACTIVE_SEMANTIC_POLICY_MISSING,"The relation has a structural tenant path but no active semantic writer or reviewed privacy contract, so export fails closed.",organization-export-semantic-source-index.e1.json::public.user_experiments ACTIVE_SEMANTIC_SOURCE_MISSING,ACTIVE_SEMANTIC_POLICY_MISSING,{}
public,user_gdpr_consents,EXPORT,OPERATIONS,The live schema proves this tenant-owned relation through an exact organization discriminator or foreign-key path.,SQL_INSERT_INTO server/src/routes/gdpr.routes.ts:219; SQL_FROM server/src/routes/gdpr.routes.ts:158,,"{""kind"":""FOREIGN_KEY_PATH"",""path"":[{""column"":""user_id"",""parentColumn"":""id"",""parentSchema"":""public"",""parentTable"":""users""}]}"
public,user_goals,EXPORT,OPERATIONS,The live schema proves this tenant-owned relation through an exact organization discriminator or foreign-key path.,SQL_INSERT_INTO server/src/routes/user/userGoals.routes.ts:52; SQL_UPDATE server/src/routes/user/userGoals.routes.ts:67; SQL_DELETE_FROM server/src/routes/user/userGoals.routes.ts:49; SQL_DELETE_FROM server/src/routes/user/userGoals.routes.ts:81; SQL_FROM server/src/routes/user/userGoals.routes.ts:33,,"{""kind"":""FOREIGN_KEY_PATH"",""path"":[{""column"":""user_id"",""parentColumn"":""id"",""parentSchema"":""public"",""parentTable"":""users""}]}"
public,user_group_members,EXPORT,OPERATIONS,The live schema proves this tenant-owned relation through an exact organization discriminator or foreign-key path.,SQL_DELETE_FROM server/src/routes/integrations/scim.routes.ts:822; SQL_DELETE_FROM server/src/routes/integrations/scim.routes.ts:829; SQL_DELETE_FROM server/src/routes/integrations/scim.routes.ts:837; SQL_DELETE_FROM server/src/routes/integrations/scim.routes.ts:884; SQL_DELETE_FROM server/src/routes/integrations/scim.routes.ts:1254,,"{""kind"":""FOREIGN_KEY_PATH"",""path"":[{""column"":""group_id"",""parentColumn"":""id"",""parentSchema"":""public"",""parentTable"":""user_groups""}]}"
public,user_groups,EXPORT,OPERATIONS,The live schema proves this tenant-owned relation through an exact organization discriminator or foreign-key path.,SQL_INSERT_INTO server/src/routes/integrations/scim.routes.ts:728; SQL_UPDATE server/src/routes/integrations/scim.routes.ts:800; SQL_DELETE_FROM server/src/routes/integrations/scim.routes.ts:885; SQL_FROM server/src/routes/admin-data.routes.ts:667; SQL_FROM server/src/routes/integrations/scim.routes.ts:672,,"{""column"":""organization_id"",""kind"":""DIRECT_COLUMN""}"
public,user_help_interactions,EXCLUDE_SECURITY,NO_PROVABLE_TENANT_BOUNDARY,"The live schema proves no organization discriminator or foreign-key path, so exporting rows could cross tenant boundaries.",staging-schema-inventory.json::public.user_help_interactions reviewed ownership graph has no tenant path,NO_PROVABLE_TENANT_BOUNDARY,{}
public,user_mfa,EXCLUDE_SECURITY,SECURITY_CREDENTIALS_AND_SESSIONS,"The reviewed relation contains authentication, credential, session, recovery, signing, or token-vault material and is excluded in full.",staging-schema-inventory.json::public.user_mfa; reviewed exact credential identity list,CREDENTIAL_OR_SESSION_MATERIAL,{}
public,user_mfa_methods,EXCLUDE_SECURITY,SECURITY_CREDENTIALS_AND_SESSIONS,"The reviewed relation contains authentication, credential, session, recovery, signing, or token-vault material and is excluded in full.",staging-schema-inventory.json::public.user_mfa_methods; reviewed exact credential identity list,CREDENTIAL_OR_SESSION_MATERIAL,{}
public,user_onboarding,EXPORT,OPERATIONS,The live schema proves this tenant-owned relation through an exact organization discriminator or foreign-key path.,SQL_INSERT_INTO server/src/services/onboardingProgressService.ts:66; SQL_INSERT_INTO server/src/services/onboardingService.ts:141; SQL_UPDATE server/src/services/onboardingProgressService.ts:175; SQL_UPDATE server/src/services/onboardingProgressService.ts:185; SQL_UPDATE server/src/services/onboardingProgressService.ts:225,,"{""column"":""organization_id"",""kind"":""DIRECT_COLUMN""}"
public,user_onboarding_progress,EXPORT,ADMIN_SECURITY,The live schema proves this tenant-owned relation through an exact organization discriminator or foreign-key path.,SQL_INSERT_INTO server/src/controllers/SuperAdminController.ts:3976; SQL_FROM server/src/controllers/SuperAdminController.ts:3959,,"{""column"":""organization_id"",""kind"":""DIRECT_COLUMN""}"
public,user_onboarding_status,EXCLUDE_SECURITY,NO_PROVABLE_TENANT_BOUNDARY,"The live schema proves no organization discriminator or foreign-key path, so exporting rows could cross tenant boundaries.",staging-schema-inventory.json::public.user_onboarding_status reviewed ownership graph has no tenant path,NO_PROVABLE_TENANT_BOUNDARY,{}
public,user_points_ledger,EXCLUDE_SECURITY,ACTIVE_SEMANTIC_POLICY_MISSING,"The relation has a structural tenant path but no active semantic writer or reviewed privacy contract, so export fails closed.",organization-export-semantic-source-index.e1.json::public.user_points_ledger ACTIVE_SEMANTIC_SOURCE_MISSING,ACTIVE_SEMANTIC_POLICY_MISSING,{}
public,user_preferences,EXCLUDE_SECURITY,NO_PROVABLE_TENANT_BOUNDARY,"The live schema proves no organization discriminator or foreign-key path, so exporting rows could cross tenant boundaries.",staging-schema-inventory.json::public.user_preferences reviewed ownership graph has no tenant path,NO_PROVABLE_TENANT_BOUNDARY,{}
public,user_productivity_preferences,EXCLUDE_SECURITY,ACTIVE_SEMANTIC_POLICY_MISSING,"The relation has a structural tenant path but no active semantic writer or reviewed privacy contract, so export fails closed.",organization-export-semantic-source-index.e1.json::public.user_productivity_preferences ACTIVE_SEMANTIC_SOURCE_MISSING,ACTIVE_SEMANTIC_POLICY_MISSING,{}
public,user_profile_extended,EXCLUDE_SECURITY,NO_PROVABLE_TENANT_BOUNDARY,"The live schema proves no organization discriminator or foreign-key path, so exporting rows could cross tenant boundaries.",staging-schema-inventory.json::public.user_profile_extended reviewed ownership graph has no tenant path,NO_PROVABLE_TENANT_BOUNDARY,{}
public,user_profiles,EXPORT,ADMIN_SECURITY,The live schema proves this tenant-owned relation through an exact organization discriminator or foreign-key path.,SQL_INSERT_INTO server/src/controllers/SuperAdminController.ts:724; SQL_INSERT_INTO server/src/controllers/SuperAdminController.ts:917; SQL_INSERT_INTO server/src/controllers/SuperAdminController.ts:3874; SQL_INSERT_INTO server/src/controllers/UserController.ts:549; SQL_UPDATE server/src/controllers/UserController.ts:542,,"{""kind"":""FOREIGN_KEY_PATH"",""path"":[{""column"":""user_id"",""parentColumn"":""id"",""parentSchema"":""public"",""parentTable"":""users""}]}"
public,user_quotas,EXCLUDE_SECURITY,NO_PROVABLE_TENANT_BOUNDARY,"The live schema proves no organization discriminator or foreign-key path, so exporting rows could cross tenant boundaries.",staging-schema-inventory.json::public.user_quotas reviewed ownership graph has no tenant path,NO_PROVABLE_TENANT_BOUNDARY,{}
public,user_radar_profiles,EXPORT,OPERATIONS,The live schema proves this tenant-owned relation through an exact organization discriminator or foreign-key path.,SQL_INSERT_INTO server/src/services/radar/radarRankingService.ts:394; SQL_UPDATE server/src/services/radar/radarRankingService.ts:474; SQL_FROM server/src/services/radar/radarRankingService.ts:361,,"{""column"":""organization_id"",""kind"":""DIRECT_COLUMN""}"
public,user_sessions,EXCLUDE_SECURITY,SECURITY_CREDENTIALS_AND_SESSIONS,"The reviewed relation contains authentication, credential, session, recovery, signing, or token-vault material and is excluded in full.",staging-schema-inventory.json::public.user_sessions; reviewed exact credential identity list,CREDENTIAL_OR_SESSION_MATERIAL,{}
public,user_settings_history,EXPORT,SETTINGS,The live schema proves this tenant-owned relation through an exact organization discriminator or foreign-key path.,SQL_FROM server/src/routes/user/user-settings-history.routes.ts:22,,"{""kind"":""FOREIGN_KEY_PATH"",""path"":[{""column"":""user_id"",""parentColumn"":""id"",""parentSchema"":""public"",""parentTable"":""users""}]}"
public,user_settings_templates,EXPORT,SETTINGS,The live schema proves this tenant-owned relation through an exact organization discriminator or foreign-key path.,SQL_INSERT_INTO server/src/routes/user/user-settings-templates.routes.ts:39; SQL_DELETE_FROM server/src/routes/user/user-settings-templates.routes.ts:62; SQL_FROM server/src/routes/user/user-settings-templates.routes.ts:23,,"{""kind"":""FOREIGN_KEY_PATH"",""path"":[{""column"":""user_id"",""parentColumn"":""id"",""parentSchema"":""public"",""parentTable"":""users""}]}"
public,user_skills,EXPORT,OPERATIONS,The live schema proves this tenant-owned relation through an exact organization discriminator or foreign-key path.,SQL_FROM server/src/services/staffingPlanService.ts:385,,"{""column"":""organization_id"",""kind"":""DIRECT_COLUMN""}"
public,user_token_balance,EXPORT,OPERATIONS,The live schema proves this tenant-owned relation through an exact organization discriminator or foreign-key path.,SQL_UPDATE server/src/services/tokenBillingService.ts:282; SQL_UPDATE server/src/services/tokenBillingService.ts:397; SQL_FROM server/src/services/tokenBillingService.ts:225,,"{""kind"":""FOREIGN_KEY_PATH"",""path"":[{""column"":""user_id"",""parentColumn"":""id"",""parentSchema"":""public"",""parentTable"":""users""}]}"
public,user_tooltips_seen,EXCLUDE_SECURITY,NO_PROVABLE_TENANT_BOUNDARY,"The live schema proves no organization discriminator or foreign-key path, so exporting rows could cross tenant boundaries.",staging-schema-inventory.json::public.user_tooltips_seen reviewed ownership graph has no tenant path,NO_PROVABLE_TENANT_BOUNDARY,{}
public,user_tour_progress,EXCLUDE_SECURITY,NO_PROVABLE_TENANT_BOUNDARY,"The live schema proves no organization discriminator or foreign-key path, so exporting rows could cross tenant boundaries.",staging-schema-inventory.json::public.user_tour_progress reviewed ownership graph has no tenant path,NO_PROVABLE_TENANT_BOUNDARY,{}
public,user_webhooks,EXCLUDE_SECURITY,SECURITY_CREDENTIALS_AND_SESSIONS,"The reviewed relation contains authentication, credential, session, recovery, signing, or token-vault material and is excluded in full.",staging-schema-inventory.json::public.user_webhooks; reviewed exact credential identity list,CREDENTIAL_OR_SESSION_MATERIAL,{}
public,user_work_preferences,EXCLUDE_SECURITY,ACTIVE_SEMANTIC_POLICY_MISSING,"The relation has a structural tenant path but no active semantic writer or reviewed privacy contract, so export fails closed.",organization-export-semantic-source-index.e1.json::public.user_work_preferences ACTIVE_SEMANTIC_SOURCE_MISSING,ACTIVE_SEMANTIC_POLICY_MISSING,{}
public,users,EXCLUDE_SECURITY,SECURITY_CREDENTIALS_AND_SESSIONS,"The reviewed relation contains authentication, credential, session, recovery, signing, or token-vault material and is excluded in full.",staging-schema-inventory.json::public.users; reviewed exact credential identity list,CREDENTIAL_OR_SESSION_MATERIAL,{}
public,v10_connector_auth_challenges,EXCLUDE_SECURITY,SECURITY_CREDENTIALS_AND_SESSIONS,"The reviewed relation contains authentication, credential, session, recovery, signing, or token-vault material and is excluded in full.",staging-schema-inventory.json::public.v10_connector_auth_challenges; reviewed exact credential identity list,CREDENTIAL_OR_SESSION_MATERIAL,{}
public,v10_connector_sessions,EXCLUDE_SECURITY,ACTIVE_SEMANTIC_POLICY_MISSING,"The relation has a structural tenant path but no active semantic writer or reviewed privacy contract, so export fails closed.",organization-export-semantic-source-index.e1.json::public.v10_connector_sessions ACTIVE_SEMANTIC_SOURCE_MISSING,ACTIVE_SEMANTIC_POLICY_MISSING,{}
public,v10_connector_token_vault,EXCLUDE_SECURITY,SECURITY_CREDENTIALS_AND_SESSIONS,"The reviewed relation contains authentication, credential, session, recovery, signing, or token-vault material and is excluded in full.",staging-schema-inventory.json::public.v10_connector_token_vault; reviewed exact credential identity list,CREDENTIAL_OR_SESSION_MATERIAL,{}
public,v10_learning_feedback,EXCLUDE_SECURITY,ACTIVE_SEMANTIC_POLICY_MISSING,"The relation has a structural tenant path but no active semantic writer or reviewed privacy contract, so export fails closed.",organization-export-semantic-source-index.e1.json::public.v10_learning_feedback ACTIVE_SEMANTIC_SOURCE_MISSING,ACTIVE_SEMANTIC_POLICY_MISSING,{}
public,v10_learning_incidents,EXCLUDE_SECURITY,ACTIVE_SEMANTIC_POLICY_MISSING,"The relation has a structural tenant path but no active semantic writer or reviewed privacy contract, so export fails closed.",organization-export-semantic-source-index.e1.json::public.v10_learning_incidents ACTIVE_SEMANTIC_SOURCE_MISSING,ACTIVE_SEMANTIC_POLICY_MISSING,{}
public,v10_learning_retention_previews,EXCLUDE_SECURITY,ACTIVE_SEMANTIC_POLICY_MISSING,"The relation has a structural tenant path but no active semantic writer or reviewed privacy contract, so export fails closed.",organization-export-semantic-source-index.e1.json::public.v10_learning_retention_previews ACTIVE_SEMANTIC_SOURCE_MISSING,ACTIVE_SEMANTIC_POLICY_MISSING,{}
public,v10_learning_stewardship_queue,EXCLUDE_SECURITY,ACTIVE_SEMANTIC_POLICY_MISSING,"The relation has a structural tenant path but no active semantic writer or reviewed privacy contract, so export fails closed.",organization-export-semantic-source-index.e1.json::public.v10_learning_stewardship_queue ACTIVE_SEMANTIC_SOURCE_MISSING,ACTIVE_SEMANTIC_POLICY_MISSING,{}
public,v10_onboarding_events,EXCLUDE_SECURITY,ACTIVE_SEMANTIC_POLICY_MISSING,"The relation has a structural tenant path but no active semantic writer or reviewed privacy contract, so export fails closed.",organization-export-semantic-source-index.e1.json::public.v10_onboarding_events ACTIVE_SEMANTIC_SOURCE_MISSING,ACTIVE_SEMANTIC_POLICY_MISSING,{}
public,v10_onboarding_sessions,EXCLUDE_SECURITY,ACTIVE_SEMANTIC_POLICY_MISSING,"The relation has a structural tenant path but no active semantic writer or reviewed privacy contract, so export fails closed.",organization-export-semantic-source-index.e1.json::public.v10_onboarding_sessions ACTIVE_SEMANTIC_SOURCE_MISSING,ACTIVE_SEMANTIC_POLICY_MISSING,{}
public,v8_action_proposals,EXPORT,OPERATIONS,The live schema proves this tenant-owned relation through an exact organization discriminator or foreign-key path.,SQL_INSERT_INTO server/src/scripts/a11OperatorConsoleRealDbProof.ts:92; SQL_INSERT_INTO server/src/scripts/a11OperatorConsoleRealDbProof.ts:141; SQL_INSERT_INTO server/src/services/v8/executionSpineService.ts:360; SQL_UPDATE server/src/services/v8/executionSpineService.ts:444; SQL_UPDATE server/src/services/v8/executionSpineService.ts:532,,"{""kind"":""FOREIGN_KEY_PATH"",""path"":[{""column"":""execution_run_id"",""parentColumn"":""run_id"",""parentSchema"":""public"",""parentTable"":""v8_execution_runs""}]}"
public,v8_activity_feed,EXPORT,COLLABORATION,The live schema proves this tenant-owned relation through an exact organization discriminator or foreign-key path.,SQL_INSERT_INTO server/src/services/v8/workspaceCollaborationService.ts:484; SQL_FROM server/src/services/v8/workspaceCollaborationService.ts:512; SQL_FROM server/src/services/v8/workspaceCrossModuleService.ts:385; SQL_FROM server/src/services/v8/workspaceCrossModuleService.ts:395,,"{""column"":""organization_id"",""kind"":""DIRECT_COLUMN""}"
public,v8_admin_rebind_records,EXPORT,ADMIN_SECURITY,The live schema proves this tenant-owned relation through an exact organization discriminator or foreign-key path.,SQL_INSERT_INTO server/src/services/v8/pmSyncAuthService.ts:529; SQL_FROM server/src/services/v8/pmSyncAuthService.ts:570,,"{""column"":""organization_id"",""kind"":""DIRECT_COLUMN""}"
public,v8_admin_surface_ownership,EXPORT,TOOLS,The live schema proves this tenant-owned relation through an exact organization discriminator or foreign-key path.,SQL_INSERT_INTO server/src/services/v8/toolsOrgAdminService.ts:432; SQL_FROM server/src/services/v8/toolsOrgAdminService.ts:460,,"{""column"":""organization_id"",""kind"":""DIRECT_COLUMN""}"
public,v8_agent_adapter_invocations,EXPORT,OPERATIONS,The live schema proves this tenant-owned relation through an exact organization discriminator or foreign-key path.,SQL_INSERT_INTO server/src/scripts/a06AdapterOrchestrationRealDbProof.ts:277; SQL_INSERT_INTO server/src/scripts/a09ReleasedReservationReclaimRealDbProof.ts:24; SQL_INSERT_INTO server/src/services/v8/agentAdapterOrchestratorService.ts:182; SQL_UPDATE server/src/services/v8/agentAdapterOrchestratorService.ts:147; SQL_UPDATE server/src/services/v8/agentAdapterOrchestratorService.ts:164,,"{""column"":""organization_id"",""kind"":""DIRECT_COLUMN""}"
public,v8_agent_admin_audit_events,EXPORT,SETTINGS,The live schema proves this tenant-owned relation through an exact organization discriminator or foreign-key path.,SQL_INSERT_INTO server/src/services/v8/agentTenantSettingsService.ts:175; SQL_INSERT_INTO server/src/services/v8/agentTenantSettingsService.ts:286; SQL_FROM server/src/scripts/a06TenantActivationRealDbProof.ts:161,,"{""column"":""organization_id"",""kind"":""DIRECT_COLUMN""}"
public,v8_agent_branch_tasks,EXPORT,PLATFORM_AI,The live schema proves this tenant-owned relation through an exact organization discriminator or foreign-key path.,SQL_INSERT_INTO server/src/scripts/a04WorkerClaimContextRealDbProof.ts:259; SQL_INSERT_INTO server/src/scripts/a11OperatorConsoleRealDbProof.ts:105; SQL_INSERT_INTO server/src/scripts/a11OperatorConsoleRealDbProof.ts:210; SQL_INSERT_INTO server/src/scripts/a11OperatorConsoleRealDbProof.ts:226; SQL_INSERT_INTO server/src/services/v8/multiAgentWorkManagerService.ts:145,,"{""column"":""organization_id"",""kind"":""DIRECT_COLUMN""}"
public,v8_agent_canonical_projection_outbox,EXPORT,V8_PLATFORM,The live schema proves this tenant-owned relation through an exact organization discriminator or foreign-key path.,SQL_INSERT_INTO server/src/services/v8/agentOperatorConsoleService.ts:285; SQL_UPDATE server/src/services/v8/agentOperatorConsoleService.ts:306; SQL_UPDATE server/src/services/v8/agentOperatorConsoleService.ts:310; SQL_FROM server/src/scripts/a11OperatorConsoleRealDbProof.ts:234; SQL_FROM server/src/services/v8/agentOperatorConsoleService.ts:305,,"{""column"":""organization_id"",""kind"":""DIRECT_COLUMN""}"
public,v8_agent_context_revalidations,EXPORT,V8_PLATFORM,The live schema proves this tenant-owned relation through an exact organization discriminator or foreign-key path.,SQL_INSERT_INTO server/src/services/v8/agentContextGroundingService.ts:247; SQL_FROM server/src/scripts/a04ContextGroundingRealDbProof.ts:115; SQL_FROM server/src/scripts/a04WorkerClaimContextRealDbProof.ts:284; SQL_FROM server/src/services/v8/agentContextGroundingService.ts:283,,"{""column"":""organization_id"",""kind"":""DIRECT_COLUMN""}"
public,v8_agent_contradiction_resolutions,EXPORT,V8_PLATFORM,The live schema proves this tenant-owned relation through an exact organization discriminator or foreign-key path.,SQL_INSERT_INTO server/src/services/v8/multiAgentWorkManagerService.ts:674; SQL_FROM server/src/scripts/a08MultiAgentRealDbProof.ts:220; SQL_FROM server/src/services/v8/multiAgentWorkManagerService.ts:638,,"{""column"":""organization_id"",""kind"":""DIRECT_COLUMN""}"
public,v8_agent_operator_recovery_events,EXPORT,V8_PLATFORM,The live schema proves this tenant-owned relation through an exact organization discriminator or foreign-key path.,SQL_INSERT_INTO server/src/services/v8/agentOperatorConsoleService.ts:127; SQL_INSERT_INTO server/src/services/v8/agentOperatorConsoleService.ts:217; SQL_INSERT_INTO server/src/services/v8/agentOperatorConsoleService.ts:256; SQL_INSERT_INTO server/src/services/v8/agentOperatorConsoleService.ts:284; SQL_FROM server/src/scripts/a11OperatorConsoleRealDbProof.ts:156,,"{""column"":""organization_id"",""kind"":""DIRECT_COLUMN""}"
public,v8_agent_proposal_governance_events,EXPORT,V8_PLATFORM,The live schema proves this tenant-owned relation through an exact organization discriminator or foreign-key path.,SQL_INSERT_INTO server/src/services/v8/agentProposalGovernanceService.ts:502; SQL_FROM server/src/scripts/a05ProposalGovernanceRealDbProof.ts:199; SQL_FROM server/src/services/v8/agentProposalGovernanceService.ts:130,,"{""column"":""organization_id"",""kind"":""DIRECT_COLUMN""}"
public,v8_agent_proposal_scope_reviews,EXPORT,INITIATIVES,The live schema proves this tenant-owned relation through an exact organization discriminator or foreign-key path.,SQL_INSERT_INTO server/src/scripts/t01InitiativeGateDecisionRealDbProof.ts:168; SQL_INSERT_INTO server/src/services/v8/agentProposalGovernanceService.ts:252; SQL_FROM server/src/services/v8/agentProposalGovernanceService.ts:114; SQL_FROM server/src/services/v8/agentProposalGovernanceService.ts:283; SQL_FROM server/src/services/v8/transformationInitiativeTransitionAdapterService.ts:371,,"{""kind"":""FOREIGN_KEY_PATH"",""path"":[{""column"":""proposal_version_id"",""parentColumn"":""proposal_version_id"",""parentSchema"":""public"",""parentTable"":""v8_agent_proposal_versions""}]}"
public,v8_agent_proposal_versions,EXPORT,INITIATIVES,The live schema proves this tenant-owned relation through an exact organization discriminator or foreign-key path.,SQL_INSERT_INTO server/src/scripts/t01InitiativeGateDecisionRealDbProof.ts:166; SQL_INSERT_INTO server/src/services/v8/agentProposalGovernanceService.ts:184; SQL_UPDATE server/src/scripts/t01FinalOutputRealDbProof.ts:571; SQL_UPDATE server/src/scripts/t01InterviewRealDbProof.ts:1495; SQL_UPDATE server/src/services/v8/agentProposalGovernanceService.ts:295,,"{""column"":""organization_id"",""kind"":""DIRECT_COLUMN""}"
public,v8_agent_quality_eval_cases,EXPORT,V8_PLATFORM,The live schema proves this tenant-owned relation through an exact organization discriminator or foreign-key path.,SQL_INSERT_INTO server/src/services/v8/agentQualityEvaluationService.ts:370; SQL_FROM server/src/services/v8/agentQualityEvaluationService.ts:407,,"{""column"":""organization_id"",""kind"":""DIRECT_COLUMN""}"
public,v8_agent_quality_eval_runs,EXPORT,OPERATIONS,The live schema proves this tenant-owned relation through an exact organization discriminator or foreign-key path.,SQL_INSERT_INTO server/src/scripts/a11OperatorConsoleRealDbProof.ts:120; SQL_INSERT_INTO server/src/services/v8/agentQualityEvaluationService.ts:350; SQL_FROM server/src/services/v8/agentOperatorConsoleService.ts:43; SQL_FROM server/src/services/v8/agentQualityEvaluationService.ts:402,,"{""column"":""organization_id"",""kind"":""DIRECT_COLUMN""}"
public,v8_agent_resource_policies,EXPORT,OPERATIONS,The live schema proves this tenant-owned relation through an exact organization discriminator or foreign-key path.,SQL_INSERT_INTO server/src/scripts/a06AdapterOrchestrationRealDbProof.ts:104; SQL_INSERT_INTO server/src/scripts/a09CrossPathResourceRealDbProof.ts:19; SQL_INSERT_INTO server/src/scripts/a09ReleasedReservationReclaimRealDbProof.ts:23; SQL_INSERT_INTO server/src/scripts/a09ResourceGovernanceRealDbProof.ts:21; SQL_INSERT_INTO server/src/scripts/a09WorkGraphResourceRealDbProof.ts:22,,"{""column"":""organization_id"",""kind"":""DIRECT_COLUMN""}"
public,v8_agent_resource_reservations,EXPORT,PLATFORM_AI,The live schema proves this tenant-owned relation through an exact organization discriminator or foreign-key path.,SQL_INSERT_INTO server/src/scripts/a09ReleasedReservationReclaimRealDbProof.ts:25; SQL_INSERT_INTO server/src/services/v8/agentResourceGovernanceService.ts:93; SQL_UPDATE server/src/scripts/a09ReleasedReservationReclaimRealDbProof.ts:33; SQL_UPDATE server/src/scripts/a09ReleasedReservationReclaimRealDbProof.ts:35; SQL_UPDATE server/src/services/v8/agentResourceGovernanceService.ts:260,,"{""column"":""organization_id"",""kind"":""DIRECT_COLUMN""}"
public,v8_agent_run_aliases,EXPORT,V8_PLATFORM,The live schema proves this tenant-owned relation through an exact organization discriminator or foreign-key path.,SQL_INSERT_INTO server/src/services/v8/agentCanonicalRunService.ts:168; SQL_FROM server/src/scripts/a01A02CanonicalRunRealDbProof.ts:157; SQL_FROM server/src/scripts/a01A02CanonicalRunRealDbProof.ts:185; SQL_FROM server/src/scripts/a01A02CanonicalRunRealDbProof.ts:245; SQL_FROM server/src/scripts/a01A02CanonicalRunRealDbProof.ts:329,,"{""column"":""organization_id"",""kind"":""DIRECT_COLUMN""}"
public,v8_agent_run_identities,EXPORT,PLATFORM_AI,The live schema proves this tenant-owned relation through an exact organization discriminator or foreign-key path.,SQL_INSERT_INTO server/src/scripts/a04WorkerClaimContextRealDbProof.ts:149; SQL_INSERT_INTO server/src/scripts/a06AdapterOrchestrationRealDbProof.ts:59; SQL_INSERT_INTO server/src/scripts/a09LegacyNoncanonicalIsolationRealDbProof.ts:21; SQL_INSERT_INTO server/src/scripts/a11OperatorConsoleRealDbProof.ts:90; SQL_INSERT_INTO server/src/scripts/a12TemplateGovernanceRealDbProof.ts:122,,"{""column"":""organization_id"",""kind"":""DIRECT_COLUMN""}"
public,v8_agent_run_reconciliation_events,EXPORT,V8_PLATFORM,The live schema proves this tenant-owned relation through an exact organization discriminator or foreign-key path.,SQL_INSERT_INTO server/src/services/v8/agentCanonicalRunService.ts:287; SQL_FROM server/src/scripts/a01A02CanonicalRunRealDbProof.ts:274; SQL_FROM server/src/scripts/a02CanonicalProjectionRestartWorker.ts:79,,"{""column"":""organization_id"",""kind"":""DIRECT_COLUMN""}"
public,v8_agent_template_governance_events,EXPORT,V8_PLATFORM,The live schema proves this tenant-owned relation through an exact organization discriminator or foreign-key path.,SQL_INSERT_INTO server/src/services/v8/agentProcessTemplateService.ts:101; SQL_INSERT_INTO server/src/services/v8/transformationPlanningIntakeService.ts:164; SQL_FROM server/src/scripts/a03TemplateIntakeRealDbProof.ts:46; SQL_FROM server/src/scripts/a12TemplateGovernanceRealDbProof.ts:209; SQL_FROM server/src/services/v8/agentProcessTemplateService.ts:361,,"{""column"":""organization_id"",""kind"":""DIRECT_COLUMN""}"
public,v8_agent_tenant_activation_receipts,EXPORT,SETTINGS,The live schema proves this tenant-owned relation through an exact organization discriminator or foreign-key path.,SQL_INSERT_INTO server/src/services/v8/agentTenantSettingsService.ts:272; SQL_FROM server/src/scripts/a06TenantActivationRealDbProof.ts:161; SQL_FROM server/src/scripts/t01ProjectTeamRealDbProof.ts:247; SQL_FROM server/src/services/v8/agentTenantSettingsService.ts:212,,"{""column"":""organization_id"",""kind"":""DIRECT_COLUMN""}"
public,v8_agent_tenant_settings,EXPORT,SETTINGS,The live schema proves this tenant-owned relation through an exact organization discriminator or foreign-key path.,SQL_INSERT_INTO server/src/services/v8/agentTenantSettingsService.ts:145; SQL_FROM server/src/services/v8/agentTenantSettingsService.ts:106; SQL_FROM server/src/services/v8/agentTenantSettingsService.ts:135; SQL_FROM server/src/services/v8/agentTenantSettingsService.ts:170,,"{""column"":""organization_id"",""kind"":""DIRECT_COLUMN""}"
public,v8_agent_work_graphs,EXPORT,PLATFORM_AI,The live schema proves this tenant-owned relation through an exact organization discriminator or foreign-key path.,SQL_INSERT_INTO server/src/scripts/a04WorkerClaimContextRealDbProof.ts:258; SQL_INSERT_INTO server/src/scripts/a11OperatorConsoleRealDbProof.ts:100; SQL_INSERT_INTO server/src/scripts/a11OperatorConsoleRealDbProof.ts:225; SQL_INSERT_INTO server/src/services/v8/multiAgentWorkManagerService.ts:127; SQL_UPDATE server/src/services/v8/agentOperatorConsoleService.ts:280,,"{""column"":""organization_id"",""kind"":""DIRECT_COLUMN""}"
public,v8_agent_working_memory_bindings,EXPORT,V8_PLATFORM,The live schema proves this tenant-owned relation through an exact organization discriminator or foreign-key path.,SQL_INSERT_INTO server/src/services/v8/agentContextGroundingService.ts:148; SQL_FROM server/src/scripts/a04ContextGroundingRealDbProof.ts:118; SQL_FROM server/src/scripts/a04ProductionRetrievalRealDbProof.ts:61,,"{""column"":""organization_id"",""kind"":""DIRECT_COLUMN""}"
public,v8_ai_proposal_visibility,EXPORT,TOOLS,The live schema proves this tenant-owned relation through an exact organization discriminator or foreign-key path.,SQL_INSERT_INTO server/src/services/v8/toolCollaborationService.ts:467; SQL_UPDATE server/src/services/v8/toolCollaborationService.ts:428; SQL_FROM server/src/services/v8/toolCollaborationService.ts:405; SQL_FROM server/src/services/v8/toolCollaborationService.ts:499,,"{""column"":""organization_id"",""kind"":""DIRECT_COLUMN""}"
public,v8_ai_suggestions,EXPORT,PLATFORM_AI,The live schema proves this tenant-owned relation through an exact organization discriminator or foreign-key path.,SQL_INSERT_INTO server/src/services/v8/workspaceAIFacilitationService.ts:170; SQL_UPDATE server/src/services/v8/workspaceAIFacilitationService.ts:255; SQL_UPDATE server/src/services/v8/workspaceAIFacilitationService.ts:299; SQL_UPDATE server/src/services/v8/workspaceAIFacilitationService.ts:339; SQL_FROM server/src/services/v8/workspaceAIFacilitationService.ts:208,,"{""column"":""organization_id"",""kind"":""DIRECT_COLUMN""}"
public,v8_anna_lp_configs,EXPORT,ADMIN_SECURITY,The live schema proves this tenant-owned relation through an exact organization discriminator or foreign-key path.,SQL_INSERT_INTO server/src/services/v8/landingSuperadminService.ts:270; SQL_FROM server/src/services/v8/landingSuperadminService.ts:306,,"{""column"":""organization_id"",""kind"":""DIRECT_COLUMN""}"
public,v8_artifact_access_grants,EXPORT,V8_PLATFORM,The live schema proves this tenant-owned relation through an exact organization discriminator or foreign-key path.,SQL_INSERT_INTO server/src/services/v8/artifactRegistryService.ts:1617; SQL_DELETE_FROM server/src/services/v8/artifactRegistryService.ts:1198; SQL_FROM server/src/services/v8/artifactRegistryService.ts:1633; SQL_FROM server/src/services/v8/artifactRegistryService.ts:1789; SQL_FROM server/src/services/v8/artifactRegistryService.ts:2653,,"{""column"":""organization_id"",""kind"":""DIRECT_COLUMN""}"
public,v8_artifact_origin_links,EXPORT,OPERATIONS,The live schema proves this tenant-owned relation through an exact organization discriminator or foreign-key path.,SQL_INSERT_INTO server/src/scripts/agentMigrationsIdempotencyRealDbProof.ts:164; SQL_INSERT_INTO server/src/services/v8/artifactRegistryService.ts:1378; SQL_INSERT_INTO server/src/services/v8/artifactRegistryService.ts:1532; SQL_INSERT_INTO server/src/services/v8/artifactRegistryService.ts:1752; SQL_INSERT_INTO server/src/services/v8/outputsTransactionalRegistry.ts:219,,"{""column"":""organization_id"",""kind"":""DIRECT_COLUMN""}"
public,v8_artifact_run_audit_log,EXPORT,V8_PLATFORM,The live schema proves this tenant-owned relation through an exact organization discriminator or foreign-key path.,SQL_INSERT_INTO server/src/services/v8/artifactRegistryService.ts:179; SQL_FROM server/src/services/v8/artifactRegistryService.ts:231,,"{""column"":""organization_id"",""kind"":""DIRECT_COLUMN""}"
public,v8_artifact_runs,EXPORT,V8_PLATFORM,The live schema proves this tenant-owned relation through an exact organization discriminator or foreign-key path.,SQL_INSERT_INTO server/src/services/v8/artifactRegistryService.ts:3731; SQL_UPDATE server/src/services/v8/artifactRegistryService.ts:1169; SQL_UPDATE server/src/services/v8/artifactRegistryService.ts:3958; SQL_UPDATE server/src/services/v8/artifactRegistryService.ts:4097; SQL_UPDATE server/src/services/v8/artifactRegistryService.ts:4459,,"{""column"":""organization_id"",""kind"":""DIRECT_COLUMN""}"
public,v8_audit_entries,EXPORT,V8_PLATFORM,The live schema proves this tenant-owned relation through an exact organization discriminator or foreign-key path.,SQL_INSERT_INTO server/src/services/v8/versionReplayService.ts:607; SQL_FROM server/src/services/v8/versionReplayService.ts:661; SQL_FROM server/src/services/v8/versionReplayService.ts:804; SQL_FROM server/src/services/v8/versionReplayService.ts:903,,"{""column"":""organization_id"",""kind"":""DIRECT_COLUMN""}"
public,v8_auth_escalations,EXPORT,ADMIN_SECURITY,The live schema proves this tenant-owned relation through an exact organization discriminator or foreign-key path.,SQL_INSERT_INTO server/src/services/v8/pmSyncAuthService.ts:661; SQL_UPDATE server/src/services/v8/pmSyncAuthService.ts:739; SQL_UPDATE server/src/services/v8/pmSyncAuthService.ts:792; SQL_FROM server/src/services/v8/pmSyncAuthService.ts:610; SQL_FROM server/src/services/v8/pmSyncAuthService.ts:645,,"{""column"":""organization_id"",""kind"":""DIRECT_COLUMN""}"
public,v8_business_object_sync_states,EXPORT,V8_PLATFORM,The live schema proves this tenant-owned relation through an exact organization discriminator or foreign-key path.,SQL_INSERT_INTO server/src/services/v8/pmSyncTruthService.ts:476; SQL_UPDATE server/src/services/v8/pmSyncTruthService.ts:440; SQL_FROM server/src/routes/v8/sync.routes.ts:653; SQL_FROM server/src/services/v8/pmSyncTruthService.ts:424; SQL_FROM server/src/services/v8/pmSyncTruthService.ts:524,,"{""column"":""organization_id"",""kind"":""DIRECT_COLUMN""}"
public,v8_calendar_items,EXPORT,V8_PLATFORM,The live schema proves this tenant-owned relation through an exact organization discriminator or foreign-key path.,SQL_INSERT_INTO server/src/services/v8/calendarInteropService.ts:430; SQL_INSERT_INTO server/src/services/v8/transformationMobilizationOwnerAdapterService.ts:37; SQL_UPDATE server/src/services/v8/calendarInteropService.ts:603; SQL_UPDATE server/src/services/v8/calendarInteropService.ts:666; SQL_UPDATE server/src/services/v8/calendarInteropService.ts:727,,"{""column"":""organization_id"",""kind"":""DIRECT_COLUMN""}"
public,v8_calendar_items_extended_itemtype,EXCLUDE_SECURITY,ACTIVE_SEMANTIC_POLICY_MISSING,"The relation has a structural tenant path but no active semantic writer or reviewed privacy contract, so export fails closed.",organization-export-semantic-source-index.e1.json::public.v8_calendar_items_extended_itemtype ACTIVE_SEMANTIC_SOURCE_MISSING,ACTIVE_SEMANTIC_POLICY_MISSING,{}
public,v8_calendar_phases,EXPORT,V8_PLATFORM,The live schema proves this tenant-owned relation through an exact organization discriminator or foreign-key path.,SQL_INSERT_INTO server/src/services/v8/myWorkRoofService.ts:457; SQL_FROM server/src/services/v8/myWorkRoofService.ts:475,,"{""column"":""organization_id"",""kind"":""DIRECT_COLUMN""}"
public,v8_calendar_sources,EXPORT,V8_PLATFORM,The live schema proves this tenant-owned relation through an exact organization discriminator or foreign-key path.,SQL_INSERT_INTO server/src/services/v8/calendarInteropService.ts:286; SQL_UPDATE server/src/services/v8/calendarInteropService.ts:371; SQL_UPDATE server/src/services/v8/calendarInteropService.ts:653; SQL_UPDATE server/src/services/v8/calendarInteropService.ts:713; SQL_UPDATE server/src/services/v8/calendarInteropService.ts:762,,"{""column"":""organization_id"",""kind"":""DIRECT_COLUMN""}"
public,v8_canary_configs,EXPORT,V8_PLATFORM,The live schema proves this tenant-owned relation through an exact organization discriminator or foreign-key path.,SQL_INSERT_INTO server/src/services/v8/promptOsRuntimeService.ts:619; SQL_FROM server/src/services/v8/promptOsRuntimeService.ts:643,,"{""kind"":""FOREIGN_KEY_PATH"",""path"":[{""column"":""bundle_id"",""parentColumn"":""bundle_id"",""parentSchema"":""public"",""parentTable"":""v8_release_bundles""}]}"
public,v8_canonical_object_states,EXPORT,PROJECTS_PMO,The live schema proves this tenant-owned relation through an exact organization discriminator or foreign-key path.,SQL_INSERT_INTO server/src/services/resultsVnext/platform/myworkProjectionConsumer.ts:117; SQL_INSERT_INTO server/src/services/v8/myWorkRoofService.ts:183; SQL_UPDATE server/src/services/v8/myWorkRoofService.ts:264; SQL_FROM server/src/services/v8/myWorkRoofService.ts:216,,"{""column"":""organization_id"",""kind"":""DIRECT_COLUMN""}"
public,v8_chat_action_proposals,EXPORT,COLLABORATION,The live schema proves this tenant-owned relation through an exact organization discriminator or foreign-key path.,SQL_INSERT_INTO server/src/services/v8/chatExecutionService.ts:411; SQL_FROM server/src/services/v8/chatExecutionService.ts:473; SQL_FROM server/src/services/v8/proposalUnificationService.ts:253,,"{""column"":""organization_id"",""kind"":""DIRECT_COLUMN""}"
public,v8_chat_execution_handoffs,EXPORT,COLLABORATION,The live schema proves this tenant-owned relation through an exact organization discriminator or foreign-key path.,SQL_INSERT_INTO server/src/services/v8/chatExecutionService.ts:318; SQL_FROM server/src/services/v8/chatExecutionService.ts:349; SQL_FROM server/src/services/v8/chatExecutionService.ts:367,,"{""column"":""organization_id"",""kind"":""DIRECT_COLUMN""}"
public,v8_cloud_linked_source_refreshes,EXPORT,FINANCE,The live schema proves this tenant-owned relation through an exact organization discriminator or foreign-key path.,SQL_INSERT_INTO server/src/services/v8/financeIntegrationService.ts:500; SQL_FROM server/src/services/v8/financeIntegrationService.ts:537; SQL_FROM server/src/services/v8/financeIntegrationService.ts:800,,"{""column"":""organization_id"",""kind"":""DIRECT_COLUMN""}"
public,v8_collaboration_events,EXPORT,COLLABORATION,The live schema proves this tenant-owned relation through an exact organization discriminator or foreign-key path.,SQL_INSERT_INTO server/src/services/v8/collaborationRoomService.ts:560; SQL_FROM server/src/services/v8/collaborationRoomService.ts:593; SQL_FROM server/src/services/v8/collaborationRoomService.ts:599; SQL_FROM server/src/services/v8/collaborationRoomService.ts:711,,"{""kind"":""FOREIGN_KEY_PATH"",""path"":[{""column"":""room_id"",""parentColumn"":""room_id"",""parentSchema"":""public"",""parentTable"":""v8_collaboration_rooms""}]}"
public,v8_collaboration_rooms,EXPORT,COLLABORATION,The live schema proves this tenant-owned relation through an exact organization discriminator or foreign-key path.,SQL_INSERT_INTO server/src/services/v8/collaborationRoomService.ts:190; SQL_UPDATE server/src/services/v8/collaborationRoomService.ts:289; SQL_UPDATE server/src/services/v8/collaborationRoomService.ts:765; SQL_UPDATE server/src/services/v8/collaborationRoomService.ts:807; SQL_FROM server/src/services/v8/collaborationRoomService.ts:229,,"{""column"":""organization_id"",""kind"":""DIRECT_COLUMN""}"
public,v8_collaborative_decisions,EXPORT,PLATFORM_AI,The live schema proves this tenant-owned relation through an exact organization discriminator or foreign-key path.,SQL_INSERT_INTO server/src/services/v8/workspaceAIFacilitationService.ts:467; SQL_UPDATE server/src/services/v8/workspaceAIFacilitationService.ts:530; SQL_UPDATE server/src/services/v8/workspaceAIFacilitationService.ts:572; SQL_FROM server/src/services/v8/workspaceAIFacilitationService.ts:502; SQL_FROM server/src/services/v8/workspaceAIFacilitationService.ts:555,,"{""column"":""organization_id"",""kind"":""DIRECT_COLUMN""}"
public,v8_compliance_checks,EXPORT,V8_PLATFORM,The live schema proves this tenant-owned relation through an exact organization discriminator or foreign-key path.,SQL_INSERT_INTO server/src/services/v8/workspaceGovernanceService.ts:477; SQL_FROM server/src/services/v8/workspaceGovernanceService.ts:507; SQL_FROM server/src/services/v8/workspaceGovernanceService.ts:563,,"{""column"":""organization_id"",""kind"":""DIRECT_COLUMN""}"
public,v8_concurrency_strategies,EXPORT,V8_PLATFORM,The live schema proves this tenant-owned relation through an exact organization discriminator or foreign-key path.,SQL_INSERT_INTO server/src/services/v8/concurrentEditingService.ts:321; SQL_UPDATE server/src/services/v8/concurrentEditingService.ts:275; SQL_FROM server/src/services/v8/concurrentEditingService.ts:265; SQL_FROM server/src/services/v8/concurrentEditingService.ts:354,,"{""column"":""organization_id"",""kind"":""DIRECT_COLUMN""}"
public,v8_conflict_records,EXPORT,V8_PLATFORM,The live schema proves this tenant-owned relation through an exact organization discriminator or foreign-key path.,SQL_INSERT_INTO server/src/services/v8/pmSyncTruthService.ts:567; SQL_UPDATE server/src/services/v8/pmSyncTruthService.ts:657; SQL_FROM server/src/services/v8/pmSyncTruthService.ts:644; SQL_FROM server/src/services/v8/pmSyncTruthService.ts:682; SQL_FROM server/src/services/v8/pmSyncTruthService.ts:936,,"{""column"":""organization_id"",""kind"":""DIRECT_COLUMN""}"
public,v8_conflict_resolutions,EXPORT,V8_PLATFORM,The live schema proves this tenant-owned relation through an exact organization discriminator or foreign-key path.,SQL_INSERT_INTO server/src/services/v8/concurrentEditingService.ts:402; SQL_UPDATE server/src/services/v8/concurrentEditingService.ts:463; SQL_FROM server/src/services/v8/concurrentEditingService.ts:441,,"{""column"":""organization_id"",""kind"":""DIRECT_COLUMN""}"
public,v8_connection_credentials,EXPORT,ADMIN_SECURITY,The live schema proves this tenant-owned relation through an exact organization discriminator or foreign-key path.,SQL_INSERT_INTO server/src/services/v8/pmSyncAuthService.ts:228; SQL_UPDATE server/src/services/v8/pmSyncAuthService.ts:189; SQL_UPDATE server/src/services/v8/pmSyncAuthService.ts:318; SQL_FROM server/src/services/v8/calendarSyncRuntime.ts:358; SQL_FROM server/src/services/v8/pmSyncAuthService.ts:179,,"{""column"":""organization_id"",""kind"":""DIRECT_COLUMN""}"
public,v8_connector_auth_states,EXPORT,V8_PLATFORM,The live schema proves this tenant-owned relation through an exact organization discriminator or foreign-key path.,SQL_INSERT_INTO server/src/services/v8/pmSyncTruthService.ts:218; SQL_FROM server/src/services/v8/pmSyncAuthService.ts:374; SQL_FROM server/src/services/v8/pmSyncTruthService.ts:199; SQL_FROM server/src/services/v8/pmSyncTruthService.ts:284,,"{""column"":""organization_id"",""kind"":""DIRECT_COLUMN""}"
public,v8_connector_fleet_health,EXPORT,ADMIN_SECURITY,The live schema proves this tenant-owned relation through an exact organization discriminator or foreign-key path.,SQL_INSERT_INTO server/src/services/v8/operatorAdminService.ts:267; SQL_UPDATE server/src/services/v8/operatorAdminService.ts:223; SQL_FROM server/src/services/v8/operatorAdminService.ts:213; SQL_FROM server/src/services/v8/operatorAdminService.ts:318; SQL_FROM server/src/services/v8/operatorAdminService.ts:336,,"{""column"":""organization_id"",""kind"":""DIRECT_COLUMN""}"
public,v8_connector_packages,EXCLUDE_SECURITY,NO_PROVABLE_TENANT_BOUNDARY,"The live schema proves no organization discriminator or foreign-key path, so exporting rows could cross tenant boundaries.",staging-schema-inventory.json::public.v8_connector_packages reviewed ownership graph has no tenant path,NO_PROVABLE_TENANT_BOUNDARY,{}
public,v8_consumer_tool_policies,EXPORT,TOOLS,The live schema proves this tenant-owned relation through an exact organization discriminator or foreign-key path.,SQL_INSERT_INTO server/src/scripts/a09AgentToolGovernanceRealDbProof.ts:104; SQL_INSERT_INTO server/src/services/v8/agentTenantSettingsService.ts:250; SQL_INSERT_INTO server/src/services/v8/toolGovernanceService.ts:391; SQL_FROM server/src/scripts/a06AdapterOrchestrationRealDbProof.ts:123; SQL_FROM server/src/scripts/a06TenantActivationRealDbProof.ts:161,,"{""column"":""organization_id"",""kind"":""DIRECT_COLUMN""}"
public,v8_content_governance,EXPORT,V8_PLATFORM,The live schema proves this tenant-owned relation through an exact organization discriminator or foreign-key path.,SQL_INSERT_INTO server/src/services/v8/workspaceGovernanceService.ts:347; SQL_FROM server/src/services/v8/workspaceGovernanceService.ts:388; SQL_FROM server/src/services/v8/workspaceGovernanceService.ts:419; SQL_FROM server/src/services/v8/workspaceGovernanceService.ts:542,,"{""column"":""organization_id"",""kind"":""DIRECT_COLUMN""}"
public,v8_context_snapshots,EXPORT,OPERATIONS,The live schema proves this tenant-owned relation through an exact organization discriminator or foreign-key path.,SQL_INSERT_INTO server/src/scripts/a01A02CanonicalRunRealDbProof.ts:98; SQL_INSERT_INTO server/src/scripts/a04ContextGroundingRealDbProof.ts:56; SQL_INSERT_INTO server/src/scripts/a04ProductionRetrievalRealDbProof.ts:39; SQL_INSERT_INTO server/src/scripts/a04WorkerClaimContextRealDbProof.ts:129; SQL_INSERT_INTO server/src/scripts/a12TemplateGovernanceRealDbProof.ts:122,,"{""column"":""organization_id"",""kind"":""DIRECT_COLUMN""}"
public,v8_coordinated_publishes,EXPORT,V8_PLATFORM,The live schema proves this tenant-owned relation through an exact organization discriminator or foreign-key path.,SQL_INSERT_INTO server/src/services/v8/publishReviewService.ts:551,,"{""column"":""organization_id"",""kind"":""DIRECT_COLUMN""}"
public,v8_cross_initiative_dependencies,EXPORT,V8_PLATFORM,The live schema proves this tenant-owned relation through an exact organization discriminator or foreign-key path.,SQL_INSERT_INTO server/src/services/v8/planningContinuityService.ts:347; SQL_UPDATE server/src/services/v8/planningContinuityService.ts:415; SQL_FROM server/src/services/v8/planningContinuityService.ts:381; SQL_FROM server/src/services/v8/planningContinuityService.ts:401,,"{""column"":""organization_id"",""kind"":""DIRECT_COLUMN""}"
public,v8_cross_module_activity,EXPORT,V8_PLATFORM,The live schema proves this tenant-owned relation through an exact organization discriminator or foreign-key path.,SQL_INSERT_INTO server/src/services/v8/workspaceCrossModuleService.ts:320; SQL_FROM server/src/services/v8/workspaceCrossModuleService.ts:358; SQL_FROM server/src/services/v8/workspaceCrossModuleService.ts:369; SQL_FROM server/src/services/v8/workspaceCrossModuleService.ts:577; SQL_FROM server/src/services/v8/workspaceCrossModuleService.ts:619,,"{""column"":""organization_id"",""kind"":""DIRECT_COLUMN""}"
public,v8_dead_letter_records,EXPORT,V8_PLATFORM,The live schema proves this tenant-owned relation through an exact organization discriminator or foreign-key path.,SQL_INSERT_INTO server/src/services/v8/replayDeadLetterService.ts:225; SQL_UPDATE server/src/services/v8/replayDeadLetterService.ts:329; SQL_FROM server/src/services/v8/replayDeadLetterService.ts:289; SQL_FROM server/src/services/v8/replayDeadLetterService.ts:313; SQL_FROM server/src/services/v8/replayDeadLetterService.ts:456,,"{""column"":""organization_id"",""kind"":""DIRECT_COLUMN""}"
public,v8_decision_chains,EXPORT,V8_PLATFORM,The live schema proves this tenant-owned relation through an exact organization discriminator or foreign-key path.,SQL_INSERT_INTO server/src/services/v8/planningContinuityService.ts:467; SQL_FROM server/src/services/v8/planningContinuityService.ts:500; SQL_FROM server/src/services/v8/planningContinuityService.ts:518; SQL_FROM server/src/services/v8/planningContinuityService.ts:678,,"{""column"":""organization_id"",""kind"":""DIRECT_COLUMN""}"
public,v8_degraded_conditions,EXPORT,AUDIT_COMPLIANCE,The live schema proves this tenant-owned relation through an exact organization discriminator or foreign-key path.,SQL_INSERT_INTO server/src/services/v8/trustAuditService.ts:461; SQL_UPDATE server/src/services/v8/trustAuditService.ts:850; SQL_FROM server/src/services/v8/trustAuditService.ts:491; SQL_FROM server/src/services/v8/trustAuditService.ts:829; SQL_FROM server/src/services/v8/trustAuditService.ts:857,,"{""column"":""organization_id"",""kind"":""DIRECT_COLUMN""}"
public,v8_demo_trial_configs,EXPORT,ADMIN_SECURITY,The live schema proves this tenant-owned relation through an exact organization discriminator or foreign-key path.,SQL_INSERT_INTO server/src/services/v8/landingSuperadminService.ts:342; SQL_FROM server/src/services/v8/landingSuperadminService.ts:377,,"{""column"":""organization_id"",""kind"":""DIRECT_COLUMN""}"
public,v8_deviation_records,EXPORT,V8_PLATFORM,The live schema proves this tenant-owned relation through an exact organization discriminator or foreign-key path.,SQL_INSERT_INTO server/src/services/v8/resultsROIService.ts:432; SQL_UPDATE server/src/services/v8/resultsROIService.ts:995; SQL_FROM server/src/services/v8/resultsROIService.ts:467; SQL_FROM server/src/services/v8/resultsROIService.ts:890; SQL_FROM server/src/services/v8/resultsROIService.ts:942,,"{""column"":""organization_id"",""kind"":""DIRECT_COLUMN""}"
public,v8_emergency_pauses,EXPORT,ADMIN_SECURITY,The live schema proves this tenant-owned relation through an exact organization discriminator or foreign-key path.,SQL_INSERT_INTO server/src/services/v8/operatorAdminService.ts:572; SQL_UPDATE server/src/services/v8/operatorAdminService.ts:632; SQL_FROM server/src/services/v8/operatorAdminService.ts:617; SQL_FROM server/src/services/v8/operatorAdminService.ts:652,,"{""column"":""organization_id"",""kind"":""DIRECT_COLUMN""}"
public,v8_eval_gates,EXPORT,V8_PLATFORM,The live schema proves this tenant-owned relation through an exact organization discriminator or foreign-key path.,SQL_INSERT_INTO server/src/services/v8/promptOsRuntimeService.ts:560; SQL_FROM server/src/services/v8/promptOsRuntimeService.ts:587,,"{""kind"":""FOREIGN_KEY_PATH"",""path"":[{""column"":""bundle_id"",""parentColumn"":""bundle_id"",""parentSchema"":""public"",""parentTable"":""v8_release_bundles""}]}"
public,v8_execution_runs,EXPORT,OPERATIONS,The live schema proves this tenant-owned relation through an exact organization discriminator or foreign-key path.,SQL_INSERT_INTO server/src/scripts/a01A02CanonicalRunRealDbProof.ts:94; SQL_INSERT_INTO server/src/scripts/a03PlanningWorkshopRealDbProof.ts:72; SQL_INSERT_INTO server/src/scripts/a04WorkerClaimContextRealDbProof.ts:146; SQL_INSERT_INTO server/src/scripts/a08MultiAgentRealDbProof.ts:87; SQL_INSERT_INTO server/src/scripts/a11OperatorConsoleRealDbProof.ts:82,,"{""column"":""organization_id"",""kind"":""DIRECT_COLUMN""}"
public,v8_execution_signals,EXPORT,V8_PLATFORM,The live schema proves this tenant-owned relation through an exact organization discriminator or foreign-key path.,SQL_INSERT_INTO server/src/services/v8/executionVisibilityService.ts:200; SQL_FROM server/src/services/v8/executionVisibilityService.ts:231; SQL_FROM server/src/services/v8/executionVisibilityService.ts:262; SQL_FROM server/src/services/v8/executionVisibilityService.ts:580; SQL_FROM server/src/services/v8/executionVisibilityService.ts:680,,"{""column"":""organization_id"",""kind"":""DIRECT_COLUMN""}"
public,v8_executive_review_packs,EXPORT,V8_PLATFORM,The live schema proves this tenant-owned relation through an exact organization discriminator or foreign-key path.,SQL_INSERT_INTO server/src/services/v8/resultsROIService.ts:565; SQL_FROM server/src/services/v8/resultsROIService.ts:597; SQL_FROM server/src/services/v8/resultsROIService.ts:2105,,"{""column"":""organization_id"",""kind"":""DIRECT_COLUMN""}"
public,v8_facilitation_sessions,EXPORT,V8_PLATFORM,The live schema proves this tenant-owned relation through an exact organization discriminator or foreign-key path.,SQL_INSERT_INTO server/src/services/v8/multiplayerHardeningService.ts:457; SQL_UPDATE server/src/services/v8/multiplayerHardeningService.ts:525; SQL_UPDATE server/src/services/v8/multiplayerHardeningService.ts:563; SQL_UPDATE server/src/services/v8/multiplayerHardeningService.ts:611; SQL_FROM server/src/services/v8/multiplayerHardeningService.ts:489,,"{""column"":""organization_id"",""kind"":""DIRECT_COLUMN""}"
public,v8_feature_flags,EXPORT,OPERATIONS,The live schema proves this tenant-owned relation through an exact organization discriminator or foreign-key path.,SQL_FROM server/src/scripts/a06TenantActivationRealDbProof.ts:161; SQL_FROM server/src/services/v8/featureFlagService.ts:70; SQL_FROM server/src/services/v8/featureFlagService.ts:220; SQL_FROM server/src/services/v8/featureFlagService.ts:252,,"{""column"":""organization_id"",""kind"":""DIRECT_COLUMN""}"
public,v8_finance_document_ingestions,EXPORT,FINANCE,The live schema proves this tenant-owned relation through an exact organization discriminator or foreign-key path.,SQL_INSERT_INTO server/src/services/v8/financeIntegrationService.ts:209; SQL_UPDATE server/src/services/v8/financeIntegrationService.ts:280; SQL_UPDATE server/src/services/v8/financeIntegrationService.ts:673; SQL_FROM server/src/services/v8/financeIntegrationService.ts:245; SQL_FROM server/src/services/v8/financeIntegrationService.ts:261,,"{""column"":""organization_id"",""kind"":""DIRECT_COLUMN""}"
public,v8_finance_document_ingestions__w18,EXCLUDE_SECURITY,ACTIVE_SEMANTIC_POLICY_MISSING,"The relation has a structural tenant path but no active semantic writer or reviewed privacy contract, so export fails closed.",organization-export-semantic-source-index.e1.json::public.v8_finance_document_ingestions__w18 ACTIVE_SEMANTIC_SOURCE_MISSING,ACTIVE_SEMANTIC_POLICY_MISSING,{}
public,v8_finance_lane_runs,EXPORT,FINANCE,The live schema proves this tenant-owned relation through an exact organization discriminator or foreign-key path.,SQL_INSERT_INTO server/src/services/v8/financeLaneService.ts:192; SQL_UPDATE server/src/services/v8/financeLaneService.ts:265; SQL_UPDATE server/src/services/v8/financeLaneService.ts:455; SQL_UPDATE server/src/services/v8/financeLaneService.ts:663; SQL_FROM server/src/services/aiContextBuilder.ts:1470,,"{""column"":""organization_id"",""kind"":""DIRECT_COLUMN""}"
public,v8_finance_locked_states,EXPORT,V8_PLATFORM,The live schema proves this tenant-owned relation through an exact organization discriminator or foreign-key path.,SQL_INSERT_INTO server/src/services/v8/publishReviewService.ts:656; SQL_UPDATE server/src/services/v8/publishReviewService.ts:702; SQL_FROM server/src/services/v8/publishReviewService.ts:685; SQL_FROM server/src/services/v8/publishReviewService.ts:721,,"{""column"":""organization_id"",""kind"":""DIRECT_COLUMN""}"
public,v8_finance_mutation_audit,EXPORT,FINANCE,The live schema proves this tenant-owned relation through an exact organization discriminator or foreign-key path.,SQL_INSERT_INTO server/src/services/v8/financeLaneService.ts:537; SQL_FROM server/src/services/v8/financeLaneService.ts:563,,"{""column"":""organization_id"",""kind"":""DIRECT_COLUMN""}"
public,v8_finance_version_snapshots,EXPORT,FINANCE,The live schema proves this tenant-owned relation through an exact organization discriminator or foreign-key path.,SQL_INSERT_INTO server/src/services/v8/financeLaneService.ts:610; SQL_UPDATE server/src/services/v8/financeLaneService.ts:689; SQL_FROM server/src/services/aiContextBuilder.ts:1476; SQL_FROM server/src/services/organizationContext/OrganizationContextService.ts:1638; SQL_FROM server/src/services/v8/financeLaneService.ts:636,,"{""column"":""organization_id"",""kind"":""DIRECT_COLUMN""}"
public,v8_governance_sensitive_fields,EXPORT,V8_PLATFORM,The live schema proves this tenant-owned relation through an exact organization discriminator or foreign-key path.,SQL_INSERT_INTO server/src/services/v8/concurrentEditingService.ts:899; SQL_UPDATE server/src/services/v8/concurrentEditingService.ts:867; SQL_FROM server/src/services/v8/concurrentEditingService.ts:857; SQL_FROM server/src/services/v8/concurrentEditingService.ts:931,,"{""column"":""organization_id"",""kind"":""DIRECT_COLUMN""}"
public,v8_health_signals,EXPORT,AUDIT_COMPLIANCE,The live schema proves this tenant-owned relation through an exact organization discriminator or foreign-key path.,SQL_INSERT_INTO server/src/services/v8/trustAuditService.ts:557; SQL_FROM server/src/services/v8/trustAuditService.ts:517; SQL_FROM server/src/services/v8/trustAuditService.ts:875; SQL_FROM server/src/services/v8/trustAuditService.ts:878,,"{""column"":""organization_id"",""kind"":""DIRECT_COLUMN""}"
public,v8_home_block_maturity,EXPORT,V8_PLATFORM,The live schema proves this tenant-owned relation through an exact organization discriminator or foreign-key path.,SQL_INSERT_INTO server/src/services/v8/myWorkRoofService.ts:306; SQL_FROM server/src/services/v8/myWorkRoofService.ts:333,,"{""column"":""organization_id"",""kind"":""DIRECT_COLUMN""}"
public,v8_inbox_materializations,EXPORT,V8_PLATFORM,The live schema proves this tenant-owned relation through an exact organization discriminator or foreign-key path.,SQL_INSERT_INTO server/src/services/v8/myWorkRoofService.ts:371; SQL_FROM server/src/services/v8/myWorkRoofService.ts:403; SQL_FROM server/src/services/v8/myWorkRoofService.ts:410,,"{""column"":""organization_id"",""kind"":""DIRECT_COLUMN""}"
public,v8_initiative_decompositions,EXPORT,V8_PLATFORM,The live schema proves this tenant-owned relation through an exact organization discriminator or foreign-key path.,SQL_INSERT_INTO server/src/services/v8/planningContinuityService.ts:212; SQL_FROM server/src/services/v8/planningContinuityService.ts:174; SQL_FROM server/src/services/v8/planningContinuityService.ts:248; SQL_FROM server/src/services/v8/planningContinuityService.ts:273,,"{""column"":""organization_id"",""kind"":""DIRECT_COLUMN""}"
public,v8_initiative_economics_linkages,EXPORT,FINANCE,The live schema proves this tenant-owned relation through an exact organization discriminator or foreign-key path.,SQL_INSERT_INTO server/src/services/v8/financeIntegrationService.ts:311; SQL_FROM server/src/services/v8/financeIntegrationService.ts:348; SQL_FROM server/src/services/v8/financeIntegrationService.ts:692; SQL_FROM server/src/services/v8/financeIntegrationService.ts:712,,"{""column"":""organization_id"",""kind"":""DIRECT_COLUMN""}"
public,v8_initiative_entrypoints,EXPORT,V8_PLATFORM,The live schema proves this tenant-owned relation through an exact organization discriminator or foreign-key path.,SQL_FROM server/src/services/v8/sourceTruthService.ts:464; SQL_FROM server/src/services/v8/sourceTruthService.ts:472; SQL_FROM server/src/services/v8/sourceTruthService.ts:491; SQL_FROM server/src/services/v8/sourceTruthService.ts:599; SQL_FROM server/src/services/v8/sourceTruthService.ts:677,,"{""column"":""organization_id"",""kind"":""DIRECT_COLUMN""}"
public,v8_initiative_materializations,EXPORT,V8_PLATFORM,The live schema proves this tenant-owned relation through an exact organization discriminator or foreign-key path.,SQL_FROM server/src/services/v8/sourceTruthService.ts:525; SQL_FROM server/src/services/v8/sourceTruthService.ts:634; SQL_JOIN server/src/services/v8/sourceTruthService.ts:600; SQL_JOIN server/src/services/v8/sourceTruthService.ts:686,,"{""column"":""organization_id"",""kind"":""DIRECT_COLUMN""}"
public,v8_kpi_definitions,EXPORT,OPERATIONS,The live schema proves this tenant-owned relation through an exact organization discriminator or foreign-key path.,SQL_INSERT_INTO server/src/services/health/healthProbeService.ts:178; SQL_INSERT_INTO server/src/services/v8/resultsROIService.ts:324; SQL_UPDATE server/src/services/v8/resultsROIService.ts:395; SQL_DELETE_FROM server/src/services/health/healthProbeService.ts:131; SQL_DELETE_FROM server/src/services/health/healthProbeService.ts:463,,"{""column"":""organization_id"",""kind"":""DIRECT_COLUMN""}"
public,v8_kpi_finance_reconciliations,EXPORT,FINANCE,The live schema proves this tenant-owned relation through an exact organization discriminator or foreign-key path.,SQL_INSERT_INTO server/src/services/v8/resultsFinanceReconciliationService.ts:554; SQL_INSERT_INTO server/src/services/v8/resultsROIService.ts:630; SQL_UPDATE server/src/services/v8/resultsFinanceReconciliationService.ts:532; SQL_UPDATE server/src/services/v8/resultsROIService.ts:721; SQL_DELETE_FROM server/src/services/health/healthProbeService.ts:976,,"{""column"":""organization_id"",""kind"":""DIRECT_COLUMN""}"
public,v8_kpi_next_actions,EXPORT,V8_PLATFORM,The live schema proves this tenant-owned relation through an exact organization discriminator or foreign-key path.,SQL_INSERT_INTO server/src/services/v8/resultsROIService.ts:2698; SQL_UPDATE server/src/services/v8/resultsROIService.ts:2799; SQL_FROM server/src/services/v8/resultsROIService.ts:2759,,"{""column"":""organization_id"",""kind"":""DIRECT_COLUMN""}"
public,v8_kpi_signals,EXPORT,V8_PLATFORM,The live schema proves this tenant-owned relation through an exact organization discriminator or foreign-key path.,SQL_INSERT_INTO server/src/services/v8/resultsROIService.ts:2555; SQL_UPDATE server/src/services/v8/resultsROIService.ts:2658; SQL_UPDATE server/src/services/v8/resultsROIService.ts:2720; SQL_FROM server/src/routes/v8/results.routes.ts:3555; SQL_FROM server/src/routes/v8/results.routes.ts:4085,,"{""column"":""organization_id"",""kind"":""DIRECT_COLUMN""}"
public,v8_landing_page_sections,EXPORT,ADMIN_SECURITY,The live schema proves this tenant-owned relation through an exact organization discriminator or foreign-key path.,SQL_INSERT_INTO server/src/services/v8/landingSuperadminService.ts:211; SQL_FROM server/src/services/v8/landingSuperadminService.ts:235,,"{""column"":""organization_id"",""kind"":""DIRECT_COLUMN""}"
public,v8_lane_decisions,EXPORT,V8_PLATFORM,The live schema proves this tenant-owned relation through an exact organization discriminator or foreign-key path.,SQL_INSERT_INTO server/src/routes/v8/execution-control.routes.ts:2118; SQL_INSERT_INTO server/src/routes/v8/execution-control.routes.ts:2162; SQL_UPDATE server/src/routes/v8/execution-control.routes.ts:2246; SQL_FROM server/src/routes/v8/execution-control.routes.ts:2102; SQL_FROM server/src/routes/v8/execution-control.routes.ts:2202,,"{""column"":""organization_id"",""kind"":""DIRECT_COLUMN""}"
public,v8_lane_execution_plans,EXPORT,V8_PLATFORM,The live schema proves this tenant-owned relation through an exact organization discriminator or foreign-key path.,SQL_INSERT_INTO server/src/routes/v8/execution-control.routes.ts:2238; SQL_FROM server/src/routes/v8/execution-control.routes.ts:2279,,"{""column"":""organization_id"",""kind"":""DIRECT_COLUMN""}"
public,v8_lock_records,EXPORT,V8_PLATFORM,The live schema proves this tenant-owned relation through an exact organization discriminator or foreign-key path.,SQL_INSERT_INTO server/src/services/v8/concurrentEditingService.ts:542; SQL_UPDATE server/src/services/v8/concurrentEditingService.ts:514; SQL_UPDATE server/src/services/v8/concurrentEditingService.ts:593; SQL_UPDATE server/src/services/v8/concurrentEditingService.ts:650; SQL_FROM server/src/services/v8/concurrentEditingService.ts:495,,"{""column"":""organization_id"",""kind"":""DIRECT_COLUMN""}"
public,v8_memory_promotion_requests,EXPORT,KNOWLEDGE_MATERIALS,The live schema proves this tenant-owned relation through an exact organization discriminator or foreign-key path.,SQL_INSERT_INTO server/src/services/v8/knowledgeRetrievalService.ts:295; SQL_UPDATE server/src/services/v8/knowledgeRetrievalService.ts:350; SQL_FROM server/src/services/v8/knowledgeRetrievalService.ts:334,,"{""column"":""organization_id"",""kind"":""DIRECT_COLUMN""}"
public,v8_mindmap_ai_proposals,EXCLUDE_SECURITY,ACTIVE_SEMANTIC_POLICY_MISSING,"The relation has a structural tenant path but no active semantic writer or reviewed privacy contract, so export fails closed.",organization-export-semantic-source-index.e1.json::public.v8_mindmap_ai_proposals ACTIVE_SEMANTIC_SOURCE_MISSING,ACTIVE_SEMANTIC_POLICY_MISSING,{}
public,v8_mindmap_nodes,EXCLUDE_SECURITY,ACTIVE_SEMANTIC_POLICY_MISSING,"The relation has a structural tenant path but no active semantic writer or reviewed privacy contract, so export fails closed.",organization-export-semantic-source-index.e1.json::public.v8_mindmap_nodes ACTIVE_SEMANTIC_SOURCE_MISSING,ACTIVE_SEMANTIC_POLICY_MISSING,{}
public,v8_notification_records,EXPORT,V8_PLATFORM,The live schema proves this tenant-owned relation through an exact organization discriminator or foreign-key path.,SQL_INSERT_INTO server/src/services/v8/concurrentEditingService.ts:748; SQL_UPDATE server/src/services/v8/concurrentEditingService.ts:828; SQL_FROM server/src/services/v8/concurrentEditingService.ts:789; SQL_FROM server/src/services/v8/concurrentEditingService.ts:795; SQL_FROM server/src/services/v8/concurrentEditingService.ts:815,,"{""column"":""organization_id"",""kind"":""DIRECT_COLUMN""}"
public,v8_notification_triggers,EXPORT,V8_PLATFORM,The live schema proves this tenant-owned relation through an exact organization discriminator or foreign-key path.,SQL_INSERT_INTO server/src/services/v8/concurrentEditingService.ts:694,,"{""column"":""organization_id"",""kind"":""DIRECT_COLUMN""}"
public,v8_output_ai_governance,EXPORT,REPORTING,The live schema proves this tenant-owned relation through an exact organization discriminator or foreign-key path.,SQL_INSERT_INTO server/src/services/v8/reportsPresModelService.ts:517; SQL_UPDATE server/src/services/v8/reportsPresModelService.ts:477; SQL_FROM server/src/services/v8/reportsPresModelService.ts:545,,"{""column"":""organization_id"",""kind"":""DIRECT_COLUMN""}"
public,v8_output_artifacts,EXPORT,FINANCE,The live schema proves this tenant-owned relation through an exact organization discriminator or foreign-key path.,SQL_INSERT_INTO server/src/routes/v8/finance.routes.ts:4465; SQL_INSERT_INTO server/src/services/demo/demoSeedService.ts:4116; SQL_INSERT_INTO server/src/services/health/healthProbeService.ts:344; SQL_INSERT_INTO server/src/services/v8/artifactRegistryService.ts:1348; SQL_INSERT_INTO server/src/services/v8/outputsTransactionalRegistry.ts:187,,"{""column"":""organization_id"",""kind"":""DIRECT_COLUMN""}"
public,v8_output_exports,EXPORT,FINANCE,The live schema proves this tenant-owned relation through an exact organization discriminator or foreign-key path.,SQL_INSERT_INTO server/src/routes/v8/finance.routes.ts:4482; SQL_INSERT_INTO server/src/services/demo/demoSeedService.ts:4140; SQL_INSERT_INTO server/src/services/v8/reportsPresModelService.ts:797; SQL_INSERT_INTO server/src/services/v8/reportsPresModelService.ts:838; SQL_INSERT_INTO server/src/services/v8/reportsPresModelService.ts:881,,"{""column"":""organization_id"",""kind"":""DIRECT_COLUMN""}"
public,v8_output_recalls,EXPORT,V8_PLATFORM,The live schema proves this tenant-owned relation through an exact organization discriminator or foreign-key path.,SQL_INSERT_INTO server/src/services/v8/publishReviewService.ts:594; SQL_FROM server/src/services/v8/publishReviewService.ts:622,,"{""column"":""organization_id"",""kind"":""DIRECT_COLUMN""}"
public,v8_platform_seam_registry,EXPORT,V8_PLATFORM,The live schema proves this tenant-owned relation through an exact organization discriminator or foreign-key path.,SQL_INSERT_INTO server/src/services/v8/multiplayerHardeningService.ts:652; SQL_UPDATE server/src/services/v8/multiplayerHardeningService.ts:699; SQL_FROM server/src/services/v8/multiplayerHardeningService.ts:682; SQL_FROM server/src/services/v8/multiplayerHardeningService.ts:723; SQL_FROM server/src/services/v8/multiplayerHardeningService.ts:733,,"{""column"":""organization_id"",""kind"":""DIRECT_COLUMN""}"
public,v8_promotion_gates,EXPORT,FINANCE,The live schema proves this tenant-owned relation through an exact organization discriminator or foreign-key path.,SQL_INSERT_INTO server/src/services/v8/financeIntegrationService.ts:378; SQL_FROM server/src/services/v8/financeIntegrationService.ts:816,,"{""column"":""organization_id"",""kind"":""DIRECT_COLUMN""}"
public,v8_prompt_presets,EXPORT,V8_PLATFORM,The live schema proves this tenant-owned relation through an exact organization discriminator or foreign-key path.,SQL_INSERT_INTO server/src/services/v8/promptOsRuntimeService.ts:229; SQL_FROM server/src/services/v8/aiOperatingEnvironmentService.ts:185; SQL_FROM server/src/services/v8/promptOsRuntimeService.ts:260; SQL_FROM server/src/services/v8/promptOsRuntimeService.ts:275,,"{""column"":""organization_id"",""kind"":""DIRECT_COLUMN""}"
public,v8_provenance_ledger,EXPORT,AUDIT_COMPLIANCE,The live schema proves this tenant-owned relation through an exact organization discriminator or foreign-key path.,SQL_INSERT_INTO server/src/services/v8/trustAuditService.ts:265; SQL_DELETE_FROM server/src/controllers/InitiativeController.ts:3399; SQL_FROM server/src/services/v8/trustAuditService.ts:300; SQL_FROM server/src/services/v8/trustAuditService.ts:675,,"{""column"":""organization_id"",""kind"":""DIRECT_COLUMN""}"
public,v8_provider_catalog_states,EXPORT,V8_PLATFORM,The live schema proves this tenant-owned relation through an exact organization discriminator or foreign-key path.,SQL_INSERT_INTO server/src/services/v8/pmSyncTruthService.ts:837; SQL_UPDATE server/src/services/v8/pmSyncTruthService.ts:800; SQL_FROM server/src/services/v8/pmSyncTruthService.ts:778; SQL_FROM server/src/services/v8/pmSyncTruthService.ts:879; SQL_FROM server/src/services/v8/pmSyncTruthService.ts:891,,"{""column"":""organization_id"",""kind"":""DIRECT_COLUMN""}"
public,v8_provider_depth_profiles,EXPORT,V8_PLATFORM,The live schema proves this tenant-owned relation through an exact organization discriminator or foreign-key path.,SQL_INSERT_INTO server/src/services/v8/pmSyncTruthService.ts:355; SQL_UPDATE server/src/services/v8/pmSyncTruthService.ts:319; SQL_FROM server/src/services/v8/pmSyncTruthService.ts:309; SQL_FROM server/src/services/v8/pmSyncTruthService.ts:398,,"{""column"":""organization_id"",""kind"":""DIRECT_COLUMN""}"
public,v8_provider_health,EXPORT,V8_PLATFORM,The live schema proves this tenant-owned relation through an exact organization discriminator or foreign-key path.,SQL_INSERT_INTO server/src/services/v8/replayDeadLetterService.ts:585; SQL_UPDATE server/src/services/v8/replayDeadLetterService.ts:544; SQL_FROM server/src/services/v8/replayDeadLetterService.ts:534; SQL_FROM server/src/services/v8/replayDeadLetterService.ts:632,,"{""column"":""organization_id"",""kind"":""DIRECT_COLUMN""}"
public,v8_publish_records,EXPORT,V8_PLATFORM,The live schema proves this tenant-owned relation through an exact organization discriminator or foreign-key path.,SQL_INSERT_INTO server/src/services/v8/publishReviewService.ts:271; SQL_UPDATE server/src/services/v8/publishReviewService.ts:355; SQL_DELETE_FROM server/src/services/v8/artifactRegistryService.ts:1205; SQL_FROM server/src/services/v8/publishReviewService.ts:305; SQL_FROM server/src/services/v8/publishReviewService.ts:372,,"{""column"":""organization_id"",""kind"":""DIRECT_COLUMN""}"
public,v8_radar_triage_signals,EXPORT,V8_PLATFORM,The live schema proves this tenant-owned relation through an exact organization discriminator or foreign-key path.,SQL_INSERT_INTO server/src/services/v8/radarTriageService.ts:425; SQL_UPDATE server/src/services/v8/radarTriageService.ts:623; SQL_FROM server/src/services/v8/radarTriageService.ts:336; SQL_FROM server/src/services/v8/radarTriageService.ts:514; SQL_FROM server/src/services/v8/radarTriageService.ts:543,,"{""column"":""organization_id"",""kind"":""DIRECT_COLUMN""}"
public,v8_rebaseline_proposals,EXPORT,V8_PLATFORM,The live schema proves this tenant-owned relation through an exact organization discriminator or foreign-key path.,SQL_INSERT_INTO server/src/services/v8/executionVisibilityService.ts:395; SQL_FROM server/src/services/v8/executionVisibilityService.ts:427; SQL_FROM server/src/services/v8/executionVisibilityService.ts:654,,"{""column"":""organization_id"",""kind"":""DIRECT_COLUMN""}"
public,v8_recurring_output_programs,EXPORT,REPORTING,The live schema proves this tenant-owned relation through an exact organization discriminator or foreign-key path.,SQL_INSERT_INTO server/src/services/v8/reportsPresModelService.ts:423; SQL_FROM server/src/services/v8/reportsPresModelService.ts:453; SQL_FROM server/src/services/v8/reportsPresModelService.ts:975,,"{""column"":""organization_id"",""kind"":""DIRECT_COLUMN""}"
public,v8_refresh_timing_policies,EXPORT,ADMIN_SECURITY,The live schema proves this tenant-owned relation through an exact organization discriminator or foreign-key path.,SQL_INSERT_INTO server/src/services/v8/pmSyncAuthService.ts:463; SQL_UPDATE server/src/services/v8/pmSyncAuthService.ts:431; SQL_FROM server/src/services/v8/pmSyncAuthService.ts:421; SQL_FROM server/src/services/v8/pmSyncAuthService.ts:502,,"{""column"":""organization_id"",""kind"":""DIRECT_COLUMN""}"
public,v8_release_bundles,EXPORT,V8_PLATFORM,The live schema proves this tenant-owned relation through an exact organization discriminator or foreign-key path.,SQL_INSERT_INTO server/src/services/v8/promptOsRuntimeService.ts:315; SQL_UPDATE server/src/services/v8/promptOsRuntimeService.ts:398; SQL_FROM server/src/services/v8/promptOsRuntimeService.ts:348; SQL_FROM server/src/services/v8/promptOsRuntimeService.ts:366; SQL_FROM server/src/services/v8/promptOsRuntimeService.ts:474,,"{""column"":""organization_id"",""kind"":""DIRECT_COLUMN""}"
public,v8_replay_requests,EXPORT,V8_PLATFORM,The live schema proves this tenant-owned relation through an exact organization discriminator or foreign-key path.,SQL_INSERT_INTO server/src/services/v8/replayDeadLetterService.ts:475; SQL_FROM server/src/services/v8/replayDeadLetterService.ts:514,,"{""column"":""organization_id"",""kind"":""DIRECT_COLUMN""}"
public,v8_resource_type_mappings,EXPORT,V8_PLATFORM,The live schema proves this tenant-owned relation through an exact organization discriminator or foreign-key path.,SQL_INSERT_INTO server/src/services/v8/multiplayerHardeningService.ts:229; SQL_FROM server/src/services/v8/multiplayerHardeningService.ts:261; SQL_FROM server/src/services/v8/multiplayerHardeningService.ts:289,,"{""column"":""organization_id"",""kind"":""DIRECT_COLUMN""}"
public,v8_restore_requests,EXPORT,V8_PLATFORM,The live schema proves this tenant-owned relation through an exact organization discriminator or foreign-key path.,SQL_INSERT_INTO server/src/services/v8/versionReplayService.ts:452; SQL_UPDATE server/src/services/v8/versionReplayService.ts:544; SQL_UPDATE server/src/services/v8/versionReplayService.ts:863; SQL_FROM server/src/services/v8/versionReplayService.ts:506; SQL_FROM server/src/services/v8/versionReplayService.ts:824,,"{""column"":""organization_id"",""kind"":""DIRECT_COLUMN""}"
public,v8_results_handoff_events,EXPORT,V8_PLATFORM,The live schema proves this tenant-owned relation through an exact organization discriminator or foreign-key path.,SQL_INSERT_INTO server/src/services/v8/executionVisibilityService.ts:332; SQL_FROM server/src/services/v8/executionVisibilityService.ts:359; SQL_FROM server/src/services/v8/executionVisibilityService.ts:592,,"{""column"":""organization_id"",""kind"":""DIRECT_COLUMN""}"
public,v8_retrieval_requests,EXPORT,V8_PLATFORM,The live schema proves this tenant-owned relation through an exact organization discriminator or foreign-key path.,SQL_INSERT_INTO server/src/services/v8/governedRetrievalService.ts:164; SQL_FROM server/src/services/v8/governedRetrievalService.ts:198; SQL_FROM server/src/services/v8/governedRetrievalService.ts:716,,"{""column"":""organization_id"",""kind"":""DIRECT_COLUMN""}"
public,v8_retrieval_traces,EXPORT,V8_PLATFORM,The live schema proves this tenant-owned relation through an exact organization discriminator or foreign-key path.,SQL_INSERT_INTO server/src/services/v8/governedRetrievalService.ts:393; SQL_FROM server/src/services/v8/governedRetrievalService.ts:435; SQL_FROM server/src/services/v8/governedRetrievalService.ts:454; SQL_FROM server/src/services/v8/governedRetrievalService.ts:769,,"{""column"":""organization_id"",""kind"":""DIRECT_COLUMN""}"
public,v8_retry_policies,EXPORT,V8_PLATFORM,The live schema proves this tenant-owned relation through an exact organization discriminator or foreign-key path.,SQL_INSERT_INTO server/src/services/v8/replayDeadLetterService.ts:397; SQL_UPDATE server/src/services/v8/replayDeadLetterService.ts:363; SQL_FROM server/src/services/v8/replayDeadLetterService.ts:353; SQL_FROM server/src/services/v8/replayDeadLetterService.ts:434,,"{""column"":""organization_id"",""kind"":""DIRECT_COLUMN""}"
public,v8_review_gates,EXPORT,V8_PLATFORM,The live schema proves this tenant-owned relation through an exact organization discriminator or foreign-key path.,SQL_INSERT_INTO server/src/services/v8/publishReviewService.ts:491; SQL_DELETE_FROM server/src/services/v8/artifactRegistryService.ts:1201; SQL_FROM server/src/services/v8/artifactRegistryService.ts:2979; SQL_FROM server/src/services/v8/artifactRegistryService.ts:3102; SQL_FROM server/src/services/v8/artifactRegistryService.ts:3209,,"{""column"":""organization_id"",""kind"":""DIRECT_COLUMN""}"
public,v8_roi_realization_entries,EXPORT,OPERATIONS,The live schema proves this tenant-owned relation through an exact organization discriminator or foreign-key path.,SQL_INSERT_INTO server/src/services/health/healthProbeService.ts:196; SQL_INSERT_INTO server/src/services/v8/resultsROIService.ts:501; SQL_DELETE_FROM server/src/services/health/healthProbeService.ts:458; SQL_FROM server/src/services/health/healthProbeService.ts:204; SQL_FROM server/src/services/resultsVnext/roi/roiLegacyArchiveRepository.ts:343,,"{""column"":""organization_id"",""kind"":""DIRECT_COLUMN""}"
public,v8_rollback_records,EXPORT,V8_PLATFORM,The live schema proves this tenant-owned relation through an exact organization discriminator or foreign-key path.,SQL_INSERT_INTO server/src/services/v8/promptOsRuntimeService.ts:501,,"{""kind"":""FOREIGN_KEY_PATH"",""path"":[{""column"":""bundle_id"",""parentColumn"":""bundle_id"",""parentSchema"":""public"",""parentTable"":""v8_release_bundles""}]}"
public,v8_room_memberships,EXPORT,COLLABORATION,The live schema proves this tenant-owned relation through an exact organization discriminator or foreign-key path.,SQL_INSERT_INTO server/src/services/v8/collaborationRoomService.ts:371; SQL_UPDATE server/src/services/v8/collaborationRoomService.ts:405; SQL_FROM server/src/services/v8/collaborationRoomService.ts:704,,"{""kind"":""FOREIGN_KEY_PATH"",""path"":[{""column"":""room_id"",""parentColumn"":""room_id"",""parentSchema"":""public"",""parentTable"":""v8_collaboration_rooms""}]}"
public,v8_room_presence,EXPORT,COLLABORATION,The live schema proves this tenant-owned relation through an exact organization discriminator or foreign-key path.,SQL_INSERT_INTO server/src/services/v8/collaborationRoomService.ts:353; SQL_UPDATE server/src/services/v8/collaborationRoomService.ts:444; SQL_UPDATE server/src/services/v8/collaborationRoomService.ts:451; SQL_UPDATE server/src/services/v8/collaborationRoomService.ts:508; SQL_DELETE_FROM server/src/services/v8/collaborationRoomService.ts:399,,"{""kind"":""FOREIGN_KEY_PATH"",""path"":[{""column"":""room_id"",""parentColumn"":""room_id"",""parentSchema"":""public"",""parentTable"":""v8_collaboration_rooms""}]}"
public,v8_run_state_transitions,EXPORT,OPERATIONS,The live schema proves this tenant-owned relation through an exact organization discriminator or foreign-key path.,SQL_INSERT_INTO server/src/scripts/a01A02CanonicalRunRealDbProof.ts:105; SQL_INSERT_INTO server/src/services/v8/agentCanonicalRunService.ts:275; SQL_INSERT_INTO server/src/services/v8/agentOperatorConsoleService.ts:209; SQL_INSERT_INTO server/src/services/v8/executionSpineService.ts:783; SQL_INSERT_INTO server/src/services/v8/transformationCaseService.ts:1291,,"{""kind"":""FOREIGN_KEY_PATH"",""path"":[{""column"":""run_id"",""parentColumn"":""run_id"",""parentSchema"":""public"",""parentTable"":""v8_execution_runs""}]}"
public,v8_schema_drift_events,EXPORT,V8_PLATFORM,The live schema proves this tenant-owned relation through an exact organization discriminator or foreign-key path.,SQL_INSERT_INTO server/src/services/v8/replayDeadLetterService.ts:655; SQL_FROM server/src/routes/v8/sync.routes.ts:566; SQL_FROM server/src/routes/v8/sync.routes.ts:645,,"{""column"":""organization_id"",""kind"":""DIRECT_COLUMN""}"
public,v8_session_insights,EXPORT,PLATFORM_AI,The live schema proves this tenant-owned relation through an exact organization discriminator or foreign-key path.,SQL_INSERT_INTO server/src/services/v8/workspaceAIFacilitationService.ts:380; SQL_FROM server/src/services/v8/workspaceAIFacilitationService.ts:414; SQL_FROM server/src/services/v8/workspaceAIFacilitationService.ts:424; SQL_FROM server/src/services/v8/workspaceAIFacilitationService.ts:637,,"{""column"":""organization_id"",""kind"":""DIRECT_COLUMN""}"
public,v8_session_module_links,EXPORT,V8_PLATFORM,The live schema proves this tenant-owned relation through an exact organization discriminator or foreign-key path.,SQL_INSERT_INTO server/src/services/v8/workspaceCrossModuleService.ts:199; SQL_UPDATE server/src/services/v8/workspaceCrossModuleService.ts:248; SQL_FROM server/src/services/v8/workspaceCrossModuleService.ts:164; SQL_FROM server/src/services/v8/workspaceCrossModuleService.ts:231; SQL_FROM server/src/services/v8/workspaceCrossModuleService.ts:271,,"{""column"":""organization_id"",""kind"":""DIRECT_COLUMN""}"
public,v8_shadow_comparisons,EXCLUDE_SECURITY,ACTIVE_SEMANTIC_POLICY_MISSING,"The relation has a structural tenant path but no active semantic writer or reviewed privacy contract, so export fails closed.",organization-export-semantic-source-index.e1.json::public.v8_shadow_comparisons ACTIVE_SEMANTIC_SOURCE_MISSING,ACTIVE_SEMANTIC_POLICY_MISSING,{}
public,v8_shared_tools_registry,EXPORT,TOOLS,The live schema proves this tenant-owned relation through an exact organization discriminator or foreign-key path.,SQL_INSERT_INTO server/src/services/v8/toolsOrgAdminService.ts:222; SQL_FROM server/src/services/v8/toolsOrgAdminService.ts:255; SQL_FROM server/src/services/v8/toolsOrgAdminService.ts:273,,"{""column"":""organization_id"",""kind"":""DIRECT_COLUMN""}"
public,v8_signal_aggregations,EXPORT,V8_PLATFORM,The live schema proves this tenant-owned relation through an exact organization discriminator or foreign-key path.,SQL_INSERT_INTO server/src/services/v8/executionVisibilityService.ts:289,,"{""column"":""organization_id"",""kind"":""DIRECT_COLUMN""}"
public,v8_source_materialization_records,EXPORT,V8_PLATFORM,The live schema proves this tenant-owned relation through an exact organization discriminator or foreign-key path.,SQL_INSERT_INTO server/src/services/v8/sourceTruthService.ts:138; SQL_FROM server/src/services/v8/sourceTruthService.ts:174; SQL_FROM server/src/services/v8/sourceTruthService.ts:192; SQL_FROM server/src/services/v8/sourceTruthService.ts:541; SQL_FROM server/src/services/v8/sourceTruthService.ts:621,,"{""column"":""organization_id"",""kind"":""DIRECT_COLUMN""}"
public,v8_superadmin_domains,EXPORT,ADMIN_SECURITY,The live schema proves this tenant-owned relation through an exact organization discriminator or foreign-key path.,SQL_INSERT_INTO server/src/services/v8/landingSuperadminService.ts:411; SQL_FROM server/src/services/v8/landingSuperadminService.ts:436,,"{""column"":""organization_id"",""kind"":""DIRECT_COLUMN""}"
public,v8_superadmin_surfaces,EXPORT,ADMIN_SECURITY,The live schema proves this tenant-owned relation through an exact organization discriminator or foreign-key path.,SQL_INSERT_INTO server/src/services/v8/landingSuperadminService.ts:470; SQL_FROM server/src/services/v8/landingSuperadminService.ts:497,,"{""column"":""organization_id"",""kind"":""DIRECT_COLUMN""}"
public,v8_support_notes,EXPORT,ADMIN_SECURITY,The live schema proves this tenant-owned relation through an exact organization discriminator or foreign-key path.,SQL_INSERT_INTO server/src/services/v8/operatorAdminService.ts:506; SQL_FROM server/src/services/v8/operatorAdminService.ts:541; SQL_FROM server/src/services/v8/operatorAdminService.ts:739; SQL_FROM server/src/services/v8/operatorAdminService.ts:810,,"{""column"":""organization_id"",""kind"":""DIRECT_COLUMN""}"
public,v8_support_traces,EXPORT,AUDIT_COMPLIANCE,The live schema proves this tenant-owned relation through an exact organization discriminator or foreign-key path.,SQL_INSERT_INTO server/src/services/v8/trustAuditService.ts:334; SQL_FROM server/src/services/v8/trustAuditService.ts:365; SQL_FROM server/src/services/v8/trustAuditService.ts:383,,"{""column"":""organization_id"",""kind"":""DIRECT_COLUMN""}"
public,v8_surface_presence,EXPORT,V8_PLATFORM,The live schema proves this tenant-owned relation through an exact organization discriminator or foreign-key path.,SQL_INSERT_INTO server/src/services/v8/multiplayerHardeningService.ts:354; SQL_UPDATE server/src/services/v8/multiplayerHardeningService.ts:324; SQL_FROM server/src/services/v8/multiplayerHardeningService.ts:316; SQL_FROM server/src/services/v8/multiplayerHardeningService.ts:394; SQL_FROM server/src/services/v8/multiplayerHardeningService.ts:413,,"{""column"":""organization_id"",""kind"":""DIRECT_COLUMN""}"
public,v8_synced_source_refs,EXPORT,V8_PLATFORM,The live schema proves this tenant-owned relation through an exact organization discriminator or foreign-key path.,SQL_INSERT_INTO server/src/services/v8/sourceTruthService.ts:276; SQL_UPDATE server/src/services/v8/sourceTruthService.ts:340; SQL_FROM server/src/services/v8/sourceTruthService.ts:306; SQL_FROM server/src/services/v8/sourceTruthService.ts:326,,"{""column"":""organization_id"",""kind"":""DIRECT_COLUMN""}"
public,v8_template_families,EXPORT,REPORTING,The live schema proves this tenant-owned relation through an exact organization discriminator or foreign-key path.,SQL_INSERT_INTO server/src/services/v8/reportsPresModelService.ts:358; SQL_FROM server/src/services/v8/reportsPresModelService.ts:382; SQL_FROM server/src/services/v8/reportsPresModelService.ts:1023,,"{""column"":""organization_id"",""kind"":""DIRECT_COLUMN""}"
public,v8_tenant_connector_installations,EXPORT,ADMIN_SECURITY,The live schema proves this tenant-owned relation through an exact organization discriminator or foreign-key path.,SQL_INSERT_INTO server/src/services/v8/operatorAdminService.ts:447; SQL_FROM server/src/services/v8/operatorAdminService.ts:482,,"{""column"":""organization_id"",""kind"":""DIRECT_COLUMN""}"
public,v8_tool_action_governance,EXPORT,TOOLS,The live schema proves this tenant-owned relation through an exact organization discriminator or foreign-key path.,SQL_INSERT_INTO server/src/services/v8/toolsOrgAdminService.ts:365; SQL_FROM server/src/services/v8/toolsOrgAdminService.ts:394,,"{""column"":""organization_id"",""kind"":""DIRECT_COLUMN""}"
public,v8_tool_catalog,EXPORT,OPERATIONS,The live schema proves this tenant-owned relation through an exact organization discriminator or foreign-key path.,SQL_INSERT_INTO server/src/scripts/a06AdapterOrchestrationRealDbProof.ts:185; SQL_INSERT_INTO server/src/scripts/a09AgentToolGovernanceRealDbProof.ts:90; SQL_INSERT_INTO server/src/scripts/a09AgentToolGovernanceRealDbProof.ts:97; SQL_INSERT_INTO server/src/services/v8/agentTenantSettingsService.ts:233; SQL_INSERT_INTO server/src/services/v8/toolGovernanceService.ts:249,,"{""column"":""organization_id"",""kind"":""DIRECT_COLUMN""}"
public,v8_tool_collaboration_adapters,EXPORT,TOOLS,The live schema proves this tenant-owned relation through an exact organization discriminator or foreign-key path.,SQL_INSERT_INTO server/src/services/v8/toolCollaborationService.ts:254; SQL_UPDATE server/src/services/v8/toolCollaborationService.ts:190; SQL_FROM server/src/services/v8/toolCollaborationService.ts:182; SQL_FROM server/src/services/v8/toolCollaborationService.ts:293; SQL_FROM server/src/services/v8/toolCollaborationService.ts:308,,"{""column"":""organization_id"",""kind"":""DIRECT_COLUMN""}"
public,v8_tool_event_registry,EXPORT,V8_PLATFORM,The live schema proves this tenant-owned relation through an exact organization discriminator or foreign-key path.,SQL_INSERT_INTO server/src/services/v8/multiplayerHardeningService.ts:769; SQL_FROM server/src/services/v8/multiplayerHardeningService.ts:799,,"{""column"":""organization_id"",""kind"":""DIRECT_COLUMN""}"
public,v8_tool_invocation_log,EXPORT,TOOLS,The live schema proves this tenant-owned relation through an exact organization discriminator or foreign-key path.,SQL_INSERT_INTO server/src/services/v8/toolGovernanceService.ts:588; SQL_UPDATE server/src/services/v8/toolGovernanceService.ts:896; SQL_FROM server/src/services/v8/toolGovernanceService.ts:856; SQL_FROM server/src/services/v8/toolGovernanceService.ts:877; SQL_FROM server/src/services/v8/toolGovernanceService.ts:985,,"{""column"":""organization_id"",""kind"":""DIRECT_COLUMN""}"
public,v8_tool_invocation_traces,EXPORT,TOOLS,The live schema proves this tenant-owned relation through an exact organization discriminator or foreign-key path.,SQL_INSERT_INTO server/src/services/v8/toolGovernanceService.ts:647; SQL_FROM server/src/services/v8/toolGovernanceService.ts:995,,"{""kind"":""FOREIGN_KEY_PATH"",""path"":[{""column"":""invocation_id"",""parentColumn"":""invocation_id"",""parentSchema"":""public"",""parentTable"":""v8_tool_invocation_log""}]}"
public,v8_tool_readiness_audits,EXPORT,TOOLS,The live schema proves this tenant-owned relation through an exact organization discriminator or foreign-key path.,SQL_INSERT_INTO server/src/services/v8/toolCollaborationService.ts:345; SQL_FROM server/src/services/v8/toolCollaborationService.ts:375,,"{""column"":""organization_id"",""kind"":""DIRECT_COLUMN""}"
public,v8_tool_session_governance,EXPORT,TOOLS,The live schema proves this tenant-owned relation through an exact organization discriminator or foreign-key path.,SQL_INSERT_INTO server/src/services/v8/toolsOrgAdminService.ts:313,,"{""column"":""organization_id"",""kind"":""DIRECT_COLUMN""}"
public,v8_tools_v8_bridging_contracts,EXPORT,TOOLS,The live schema proves this tenant-owned relation through an exact organization discriminator or foreign-key path.,SQL_INSERT_INTO server/src/services/v8/toolsOrgAdminService.ts:500; SQL_FROM server/src/services/v8/toolsOrgAdminService.ts:534,,"{""column"":""organization_id"",""kind"":""DIRECT_COLUMN""}"
public,v8_unreconciled_delta_escalations,EXPORT,FINANCE,The live schema proves this tenant-owned relation through an exact organization discriminator or foreign-key path.,SQL_INSERT_INTO server/src/services/v8/financeIntegrationService.ts:435; SQL_UPDATE server/src/services/v8/financeIntegrationService.ts:759; SQL_FROM server/src/services/v8/financeIntegrationService.ts:477; SQL_FROM server/src/services/v8/financeIntegrationService.ts:732; SQL_FROM server/src/services/v8/financeIntegrationService.ts:767,,"{""column"":""organization_id"",""kind"":""DIRECT_COLUMN""}"
public,v8_version_snapshots,EXPORT,V8_PLATFORM,The live schema proves this tenant-owned relation through an exact organization discriminator or foreign-key path.,SQL_INSERT_INTO server/src/services/v8/versionReplayService.ts:237; SQL_FROM server/src/services/v8/versionReplayService.ts:192; SQL_FROM server/src/services/v8/versionReplayService.ts:281; SQL_FROM server/src/services/v8/versionReplayService.ts:287; SQL_FROM server/src/services/v8/versionReplayService.ts:306,,"{""column"":""organization_id"",""kind"":""DIRECT_COLUMN""}"
public,v8_webhook_deliveries,EXPORT,V8_PLATFORM,The live schema proves this tenant-owned relation through an exact organization discriminator or foreign-key path.,SQL_INSERT_INTO server/src/routes/v8/sync.routes.ts:2584; SQL_INSERT_INTO server/src/routes/webhooks/v8-sync-inbound.routes.ts:93; SQL_INSERT_INTO server/src/services/integrationHubService.ts:950; SQL_INSERT_INTO server/src/services/integrationHubService.ts:984; SQL_FROM server/src/routes/v8/sync.routes.ts:2574,,"{""column"":""organization_id"",""kind"":""DIRECT_COLUMN""}"
public,v8_webhook_registrations,EXPORT,V8_PLATFORM,The live schema proves this tenant-owned relation through an exact organization discriminator or foreign-key path.,SQL_UPDATE server/src/routes/v8/sync.routes.ts:2590; SQL_UPDATE server/src/routes/webhooks/v8-sync-inbound.routes.ts:99; SQL_UPDATE server/src/services/integrationHubService.ts:967; SQL_UPDATE server/src/services/integrationHubService.ts:976; SQL_UPDATE server/src/services/integrationHubService.ts:993,,"{""column"":""organization_id"",""kind"":""DIRECT_COLUMN""}"
public,v8_working_memory_entries,EXPORT,KNOWLEDGE_MATERIALS,The live schema proves this tenant-owned relation through an exact organization discriminator or foreign-key path.,SQL_INSERT_INTO server/src/services/v8/knowledgeRetrievalService.ts:158; SQL_FROM server/src/services/v8/knowledgeRetrievalService.ts:193; SQL_FROM server/src/services/v8/knowledgeRetrievalService.ts:388; SQL_FROM server/src/services/v8/knowledgeRetrievalService.ts:402,,"{""column"":""organization_id"",""kind"":""DIRECT_COLUMN""}"
public,v8_workspace_permissions,EXPORT,V8_PLATFORM,The live schema proves this tenant-owned relation through an exact organization discriminator or foreign-key path.,SQL_INSERT_INTO server/src/services/v8/workspaceGovernanceService.ts:196; SQL_UPDATE server/src/services/v8/workspaceGovernanceService.ts:253; SQL_FROM server/src/services/v8/workspaceGovernanceService.ts:237; SQL_FROM server/src/services/v8/workspaceGovernanceService.ts:264; SQL_FROM server/src/services/v8/workspaceGovernanceService.ts:286,,"{""column"":""organization_id"",""kind"":""DIRECT_COLUMN""}"
public,v8_workspace_sessions,EXPORT,COLLABORATION,The live schema proves this tenant-owned relation through an exact organization discriminator or foreign-key path.,SQL_INSERT_INTO server/src/services/v8/workspaceCollaborationService.ts:143; SQL_UPDATE server/src/services/v8/workspaceCollaborationService.ts:218; SQL_UPDATE server/src/services/v8/workspaceCollaborationService.ts:255; SQL_UPDATE server/src/services/v8/workspaceCollaborationService.ts:292; SQL_UPDATE server/src/services/v8/workspaceCollaborationService.ts:342,,"{""column"":""organization_id"",""kind"":""DIRECT_COLUMN""}"
public,valuation_snapshots,EXPORT,OPERATIONS,The live schema proves this tenant-owned relation through an exact organization discriminator or foreign-key path.,SQL_INSERT_INTO server/src/services/valuationService.ts:1124; SQL_DELETE_FROM server/src/routes/economics.routes.ts:3042; SQL_FROM server/src/routes/v8/finance.routes.ts:4261,,"{""kind"":""FOREIGN_KEY_PATH"",""path"":[{""column"":""valuation_id"",""parentColumn"":""id"",""parentSchema"":""public"",""parentTable"":""valuations""}]}"
public,valuations,EXPORT,OPERATIONS,The live schema proves this tenant-owned relation through an exact organization discriminator or foreign-key path.,SQL_INSERT_INTO server/src/services/valuationService.ts:284; SQL_UPDATE server/src/services/finance/canonical/valuationDiscardService.ts:96; SQL_UPDATE server/src/services/finance/canonical/valuationLegacySuccessorService.ts:227; SQL_UPDATE server/src/services/finance/canonical/valuationNegotiationPackService.ts:180; SQL_UPDATE server/src/services/finance/canonical/valuationPptxExportService.ts:292,,"{""column"":""organization_id"",""kind"":""DIRECT_COLUMN""}"
public,value_baselines,EXPORT,OPERATIONS,The live schema proves this tenant-owned relation through an exact organization discriminator or foreign-key path.,SQL_INSERT_INTO server/src/services/valueLedgerService.ts:214; SQL_UPDATE server/src/services/valueLedgerService.ts:203; SQL_FROM server/src/services/execution/programManagementReportsService.ts:95; SQL_FROM server/src/services/execution/programManagementReportsService.ts:177; SQL_FROM server/src/services/execution/threeAxisReportService.ts:296,,"{""column"":""organization_id"",""kind"":""DIRECT_COLUMN""}"
public,value_capture_gates,EXPORT,OPERATIONS,The live schema proves this tenant-owned relation through an exact organization discriminator or foreign-key path.,SQL_INSERT_INTO server/src/services/valueCapturePipelineService.ts:192; SQL_UPDATE server/src/services/valueCapturePipelineService.ts:239; SQL_FROM server/src/services/valueCapturePipelineService.ts:172; SQL_FROM server/src/services/valueCapturePipelineService.ts:205; SQL_FROM server/src/services/valueCapturePipelineService.ts:223,,"{""column"":""organization_id"",""kind"":""DIRECT_COLUMN""}"
public,value_ledger_entries,EXPORT,OPERATIONS,The live schema proves this tenant-owned relation through an exact organization discriminator or foreign-key path.,SQL_INSERT_INTO server/src/services/valueLedgerService.ts:281; SQL_FROM server/src/services/execution/programManagementReportsService.ts:103; SQL_FROM server/src/services/execution/programManagementReportsService.ts:185; SQL_FROM server/src/services/execution/threeAxisReportService.ts:304; SQL_FROM server/src/services/projectFinanceRollupService.ts:207,,"{""column"":""organization_id"",""kind"":""DIRECT_COLUMN""}"
public,vat_validations,EXCLUDE_SECURITY,NO_PROVABLE_TENANT_BOUNDARY,"The live schema proves no organization discriminator or foreign-key path, so exporting rows could cross tenant boundaries.",staging-schema-inventory.json::public.vat_validations reviewed ownership graph has no tenant path,NO_PROVABLE_TENANT_BOUNDARY,{}
public,vault_folders,EXPORT,KNOWLEDGE_MATERIALS,The live schema proves this tenant-owned relation through an exact organization discriminator or foreign-key path.,SQL_INSERT_INTO server/src/services/KnowledgeService.ts:1111; SQL_UPDATE server/src/services/KnowledgeService.ts:1176; SQL_DELETE_FROM server/src/services/KnowledgeService.ts:1198; SQL_FROM server/src/services/KnowledgeService.ts:1076; SQL_FROM server/src/services/KnowledgeService.ts:1087,,"{""column"":""organization_id"",""kind"":""DIRECT_COLUMN""}"
public,verification_tokens,EXCLUDE_SECURITY,SECURITY_CREDENTIALS_AND_SESSIONS,"The reviewed relation contains authentication, credential, session, recovery, signing, or token-vault material and is excluded in full.",staging-schema-inventory.json::public.verification_tokens; reviewed exact credential identity list,CREDENTIAL_OR_SESSION_MATERIAL,{}
public,virtual_worker_conversations,EXCLUDE_SECURITY,NO_PROVABLE_TENANT_BOUNDARY,"The live schema proves no organization discriminator or foreign-key path, so exporting rows could cross tenant boundaries.",staging-schema-inventory.json::public.virtual_worker_conversations reviewed ownership graph has no tenant path,NO_PROVABLE_TENANT_BOUNDARY,{}
public,virtual_worker_evaluations,EXCLUDE_SECURITY,NO_PROVABLE_TENANT_BOUNDARY,"The live schema proves no organization discriminator or foreign-key path, so exporting rows could cross tenant boundaries.",staging-schema-inventory.json::public.virtual_worker_evaluations reviewed ownership graph has no tenant path,NO_PROVABLE_TENANT_BOUNDARY,{}
public,virtual_worker_insights,EXCLUDE_SECURITY,NO_PROVABLE_TENANT_BOUNDARY,"The live schema proves no organization discriminator or foreign-key path, so exporting rows could cross tenant boundaries.",staging-schema-inventory.json::public.virtual_worker_insights reviewed ownership graph has no tenant path,NO_PROVABLE_TENANT_BOUNDARY,{}
public,virtual_worker_knowledge_assignments,EXCLUDE_SECURITY,NO_PROVABLE_TENANT_BOUNDARY,"The live schema proves no organization discriminator or foreign-key path, so exporting rows could cross tenant boundaries.",staging-schema-inventory.json::public.virtual_worker_knowledge_assignments reviewed ownership graph has no tenant path,NO_PROVABLE_TENANT_BOUNDARY,{}
public,virtual_worker_messages,EXCLUDE_SECURITY,NO_PROVABLE_TENANT_BOUNDARY,"The live schema proves no organization discriminator or foreign-key path, so exporting rows could cross tenant boundaries.",staging-schema-inventory.json::public.virtual_worker_messages reviewed ownership graph has no tenant path,NO_PROVABLE_TENANT_BOUNDARY,{}
public,virtual_worker_profiles,EXCLUDE_SECURITY,NO_PROVABLE_TENANT_BOUNDARY,"The live schema proves no organization discriminator or foreign-key path, so exporting rows could cross tenant boundaries.",staging-schema-inventory.json::public.virtual_worker_profiles reviewed ownership graph has no tenant path,NO_PROVABLE_TENANT_BOUNDARY,{}
public,virtual_worker_releases,EXCLUDE_SECURITY,NO_PROVABLE_TENANT_BOUNDARY,"The live schema proves no organization discriminator or foreign-key path, so exporting rows could cross tenant boundaries.",staging-schema-inventory.json::public.virtual_worker_releases reviewed ownership graph has no tenant path,NO_PROVABLE_TENANT_BOUNDARY,{}
public,virtual_workers,EXCLUDE_SECURITY,NO_PROVABLE_TENANT_BOUNDARY,"The live schema proves no organization discriminator or foreign-key path, so exporting rows could cross tenant boundaries.",staging-schema-inventory.json::public.virtual_workers reviewed ownership graph has no tenant path,NO_PROVABLE_TENANT_BOUNDARY,{}
public,watchlist_items,EXPORT,OPERATIONS,The live schema proves this tenant-owned relation through an exact organization discriminator or foreign-key path.,SQL_INSERT_INTO server/src/services/radar/radarActionService.ts:99; SQL_FROM server/src/services/radar/radarService.ts:258,,"{""column"":""organization_id"",""kind"":""DIRECT_COLUMN""}"
public,wave5_artifact_versions,EXPORT,OPERATIONS,The live schema proves this tenant-owned relation through an exact organization discriminator or foreign-key path.,SQL_INSERT_INTO server/src/services/deliverables/unifiedDocEntityService.ts:312; SQL_INSERT_INTO server/src/services/wave5ArtifactRuntimeService.ts:521; SQL_INSERT_INTO server/src/services/wave5ArtifactRuntimeService.ts:790; SQL_FROM server/src/services/wave5ArtifactRuntimeService.ts:599,,"{""column"":""organization_id"",""kind"":""DIRECT_COLUMN""}"
public,wave5_artifacts,EXPORT,OPERATIONS,The live schema proves this tenant-owned relation through an exact organization discriminator or foreign-key path.,SQL_INSERT_INTO server/src/services/deliverables/unifiedDocEntityService.ts:277; SQL_INSERT_INTO server/src/services/deliverables/unifiedDocEntityService.ts:328; SQL_INSERT_INTO server/src/services/wave5ArtifactRuntimeService.ts:487; SQL_UPDATE server/src/services/deliverables/unifiedDocEntityService.ts:301; SQL_UPDATE server/src/services/wave5ArtifactRuntimeService.ts:665,,"{""column"":""organization_id"",""kind"":""DIRECT_COLUMN""}"
public,wave5_mutation_proposals,EXPORT,OPERATIONS,The live schema proves this tenant-owned relation through an exact organization discriminator or foreign-key path.,SQL_INSERT_INTO server/src/services/wave5ArtifactRuntimeService.ts:647; SQL_UPDATE server/src/services/wave5ArtifactRuntimeService.ts:708; SQL_UPDATE server/src/services/wave5ArtifactRuntimeService.ts:733; SQL_UPDATE server/src/services/wave5ArtifactRuntimeService.ts:770; SQL_FROM server/src/services/wave5ArtifactRuntimeService.ts:679,,"{""column"":""organization_id"",""kind"":""DIRECT_COLUMN""}"
public,wave6_context_ledger,EXPORT,OPERATIONS,The live schema proves this tenant-owned relation through an exact organization discriminator or foreign-key path.,SQL_INSERT_INTO server/src/services/wave6ContextLearningService.ts:313; SQL_UPDATE server/src/services/wave6ContextLearningService.ts:612; SQL_FROM server/src/services/wave6ContextLearningService.ts:330; SQL_FROM server/src/services/wave6ContextLearningService.ts:364,,"{""column"":""organization_id"",""kind"":""DIRECT_COLUMN""}"
public,wave6_context_snapshots,EXPORT,OPERATIONS,The live schema proves this tenant-owned relation through an exact organization discriminator or foreign-key path.,SQL_INSERT_INTO server/src/services/wave6ContextLearningService.ts:275; SQL_FROM server/src/services/wave6ContextLearningService.ts:293; SQL_FROM server/src/services/wave6ContextLearningService.ts:353,,"{""column"":""organization_id"",""kind"":""DIRECT_COLUMN""}"
public,wave6_memory_candidates,EXPORT,OPERATIONS,The live schema proves this tenant-owned relation through an exact organization discriminator or foreign-key path.,SQL_INSERT_INTO server/src/services/wave6ContextLearningService.ts:509; SQL_UPDATE server/src/services/wave6ContextLearningService.ts:580; SQL_FROM server/src/services/wave6ContextLearningService.ts:370; SQL_FROM server/src/services/wave6ContextLearningService.ts:415; SQL_FROM server/src/services/wave6ContextLearningService.ts:528,,"{""column"":""organization_id"",""kind"":""DIRECT_COLUMN""}"
public,wave6_memory_stewardship_decisions,EXPORT,OPERATIONS,The live schema proves this tenant-owned relation through an exact organization discriminator or foreign-key path.,SQL_INSERT_INTO server/src/services/wave6ContextLearningService.ts:586,,"{""column"":""organization_id"",""kind"":""DIRECT_COLUMN""}"
public,wave7_connector_runs,EXPORT,OPERATIONS,The live schema proves this tenant-owned relation through an exact organization discriminator or foreign-key path.,SQL_INSERT_INTO server/src/services/wave7ConnectorRuntimeService.ts:658; SQL_FROM server/src/services/wave7ConnectorRuntimeService.ts:681; SQL_FROM server/src/services/wave7ConnectorRuntimeService.ts:698,,"{""column"":""organization_id"",""kind"":""DIRECT_COLUMN""}"
public,wave7_connectors,EXPORT,OPERATIONS,The live schema proves this tenant-owned relation through an exact organization discriminator or foreign-key path.,SQL_INSERT_INTO server/src/services/wave7ConnectorRuntimeService.ts:243; SQL_UPDATE server/src/services/wave7ConnectorRuntimeService.ts:327; SQL_FROM server/src/services/wave7ConnectorRuntimeService.ts:269; SQL_FROM server/src/services/wave7ConnectorRuntimeService.ts:279; SQL_FROM server/src/services/wave7ConnectorRuntimeService.ts:293,,"{""column"":""organization_id"",""kind"":""DIRECT_COLUMN""}"
public,wave8_agent_definitions,EXPORT,PROJECTS_PMO,The live schema proves this tenant-owned relation through an exact organization discriminator or foreign-key path.,SQL_INSERT_INTO server/src/scripts/t01ProjectTeamRealDbProof.ts:68; SQL_INSERT_INTO server/src/services/wave8AgentRuntimeService.ts:667; SQL_FROM server/src/services/v8/transformationProjectTeamService.ts:103; SQL_FROM server/src/services/wave8AgentRuntimeService.ts:633; SQL_JOIN server/src/services/v8/transformationAgentExecutionContextService.ts:41,,"{""column"":""organization_id"",""kind"":""DIRECT_COLUMN""}"
public,wave8_agent_notifications,EXPORT,OPERATIONS,The live schema proves this tenant-owned relation through an exact organization discriminator or foreign-key path.,SQL_INSERT_INTO server/src/services/wave8AgentRuntimeService.ts:780; SQL_FROM server/src/services/wave8AgentRuntimeService.ts:1527,,"{""column"":""organization_id"",""kind"":""DIRECT_COLUMN""}"
public,wave8_agent_runs,EXPORT,OPERATIONS,The live schema proves this tenant-owned relation through an exact organization discriminator or foreign-key path.,SQL_INSERT_INTO server/src/services/wave8AgentRuntimeService.ts:964; SQL_FROM server/src/services/wave8AgentRuntimeService.ts:1088; SQL_FROM server/src/services/wave8AgentRuntimeService.ts:1143; SQL_FROM server/src/services/wave8AgentRuntimeService.ts:1406,,"{""column"":""organization_id"",""kind"":""DIRECT_COLUMN""}"
public,wave8_agent_schedules,EXPORT,PLATFORM_AI,The live schema proves this tenant-owned relation through an exact organization discriminator or foreign-key path.,SQL_INSERT_INTO server/src/scripts/a04WorkerClaimContextRealDbProof.ts:160; SQL_INSERT_INTO server/src/scripts/a07Wave8ForwardMigrationRealDbProof.ts:58; SQL_INSERT_INTO server/src/services/wave8AgentRuntimeService.ts:1000; SQL_UPDATE server/src/scripts/a07ScheduleRealDbProof.ts:101; SQL_UPDATE server/src/services/wave8AgentRuntimeService.ts:1221,,"{""column"":""organization_id"",""kind"":""DIRECT_COLUMN""}"
public,wave8_agent_tool_governance_events,EXPORT,OPERATIONS,The live schema proves this tenant-owned relation through an exact organization discriminator or foreign-key path.,SQL_INSERT_INTO server/src/scripts/a11OperatorConsoleRealDbProof.ts:113; SQL_INSERT_INTO server/src/services/v8/agentToolExecutionGovernanceService.ts:41; SQL_FROM server/src/scripts/a06AdapterOrchestrationRealDbProof.ts:348; SQL_FROM server/src/scripts/a09AgentToolGovernanceRealDbProof.ts:156; SQL_FROM server/src/scripts/t01InterviewRealDbProof.ts:2611,,"{""column"":""organization_id"",""kind"":""DIRECT_COLUMN""}"
public,wave9_acceptance_decisions,EXPORT,OPERATIONS,The live schema proves this tenant-owned relation through an exact organization discriminator or foreign-key path.,SQL_INSERT_INTO server/src/services/wave9OutcomeRuntimeService.ts:1262,,"{""column"":""organization_id"",""kind"":""DIRECT_COLUMN""}"
public,wave9_acceptance_runs,EXPORT,OPERATIONS,The live schema proves this tenant-owned relation through an exact organization discriminator or foreign-key path.,SQL_INSERT_INTO server/src/services/wave9OutcomeRuntimeService.ts:1055; SQL_FROM server/src/services/wave9OutcomeRuntimeService.ts:785; SQL_FROM server/src/services/wave9OutcomeRuntimeService.ts:1073; SQL_FROM server/src/services/wave9OutcomeRuntimeService.ts:1080,,"{""column"":""organization_id"",""kind"":""DIRECT_COLUMN""}"
public,wave9_eval_runs,EXPORT,OPERATIONS,The live schema proves this tenant-owned relation through an exact organization discriminator or foreign-key path.,SQL_INSERT_INTO server/src/services/wave9OutcomeRuntimeService.ts:1023; SQL_FROM server/src/services/wave9OutcomeRuntimeService.ts:1041; SQL_FROM server/src/services/wave9OutcomeRuntimeService.ts:1130,,"{""column"":""organization_id"",""kind"":""DIRECT_COLUMN""}"
public,wave9_evidence_registry,EXPORT,OPERATIONS,The live schema proves this tenant-owned relation through an exact organization discriminator or foreign-key path.,SQL_INSERT_INTO server/src/services/wave9OutcomeRuntimeService.ts:705; SQL_FROM server/src/services/wave9OutcomeRuntimeService.ts:722; SQL_FROM server/src/services/wave9OutcomeRuntimeService.ts:734; SQL_FROM server/src/services/wave9OutcomeRuntimeService.ts:752; SQL_FROM server/src/services/wave9OutcomeRuntimeService.ts:768,,"{""column"":""organization_id"",""kind"":""DIRECT_COLUMN""}"
public,wave9_incidents,EXPORT,OPERATIONS,The live schema proves this tenant-owned relation through an exact organization discriminator or foreign-key path.,SQL_INSERT_INTO server/src/services/wave9OutcomeRuntimeService.ts:1097; SQL_FROM server/src/services/wave9OutcomeRuntimeService.ts:1114; SQL_FROM server/src/services/wave9OutcomeRuntimeService.ts:1125,,"{""column"":""organization_id"",""kind"":""DIRECT_COLUMN""}"
public,wave9_outcomes,EXPORT,OPERATIONS,The live schema proves this tenant-owned relation through an exact organization discriminator or foreign-key path.,SQL_INSERT_INTO server/src/services/wave9OutcomeRuntimeService.ts:868; SQL_FROM server/src/services/wave9OutcomeRuntimeService.ts:891; SQL_FROM server/src/services/wave9OutcomeRuntimeService.ts:897; SQL_FROM server/src/services/wave9OutcomeRuntimeService.ts:909; SQL_FROM server/src/services/wave9OutcomeRuntimeService.ts:930,,"{""column"":""organization_id"",""kind"":""DIRECT_COLUMN""}"
public,wave9_provider_health,EXPORT,OPERATIONS,The live schema proves this tenant-owned relation through an exact organization discriminator or foreign-key path.,SQL_INSERT_INTO server/src/services/wave9OutcomeRuntimeService.ts:1000; SQL_FROM server/src/services/wave9OutcomeRuntimeService.ts:1014; SQL_FROM server/src/services/wave9OutcomeRuntimeService.ts:1121,,"{""column"":""organization_id"",""kind"":""DIRECT_COLUMN""}"
public,webhook_deliveries,EXPORT,OPERATIONS,The live schema proves this tenant-owned relation through an exact organization discriminator or foreign-key path.,SQL_INSERT_INTO server/src/routes/integrations/webhookSubscriptions.routes.ts:359; SQL_INSERT_INTO server/src/routes/integrations/webhookSubscriptions.routes.ts:376; SQL_INSERT_INTO server/src/services/WebhookService.ts:409; SQL_UPDATE server/src/services/WebhookService.ts:450; SQL_FROM server/src/routes/integrations/webhookSubscriptions.routes.ts:404,,"{""kind"":""FOREIGN_KEY_PATH"",""path"":[{""column"":""webhook_id"",""parentColumn"":""id"",""parentSchema"":""public"",""parentTable"":""webhooks""}]}"
public,webhook_events,EXCLUDE_SECURITY,NO_PROVABLE_TENANT_BOUNDARY,"The live schema proves no organization discriminator or foreign-key path, so exporting rows could cross tenant boundaries.",staging-schema-inventory.json::public.webhook_events reviewed ownership graph has no tenant path,NO_PROVABLE_TENANT_BOUNDARY,{}
public,webhook_retry_queue,EXCLUDE_SECURITY,NO_PROVABLE_TENANT_BOUNDARY,"The live schema proves no organization discriminator or foreign-key path, so exporting rows could cross tenant boundaries.",staging-schema-inventory.json::public.webhook_retry_queue reviewed ownership graph has no tenant path,NO_PROVABLE_TENANT_BOUNDARY,{}
public,webhook_subscriptions,EXCLUDE_SECURITY,SECURITY_CREDENTIALS_AND_SESSIONS,"The reviewed relation contains authentication, credential, session, recovery, signing, or token-vault material and is excluded in full.",staging-schema-inventory.json::public.webhook_subscriptions; reviewed exact credential identity list,CREDENTIAL_OR_SESSION_MATERIAL,{}
public,webhooks,EXCLUDE_SECURITY,SECURITY_CREDENTIALS_AND_SESSIONS,"The reviewed relation contains authentication, credential, session, recovery, signing, or token-vault material and is excluded in full.",staging-schema-inventory.json::public.webhooks; reviewed exact credential identity list,CREDENTIAL_OR_SESSION_MATERIAL,{}
public,white_label_assets,EXCLUDE_SECURITY,ACTIVE_SEMANTIC_POLICY_MISSING,"The relation has a structural tenant path but no active semantic writer or reviewed privacy contract, so export fails closed.",organization-export-semantic-source-index.e1.json::public.white_label_assets ACTIVE_SEMANTIC_SOURCE_MISSING,ACTIVE_SEMANTIC_POLICY_MISSING,{}
public,white_label_config,EXPORT,OPERATIONS,The live schema proves this tenant-owned relation through an exact organization discriminator or foreign-key path.,SQL_INSERT_INTO server/src/services/enterpriseService.ts:380; SQL_UPDATE server/src/services/enterpriseService.ts:374; SQL_FROM server/src/services/enterpriseService.ts:308,,"{""column"":""organization_id"",""kind"":""DIRECT_COLUMN""}"
public,white_label_themes,EXCLUDE_SECURITY,ACTIVE_SEMANTIC_POLICY_MISSING,"The relation has a structural tenant path but no active semantic writer or reviewed privacy contract, so export fails closed.",organization-export-semantic-source-index.e1.json::public.white_label_themes ACTIVE_SEMANTIC_SOURCE_MISSING,ACTIVE_SEMANTIC_POLICY_MISSING,{}
public,work_canvas_drafts,EXPORT,OPERATIONS,The live schema proves this tenant-owned relation through an exact organization discriminator or foreign-key path.,SQL_INSERT_INTO server/src/routes/work-canvas.routes.ts:2581; SQL_INSERT_INTO server/src/routes/work-canvas.routes.ts:2847; SQL_INSERT_INTO server/src/services/workCanvasService.ts:481; SQL_UPDATE server/src/routes/work-canvas.routes.ts:1948; SQL_UPDATE server/src/routes/work-canvas.routes.ts:3638,,"{""column"":""organization_id"",""kind"":""DIRECT_COLUMN""}"
public,work_canvas_ideas,EXPORT,OPERATIONS,The live schema proves this tenant-owned relation through an exact organization discriminator or foreign-key path.,SQL_INSERT_INTO server/src/services/workCanvasService.ts:1132,,"{""column"":""organization_id"",""kind"":""DIRECT_COLUMN""}"
public,work_canvas_proposals,EXPORT,OPERATIONS,The live schema proves this tenant-owned relation through an exact organization discriminator or foreign-key path.,SQL_INSERT_INTO server/src/services/workCanvasService.ts:907; SQL_INSERT_INTO server/src/services/workCanvasService.ts:943; SQL_UPDATE server/src/services/workCanvasService.ts:1412; SQL_UPDATE server/src/services/workCanvasService.ts:1571; SQL_UPDATE server/src/services/workCanvasService.ts:1586,,"{""column"":""organization_id"",""kind"":""DIRECT_COLUMN""}"
public,work_canvas_versions,EXPORT,OPERATIONS,The live schema proves this tenant-owned relation through an exact organization discriminator or foreign-key path.,SQL_INSERT_INTO server/src/routes/work-canvas.routes.ts:1998; SQL_FROM server/src/routes/work-canvas.routes.ts:3699; SQL_FROM server/src/routes/work-canvas.routes.ts:3843; SQL_FROM server/src/routes/work-canvas.routes.ts:3990,,"{""kind"":""FOREIGN_KEY_PATH"",""path"":[{""column"":""draft_id"",""parentColumn"":""id"",""parentSchema"":""public"",""parentTable"":""work_canvas_drafts""}]}"
public,work_signal_runs,EXPORT,OPERATIONS,The live schema proves this tenant-owned relation through an exact organization discriminator or foreign-key path.,SQL_INSERT_INTO server/src/jobs/workSignalProducerJob.ts:27; SQL_INSERT_INTO server/src/services/signals/signalEvaluator.ts:47; SQL_INSERT_INTO server/src/services/signals/signalInterpreter.ts:183; SQL_UPDATE server/src/services/signals/signalEvaluator.ts:201; SQL_UPDATE server/src/services/signals/signalEvaluator.ts:235,,"{""column"":""organization_id"",""kind"":""DIRECT_COLUMN""}"
public,work_signals,EXPORT,OPERATIONS,The live schema proves this tenant-owned relation through an exact organization discriminator or foreign-key path.,SQL_INSERT_INTO server/src/services/signals/signalEvaluator.ts:141; SQL_INSERT_INTO server/src/services/signals/signalInterpreter.ts:255; SQL_UPDATE server/src/services/signals/signalEvaluator.ts:92; SQL_UPDATE server/src/services/signals/signalEvaluator.ts:103; SQL_UPDATE server/src/services/signals/signalEvaluator.ts:113,,"{""column"":""organization_id"",""kind"":""DIRECT_COLUMN""}"
public,workstreams,EXPORT,OPERATIONS,The live schema proves this tenant-owned relation through an exact organization discriminator or foreign-key path.,SQL_INSERT_INTO server/src/routes/pmo/workstreams.routes.ts:189; SQL_UPDATE server/src/routes/pmo/workstreams.routes.ts:298; SQL_DELETE_FROM server/src/routes/pmo/workstreams.routes.ts:333; SQL_FROM server/src/controllers/ProjectController.ts:337; SQL_FROM server/src/controllers/TaskController.ts:1221,,"{""kind"":""FOREIGN_KEY_PATH"",""path"":[{""column"":""project_id"",""parentColumn"":""id"",""parentSchema"":""public"",""parentTable"":""projects""}]}"
public,z139_backup_919_decisions,EXCLUDE_SECURITY,ACTIVE_SEMANTIC_POLICY_MISSING,"The relation has a structural tenant path but no active semantic writer or reviewed privacy contract, so export fails closed.",organization-export-semantic-source-index.e1.json::public.z139_backup_919_decisions ACTIVE_SEMANTIC_SOURCE_MISSING,ACTIVE_SEMANTIC_POLICY_MISSING,{}
public,z139_backup_919_initiative_kpis,EXCLUDE_SECURITY,ACTIVE_SEMANTIC_POLICY_MISSING,"The relation has a structural tenant path but no active semantic writer or reviewed privacy contract, so export fails closed.",organization-export-semantic-source-index.e1.json::public.z139_backup_919_initiative_kpis ACTIVE_SEMANTIC_SOURCE_MISSING,ACTIVE_SEMANTIC_POLICY_MISSING,{}
public,z139_backup_919_initiatives,EXCLUDE_SECURITY,ACTIVE_SEMANTIC_POLICY_MISSING,"The relation has a structural tenant path but no active semantic writer or reviewed privacy contract, so export fails closed.",organization-export-semantic-source-index.e1.json::public.z139_backup_919_initiatives ACTIVE_SEMANTIC_SOURCE_MISSING,ACTIVE_SEMANTIC_POLICY_MISSING,{}
public,z139_backup_919_interview_insights,EXCLUDE_SECURITY,ACTIVE_SEMANTIC_POLICY_MISSING,"The relation has a structural tenant path but no active semantic writer or reviewed privacy contract, so export fails closed.",organization-export-semantic-source-index.e1.json::public.z139_backup_919_interview_insights ACTIVE_SEMANTIC_SOURCE_MISSING,ACTIVE_SEMANTIC_POLICY_MISSING,{}
public,z139_backup_919_notebook_pages,EXCLUDE_SECURITY,ACTIVE_SEMANTIC_POLICY_MISSING,"The relation has a structural tenant path but no active semantic writer or reviewed privacy contract, so export fails closed.",organization-export-semantic-source-index.e1.json::public.z139_backup_919_notebook_pages ACTIVE_SEMANTIC_SOURCE_MISSING,ACTIVE_SEMANTIC_POLICY_MISSING,{}
public,z139_backup_919_notebooks,EXCLUDE_SECURITY,ACTIVE_SEMANTIC_POLICY_MISSING,"The relation has a structural tenant path but no active semantic writer or reviewed privacy contract, so export fails closed.",organization-export-semantic-source-index.e1.json::public.z139_backup_919_notebooks ACTIVE_SEMANTIC_SOURCE_MISSING,ACTIVE_SEMANTIC_POLICY_MISSING,{}
public,z139_backup_919_raid_items,EXCLUDE_SECURITY,ACTIVE_SEMANTIC_POLICY_MISSING,"The relation has a structural tenant path but no active semantic writer or reviewed privacy contract, so export fails closed.",organization-export-semantic-source-index.e1.json::public.z139_backup_919_raid_items ACTIVE_SEMANTIC_SOURCE_MISSING,ACTIVE_SEMANTIC_POLICY_MISSING,{}
public,z139_backup_919_tasks,EXCLUDE_SECURITY,ACTIVE_SEMANTIC_POLICY_MISSING,"The relation has a structural tenant path but no active semantic writer or reviewed privacy contract, so export fails closed.",organization-export-semantic-source-index.e1.json::public.z139_backup_919_tasks ACTIVE_SEMANTIC_SOURCE_MISSING,ACTIVE_SEMANTIC_POLICY_MISSING,{}
public,z139_backup_919_work_canvas_drafts,EXCLUDE_SECURITY,ACTIVE_SEMANTIC_POLICY_MISSING,"The relation has a structural tenant path but no active semantic writer or reviewed privacy contract, so export fails closed.",organization-export-semantic-source-index.e1.json::public.z139_backup_919_work_canvas_drafts ACTIVE_SEMANTIC_SOURCE_MISSING,ACTIVE_SEMANTIC_POLICY_MISSING,{}
public,z139_backup_919_work_canvas_versions,EXCLUDE_SECURITY,NO_PROVABLE_TENANT_BOUNDARY,"The live schema proves no organization discriminator or foreign-key path, so exporting rows could cross tenant boundaries.",staging-schema-inventory.json::public.z139_backup_919_work_canvas_versions reviewed ownership graph has no tenant path,NO_PROVABLE_TENANT_BOUNDARY,{}
public,z139_backup_t5_notebook_pages_title,EXCLUDE_SECURITY,NO_PROVABLE_TENANT_BOUNDARY,"The live schema proves no organization discriminator or foreign-key path, so exporting rows could cross tenant boundaries.",staging-schema-inventory.json::public.z139_backup_t5_notebook_pages_title reviewed ownership graph has no tenant path,NO_PROVABLE_TENANT_BOUNDARY,{}
v8,v8_action_proposals,EXCLUDE_SECURITY,ACTIVE_SEMANTIC_POLICY_MISSING,"The relation has a structural tenant path but no active semantic writer or reviewed privacy contract, so export fails closed.",organization-export-semantic-source-index.e1.json::v8.v8_action_proposals ACTIVE_SEMANTIC_SOURCE_MISSING,ACTIVE_SEMANTIC_POLICY_MISSING,{}
v8,v8_activity_feed,EXCLUDE_SECURITY,ACTIVE_SEMANTIC_POLICY_MISSING,"The relation has a structural tenant path but no active semantic writer or reviewed privacy contract, so export fails closed.",organization-export-semantic-source-index.e1.json::v8.v8_activity_feed ACTIVE_SEMANTIC_SOURCE_MISSING,ACTIVE_SEMANTIC_POLICY_MISSING,{}
v8,v8_admin_rebind_records,EXCLUDE_SECURITY,ACTIVE_SEMANTIC_POLICY_MISSING,"The relation has a structural tenant path but no active semantic writer or reviewed privacy contract, so export fails closed.",organization-export-semantic-source-index.e1.json::v8.v8_admin_rebind_records ACTIVE_SEMANTIC_SOURCE_MISSING,ACTIVE_SEMANTIC_POLICY_MISSING,{}
v8,v8_admin_surface_ownership,EXCLUDE_SECURITY,ACTIVE_SEMANTIC_POLICY_MISSING,"The relation has a structural tenant path but no active semantic writer or reviewed privacy contract, so export fails closed.",organization-export-semantic-source-index.e1.json::v8.v8_admin_surface_ownership ACTIVE_SEMANTIC_SOURCE_MISSING,ACTIVE_SEMANTIC_POLICY_MISSING,{}
v8,v8_ai_proposal_visibility,EXCLUDE_SECURITY,ACTIVE_SEMANTIC_POLICY_MISSING,"The relation has a structural tenant path but no active semantic writer or reviewed privacy contract, so export fails closed.",organization-export-semantic-source-index.e1.json::v8.v8_ai_proposal_visibility ACTIVE_SEMANTIC_SOURCE_MISSING,ACTIVE_SEMANTIC_POLICY_MISSING,{}
v8,v8_ai_suggestions,EXCLUDE_SECURITY,ACTIVE_SEMANTIC_POLICY_MISSING,"The relation has a structural tenant path but no active semantic writer or reviewed privacy contract, so export fails closed.",organization-export-semantic-source-index.e1.json::v8.v8_ai_suggestions ACTIVE_SEMANTIC_SOURCE_MISSING,ACTIVE_SEMANTIC_POLICY_MISSING,{}
v8,v8_anna_lp_configs,EXCLUDE_SECURITY,ACTIVE_SEMANTIC_POLICY_MISSING,"The relation has a structural tenant path but no active semantic writer or reviewed privacy contract, so export fails closed.",organization-export-semantic-source-index.e1.json::v8.v8_anna_lp_configs ACTIVE_SEMANTIC_SOURCE_MISSING,ACTIVE_SEMANTIC_POLICY_MISSING,{}
v8,v8_audit_entries,EXCLUDE_SECURITY,ACTIVE_SEMANTIC_POLICY_MISSING,"The relation has a structural tenant path but no active semantic writer or reviewed privacy contract, so export fails closed.",organization-export-semantic-source-index.e1.json::v8.v8_audit_entries ACTIVE_SEMANTIC_SOURCE_MISSING,ACTIVE_SEMANTIC_POLICY_MISSING,{}
v8,v8_auth_escalations,EXCLUDE_SECURITY,ACTIVE_SEMANTIC_POLICY_MISSING,"The relation has a structural tenant path but no active semantic writer or reviewed privacy contract, so export fails closed.",organization-export-semantic-source-index.e1.json::v8.v8_auth_escalations ACTIVE_SEMANTIC_SOURCE_MISSING,ACTIVE_SEMANTIC_POLICY_MISSING,{}
v8,v8_business_object_sync_states,EXCLUDE_SECURITY,ACTIVE_SEMANTIC_POLICY_MISSING,"The relation has a structural tenant path but no active semantic writer or reviewed privacy contract, so export fails closed.",organization-export-semantic-source-index.e1.json::v8.v8_business_object_sync_states ACTIVE_SEMANTIC_SOURCE_MISSING,ACTIVE_SEMANTIC_POLICY_MISSING,{}
v8,v8_calendar_phases,EXCLUDE_SECURITY,ACTIVE_SEMANTIC_POLICY_MISSING,"The relation has a structural tenant path but no active semantic writer or reviewed privacy contract, so export fails closed.",organization-export-semantic-source-index.e1.json::v8.v8_calendar_phases ACTIVE_SEMANTIC_SOURCE_MISSING,ACTIVE_SEMANTIC_POLICY_MISSING,{}
v8,v8_canary_configs,EXCLUDE_SECURITY,ACTIVE_SEMANTIC_POLICY_MISSING,"The relation has a structural tenant path but no active semantic writer or reviewed privacy contract, so export fails closed.",organization-export-semantic-source-index.e1.json::v8.v8_canary_configs ACTIVE_SEMANTIC_SOURCE_MISSING,ACTIVE_SEMANTIC_POLICY_MISSING,{}
v8,v8_canonical_object_states,EXCLUDE_SECURITY,ACTIVE_SEMANTIC_POLICY_MISSING,"The relation has a structural tenant path but no active semantic writer or reviewed privacy contract, so export fails closed.",organization-export-semantic-source-index.e1.json::v8.v8_canonical_object_states ACTIVE_SEMANTIC_SOURCE_MISSING,ACTIVE_SEMANTIC_POLICY_MISSING,{}
v8,v8_chat_action_proposals,EXCLUDE_SECURITY,ACTIVE_SEMANTIC_POLICY_MISSING,"The relation has a structural tenant path but no active semantic writer or reviewed privacy contract, so export fails closed.",organization-export-semantic-source-index.e1.json::v8.v8_chat_action_proposals ACTIVE_SEMANTIC_SOURCE_MISSING,ACTIVE_SEMANTIC_POLICY_MISSING,{}
v8,v8_chat_execution_handoffs,EXCLUDE_SECURITY,ACTIVE_SEMANTIC_POLICY_MISSING,"The relation has a structural tenant path but no active semantic writer or reviewed privacy contract, so export fails closed.",organization-export-semantic-source-index.e1.json::v8.v8_chat_execution_handoffs ACTIVE_SEMANTIC_SOURCE_MISSING,ACTIVE_SEMANTIC_POLICY_MISSING,{}
v8,v8_cloud_linked_source_refreshes,EXCLUDE_SECURITY,ACTIVE_SEMANTIC_POLICY_MISSING,"The relation has a structural tenant path but no active semantic writer or reviewed privacy contract, so export fails closed.",organization-export-semantic-source-index.e1.json::v8.v8_cloud_linked_source_refreshes ACTIVE_SEMANTIC_SOURCE_MISSING,ACTIVE_SEMANTIC_POLICY_MISSING,{}
v8,v8_collaboration_events,EXCLUDE_SECURITY,ACTIVE_SEMANTIC_POLICY_MISSING,"The relation has a structural tenant path but no active semantic writer or reviewed privacy contract, so export fails closed.",organization-export-semantic-source-index.e1.json::v8.v8_collaboration_events ACTIVE_SEMANTIC_SOURCE_MISSING,ACTIVE_SEMANTIC_POLICY_MISSING,{}
v8,v8_collaboration_rooms,EXCLUDE_SECURITY,ACTIVE_SEMANTIC_POLICY_MISSING,"The relation has a structural tenant path but no active semantic writer or reviewed privacy contract, so export fails closed.",organization-export-semantic-source-index.e1.json::v8.v8_collaboration_rooms ACTIVE_SEMANTIC_SOURCE_MISSING,ACTIVE_SEMANTIC_POLICY_MISSING,{}
v8,v8_collaborative_decisions,EXCLUDE_SECURITY,ACTIVE_SEMANTIC_POLICY_MISSING,"The relation has a structural tenant path but no active semantic writer or reviewed privacy contract, so export fails closed.",organization-export-semantic-source-index.e1.json::v8.v8_collaborative_decisions ACTIVE_SEMANTIC_SOURCE_MISSING,ACTIVE_SEMANTIC_POLICY_MISSING,{}
v8,v8_compliance_checks,EXCLUDE_SECURITY,ACTIVE_SEMANTIC_POLICY_MISSING,"The relation has a structural tenant path but no active semantic writer or reviewed privacy contract, so export fails closed.",organization-export-semantic-source-index.e1.json::v8.v8_compliance_checks ACTIVE_SEMANTIC_SOURCE_MISSING,ACTIVE_SEMANTIC_POLICY_MISSING,{}
v8,v8_concurrency_strategies,EXCLUDE_SECURITY,ACTIVE_SEMANTIC_POLICY_MISSING,"The relation has a structural tenant path but no active semantic writer or reviewed privacy contract, so export fails closed.",organization-export-semantic-source-index.e1.json::v8.v8_concurrency_strategies ACTIVE_SEMANTIC_SOURCE_MISSING,ACTIVE_SEMANTIC_POLICY_MISSING,{}
v8,v8_conflict_records,EXCLUDE_SECURITY,ACTIVE_SEMANTIC_POLICY_MISSING,"The relation has a structural tenant path but no active semantic writer or reviewed privacy contract, so export fails closed.",organization-export-semantic-source-index.e1.json::v8.v8_conflict_records ACTIVE_SEMANTIC_SOURCE_MISSING,ACTIVE_SEMANTIC_POLICY_MISSING,{}
v8,v8_conflict_resolutions,EXCLUDE_SECURITY,ACTIVE_SEMANTIC_POLICY_MISSING,"The relation has a structural tenant path but no active semantic writer or reviewed privacy contract, so export fails closed.",organization-export-semantic-source-index.e1.json::v8.v8_conflict_resolutions ACTIVE_SEMANTIC_SOURCE_MISSING,ACTIVE_SEMANTIC_POLICY_MISSING,{}
v8,v8_connection_credentials,EXCLUDE_SECURITY,ACTIVE_SEMANTIC_POLICY_MISSING,"The relation has a structural tenant path but no active semantic writer or reviewed privacy contract, so export fails closed.",organization-export-semantic-source-index.e1.json::v8.v8_connection_credentials ACTIVE_SEMANTIC_SOURCE_MISSING,ACTIVE_SEMANTIC_POLICY_MISSING,{}
v8,v8_connector_auth_states,EXCLUDE_SECURITY,ACTIVE_SEMANTIC_POLICY_MISSING,"The relation has a structural tenant path but no active semantic writer or reviewed privacy contract, so export fails closed.",organization-export-semantic-source-index.e1.json::v8.v8_connector_auth_states ACTIVE_SEMANTIC_SOURCE_MISSING,ACTIVE_SEMANTIC_POLICY_MISSING,{}
v8,v8_connector_fleet_health,EXCLUDE_SECURITY,ACTIVE_SEMANTIC_POLICY_MISSING,"The relation has a structural tenant path but no active semantic writer or reviewed privacy contract, so export fails closed.",organization-export-semantic-source-index.e1.json::v8.v8_connector_fleet_health ACTIVE_SEMANTIC_SOURCE_MISSING,ACTIVE_SEMANTIC_POLICY_MISSING,{}
v8,v8_connector_packages,EXCLUDE_SECURITY,NO_PROVABLE_TENANT_BOUNDARY,"The live schema proves no organization discriminator or foreign-key path, so exporting rows could cross tenant boundaries.",staging-schema-inventory.json::v8.v8_connector_packages reviewed ownership graph has no tenant path,NO_PROVABLE_TENANT_BOUNDARY,{}
v8,v8_consumer_tool_policies,EXCLUDE_SECURITY,ACTIVE_SEMANTIC_POLICY_MISSING,"The relation has a structural tenant path but no active semantic writer or reviewed privacy contract, so export fails closed.",organization-export-semantic-source-index.e1.json::v8.v8_consumer_tool_policies ACTIVE_SEMANTIC_SOURCE_MISSING,ACTIVE_SEMANTIC_POLICY_MISSING,{}
v8,v8_content_governance,EXCLUDE_SECURITY,ACTIVE_SEMANTIC_POLICY_MISSING,"The relation has a structural tenant path but no active semantic writer or reviewed privacy contract, so export fails closed.",organization-export-semantic-source-index.e1.json::v8.v8_content_governance ACTIVE_SEMANTIC_SOURCE_MISSING,ACTIVE_SEMANTIC_POLICY_MISSING,{}
v8,v8_context_snapshots,EXCLUDE_SECURITY,ACTIVE_SEMANTIC_POLICY_MISSING,"The relation has a structural tenant path but no active semantic writer or reviewed privacy contract, so export fails closed.",organization-export-semantic-source-index.e1.json::v8.v8_context_snapshots ACTIVE_SEMANTIC_SOURCE_MISSING,ACTIVE_SEMANTIC_POLICY_MISSING,{}
v8,v8_coordinated_publishes,EXCLUDE_SECURITY,ACTIVE_SEMANTIC_POLICY_MISSING,"The relation has a structural tenant path but no active semantic writer or reviewed privacy contract, so export fails closed.",organization-export-semantic-source-index.e1.json::v8.v8_coordinated_publishes ACTIVE_SEMANTIC_SOURCE_MISSING,ACTIVE_SEMANTIC_POLICY_MISSING,{}
v8,v8_cross_initiative_dependencies,EXCLUDE_SECURITY,ACTIVE_SEMANTIC_POLICY_MISSING,"The relation has a structural tenant path but no active semantic writer or reviewed privacy contract, so export fails closed.",organization-export-semantic-source-index.e1.json::v8.v8_cross_initiative_dependencies ACTIVE_SEMANTIC_SOURCE_MISSING,ACTIVE_SEMANTIC_POLICY_MISSING,{}
v8,v8_cross_module_activity,EXCLUDE_SECURITY,ACTIVE_SEMANTIC_POLICY_MISSING,"The relation has a structural tenant path but no active semantic writer or reviewed privacy contract, so export fails closed.",organization-export-semantic-source-index.e1.json::v8.v8_cross_module_activity ACTIVE_SEMANTIC_SOURCE_MISSING,ACTIVE_SEMANTIC_POLICY_MISSING,{}
v8,v8_dead_letter_records,EXCLUDE_SECURITY,ACTIVE_SEMANTIC_POLICY_MISSING,"The relation has a structural tenant path but no active semantic writer or reviewed privacy contract, so export fails closed.",organization-export-semantic-source-index.e1.json::v8.v8_dead_letter_records ACTIVE_SEMANTIC_SOURCE_MISSING,ACTIVE_SEMANTIC_POLICY_MISSING,{}
v8,v8_decision_chains,EXCLUDE_SECURITY,ACTIVE_SEMANTIC_POLICY_MISSING,"The relation has a structural tenant path but no active semantic writer or reviewed privacy contract, so export fails closed.",organization-export-semantic-source-index.e1.json::v8.v8_decision_chains ACTIVE_SEMANTIC_SOURCE_MISSING,ACTIVE_SEMANTIC_POLICY_MISSING,{}
v8,v8_degraded_conditions,EXCLUDE_SECURITY,ACTIVE_SEMANTIC_POLICY_MISSING,"The relation has a structural tenant path but no active semantic writer or reviewed privacy contract, so export fails closed.",organization-export-semantic-source-index.e1.json::v8.v8_degraded_conditions ACTIVE_SEMANTIC_SOURCE_MISSING,ACTIVE_SEMANTIC_POLICY_MISSING,{}
v8,v8_demo_trial_configs,EXCLUDE_SECURITY,ACTIVE_SEMANTIC_POLICY_MISSING,"The relation has a structural tenant path but no active semantic writer or reviewed privacy contract, so export fails closed.",organization-export-semantic-source-index.e1.json::v8.v8_demo_trial_configs ACTIVE_SEMANTIC_SOURCE_MISSING,ACTIVE_SEMANTIC_POLICY_MISSING,{}
v8,v8_deviation_records,EXCLUDE_SECURITY,ACTIVE_SEMANTIC_POLICY_MISSING,"The relation has a structural tenant path but no active semantic writer or reviewed privacy contract, so export fails closed.",organization-export-semantic-source-index.e1.json::v8.v8_deviation_records ACTIVE_SEMANTIC_SOURCE_MISSING,ACTIVE_SEMANTIC_POLICY_MISSING,{}
v8,v8_emergency_pauses,EXCLUDE_SECURITY,ACTIVE_SEMANTIC_POLICY_MISSING,"The relation has a structural tenant path but no active semantic writer or reviewed privacy contract, so export fails closed.",organization-export-semantic-source-index.e1.json::v8.v8_emergency_pauses ACTIVE_SEMANTIC_SOURCE_MISSING,ACTIVE_SEMANTIC_POLICY_MISSING,{}
v8,v8_eval_gates,EXCLUDE_SECURITY,ACTIVE_SEMANTIC_POLICY_MISSING,"The relation has a structural tenant path but no active semantic writer or reviewed privacy contract, so export fails closed.",organization-export-semantic-source-index.e1.json::v8.v8_eval_gates ACTIVE_SEMANTIC_SOURCE_MISSING,ACTIVE_SEMANTIC_POLICY_MISSING,{}
v8,v8_execution_runs,EXCLUDE_SECURITY,ACTIVE_SEMANTIC_POLICY_MISSING,"The relation has a structural tenant path but no active semantic writer or reviewed privacy contract, so export fails closed.",organization-export-semantic-source-index.e1.json::v8.v8_execution_runs ACTIVE_SEMANTIC_SOURCE_MISSING,ACTIVE_SEMANTIC_POLICY_MISSING,{}
v8,v8_execution_signals,EXCLUDE_SECURITY,ACTIVE_SEMANTIC_POLICY_MISSING,"The relation has a structural tenant path but no active semantic writer or reviewed privacy contract, so export fails closed.",organization-export-semantic-source-index.e1.json::v8.v8_execution_signals ACTIVE_SEMANTIC_SOURCE_MISSING,ACTIVE_SEMANTIC_POLICY_MISSING,{}
v8,v8_executive_review_packs,EXCLUDE_SECURITY,ACTIVE_SEMANTIC_POLICY_MISSING,"The relation has a structural tenant path but no active semantic writer or reviewed privacy contract, so export fails closed.",organization-export-semantic-source-index.e1.json::v8.v8_executive_review_packs ACTIVE_SEMANTIC_SOURCE_MISSING,ACTIVE_SEMANTIC_POLICY_MISSING,{}
v8,v8_facilitation_sessions,EXCLUDE_SECURITY,ACTIVE_SEMANTIC_POLICY_MISSING,"The relation has a structural tenant path but no active semantic writer or reviewed privacy contract, so export fails closed.",organization-export-semantic-source-index.e1.json::v8.v8_facilitation_sessions ACTIVE_SEMANTIC_SOURCE_MISSING,ACTIVE_SEMANTIC_POLICY_MISSING,{}
v8,v8_feature_flags,EXPORT,V8_PLATFORM,The live schema proves this tenant-owned relation through an exact organization discriminator or foreign-key path.,SQL_FROM server/src/services/v8/featureFlagService.ts:63; SQL_FROM server/src/services/v8/featureFlagService.ts:213; SQL_FROM server/src/services/v8/featureFlagService.ts:245,,"{""column"":""organization_id"",""kind"":""DIRECT_COLUMN""}"
v8,v8_finance_document_ingestions,EXCLUDE_SECURITY,ACTIVE_SEMANTIC_POLICY_MISSING,"The relation has a structural tenant path but no active semantic writer or reviewed privacy contract, so export fails closed.",organization-export-semantic-source-index.e1.json::v8.v8_finance_document_ingestions ACTIVE_SEMANTIC_SOURCE_MISSING,ACTIVE_SEMANTIC_POLICY_MISSING,{}
v8,v8_finance_locked_states,EXCLUDE_SECURITY,ACTIVE_SEMANTIC_POLICY_MISSING,"The relation has a structural tenant path but no active semantic writer or reviewed privacy contract, so export fails closed.",organization-export-semantic-source-index.e1.json::v8.v8_finance_locked_states ACTIVE_SEMANTIC_SOURCE_MISSING,ACTIVE_SEMANTIC_POLICY_MISSING,{}
v8,v8_governance_sensitive_fields,EXCLUDE_SECURITY,ACTIVE_SEMANTIC_POLICY_MISSING,"The relation has a structural tenant path but no active semantic writer or reviewed privacy contract, so export fails closed.",organization-export-semantic-source-index.e1.json::v8.v8_governance_sensitive_fields ACTIVE_SEMANTIC_SOURCE_MISSING,ACTIVE_SEMANTIC_POLICY_MISSING,{}
v8,v8_health_signals,EXCLUDE_SECURITY,ACTIVE_SEMANTIC_POLICY_MISSING,"The relation has a structural tenant path but no active semantic writer or reviewed privacy contract, so export fails closed.",organization-export-semantic-source-index.e1.json::v8.v8_health_signals ACTIVE_SEMANTIC_SOURCE_MISSING,ACTIVE_SEMANTIC_POLICY_MISSING,{}
v8,v8_home_block_maturity,EXCLUDE_SECURITY,ACTIVE_SEMANTIC_POLICY_MISSING,"The relation has a structural tenant path but no active semantic writer or reviewed privacy contract, so export fails closed.",organization-export-semantic-source-index.e1.json::v8.v8_home_block_maturity ACTIVE_SEMANTIC_SOURCE_MISSING,ACTIVE_SEMANTIC_POLICY_MISSING,{}
v8,v8_inbox_materializations,EXCLUDE_SECURITY,ACTIVE_SEMANTIC_POLICY_MISSING,"The relation has a structural tenant path but no active semantic writer or reviewed privacy contract, so export fails closed.",organization-export-semantic-source-index.e1.json::v8.v8_inbox_materializations ACTIVE_SEMANTIC_SOURCE_MISSING,ACTIVE_SEMANTIC_POLICY_MISSING,{}
v8,v8_initiative_decompositions,EXCLUDE_SECURITY,ACTIVE_SEMANTIC_POLICY_MISSING,"The relation has a structural tenant path but no active semantic writer or reviewed privacy contract, so export fails closed.",organization-export-semantic-source-index.e1.json::v8.v8_initiative_decompositions ACTIVE_SEMANTIC_SOURCE_MISSING,ACTIVE_SEMANTIC_POLICY_MISSING,{}
v8,v8_initiative_economics_linkages,EXCLUDE_SECURITY,ACTIVE_SEMANTIC_POLICY_MISSING,"The relation has a structural tenant path but no active semantic writer or reviewed privacy contract, so export fails closed.",organization-export-semantic-source-index.e1.json::v8.v8_initiative_economics_linkages ACTIVE_SEMANTIC_SOURCE_MISSING,ACTIVE_SEMANTIC_POLICY_MISSING,{}
v8,v8_initiative_entrypoints,EXCLUDE_SECURITY,ACTIVE_SEMANTIC_POLICY_MISSING,"The relation has a structural tenant path but no active semantic writer or reviewed privacy contract, so export fails closed.",organization-export-semantic-source-index.e1.json::v8.v8_initiative_entrypoints ACTIVE_SEMANTIC_SOURCE_MISSING,ACTIVE_SEMANTIC_POLICY_MISSING,{}
v8,v8_initiative_materializations,EXCLUDE_SECURITY,ACTIVE_SEMANTIC_POLICY_MISSING,"The relation has a structural tenant path but no active semantic writer or reviewed privacy contract, so export fails closed.",organization-export-semantic-source-index.e1.json::v8.v8_initiative_materializations ACTIVE_SEMANTIC_SOURCE_MISSING,ACTIVE_SEMANTIC_POLICY_MISSING,{}
v8,v8_kpi_definitions,EXCLUDE_SECURITY,ACTIVE_SEMANTIC_POLICY_MISSING,"The relation has a structural tenant path but no active semantic writer or reviewed privacy contract, so export fails closed.",organization-export-semantic-source-index.e1.json::v8.v8_kpi_definitions ACTIVE_SEMANTIC_SOURCE_MISSING,ACTIVE_SEMANTIC_POLICY_MISSING,{}
v8,v8_kpi_finance_reconciliations,EXCLUDE_SECURITY,ACTIVE_SEMANTIC_POLICY_MISSING,"The relation has a structural tenant path but no active semantic writer or reviewed privacy contract, so export fails closed.",organization-export-semantic-source-index.e1.json::v8.v8_kpi_finance_reconciliations ACTIVE_SEMANTIC_SOURCE_MISSING,ACTIVE_SEMANTIC_POLICY_MISSING,{}
v8,v8_landing_page_sections,EXCLUDE_SECURITY,ACTIVE_SEMANTIC_POLICY_MISSING,"The relation has a structural tenant path but no active semantic writer or reviewed privacy contract, so export fails closed.",organization-export-semantic-source-index.e1.json::v8.v8_landing_page_sections ACTIVE_SEMANTIC_SOURCE_MISSING,ACTIVE_SEMANTIC_POLICY_MISSING,{}
v8,v8_lock_records,EXCLUDE_SECURITY,ACTIVE_SEMANTIC_POLICY_MISSING,"The relation has a structural tenant path but no active semantic writer or reviewed privacy contract, so export fails closed.",organization-export-semantic-source-index.e1.json::v8.v8_lock_records ACTIVE_SEMANTIC_SOURCE_MISSING,ACTIVE_SEMANTIC_POLICY_MISSING,{}
v8,v8_memory_promotion_requests,EXCLUDE_SECURITY,ACTIVE_SEMANTIC_POLICY_MISSING,"The relation has a structural tenant path but no active semantic writer or reviewed privacy contract, so export fails closed.",organization-export-semantic-source-index.e1.json::v8.v8_memory_promotion_requests ACTIVE_SEMANTIC_SOURCE_MISSING,ACTIVE_SEMANTIC_POLICY_MISSING,{}
v8,v8_notification_records,EXCLUDE_SECURITY,ACTIVE_SEMANTIC_POLICY_MISSING,"The relation has a structural tenant path but no active semantic writer or reviewed privacy contract, so export fails closed.",organization-export-semantic-source-index.e1.json::v8.v8_notification_records ACTIVE_SEMANTIC_SOURCE_MISSING,ACTIVE_SEMANTIC_POLICY_MISSING,{}
v8,v8_notification_triggers,EXCLUDE_SECURITY,ACTIVE_SEMANTIC_POLICY_MISSING,"The relation has a structural tenant path but no active semantic writer or reviewed privacy contract, so export fails closed.",organization-export-semantic-source-index.e1.json::v8.v8_notification_triggers ACTIVE_SEMANTIC_SOURCE_MISSING,ACTIVE_SEMANTIC_POLICY_MISSING,{}
v8,v8_output_ai_governance,EXCLUDE_SECURITY,ACTIVE_SEMANTIC_POLICY_MISSING,"The relation has a structural tenant path but no active semantic writer or reviewed privacy contract, so export fails closed.",organization-export-semantic-source-index.e1.json::v8.v8_output_ai_governance ACTIVE_SEMANTIC_SOURCE_MISSING,ACTIVE_SEMANTIC_POLICY_MISSING,{}
v8,v8_output_artifacts,EXCLUDE_SECURITY,ACTIVE_SEMANTIC_POLICY_MISSING,"The relation has a structural tenant path but no active semantic writer or reviewed privacy contract, so export fails closed.",organization-export-semantic-source-index.e1.json::v8.v8_output_artifacts ACTIVE_SEMANTIC_SOURCE_MISSING,ACTIVE_SEMANTIC_POLICY_MISSING,{}
v8,v8_output_exports,EXCLUDE_SECURITY,ACTIVE_SEMANTIC_POLICY_MISSING,"The relation has a structural tenant path but no active semantic writer or reviewed privacy contract, so export fails closed.",organization-export-semantic-source-index.e1.json::v8.v8_output_exports ACTIVE_SEMANTIC_SOURCE_MISSING,ACTIVE_SEMANTIC_POLICY_MISSING,{}
v8,v8_output_recalls,EXCLUDE_SECURITY,ACTIVE_SEMANTIC_POLICY_MISSING,"The relation has a structural tenant path but no active semantic writer or reviewed privacy contract, so export fails closed.",organization-export-semantic-source-index.e1.json::v8.v8_output_recalls ACTIVE_SEMANTIC_SOURCE_MISSING,ACTIVE_SEMANTIC_POLICY_MISSING,{}
v8,v8_platform_seam_registry,EXCLUDE_SECURITY,ACTIVE_SEMANTIC_POLICY_MISSING,"The relation has a structural tenant path but no active semantic writer or reviewed privacy contract, so export fails closed.",organization-export-semantic-source-index.e1.json::v8.v8_platform_seam_registry ACTIVE_SEMANTIC_SOURCE_MISSING,ACTIVE_SEMANTIC_POLICY_MISSING,{}
v8,v8_process_flow_edges,EXCLUDE_SECURITY,ACTIVE_SEMANTIC_POLICY_MISSING,"The relation has a structural tenant path but no active semantic writer or reviewed privacy contract, so export fails closed.",organization-export-semantic-source-index.e1.json::v8.v8_process_flow_edges ACTIVE_SEMANTIC_SOURCE_MISSING,ACTIVE_SEMANTIC_POLICY_MISSING,{}
v8,v8_process_flow_nodes,EXCLUDE_SECURITY,ACTIVE_SEMANTIC_POLICY_MISSING,"The relation has a structural tenant path but no active semantic writer or reviewed privacy contract, so export fails closed.",organization-export-semantic-source-index.e1.json::v8.v8_process_flow_nodes ACTIVE_SEMANTIC_SOURCE_MISSING,ACTIVE_SEMANTIC_POLICY_MISSING,{}
v8,v8_promotion_gates,EXCLUDE_SECURITY,ACTIVE_SEMANTIC_POLICY_MISSING,"The relation has a structural tenant path but no active semantic writer or reviewed privacy contract, so export fails closed.",organization-export-semantic-source-index.e1.json::v8.v8_promotion_gates ACTIVE_SEMANTIC_SOURCE_MISSING,ACTIVE_SEMANTIC_POLICY_MISSING,{}
v8,v8_prompt_presets,EXCLUDE_SECURITY,ACTIVE_SEMANTIC_POLICY_MISSING,"The relation has a structural tenant path but no active semantic writer or reviewed privacy contract, so export fails closed.",organization-export-semantic-source-index.e1.json::v8.v8_prompt_presets ACTIVE_SEMANTIC_SOURCE_MISSING,ACTIVE_SEMANTIC_POLICY_MISSING,{}
v8,v8_provenance_ledger,EXCLUDE_SECURITY,ACTIVE_SEMANTIC_POLICY_MISSING,"The relation has a structural tenant path but no active semantic writer or reviewed privacy contract, so export fails closed.",organization-export-semantic-source-index.e1.json::v8.v8_provenance_ledger ACTIVE_SEMANTIC_SOURCE_MISSING,ACTIVE_SEMANTIC_POLICY_MISSING,{}
v8,v8_provider_depth_profiles,EXCLUDE_SECURITY,ACTIVE_SEMANTIC_POLICY_MISSING,"The relation has a structural tenant path but no active semantic writer or reviewed privacy contract, so export fails closed.",organization-export-semantic-source-index.e1.json::v8.v8_provider_depth_profiles ACTIVE_SEMANTIC_SOURCE_MISSING,ACTIVE_SEMANTIC_POLICY_MISSING,{}
v8,v8_provider_health,EXCLUDE_SECURITY,ACTIVE_SEMANTIC_POLICY_MISSING,"The relation has a structural tenant path but no active semantic writer or reviewed privacy contract, so export fails closed.",organization-export-semantic-source-index.e1.json::v8.v8_provider_health ACTIVE_SEMANTIC_SOURCE_MISSING,ACTIVE_SEMANTIC_POLICY_MISSING,{}
v8,v8_publish_records,EXCLUDE_SECURITY,ACTIVE_SEMANTIC_POLICY_MISSING,"The relation has a structural tenant path but no active semantic writer or reviewed privacy contract, so export fails closed.",organization-export-semantic-source-index.e1.json::v8.v8_publish_records ACTIVE_SEMANTIC_SOURCE_MISSING,ACTIVE_SEMANTIC_POLICY_MISSING,{}
v8,v8_rebaseline_proposals,EXCLUDE_SECURITY,ACTIVE_SEMANTIC_POLICY_MISSING,"The relation has a structural tenant path but no active semantic writer or reviewed privacy contract, so export fails closed.",organization-export-semantic-source-index.e1.json::v8.v8_rebaseline_proposals ACTIVE_SEMANTIC_SOURCE_MISSING,ACTIVE_SEMANTIC_POLICY_MISSING,{}
v8,v8_recurring_output_programs,EXCLUDE_SECURITY,ACTIVE_SEMANTIC_POLICY_MISSING,"The relation has a structural tenant path but no active semantic writer or reviewed privacy contract, so export fails closed.",organization-export-semantic-source-index.e1.json::v8.v8_recurring_output_programs ACTIVE_SEMANTIC_SOURCE_MISSING,ACTIVE_SEMANTIC_POLICY_MISSING,{}
v8,v8_refresh_timing_policies,EXCLUDE_SECURITY,ACTIVE_SEMANTIC_POLICY_MISSING,"The relation has a structural tenant path but no active semantic writer or reviewed privacy contract, so export fails closed.",organization-export-semantic-source-index.e1.json::v8.v8_refresh_timing_policies ACTIVE_SEMANTIC_SOURCE_MISSING,ACTIVE_SEMANTIC_POLICY_MISSING,{}
v8,v8_release_bundles,EXCLUDE_SECURITY,ACTIVE_SEMANTIC_POLICY_MISSING,"The relation has a structural tenant path but no active semantic writer or reviewed privacy contract, so export fails closed.",organization-export-semantic-source-index.e1.json::v8.v8_release_bundles ACTIVE_SEMANTIC_SOURCE_MISSING,ACTIVE_SEMANTIC_POLICY_MISSING,{}
v8,v8_replay_requests,EXCLUDE_SECURITY,ACTIVE_SEMANTIC_POLICY_MISSING,"The relation has a structural tenant path but no active semantic writer or reviewed privacy contract, so export fails closed.",organization-export-semantic-source-index.e1.json::v8.v8_replay_requests ACTIVE_SEMANTIC_SOURCE_MISSING,ACTIVE_SEMANTIC_POLICY_MISSING,{}
v8,v8_resource_type_mappings,EXCLUDE_SECURITY,ACTIVE_SEMANTIC_POLICY_MISSING,"The relation has a structural tenant path but no active semantic writer or reviewed privacy contract, so export fails closed.",organization-export-semantic-source-index.e1.json::v8.v8_resource_type_mappings ACTIVE_SEMANTIC_SOURCE_MISSING,ACTIVE_SEMANTIC_POLICY_MISSING,{}
v8,v8_restore_requests,EXCLUDE_SECURITY,ACTIVE_SEMANTIC_POLICY_MISSING,"The relation has a structural tenant path but no active semantic writer or reviewed privacy contract, so export fails closed.",organization-export-semantic-source-index.e1.json::v8.v8_restore_requests ACTIVE_SEMANTIC_SOURCE_MISSING,ACTIVE_SEMANTIC_POLICY_MISSING,{}
v8,v8_results_handoff_events,EXCLUDE_SECURITY,ACTIVE_SEMANTIC_POLICY_MISSING,"The relation has a structural tenant path but no active semantic writer or reviewed privacy contract, so export fails closed.",organization-export-semantic-source-index.e1.json::v8.v8_results_handoff_events ACTIVE_SEMANTIC_SOURCE_MISSING,ACTIVE_SEMANTIC_POLICY_MISSING,{}
v8,v8_retrieval_requests,EXCLUDE_SECURITY,ACTIVE_SEMANTIC_POLICY_MISSING,"The relation has a structural tenant path but no active semantic writer or reviewed privacy contract, so export fails closed.",organization-export-semantic-source-index.e1.json::v8.v8_retrieval_requests ACTIVE_SEMANTIC_SOURCE_MISSING,ACTIVE_SEMANTIC_POLICY_MISSING,{}
v8,v8_retrieval_traces,EXCLUDE_SECURITY,ACTIVE_SEMANTIC_POLICY_MISSING,"The relation has a structural tenant path but no active semantic writer or reviewed privacy contract, so export fails closed.",organization-export-semantic-source-index.e1.json::v8.v8_retrieval_traces ACTIVE_SEMANTIC_SOURCE_MISSING,ACTIVE_SEMANTIC_POLICY_MISSING,{}
v8,v8_retry_policies,EXCLUDE_SECURITY,ACTIVE_SEMANTIC_POLICY_MISSING,"The relation has a structural tenant path but no active semantic writer or reviewed privacy contract, so export fails closed.",organization-export-semantic-source-index.e1.json::v8.v8_retry_policies ACTIVE_SEMANTIC_SOURCE_MISSING,ACTIVE_SEMANTIC_POLICY_MISSING,{}
v8,v8_review_gates,EXCLUDE_SECURITY,ACTIVE_SEMANTIC_POLICY_MISSING,"The relation has a structural tenant path but no active semantic writer or reviewed privacy contract, so export fails closed.",organization-export-semantic-source-index.e1.json::v8.v8_review_gates ACTIVE_SEMANTIC_SOURCE_MISSING,ACTIVE_SEMANTIC_POLICY_MISSING,{}
v8,v8_roi_realization_entries,EXCLUDE_SECURITY,ACTIVE_SEMANTIC_POLICY_MISSING,"The relation has a structural tenant path but no active semantic writer or reviewed privacy contract, so export fails closed.",organization-export-semantic-source-index.e1.json::v8.v8_roi_realization_entries ACTIVE_SEMANTIC_SOURCE_MISSING,ACTIVE_SEMANTIC_POLICY_MISSING,{}
v8,v8_rollback_records,EXCLUDE_SECURITY,ACTIVE_SEMANTIC_POLICY_MISSING,"The relation has a structural tenant path but no active semantic writer or reviewed privacy contract, so export fails closed.",organization-export-semantic-source-index.e1.json::v8.v8_rollback_records ACTIVE_SEMANTIC_SOURCE_MISSING,ACTIVE_SEMANTIC_POLICY_MISSING,{}
v8,v8_room_memberships,EXCLUDE_SECURITY,ACTIVE_SEMANTIC_POLICY_MISSING,"The relation has a structural tenant path but no active semantic writer or reviewed privacy contract, so export fails closed.",organization-export-semantic-source-index.e1.json::v8.v8_room_memberships ACTIVE_SEMANTIC_SOURCE_MISSING,ACTIVE_SEMANTIC_POLICY_MISSING,{}
v8,v8_room_presence,EXCLUDE_SECURITY,ACTIVE_SEMANTIC_POLICY_MISSING,"The relation has a structural tenant path but no active semantic writer or reviewed privacy contract, so export fails closed.",organization-export-semantic-source-index.e1.json::v8.v8_room_presence ACTIVE_SEMANTIC_SOURCE_MISSING,ACTIVE_SEMANTIC_POLICY_MISSING,{}
v8,v8_run_state_transitions,EXCLUDE_SECURITY,ACTIVE_SEMANTIC_POLICY_MISSING,"The relation has a structural tenant path but no active semantic writer or reviewed privacy contract, so export fails closed.",organization-export-semantic-source-index.e1.json::v8.v8_run_state_transitions ACTIVE_SEMANTIC_SOURCE_MISSING,ACTIVE_SEMANTIC_POLICY_MISSING,{}
v8,v8_schema_drift_events,EXCLUDE_SECURITY,ACTIVE_SEMANTIC_POLICY_MISSING,"The relation has a structural tenant path but no active semantic writer or reviewed privacy contract, so export fails closed.",organization-export-semantic-source-index.e1.json::v8.v8_schema_drift_events ACTIVE_SEMANTIC_SOURCE_MISSING,ACTIVE_SEMANTIC_POLICY_MISSING,{}
v8,v8_session_insights,EXCLUDE_SECURITY,ACTIVE_SEMANTIC_POLICY_MISSING,"The relation has a structural tenant path but no active semantic writer or reviewed privacy contract, so export fails closed.",organization-export-semantic-source-index.e1.json::v8.v8_session_insights ACTIVE_SEMANTIC_SOURCE_MISSING,ACTIVE_SEMANTIC_POLICY_MISSING,{}
v8,v8_session_module_links,EXCLUDE_SECURITY,ACTIVE_SEMANTIC_POLICY_MISSING,"The relation has a structural tenant path but no active semantic writer or reviewed privacy contract, so export fails closed.",organization-export-semantic-source-index.e1.json::v8.v8_session_module_links ACTIVE_SEMANTIC_SOURCE_MISSING,ACTIVE_SEMANTIC_POLICY_MISSING,{}
v8,v8_shadow_comparisons,EXPORT,V8_PLATFORM,The live schema proves this tenant-owned relation through an exact organization discriminator or foreign-key path.,SQL_INSERT_INTO server/src/services/v8/shadowModeService.ts:200; SQL_FROM server/src/services/v8/shadowModeService.ts:273; SQL_FROM server/src/services/v8/shadowModeService.ts:283; SQL_FROM server/src/services/v8/shadowModeService.ts:323,,"{""column"":""organization_id"",""kind"":""DIRECT_COLUMN""}"
v8,v8_shared_tools_registry,EXCLUDE_SECURITY,ACTIVE_SEMANTIC_POLICY_MISSING,"The relation has a structural tenant path but no active semantic writer or reviewed privacy contract, so export fails closed.",organization-export-semantic-source-index.e1.json::v8.v8_shared_tools_registry ACTIVE_SEMANTIC_SOURCE_MISSING,ACTIVE_SEMANTIC_POLICY_MISSING,{}
v8,v8_signal_aggregations,EXCLUDE_SECURITY,ACTIVE_SEMANTIC_POLICY_MISSING,"The relation has a structural tenant path but no active semantic writer or reviewed privacy contract, so export fails closed.",organization-export-semantic-source-index.e1.json::v8.v8_signal_aggregations ACTIVE_SEMANTIC_SOURCE_MISSING,ACTIVE_SEMANTIC_POLICY_MISSING,{}
v8,v8_source_materialization_records,EXCLUDE_SECURITY,ACTIVE_SEMANTIC_POLICY_MISSING,"The relation has a structural tenant path but no active semantic writer or reviewed privacy contract, so export fails closed.",organization-export-semantic-source-index.e1.json::v8.v8_source_materialization_records ACTIVE_SEMANTIC_SOURCE_MISSING,ACTIVE_SEMANTIC_POLICY_MISSING,{}
v8,v8_superadmin_domains,EXCLUDE_SECURITY,ACTIVE_SEMANTIC_POLICY_MISSING,"The relation has a structural tenant path but no active semantic writer or reviewed privacy contract, so export fails closed.",organization-export-semantic-source-index.e1.json::v8.v8_superadmin_domains ACTIVE_SEMANTIC_SOURCE_MISSING,ACTIVE_SEMANTIC_POLICY_MISSING,{}
v8,v8_superadmin_surfaces,EXCLUDE_SECURITY,ACTIVE_SEMANTIC_POLICY_MISSING,"The relation has a structural tenant path but no active semantic writer or reviewed privacy contract, so export fails closed.",organization-export-semantic-source-index.e1.json::v8.v8_superadmin_surfaces ACTIVE_SEMANTIC_SOURCE_MISSING,ACTIVE_SEMANTIC_POLICY_MISSING,{}
v8,v8_support_notes,EXCLUDE_SECURITY,ACTIVE_SEMANTIC_POLICY_MISSING,"The relation has a structural tenant path but no active semantic writer or reviewed privacy contract, so export fails closed.",organization-export-semantic-source-index.e1.json::v8.v8_support_notes ACTIVE_SEMANTIC_SOURCE_MISSING,ACTIVE_SEMANTIC_POLICY_MISSING,{}
v8,v8_support_traces,EXCLUDE_SECURITY,ACTIVE_SEMANTIC_POLICY_MISSING,"The relation has a structural tenant path but no active semantic writer or reviewed privacy contract, so export fails closed.",organization-export-semantic-source-index.e1.json::v8.v8_support_traces ACTIVE_SEMANTIC_SOURCE_MISSING,ACTIVE_SEMANTIC_POLICY_MISSING,{}
v8,v8_surface_presence,EXCLUDE_SECURITY,ACTIVE_SEMANTIC_POLICY_MISSING,"The relation has a structural tenant path but no active semantic writer or reviewed privacy contract, so export fails closed.",organization-export-semantic-source-index.e1.json::v8.v8_surface_presence ACTIVE_SEMANTIC_SOURCE_MISSING,ACTIVE_SEMANTIC_POLICY_MISSING,{}
v8,v8_synced_source_refs,EXCLUDE_SECURITY,ACTIVE_SEMANTIC_POLICY_MISSING,"The relation has a structural tenant path but no active semantic writer or reviewed privacy contract, so export fails closed.",organization-export-semantic-source-index.e1.json::v8.v8_synced_source_refs ACTIVE_SEMANTIC_SOURCE_MISSING,ACTIVE_SEMANTIC_POLICY_MISSING,{}
v8,v8_template_families,EXCLUDE_SECURITY,ACTIVE_SEMANTIC_POLICY_MISSING,"The relation has a structural tenant path but no active semantic writer or reviewed privacy contract, so export fails closed.",organization-export-semantic-source-index.e1.json::v8.v8_template_families ACTIVE_SEMANTIC_SOURCE_MISSING,ACTIVE_SEMANTIC_POLICY_MISSING,{}
v8,v8_tenant_connector_installations,EXCLUDE_SECURITY,ACTIVE_SEMANTIC_POLICY_MISSING,"The relation has a structural tenant path but no active semantic writer or reviewed privacy contract, so export fails closed.",organization-export-semantic-source-index.e1.json::v8.v8_tenant_connector_installations ACTIVE_SEMANTIC_SOURCE_MISSING,ACTIVE_SEMANTIC_POLICY_MISSING,{}
v8,v8_tool_action_governance,EXCLUDE_SECURITY,ACTIVE_SEMANTIC_POLICY_MISSING,"The relation has a structural tenant path but no active semantic writer or reviewed privacy contract, so export fails closed.",organization-export-semantic-source-index.e1.json::v8.v8_tool_action_governance ACTIVE_SEMANTIC_SOURCE_MISSING,ACTIVE_SEMANTIC_POLICY_MISSING,{}
v8,v8_tool_catalog,EXCLUDE_SECURITY,ACTIVE_SEMANTIC_POLICY_MISSING,"The relation has a structural tenant path but no active semantic writer or reviewed privacy contract, so export fails closed.",organization-export-semantic-source-index.e1.json::v8.v8_tool_catalog ACTIVE_SEMANTIC_SOURCE_MISSING,ACTIVE_SEMANTIC_POLICY_MISSING,{}
v8,v8_tool_collaboration_adapters,EXCLUDE_SECURITY,ACTIVE_SEMANTIC_POLICY_MISSING,"The relation has a structural tenant path but no active semantic writer or reviewed privacy contract, so export fails closed.",organization-export-semantic-source-index.e1.json::v8.v8_tool_collaboration_adapters ACTIVE_SEMANTIC_SOURCE_MISSING,ACTIVE_SEMANTIC_POLICY_MISSING,{}
v8,v8_tool_event_registry,EXCLUDE_SECURITY,ACTIVE_SEMANTIC_POLICY_MISSING,"The relation has a structural tenant path but no active semantic writer or reviewed privacy contract, so export fails closed.",organization-export-semantic-source-index.e1.json::v8.v8_tool_event_registry ACTIVE_SEMANTIC_SOURCE_MISSING,ACTIVE_SEMANTIC_POLICY_MISSING,{}
v8,v8_tool_invocation_log,EXCLUDE_SECURITY,ACTIVE_SEMANTIC_POLICY_MISSING,"The relation has a structural tenant path but no active semantic writer or reviewed privacy contract, so export fails closed.",organization-export-semantic-source-index.e1.json::v8.v8_tool_invocation_log ACTIVE_SEMANTIC_SOURCE_MISSING,ACTIVE_SEMANTIC_POLICY_MISSING,{}
v8,v8_tool_invocation_traces,EXCLUDE_SECURITY,ACTIVE_SEMANTIC_POLICY_MISSING,"The relation has a structural tenant path but no active semantic writer or reviewed privacy contract, so export fails closed.",organization-export-semantic-source-index.e1.json::v8.v8_tool_invocation_traces ACTIVE_SEMANTIC_SOURCE_MISSING,ACTIVE_SEMANTIC_POLICY_MISSING,{}
v8,v8_tool_readiness_audits,EXCLUDE_SECURITY,ACTIVE_SEMANTIC_POLICY_MISSING,"The relation has a structural tenant path but no active semantic writer or reviewed privacy contract, so export fails closed.",organization-export-semantic-source-index.e1.json::v8.v8_tool_readiness_audits ACTIVE_SEMANTIC_SOURCE_MISSING,ACTIVE_SEMANTIC_POLICY_MISSING,{}
v8,v8_tool_session_governance,EXCLUDE_SECURITY,ACTIVE_SEMANTIC_POLICY_MISSING,"The relation has a structural tenant path but no active semantic writer or reviewed privacy contract, so export fails closed.",organization-export-semantic-source-index.e1.json::v8.v8_tool_session_governance ACTIVE_SEMANTIC_SOURCE_MISSING,ACTIVE_SEMANTIC_POLICY_MISSING,{}
v8,v8_tools_v8_bridging_contracts,EXCLUDE_SECURITY,ACTIVE_SEMANTIC_POLICY_MISSING,"The relation has a structural tenant path but no active semantic writer or reviewed privacy contract, so export fails closed.",organization-export-semantic-source-index.e1.json::v8.v8_tools_v8_bridging_contracts ACTIVE_SEMANTIC_SOURCE_MISSING,ACTIVE_SEMANTIC_POLICY_MISSING,{}
v8,v8_unreconciled_delta_escalations,EXCLUDE_SECURITY,ACTIVE_SEMANTIC_POLICY_MISSING,"The relation has a structural tenant path but no active semantic writer or reviewed privacy contract, so export fails closed.",organization-export-semantic-source-index.e1.json::v8.v8_unreconciled_delta_escalations ACTIVE_SEMANTIC_SOURCE_MISSING,ACTIVE_SEMANTIC_POLICY_MISSING,{}
v8,v8_version_snapshots,EXCLUDE_SECURITY,ACTIVE_SEMANTIC_POLICY_MISSING,"The relation has a structural tenant path but no active semantic writer or reviewed privacy contract, so export fails closed.",organization-export-semantic-source-index.e1.json::v8.v8_version_snapshots ACTIVE_SEMANTIC_SOURCE_MISSING,ACTIVE_SEMANTIC_POLICY_MISSING,{}
v8,v8_working_memory_entries,EXCLUDE_SECURITY,ACTIVE_SEMANTIC_POLICY_MISSING,"The relation has a structural tenant path but no active semantic writer or reviewed privacy contract, so export fails closed.",organization-export-semantic-source-index.e1.json::v8.v8_working_memory_entries ACTIVE_SEMANTIC_SOURCE_MISSING,ACTIVE_SEMANTIC_POLICY_MISSING,{}
v8,v8_workspace_permissions,EXCLUDE_SECURITY,ACTIVE_SEMANTIC_POLICY_MISSING,"The relation has a structural tenant path but no active semantic writer or reviewed privacy contract, so export fails closed.",organization-export-semantic-source-index.e1.json::v8.v8_workspace_permissions ACTIVE_SEMANTIC_SOURCE_MISSING,ACTIVE_SEMANTIC_POLICY_MISSING,{}
v8,v8_workspace_sessions,EXCLUDE_SECURITY,ACTIVE_SEMANTIC_POLICY_MISSING,"The relation has a structural tenant path but no active semantic writer or reviewed privacy contract, so export fails closed.",organization-export-semantic-source-index.e1.json::v8.v8_workspace_sessions ACTIVE_SEMANTIC_SOURCE_MISSING,ACTIVE_SEMANTIC_POLICY_MISSING,{}
