
 RUN  v4.1.8 /Users/piotrwisniewski/Developer/codex-wt/realizacja-cztery-przyciski-20260913


 RUN  v4.1.8 /Users/piotrwisniewski/Developer/codex-wt/realizacja-cztery-przyciski-20260913

 ✓ src/components/Execution/__tests__/executionBankModel.test.ts > E1b executionBankModel > keeps lifecycle, execution state and native identities separate while using forecast or fixed actual variance 48ms
 ✓ src/components/Execution/__tests__/executionBankModel.test.ts > E1b executionBankModel > renders one user-facing Initiative when several technical Execution Case shadows exist 1ms
 ✓ src/components/Execution/__tests__/executionBankModel.test.ts > E1b executionBankModel > preserves the legacy row identity when the new default-OFF feature is not enabled 0ms
 ✓ src/components/Execution/__tests__/executionBankModel.test.ts > E1b executionBankModel > keeps missing and invalid evidence UNKNOWN with reasons instead of zero or invented dates 0ms
 ✓ src/components/Execution/__tests__/executionBankModel.test.ts > E1b executionBankModel > keeps missing case counters and version distinct from a measured numeric zero 7ms
 ✓ src/components/Execution/__tests__/executionBankModel.test.ts > E1b executionBankModel > rejects a forecast observed after controlled asOf and never substitutes current plan 0ms
 ✓ src/components/Execution/__tests__/executionBankModel.test.ts > E1b executionBankModel > uses per-field Initiative evidence ahead of the legacy Execution Case forecast and preserves provenance 0ms
 ✓ src/components/Execution/__tests__/executionBankModel.test.ts > E1b executionBankModel > builds real 1/3/6/12 calendar-month windows with weekly and monthly resolution plus leap-week drilldown 1ms
 ✓ src/components/Execution/__tests__/executionBankModel.test.ts > E1b executionBankModel > applies one deterministic filter and sort contract to the shared rows 1ms
 ✓ src/components/Execution/__tests__/executionBankModel.test.ts (9 tests) 60ms
 × tests/components/Execution/ExecutionBankViews.behavior.test.tsx > E1b ExecutionBankViews mounted behavior > keeps the same ordered identity denominator and selection across every read-only renderer 97ms
   → Unable to find an element by: [data-testid="execution-bank-variance-initiative-a"]

Ignored nodes: comments, script, style
[36m<body>[39m
  [36m<div>[39m
    [36m<div[39m
      [33mclass[39m=[32m"h-full"[39m
      [33mdata-as-of[39m=[32m"2028-01-31T00:00:00.000Z"[39m
      [33mdata-testid[39m=[32m"execution-bank-view-gantt"[39m
    [36m>[39m
      [36m<div[39m
        [33mclass[39m=[32m"h-full overflow-auto"[39m
        [33mdata-testid[39m=[32m"execution-bank-gantt"[39m
      [36m>[39m
        [36m<div[39m
          [33maria-label[39m=[32m"Execution Bank horizon"[39m
          [33mclass[39m=[32m"flex items-center gap-1 px-4 py-2"[39m
        [36m>[39m
          [36m<button[39m
            [33maria-pressed[39m=[32m"false"[39m
            [33mclass[39m=[32m"h-7 rounded-full border border-c-border-subtle px-2.5 text-[11px] focus-visible:ring-2 focus-visible:ring-c-focus"[39m
            [33mtype[39m=[32m"button"[39m
          [36m>[39m
            [0m1[0m
            [0mm[0m
          [36m</button>[39m
          [36m<button[39m
            [33maria-pressed[39m=[32m"true"[39m
            [33mclass[39m=[32m"h-7 rounded-full border border-c-border-subtle px-2.5 text-[11px] focus-visible:ring-2 focus-visible:ring-c-focus"[39m
            [33mtype[39m=[32m"button"[39m
          [36m>[39m
            [0m3[0m
            [0mm[0m
          [36m</button>[39m
          [36m<button[39m
            [33maria-pressed[39m=[32m"false"[39m
            [33mclass[39m=[32m"h-7 rounded-full border border-c-border-subtle px-2.5 text-[11px] focus-visible:ring-2 focus-visible:ring-c-focus"[39m
            [33mtype[39m=[32m"button"[39m
          [36m>[39m
            [0m6[0m
            [0mm[0m
          [36m</button>[39m
          [36m<button[39m
            [33maria-pressed[39m=[32m"false"[39m
            [33mclass[39m=[32m"h-7 rounded-full border border-c-border-subtle px-2.5 text-[11px] focus-visible:ring-2 focus-visible:ring-c-focus"[39m
            [33mtype[39m=[32m"button"[39m
          [36m>[39m
            [0m12[0m
            [0mm[0m
          [36m</button>[39m
          [36m<span[39m
            [33mclass[39m=[32m"ml-2 text-[11px] text-c-text-muted"[39m
          [36m>[39m
            [0mReporting date [0m
            [0mJan 31, 2028[0m
            [0m ·[0m
            [0m [0m
            [0mweekly scale[0m
          [36m</span>[39m
        [36m</div>[39m
        [36m<div[39m
          [33mclass[39m=[32m"min-w-[980px] px-4 pb-4"[39m
        [36m>[39m
          [36m<div[39m
            [33mclass[39m=[32m"grid grid-cols-[220px_minmax(730px,1fr)] gap-3 items-end border-b border-c-border-subtle pb-2"[39m
          [36m>[39m
            [36m<span[39m
              [33mclass[39m=[32m"text-[11px] font-semibold uppercase text-c-text-muted"[39m
            [36m>[39m
              [0mInitiative schedule[0m
            [36m</span>[39m
            [36m<div[39m
              [33mclass[39m=[32m"grid grid-cols-[110px_minmax(620px,1fr)] items-center gap-2"[39m
              [33mdata-testid[39m=[32m"execution-bank-gantt-axis-layout"[39m
            [36m>[39m
              [36m<span[39m
                [33mclass[39m=[32m"text-[10px] font-medium text-c-text-secondary"[39m
              [36m>[39m
                [0mTrack[0m
              [36m</span>[39m
              [36m<div[39m
                [33mclass[39m=[32m"relative min-w-0"[39m
              [36m>[39m
                [36m<svg[39m
                  [33maria-label[39m=[32m"Timeline from Jan 1, 2028 to Apr 1, 2028"[39m
                  [33mclass[39m=[32m"h-9 w-full overflow-visible"[39m
                  [33mdata-testid[39m=[32m"execution-bank-gantt-axis"[39m
                  [33mdata-window-end[39m=[32m"2028-04-01"[39m
                  [33mdata-window-start[39m=[32m"2028-01-01"[39m
                  [33mviewBox[39m=[32m"0 0 1000 36"[39m
                [36m>[39m
                  [36m<g[39m
                    [33mdata-testid[39m=[32m"execution-bank-gantt-tick-week-2028-01-01"[39m
                  [36m>[39m
                    [36m<line[39m
                      [33mclass[39m=[32m"stroke-c-border-subtle"[39m
                      [33mx1[39m=[32m"0"[39m
                      [33mx2[39m=[32m"0"[39m
                      [33my1[39m=[32m"18"[39m
                      [33my2[39m=[32m"36"[39m
                    [36m/>[39m
                  [36m</g>[39m
                  [36m<g[39m
                    [33mdata-testid[39m=[32m"execution-bank-gantt-tick-week-2028-01-08"[39m
                  [36m>[39m
                    [36m<line[39m
                      [33mclass[39m=[32m"stroke-c-border-subtle"[39m
                      [33mx1[39m=[32m"76.92307692307693"[39m
                      [33mx2[39m=[32m"76.92307692307693"[39m
                      [33my1[39m=[32m"18"[39m
                      [33my2[39m=[32m"36"[39m
                    [36m/>[39m
                  [36m</g>[39m
                  [36m<g[39m
                    [33mdata-testid[39m=[32m"execution-bank-gantt-tick-week-2028-01-15"[39m
                  [36m>[39m
                    [36m<line[39m
                      [33mclass[39m=[32m"stroke-c-border-subtle"[39m
                      [33mx1[39m=[32m"153.84615384615387"[39m
                      [33mx2[39m=[32m"153.84615384615387"[39m
                      [33my1[39m=[32m"18"[39m
                      [33my2[39m=[32m"36"[39m
                    [36m/>[39m
                  [36m</g>[39m
                  [36m<g[39m
                    [33mdata-testid[39m=[32m"execution-bank-gantt-tick-week-2028-01-22"[39m
                  [36m>[39m
                    [36m<line[39m
                      [33mclass[39m=[32m"stroke-c-border-subtle"[39m
                      [33mx1[39m=[32m"230.76923076923077"[39m
                      [33mx2[39m=[32m"230.76923076923077"[39m
                      [33my1[39m=[32m"18"[39m
                      [33my2[39m=[32m"36"[39m
                    [36m/>[39m
                  [36m</g>[39m
                  [36m<g[39m
                    [33mdata-testid[39m=[32m"execution-bank-gantt-tick-week-2028-01-29"[39m
                  [36m>[39m
                    [36m<line[39m
                      [33mclass[39m=[32m"stroke-c-border-subtle"[39m
                      [33mx1[39m=[32m"307.69230769230774"[39m
                      [33mx2[39m=[32m"307.69230769230774"[39m
                      [33my1[39m=[32m"18"[39m
                      [33my2[39m=[32m"36"[39m
                    [36m/>[39m
                  [36m</g>[39m
                  [36m<g[39m
                    [33mdata-testid[39m=[32m"execution-bank-gantt-tick-week-2028-02-05"[39m
                  [36m>[39m
                    [36m<line[39m
                      [33mclass[39m=[32m"stro...
 ✓ tests/components/Execution/ExecutionBankViews.behavior.test.tsx > E1b ExecutionBankViews mounted behavior > positions dated Gantt geometry on the shared horizon and moves it when the horizon changes 16ms
 ✓ tests/components/Execution/ExecutionBankViews.behavior.test.tsx > E1b ExecutionBankViews mounted behavior > exposes 1/3/6/12 calendar-month controls and 6/12 month week drilldown 159ms
 ❯ tests/components/Execution/ExecutionBankViews.behavior.test.tsx (3 tests | 1 failed) 274ms
     × keeps the same ordered identity denominator and selection across every read-only renderer 97ms
     ✓ positions dated Gantt geometry on the shared horizon and moves it when the horizon changes 16ms
     ✓ exposes 1/3/6/12 calendar-month controls and 6/12 month week drilldown 159ms
stderr | tests/components/Execution/ExecutionHub.e1bBankViews.behavior.test.tsx > E1b Execution Bank views > E1b Bank renders one ordered Initiative set across table, kanban, calendar and gantt without writes
An error occurred in the <OwnerLabel> component.

Consider adding an error boundary to your tree to customize error handling behavior.
Visit https://react.dev/link/error-boundaries to learn more about error boundaries.


stderr | tests/components/Execution/ExecutionHub.e1bBankViews.behavior.test.tsx > E1b Execution Bank views > E1b Bank renders one ordered Initiative set across table, kanban, calendar and gantt without writes
An error occurred in the <OwnerLabel> component.

Consider adding an error boundary to your tree to customize error handling behavior.
Visit https://react.dev/link/error-boundaries to learn more about error boundaries.


 ✓ tests/components/Execution/ExecutionHub.e1bReviewerGaps.behavior.test.tsx > E1b independent reviewer gaps > keeps a canonical Initiative without an Execution Case visible without fabricating a case identity 225ms
 ✓ tests/components/Execution/ExecutionHub.e1bReviewerGaps.behavior.test.tsx > E1b independent reviewer gaps > keeps the exact legacy denominator and case render while the new flag is OFF 87ms
 ✓ tests/components/Execution/ExecutionHub.e1bReviewerGaps.behavior.test.tsx > E1b independent reviewer gaps > writes the user-facing Initiative identity while retaining the case as an internal shadow 90ms
stderr | tests/components/Execution/ExecutionHub.e1bBankViews.behavior.test.tsx > E1b Execution Bank views > wires five reachable Bank filters to the same set used by every view, including no-project
An error occurred in the <OwnerLabel> component.

Consider adding an error boundary to your tree to customize error handling behavior.
Visit https://react.dev/link/error-boundaries to learn more about error boundaries.


stderr | tests/components/Execution/ExecutionHub.e1bBankViews.behavior.test.tsx > E1b Execution Bank views > wires five reachable Bank filters to the same set used by every view, including no-project
An error occurred in the <OwnerLabel> component.

Consider adding an error boundary to your tree to customize error handling behavior.
Visit https://react.dev/link/error-boundaries to learn more about error boundaries.


 × tests/components/Execution/ExecutionHub.e1bBankViews.behavior.test.tsx > E1b Execution Bank views > E1b Bank renders one ordered Initiative set across table, kanban, calendar and gantt without writes 1127ms
   → Unable to find an element with the text: Alpha. This could be because the text is broken up by multiple elements. In this case, you can provide a function for your text matcher to make your matcher more flexible.

Ignored nodes: comments, script, style
[36m<body>[39m
  [36m<div />[39m
[36m</body>[39m

Ignored nodes: comments, script, style
[36m<body>[39m
  [36m<div />[39m
[36m</body>[39m
 × tests/components/Execution/ExecutionHub.e1bReviewerGaps.behavior.test.tsx > E1b independent reviewer gaps > selects and restores a canonical Initiative without inventing an Execution Case identity 1076ms
   → Unable to find an element by: [data-testid="execution-bank-preview"]

Ignored nodes: comments, script, style
[36m<body>[39m
  [36m<div>[39m
    [36m<div[39m
      [33mclass[39m=[32m"flex flex-col h-full bg-c-bg text-c-text"[39m
    [36m>[39m
      [36m<div[39m
        [33mclass[39m=[32m"bg-white dark:bg-navy-900 border-b border-slate-200/60 dark:border-white/5"[39m
      [36m>[39m
        [36m<div[39m
          [33mclass[39m=[32m"flex items-center px-4 py-3 gap-3 justify-between"[39m
        [36m>[39m
          [36m<div[39m
            [33mclass[39m=[32m"flex items-center gap-3"[39m
          [36m>[39m
            [36m<button[39m
              [33maria-disabled[39m=[32m"false"[39m
              [33maria-expanded[39m=[32m"false"[39m
              [33maria-label[39m=[32m"Search"[39m
              [33mclass[39m=[32m"h-9 w-9 inline-flex items-center justify-center rounded-full transition-colors duration-150 border text-slate-500 dark:text-slate-400 border-slate-200/70 dark:border-white/[0.06] hover:bg-slate-100/70 dark:hover:bg-white/[0.05]"[39m
              [33mtitle[39m=[32m"Search"[39m
              [33mtype[39m=[32m"button"[39m
            [36m>[39m
              [36m<svg[39m
                [33maria-hidden[39m=[32m"true"[39m
                [33mclass[39m=[32m"lucide lucide-search"[39m
                [33mfill[39m=[32m"none"[39m
                [33mheight[39m=[32m"18"[39m
                [33mstroke[39m=[32m"currentColor"[39m
                [33mstroke-linecap[39m=[32m"round"[39m
                [33mstroke-linejoin[39m=[32m"round"[39m
                [33mstroke-width[39m=[32m"2"[39m
                [33mviewBox[39m=[32m"0 0 24 24"[39m
                [33mwidth[39m=[32m"18"[39m
                [33mxmlns[39m=[32m"http://www.w3.org/2000/svg"[39m
              [36m>[39m
                [36m<path[39m
                  [33md[39m=[32m"m21 21-4.34-4.34"[39m
                [36m/>[39m
                [36m<circle[39m
                  [33mcx[39m=[32m"11"[39m
                  [33mcy[39m=[32m"11"[39m
                  [33mr[39m=[32m"8"[39m
                [36m/>[39m
              [36m</svg>[39m
            [36m</button>[39m
            [36m<div[39m
              [33maria-label[39m=[32m"Module sections"[39m
              [33mclass[39m=[32m"flex items-center gap-1.5"[39m
              [33mrole[39m=[32m"tablist"[39m
            [36m>[39m
              [36m<button[39m
                [33maria-selected[39m=[32m"true"[39m
                [33mclass[39m=[32m"inline-flex h-9 items-center gap-2 rounded-full border px-3 text-sm font-medium transition-colors duration-150 whitespace-nowrap active:scale-[0.98] focus-visible:outline-none focus-visible:ring-2 focus-visible:ring-c-focus focus-visible:ring-offset-1 ring-offset-white dark:ring-offset-navy-900 border-slate-300 bg-state-selected text-slate-900 dark:border-white/25 dark:text-slate-100"[39m
                [33mrole[39m=[32m"tab"[39m
                [33mtype[39m=[32m"button"[39m
              [36m>[39m
                [36m<svg[39m
                  [33maria-hidden[39m=[32m"true"[39m
                  [33mclass[39m=[32m"lucide lucide-layout-dashboard"[39m
                  [33mfill[39m=[32m"none"[39m
                  [33mheight[39m=[32m"16"[39m
                  [33mstroke[39m=[32m"currentColor"[39m
                  [33mstroke-linecap[39m=[32m"round"[39m
                  [33mstroke-linejoin[39m=[32m"round"[39m
                  [33mstroke-width[39m=[32m"2"[39m
                  [33mviewBox[39m=[32m"0 0 24 24"[39m
                  [33mwidth[39m=[32m"16"[39m
                  [33mxmlns[39m=[32m"http://www.w3.org/2000/svg"[39m
                [36m>[39m
                  [36m<rect[39m
                    [33mheight[39m=[32m"9"[39m
                    [33mrx[39m=[32m"1"[39m
                    [33mwidth[39m=[32m"7"[39m
                    [33mx[39m=[32m"3"[39m
                    [33my[39m=[32m"3"[39m
                  [36m/>[39m
                  [36m<rect[39m
                    [33mheight[39m=[32m"5"[39m
                    [33mrx[39m=[32m"1"[39m
                    [33mwidth[39m=[32m"7"[39m
                    [33mx[39m=[32m"14"[39m
                    [33my[39m=[32m"3"[39m
                  [36m/>[39m
                  [36m<rect[39m
                    [33mheight[39m=[32m"9"[39m
                    [33mrx[39m=[32m"1"[39m
                    [33mwidth[39m=[32m"7"[39m
                    [33mx[39m=[32m"14"[39m
                    [33my[39m=[32m"12"[39m
                  [36m/>[39m
                  [36m<rect[39m
                    [33mheight[39m=[32m"5"[39m
                    [33mrx[39m=[32m"1"[39m
                    [33mwidth[39m=[32m"7"[39m
                    [33mx[39m=[32m"3"[39m
                    [33my[39m=[32m"16"[39m
                  [36m/>[39m
                [36m</svg>[39m
                [36m<span>[39m
                  [0mExecution bank[0m
                [36m</span>[39m
              [36m</button>[39m
              [36m<button[39m
                [33maria-selected[39m=[32m"false"[39m
                [33mclass[39m=[32m"inline-flex h-9 items-center gap-2 rounded-full border px-3 text-sm font-medium transition-colors duration-150 whitespace-nowrap active:scale-[0.98] focus-visible:outline-none focus-visible:ring-2 focus-visible:ring-c-focus focus-visible:ring-offset-1 ring-offset-white dark:ring-offset-navy-900 border-slate-200/70 bg-white/70 text-slate-700 hover:bg-state-hover dark:border-white/[0.06] dark:bg-white/[0.04] dark:text-slate-300"[39m
                [33mrole[39m=[32m"tab"[39m
                [33mtype[39m=[32m"button"[39m
              [36m>[39m
                [36m<svg[39m
                  [33maria-hidden[39m=[32m"true"[39m
                  [33mclass[39m=[32m"lucide lucide-clipboard-list"[39m
                  [33mfill[39m=[32m"none"[39m
                  [33mheight[39m=[32m"16"[39m
                  [33mstroke[39m=[32m"currentColor"[39m
                  [33mstroke-linecap[39m=[32m"round"[39m
                  [33mstroke-linejoin[39m=[32m"round"[39m
                  [33mstroke-width[39m=[32m"2"[39m
                  [33mviewBox[39m=[32m"0 0 24 24"[39m
                  [33mwidth[39m=[32m"16"[39m
                  [33mxmlns[39m=[32m"http://www.w3.org/2000/svg"[39m
                [36m>[39m
                  [36m<rect[39m
                    [33mheight[39m=[32m"4"[39m
                    [33mrx[39m=[32m"1"[39m
                    [33mry[39m=[32m"1"[39m
                    [33mwidth[39m=[32m"8"[39m
                    [33mx[39m=[32m"8"[39m
                    [33my[39m=[32m"2"[39m
                  [36m/>[39m
                  [36m<path[39m
                    [33md[39m=[32m"M16 4h2a2 2 0 0...

Ignored nodes: comments, script, style
[36m<body>[39m
  [36m<div>[39m
    [36m<div[39m
      [33mclass[39m=[32m"flex flex-col h-full bg-c-bg text-c-text"[39m
    [36m>[39m
      [36m<div[39m
        [33mclass[39m=[32m"bg-white dark:bg-navy-900 border-b border-slate-200/60 dark:border-white/5"[39m
      [36m>[39m
        [36m<div[39m
          [33mclass[39m=[32m"flex items-center px-4 py-3 gap-3 justify-between"[39m
        [36m>[39m
          [36m<div[39m
            [33mclass[39m=[32m"flex items-center gap-3"[39m
          [36m>[39m
            [36m<button[39m
              [33maria-disabled[39m=[32m"false"[39m
              [33maria-expanded[39m=[32m"false"[39m
              [33maria-label[39m=[32m"Search"[39m
              [33mclass[39m=[32m"h-9 w-9 inline-flex items-center justify-center rounded-full transition-colors duration-150 border text-slate-500 dark:text-slate-400 border-slate-200/70 dark:border-white/[0.06] hover:bg-slate-100/70 dark:hover:bg-white/[0.05]"[39m
              [33mtitle[39m=[32m"Search"[39m
              [33mtype[39m=[32m"button"[39m
            [36m>[39m
              [36m<svg[39m
                [33maria-hidden[39m=[32m"true"[39m
                [33mclass[39m=[32m"lucide lucide-search"[39m
                [33mfill[39m=[32m"none"[39m
                [33mheight[39m=[32m"18"[39m
                [33mstroke[39m=[32m"currentColor"[39m
                [33mstroke-linecap[39m=[32m"round"[39m
                [33mstroke-linejoin[39m=[32m"round"[39m
                [33mstroke-width[39m=[32m"2"[39m
                [33mviewBox[39m=[32m"0 0 24 24"[39m
                [33mwidth[39m=[32m"18"[39m
                [33mxmlns[39m=[32m"http://www.w3.org/2000/svg"[39m
              [36m>[39m
                [36m<path[39m
                  [33md[39m=[32m"m21 21-4.34-4.34"[39m
                [36m/>[39m
                [36m<circle[39m
                  [33mcx[39m=[32m"11"[39m
                  [33mcy[39m=[32m"11"[39m
                  [33mr[39m=[32m"8"[39m
                [36m/>[39m
              [36m</svg>[39m
            [36m</button>[39m
            [36m<div[39m
              [33maria-label[39m=[32m"Module sections"[39m
              [33mclass[39m=[32m"flex items-center gap-1.5"[39m
              [33mrole[39m=[32m"tablist"[39m
            [36m>[39m
              [36m<button[39m
                [33maria-selected[39m=[32m"true"[39m
                [33mclass[39m=[32m"inline-flex h-9 items-center gap-2 rounded-full border px-3 text-sm font-medium transition-colors duration-150 whitespace-nowrap active:scale-[0.98] focus-visible:outline-none focus-visible:ring-2 focus-visible:ring-c-focus focus-visible:ring-offset-1 ring-offset-white dark:ring-offset-navy-900 border-slate-300 bg-state-selected text-slate-900 dark:border-white/25 dark:text-slate-100"[39m
                [33mrole[39m=[32m"tab"[39m
                [33mtype[39m=[32m"button"[39m
              [36m>[39m
                [36m<svg[39m
                  [33maria-hidden[39m=[32m"true"[39m
                  [33mclass[39m=[32m"lucide lucide-layout-dashboard"[39m
                  [33mfill[39m=[32m"none"[39m
                  [33mheight[39m=[32m"16"[39m
                  [33mstroke[39m=[32m"currentColor"[39m
                  [33mstroke-linecap[39m=[32m"round"[39m
                  [33mstroke-linejoin[39m=[32m"round"[39m
                  [33mstroke-width[39m=[32m"2"[39m
                  [33mviewBox[39m=[32m"0 0 24 24"[39m
                  [33mwidth[39m=[32m"16"[39m
                  [33mxmlns[39m=[32m"http://www.w3.org/2000/svg"[39m
                [36m>[39m
                  [36m<rect[39m
                    [33mheight[39m=[32m"9"[39m
                    [33mrx[39m=[32m"1"[39m
                    [33mwidth[39m=[32m"7"[39m
                    [33mx[39m=[32m"3"[39m
                    [33my[39m=[32m"3"[39m
                  [36m/>[39m
                  [36m<rect[39m
                    [33mheight[39m=[32m"5"[39m
                    [33mrx[39m=[32m"1"[39m
                    [33mwidth[39m=[32m"7"[39m
                    [33mx[39m=[32m"14"[39m
                    [33my[39m=[32m"3"[39m
                  [36m/>[39m
                  [36m<rect[39m
                    [33mheight[39m=[32m"9"[39m
                    [33mrx[39m=[32m"1"[39m
                    [33mwidth[39m=[32m"7"[39m
                    [33mx[39m=[32m"14"[39m
                    [33my[39m=[32m"12"[39m
                  [36m/>[39m
                  [36m<rect[39m
                    [33mheight[39m=[32m"5"[39m
                    [33mrx[39m=[32m"1"[39m
                    [33mwidth[39m=[32m"7"[39m
                    [33mx[39m=[32m"3"[39m
                    [33my[39m=[32m"16"[39m
                  [36m/>[39m
                [36m</svg>[39m
                [36m<span>[39m
                  [0mExecution bank[0m
                [36m</span>[39m
              [36m</button>[39m
              [36m<button[39m
                [33maria-selected[39m=[32m"false"[39m
                [33mclass[39m=[32m"inline-flex h-9 items-center gap-2 rounded-full border px-3 text-sm font-medium transition-colors duration-150 whitespace-nowrap active:scale-[0.98] focus-visible:outline-none focus-visible:ring-2 focus-visible:ring-c-focus focus-visible:ring-offset-1 ring-offset-white dark:ring-offset-navy-900 border-slate-200/70 bg-white/70 text-slate-700 hover:bg-state-hover dark:border-white/[0.06] dark:bg-white/[0.04] dark:text-slate-300"[39m
                [33mrole[39m=[32m"tab"[39m
                [33mtype[39m=[32m"button"[39m
              [36m>[39m
                [36m<svg[39m
                  [33maria-hidden[39m=[32m"true"[39m
                  [33mclass[39m=[32m"lucide lucide-clipboard-list"[39m
                  [33mfill[39m=[32m"none"[39m
                  [33mheight[39m=[32m"16"[39m
                  [33mstroke[39m=[32m"currentColor"[39m
                  [33mstroke-linecap[39m=[32m"round"[39m
                  [33mstroke-linejoin[39m=[32m"round"[39m
                  [33mstroke-width[39m=[32m"2"[39m
                  [33mviewBox[39m=[32m"0 0 24 24"[39m
                  [33mwidth[39m=[32m"16"[39m
                  [33mxmlns[39m=[32m"http://www.w3.org/2000/svg"[39m
                [36m>[39m
                  [36m<rect[39m
                    [33mheight[39m=[32m"4"[39m
                    [33mrx[39m=[32m"1"[39m
                    [33mry[39m=[32m"1"[39m
                    [33mwidth[39m=[32m"8"[39m
                    [33mx[39m=[32m"8"[39m
                    [33my[39m=[32m"2"[39m
                  [36m/>[39m
                  [36m<path[39m
                    [33md[39m=[32m"M16 4h2a2 2 0 0...
 ✓ tests/components/Execution/ExecutionHub.e1bReviewerGaps.behavior.test.tsx > E1b independent reviewer gaps > rehydrates controlled asOf when browser history changes the query 235ms
 ✓ tests/components/Execution/ExecutionHub.e1bReviewerGaps.behavior.test.tsx > E1b independent reviewer gaps > preserves one Initiative identity multiset and the shared sort inside semantic groups 97ms
 ❯ tests/components/Execution/ExecutionHub.e1bReviewerGaps.behavior.test.tsx (6 tests | 1 failed) 1813ms
     ✓ keeps a canonical Initiative without an Execution Case visible without fabricating a case identity 225ms
     ✓ keeps the exact legacy denominator and case render while the new flag is OFF 87ms
     ✓ writes the user-facing Initiative identity while retaining the case as an internal shadow 90ms
     × selects and restores a canonical Initiative without inventing an Execution Case identity 1076ms
     ✓ rehydrates controlled asOf when browser history changes the query 235ms
     ✓ preserves one Initiative identity multiset and the shared sort inside semantic groups 97ms
stderr | tests/components/Execution/ExecutionHub.e1bBankViews.behavior.test.tsx > E1b Execution Bank views > hydrates the requested Bank view and native selection from a cold query and keeps selection when the view changes
An error occurred in the <ExecutionHub> component.

Consider adding an error boundary to your tree to customize error handling behavior.
Visit https://react.dev/link/error-boundaries to learn more about error boundaries.


stderr | tests/components/Execution/ExecutionHub.e1bBankViews.behavior.test.tsx > E1b Execution Bank views > hydrates the requested Bank view and native selection from a cold query and keeps selection when the view changes
An error occurred in the <ExecutionHub> component.

Consider adding an error boundary to your tree to customize error handling behavior.
Visit https://react.dev/link/error-boundaries to learn more about error boundaries.


stderr | tests/components/Execution/ExecutionHub.e1bBankViews.behavior.test.tsx > E1b Execution Bank views > selects an Initiative without a Case and restores that native selection after a view switch and reload
An error occurred in the <OwnerLabel> component.

Consider adding an error boundary to your tree to customize error handling behavior.
Visit https://react.dev/link/error-boundaries to learn more about error boundaries.


stderr | tests/components/Execution/ExecutionHub.e1bBankViews.behavior.test.tsx > E1b Execution Bank views > selects an Initiative without a Case and restores that native selection after a view switch and reload
An error occurred in the <OwnerLabel> component.

Consider adding an error boundary to your tree to customize error handling behavior.
Visit https://react.dev/link/error-boundaries to learn more about error boundaries.


 × tests/components/Execution/ExecutionHub.e1bBankViews.behavior.test.tsx > E1b Execution Bank views > wires five reachable Bank filters to the same set used by every view, including no-project 1027ms
   → Unable to find an element with the text: Alpha. This could be because the text is broken up by multiple elements. In this case, you can provide a function for your text matcher to make your matcher more flexible.

Ignored nodes: comments, script, style
[36m<body>[39m
  [36m<div />[39m
[36m</body>[39m

Ignored nodes: comments, script, style
[36m<body>[39m
  [36m<div />[39m
[36m</body>[39m
 × tests/components/Execution/ExecutionHub.e1bBankViews.behavior.test.tsx > E1b Execution Bank views > hydrates the requested Bank view and native selection from a cold query and keeps selection when the view changes 36ms
   → expect(element).toBeInTheDocument()

element could not be found in the document
stderr | tests/components/Execution/ExecutionHub.e1bBankViews.behavior.test.tsx > E1b Execution Bank views > refetches the same Initiative evidence at controlled asOf on browser Back and Forward
An error occurred in the <OwnerLabel> component.

Consider adding an error boundary to your tree to customize error handling behavior.
Visit https://react.dev/link/error-boundaries to learn more about error boundaries.


stderr | tests/components/Execution/ExecutionHub.e1bBankViews.behavior.test.tsx > E1b Execution Bank views > refetches the same Initiative evidence at controlled asOf on browser Back and Forward
An error occurred in the <OwnerLabel> component.

Consider adding an error boundary to your tree to customize error handling behavior.
Visit https://react.dev/link/error-boundaries to learn more about error boundaries.


 × tests/components/Execution/ExecutionHub.e1bBankViews.behavior.test.tsx > E1b Execution Bank views > selects an Initiative without a Case and restores that native selection after a view switch and reload 1026ms
   → Unable to find an element with the text: Alpha. This could be because the text is broken up by multiple elements. In this case, you can provide a function for your text matcher to make your matcher more flexible.

Ignored nodes: comments, script, style
[36m<body>[39m
  [36m<div />[39m
[36m</body>[39m

Ignored nodes: comments, script, style
[36m<body>[39m
  [36m<div />[39m
[36m</body>[39m
 × tests/components/Execution/ExecutionHub.e1bBankViews.behavior.test.tsx > E1b Execution Bank views > refetches the same Initiative evidence at controlled asOf on browser Back and Forward 1029ms
   → Unable to find an element with the text: Alpha. This could be because the text is broken up by multiple elements. In this case, you can provide a function for your text matcher to make your matcher more flexible.

Ignored nodes: comments, script, style
[36m<body>[39m
  [36m<div />[39m
[36m</body>[39m

Ignored nodes: comments, script, style
[36m<body>[39m
  [36m<div />[39m
[36m</body>[39m
 ❯ tests/components/Execution/ExecutionHub.e1bBankViews.behavior.test.tsx (5 tests | 5 failed) 4246ms
     × E1b Bank renders one ordered Initiative set across table, kanban, calendar and gantt without writes 1127ms
     × wires five reachable Bank filters to the same set used by every view, including no-project 1027ms
     × hydrates the requested Bank view and native selection from a cold query and keeps selection when the view changes 36ms
     × selects an Initiative without a Case and restores that native selection after a view switch and reload 1026ms
     × refetches the same Initiative evidence at controlled asOf on browser Back and Forward 1029ms

⎯⎯⎯⎯⎯⎯⎯ Failed Tests 7 ⎯⎯⎯⎯⎯⎯⎯

 FAIL  tests/components/Execution/ExecutionBankViews.behavior.test.tsx > E1b ExecutionBankViews mounted behavior > keeps the same ordered identity denominator and selection across every read-only renderer
TestingLibraryElementError: Unable to find an element by: [data-testid="execution-bank-variance-initiative-a"]

Ignored nodes: comments, script, style
[36m<body>[39m
  [36m<div>[39m
    [36m<div[39m
      [33mclass[39m=[32m"h-full"[39m
      [33mdata-as-of[39m=[32m"2028-01-31T00:00:00.000Z"[39m
      [33mdata-testid[39m=[32m"execution-bank-view-gantt"[39m
    [36m>[39m
      [36m<div[39m
        [33mclass[39m=[32m"h-full overflow-auto"[39m
        [33mdata-testid[39m=[32m"execution-bank-gantt"[39m
      [36m>[39m
        [36m<div[39m
          [33maria-label[39m=[32m"Execution Bank horizon"[39m
          [33mclass[39m=[32m"flex items-center gap-1 px-4 py-2"[39m
        [36m>[39m
          [36m<button[39m
            [33maria-pressed[39m=[32m"false"[39m
            [33mclass[39m=[32m"h-7 rounded-full border border-c-border-subtle px-2.5 text-[11px] focus-visible:ring-2 focus-visible:ring-c-focus"[39m
            [33mtype[39m=[32m"button"[39m
          [36m>[39m
            [0m1[0m
            [0mm[0m
          [36m</button>[39m
          [36m<button[39m
            [33maria-pressed[39m=[32m"true"[39m
            [33mclass[39m=[32m"h-7 rounded-full border border-c-border-subtle px-2.5 text-[11px] focus-visible:ring-2 focus-visible:ring-c-focus"[39m
            [33mtype[39m=[32m"button"[39m
          [36m>[39m
            [0m3[0m
            [0mm[0m
          [36m</button>[39m
          [36m<button[39m
            [33maria-pressed[39m=[32m"false"[39m
            [33mclass[39m=[32m"h-7 rounded-full border border-c-border-subtle px-2.5 text-[11px] focus-visible:ring-2 focus-visible:ring-c-focus"[39m
            [33mtype[39m=[32m"button"[39m
          [36m>[39m
            [0m6[0m
            [0mm[0m
          [36m</button>[39m
          [36m<button[39m
            [33maria-pressed[39m=[32m"false"[39m
            [33mclass[39m=[32m"h-7 rounded-full border border-c-border-subtle px-2.5 text-[11px] focus-visible:ring-2 focus-visible:ring-c-focus"[39m
            [33mtype[39m=[32m"button"[39m
          [36m>[39m
            [0m12[0m
            [0mm[0m
          [36m</button>[39m
          [36m<span[39m
            [33mclass[39m=[32m"ml-2 text-[11px] text-c-text-muted"[39m
          [36m>[39m
            [0mReporting date [0m
            [0mJan 31, 2028[0m
            [0m ·[0m
            [0m [0m
            [0mweekly scale[0m
          [36m</span>[39m
        [36m</div>[39m
        [36m<div[39m
          [33mclass[39m=[32m"min-w-[980px] px-4 pb-4"[39m
        [36m>[39m
          [36m<div[39m
            [33mclass[39m=[32m"grid grid-cols-[220px_minmax(730px,1fr)] gap-3 items-end border-b border-c-border-subtle pb-2"[39m
          [36m>[39m
            [36m<span[39m
              [33mclass[39m=[32m"text-[11px] font-semibold uppercase text-c-text-muted"[39m
            [36m>[39m
              [0mInitiative schedule[0m
            [36m</span>[39m
            [36m<div[39m
              [33mclass[39m=[32m"grid grid-cols-[110px_minmax(620px,1fr)] items-center gap-2"[39m
              [33mdata-testid[39m=[32m"execution-bank-gantt-axis-layout"[39m
            [36m>[39m
              [36m<span[39m
                [33mclass[39m=[32m"text-[10px] font-medium text-c-text-secondary"[39m
              [36m>[39m
                [0mTrack[0m
              [36m</span>[39m
              [36m<div[39m
                [33mclass[39m=[32m"relative min-w-0"[39m
              [36m>[39m
                [36m<svg[39m
                  [33maria-label[39m=[32m"Timeline from Jan 1, 2028 to Apr 1, 2028"[39m
                  [33mclass[39m=[32m"h-9 w-full overflow-visible"[39m
                  [33mdata-testid[39m=[32m"execution-bank-gantt-axis"[39m
                  [33mdata-window-end[39m=[32m"2028-04-01"[39m
                  [33mdata-window-start[39m=[32m"2028-01-01"[39m
                  [33mviewBox[39m=[32m"0 0 1000 36"[39m
                [36m>[39m
                  [36m<g[39m
                    [33mdata-testid[39m=[32m"execution-bank-gantt-tick-week-2028-01-01"[39m
                  [36m>[39m
                    [36m<line[39m
                      [33mclass[39m=[32m"stroke-c-border-subtle"[39m
                      [33mx1[39m=[32m"0"[39m
                      [33mx2[39m=[32m"0"[39m
                      [33my1[39m=[32m"18"[39m
                      [33my2[39m=[32m"36"[39m
                    [36m/>[39m
                  [36m</g>[39m
                  [36m<g[39m
                    [33mdata-testid[39m=[32m"execution-bank-gantt-tick-week-2028-01-08"[39m
                  [36m>[39m
                    [36m<line[39m
                      [33mclass[39m=[32m"stroke-c-border-subtle"[39m
                      [33mx1[39m=[32m"76.92307692307693"[39m
                      [33mx2[39m=[32m"76.92307692307693"[39m
                      [33my1[39m=[32m"18"[39m
                      [33my2[39m=[32m"36"[39m
                    [36m/>[39m
                  [36m</g>[39m
                  [36m<g[39m
                    [33mdata-testid[39m=[32m"execution-bank-gantt-tick-week-2028-01-15"[39m
                  [36m>[39m
                    [36m<line[39m
                      [33mclass[39m=[32m"stroke-c-border-subtle"[39m
                      [33mx1[39m=[32m"153.84615384615387"[39m
                      [33mx2[39m=[32m"153.84615384615387"[39m
                      [33my1[39m=[32m"18"[39m
                      [33my2[39m=[32m"36"[39m
                    [36m/>[39m
                  [36m</g>[39m
                  [36m<g[39m
                    [33mdata-testid[39m=[32m"execution-bank-gantt-tick-week-2028-01-22"[39m
                  [36m>[39m
                    [36m<line[39m
                      [33mclass[39m=[32m"stroke-c-border-subtle"[39m
                      [33mx1[39m=[32m"230.76923076923077"[39m
                      [33mx2[39m=[32m"230.76923076923077"[39m
                      [33my1[39m=[32m"18"[39m
                      [33my2[39m=[32m"36"[39m
                    [36m/>[39m
                  [36m</g>[39m
                  [36m<g[39m
                    [33mdata-testid[39m=[32m"execution-bank-gantt-tick-week-2028-01-29"[39m
                  [36m>[39m
                    [36m<line[39m
                      [33mclass[39m=[32m"stroke-c-border-subtle"[39m
                      [33mx1[39m=[32m"307.69230769230774"[39m
                      [33mx2[39m=[32m"307.69230769230774"[39m
                      [33my1[39m=[32m"18"[39m
                      [33my2[39m=[32m"36"[39m
                    [36m/>[39m
                  [36m</g>[39m
                  [36m<g[39m
                    [33mdata-testid[39m=[32m"execution-bank-gantt-tick-week-2028-02-05"[39m
                  [36m>[39m
                    [36m<line[39m
                      [33mclass[39m=[32m"stro...
 ❯ Object.getElementError ../enterprise-trust-pack-20260913/node_modules/@testing-library/dom/dist/config.js:37:19
 ❯ ../enterprise-trust-pack-20260913/node_modules/@testing-library/dom/dist/query-helpers.js:76:38
 ❯ ../enterprise-trust-pack-20260913/node_modules/@testing-library/dom/dist/query-helpers.js:52:17
 ❯ ../enterprise-trust-pack-20260913/node_modules/@testing-library/dom/dist/query-helpers.js:95:19
 ❯ tests/components/Execution/ExecutionBankViews.behavior.test.tsx:111:19
    109|       expect.objectContaining({ executionCaseId: 'case-a' })
    110|     );
    111|     expect(screen.getByTestId('execution-bank-variance-initiative-a'))…
       |                   ^
    112|       '20 days · forecast'
    113|     );

⎯⎯⎯⎯⎯⎯⎯⎯⎯⎯⎯⎯⎯⎯⎯⎯⎯⎯⎯⎯⎯⎯⎯⎯[1/7]⎯

 FAIL  tests/components/Execution/ExecutionHub.e1bBankViews.behavior.test.tsx > E1b Execution Bank views > E1b Bank renders one ordered Initiative set across table, kanban, calendar and gantt without writes
TestingLibraryElementError: Unable to find an element with the text: Alpha. This could be because the text is broken up by multiple elements. In this case, you can provide a function for your text matcher to make your matcher more flexible.

Ignored nodes: comments, script, style
[36m<body>[39m
  [36m<div />[39m
[36m</body>[39m

Ignored nodes: comments, script, style
[36m<body>[39m
  [36m<div />[39m
[36m</body>[39m
 ❯ waitForWrapper ../enterprise-trust-pack-20260913/node_modules/@testing-library/dom/dist/wait-for.js:163:27
 ❯ ../enterprise-trust-pack-20260913/node_modules/@testing-library/dom/dist/query-helpers.js:86:33
 ❯ tests/components/Execution/ExecutionHub.e1bBankViews.behavior.test.tsx:276:18
    274|     );
    275|
    276|     await screen.findByText('Alpha');
       |                  ^
    277|     fireEvent.click(screen.getByRole('radio', { name: 'All' }));
    278|     const expected = ['initiative-a', 'initiative-c', 'initiative-b', …

⎯⎯⎯⎯⎯⎯⎯⎯⎯⎯⎯⎯⎯⎯⎯⎯⎯⎯⎯⎯⎯⎯⎯⎯[2/7]⎯

 FAIL  tests/components/Execution/ExecutionHub.e1bBankViews.behavior.test.tsx > E1b Execution Bank views > wires five reachable Bank filters to the same set used by every view, including no-project
TestingLibraryElementError: Unable to find an element with the text: Alpha. This could be because the text is broken up by multiple elements. In this case, you can provide a function for your text matcher to make your matcher more flexible.

Ignored nodes: comments, script, style
[36m<body>[39m
  [36m<div />[39m
[36m</body>[39m

Ignored nodes: comments, script, style
[36m<body>[39m
  [36m<div />[39m
[36m</body>[39m
 ❯ waitForWrapper ../enterprise-trust-pack-20260913/node_modules/@testing-library/dom/dist/wait-for.js:163:27
 ❯ ../enterprise-trust-pack-20260913/node_modules/@testing-library/dom/dist/query-helpers.js:86:33
 ❯ tests/components/Execution/ExecutionHub.e1bBankViews.behavior.test.tsx:336:18
    334|     );
    335|
    336|     await screen.findByText('Alpha');
       |                  ^
    337|     fireEvent.click(screen.getByRole('radio', { name: 'All' }));
    338|     const project = screen.getByRole('combobox', { name: 'Bank project…

⎯⎯⎯⎯⎯⎯⎯⎯⎯⎯⎯⎯⎯⎯⎯⎯⎯⎯⎯⎯⎯⎯⎯⎯[3/7]⎯

 FAIL  tests/components/Execution/ExecutionHub.e1bBankViews.behavior.test.tsx > E1b Execution Bank views > hydrates the requested Bank view and native selection from a cold query and keeps selection when the view changes
Error: expect(element).toBeInTheDocument()

element could not be found in the document
 ❯ tests/components/Execution/ExecutionHub.e1bBankViews.behavior.test.tsx:378:71
    376|     );
    377|
    378|     expect(await screen.findByTestId('execution-bank-view-calendar')).…
       |                                                                       ^
    379|     expect(await screen.findByTestId('execution-bank-preview')).toHave…
    380|       'data-initiative-id',

⎯⎯⎯⎯⎯⎯⎯⎯⎯⎯⎯⎯⎯⎯⎯⎯⎯⎯⎯⎯⎯⎯⎯⎯[4/7]⎯

 FAIL  tests/components/Execution/ExecutionHub.e1bBankViews.behavior.test.tsx > E1b Execution Bank views > selects an Initiative without a Case and restores that native selection after a view switch and reload
TestingLibraryElementError: Unable to find an element with the text: Alpha. This could be because the text is broken up by multiple elements. In this case, you can provide a function for your text matcher to make your matcher more flexible.

Ignored nodes: comments, script, style
[36m<body>[39m
  [36m<div />[39m
[36m</body>[39m

Ignored nodes: comments, script, style
[36m<body>[39m
  [36m<div />[39m
[36m</body>[39m
 ❯ waitForWrapper ../enterprise-trust-pack-20260913/node_modules/@testing-library/dom/dist/wait-for.js:163:27
 ❯ ../enterprise-trust-pack-20260913/node_modules/@testing-library/dom/dist/query-helpers.js:86:33
 ❯ tests/components/Execution/ExecutionHub.e1bBankViews.behavior.test.tsx:404:18
    402|     );
    403|
    404|     await screen.findByText('Alpha');
       |                  ^
    405|     fireEvent.click(screen.getByRole('radio', { name: 'All' }));
    406|     fireEvent.click(await screen.findByText('Delta'));

⎯⎯⎯⎯⎯⎯⎯⎯⎯⎯⎯⎯⎯⎯⎯⎯⎯⎯⎯⎯⎯⎯⎯⎯[5/7]⎯

 FAIL  tests/components/Execution/ExecutionHub.e1bBankViews.behavior.test.tsx > E1b Execution Bank views > refetches the same Initiative evidence at controlled asOf on browser Back and Forward
TestingLibraryElementError: Unable to find an element with the text: Alpha. This could be because the text is broken up by multiple elements. In this case, you can provide a function for your text matcher to make your matcher more flexible.

Ignored nodes: comments, script, style
[36m<body>[39m
  [36m<div />[39m
[36m</body>[39m

Ignored nodes: comments, script, style
[36m<body>[39m
  [36m<div />[39m
[36m</body>[39m
 ❯ waitForWrapper ../enterprise-trust-pack-20260913/node_modules/@testing-library/dom/dist/wait-for.js:163:27
 ❯ ../enterprise-trust-pack-20260913/node_modules/@testing-library/dom/dist/query-helpers.js:86:33
 ❯ tests/components/Execution/ExecutionHub.e1bBankViews.behavior.test.tsx:504:18
    502|     );
    503|
    504|     await screen.findByText('Alpha');
       |                  ^
    505|     await waitFor(() =>
    506|       expect(getInitiatives).toHaveBeenCalledWith(undefined, {

⎯⎯⎯⎯⎯⎯⎯⎯⎯⎯⎯⎯⎯⎯⎯⎯⎯⎯⎯⎯⎯⎯⎯⎯[6/7]⎯

 FAIL  tests/components/Execution/ExecutionHub.e1bReviewerGaps.behavior.test.tsx > E1b independent reviewer gaps > selects and restores a canonical Initiative without inventing an Execution Case identity
TestingLibraryElementError: Unable to find an element by: [data-testid="execution-bank-preview"]

Ignored nodes: comments, script, style
[36m<body>[39m
  [36m<div>[39m
    [36m<div[39m
      [33mclass[39m=[32m"flex flex-col h-full bg-c-bg text-c-text"[39m
    [36m>[39m
      [36m<div[39m
        [33mclass[39m=[32m"bg-white dark:bg-navy-900 border-b border-slate-200/60 dark:border-white/5"[39m
      [36m>[39m
        [36m<div[39m
          [33mclass[39m=[32m"flex items-center px-4 py-3 gap-3 justify-between"[39m
        [36m>[39m
          [36m<div[39m
            [33mclass[39m=[32m"flex items-center gap-3"[39m
          [36m>[39m
            [36m<button[39m
              [33maria-disabled[39m=[32m"false"[39m
              [33maria-expanded[39m=[32m"false"[39m
              [33maria-label[39m=[32m"Search"[39m
              [33mclass[39m=[32m"h-9 w-9 inline-flex items-center justify-center rounded-full transition-colors duration-150 border text-slate-500 dark:text-slate-400 border-slate-200/70 dark:border-white/[0.06] hover:bg-slate-100/70 dark:hover:bg-white/[0.05]"[39m
              [33mtitle[39m=[32m"Search"[39m
              [33mtype[39m=[32m"button"[39m
            [36m>[39m
              [36m<svg[39m
                [33maria-hidden[39m=[32m"true"[39m
                [33mclass[39m=[32m"lucide lucide-search"[39m
                [33mfill[39m=[32m"none"[39m
                [33mheight[39m=[32m"18"[39m
                [33mstroke[39m=[32m"currentColor"[39m
                [33mstroke-linecap[39m=[32m"round"[39m
                [33mstroke-linejoin[39m=[32m"round"[39m
                [33mstroke-width[39m=[32m"2"[39m
                [33mviewBox[39m=[32m"0 0 24 24"[39m
                [33mwidth[39m=[32m"18"[39m
                [33mxmlns[39m=[32m"http://www.w3.org/2000/svg"[39m
              [36m>[39m
                [36m<path[39m
                  [33md[39m=[32m"m21 21-4.34-4.34"[39m
                [36m/>[39m
                [36m<circle[39m
                  [33mcx[39m=[32m"11"[39m
                  [33mcy[39m=[32m"11"[39m
                  [33mr[39m=[32m"8"[39m
                [36m/>[39m
              [36m</svg>[39m
            [36m</button>[39m
            [36m<div[39m
              [33maria-label[39m=[32m"Module sections"[39m
              [33mclass[39m=[32m"flex items-center gap-1.5"[39m
              [33mrole[39m=[32m"tablist"[39m
            [36m>[39m
              [36m<button[39m
                [33maria-selected[39m=[32m"true"[39m
                [33mclass[39m=[32m"inline-flex h-9 items-center gap-2 rounded-full border px-3 text-sm font-medium transition-colors duration-150 whitespace-nowrap active:scale-[0.98] focus-visible:outline-none focus-visible:ring-2 focus-visible:ring-c-focus focus-visible:ring-offset-1 ring-offset-white dark:ring-offset-navy-900 border-slate-300 bg-state-selected text-slate-900 dark:border-white/25 dark:text-slate-100"[39m
                [33mrole[39m=[32m"tab"[39m
                [33mtype[39m=[32m"button"[39m
              [36m>[39m
                [36m<svg[39m
                  [33maria-hidden[39m=[32m"true"[39m
                  [33mclass[39m=[32m"lucide lucide-layout-dashboard"[39m
                  [33mfill[39m=[32m"none"[39m
                  [33mheight[39m=[32m"16"[39m
                  [33mstroke[39m=[32m"currentColor"[39m
                  [33mstroke-linecap[39m=[32m"round"[39m
                  [33mstroke-linejoin[39m=[32m"round"[39m
                  [33mstroke-width[39m=[32m"2"[39m
                  [33mviewBox[39m=[32m"0 0 24 24"[39m
                  [33mwidth[39m=[32m"16"[39m
                  [33mxmlns[39m=[32m"http://www.w3.org/2000/svg"[39m
                [36m>[39m
                  [36m<rect[39m
                    [33mheight[39m=[32m"9"[39m
                    [33mrx[39m=[32m"1"[39m
                    [33mwidth[39m=[32m"7"[39m
                    [33mx[39m=[32m"3"[39m
                    [33my[39m=[32m"3"[39m
                  [36m/>[39m
                  [36m<rect[39m
                    [33mheight[39m=[32m"5"[39m
                    [33mrx[39m=[32m"1"[39m
                    [33mwidth[39m=[32m"7"[39m
                    [33mx[39m=[32m"14"[39m
                    [33my[39m=[32m"3"[39m
                  [36m/>[39m
                  [36m<rect[39m
                    [33mheight[39m=[32m"9"[39m
                    [33mrx[39m=[32m"1"[39m
                    [33mwidth[39m=[32m"7"[39m
                    [33mx[39m=[32m"14"[39m
                    [33my[39m=[32m"12"[39m
                  [36m/>[39m
                  [36m<rect[39m
                    [33mheight[39m=[32m"5"[39m
                    [33mrx[39m=[32m"1"[39m
                    [33mwidth[39m=[32m"7"[39m
                    [33mx[39m=[32m"3"[39m
                    [33my[39m=[32m"16"[39m
                  [36m/>[39m
                [36m</svg>[39m
                [36m<span>[39m
                  [0mExecution bank[0m
                [36m</span>[39m
              [36m</button>[39m
              [36m<button[39m
                [33maria-selected[39m=[32m"false"[39m
                [33mclass[39m=[32m"inline-flex h-9 items-center gap-2 rounded-full border px-3 text-sm font-medium transition-colors duration-150 whitespace-nowrap active:scale-[0.98] focus-visible:outline-none focus-visible:ring-2 focus-visible:ring-c-focus focus-visible:ring-offset-1 ring-offset-white dark:ring-offset-navy-900 border-slate-200/70 bg-white/70 text-slate-700 hover:bg-state-hover dark:border-white/[0.06] dark:bg-white/[0.04] dark:text-slate-300"[39m
                [33mrole[39m=[32m"tab"[39m
                [33mtype[39m=[32m"button"[39m
              [36m>[39m
                [36m<svg[39m
                  [33maria-hidden[39m=[32m"true"[39m
                  [33mclass[39m=[32m"lucide lucide-clipboard-list"[39m
                  [33mfill[39m=[32m"none"[39m
                  [33mheight[39m=[32m"16"[39m
                  [33mstroke[39m=[32m"currentColor"[39m
                  [33mstroke-linecap[39m=[32m"round"[39m
                  [33mstroke-linejoin[39m=[32m"round"[39m
                  [33mstroke-width[39m=[32m"2"[39m
                  [33mviewBox[39m=[32m"0 0 24 24"[39m
                  [33mwidth[39m=[32m"16"[39m
                  [33mxmlns[39m=[32m"http://www.w3.org/2000/svg"[39m
                [36m>[39m
                  [36m<rect[39m
                    [33mheight[39m=[32m"4"[39m
                    [33mrx[39m=[32m"1"[39m
                    [33mry[39m=[32m"1"[39m
                    [33mwidth[39m=[32m"8"[39m
                    [33mx[39m=[32m"8"[39m
                    [33my[39m=[32m"2"[39m
                  [36m/>[39m
                  [36m<path[39m
                    [33md[39m=[32m"M16 4h2a2 2 0 0...

Ignored nodes: comments, script, style
[36m<body>[39m
  [36m<div>[39m
    [36m<div[39m
      [33mclass[39m=[32m"flex flex-col h-full bg-c-bg text-c-text"[39m
    [36m>[39m
      [36m<div[39m
        [33mclass[39m=[32m"bg-white dark:bg-navy-900 border-b border-slate-200/60 dark:border-white/5"[39m
      [36m>[39m
        [36m<div[39m
          [33mclass[39m=[32m"flex items-center px-4 py-3 gap-3 justify-between"[39m
        [36m>[39m
          [36m<div[39m
            [33mclass[39m=[32m"flex items-center gap-3"[39m
          [36m>[39m
            [36m<button[39m
              [33maria-disabled[39m=[32m"false"[39m
              [33maria-expanded[39m=[32m"false"[39m
              [33maria-label[39m=[32m"Search"[39m
              [33mclass[39m=[32m"h-9 w-9 inline-flex items-center justify-center rounded-full transition-colors duration-150 border text-slate-500 dark:text-slate-400 border-slate-200/70 dark:border-white/[0.06] hover:bg-slate-100/70 dark:hover:bg-white/[0.05]"[39m
              [33mtitle[39m=[32m"Search"[39m
              [33mtype[39m=[32m"button"[39m
            [36m>[39m
              [36m<svg[39m
                [33maria-hidden[39m=[32m"true"[39m
                [33mclass[39m=[32m"lucide lucide-search"[39m
                [33mfill[39m=[32m"none"[39m
                [33mheight[39m=[32m"18"[39m
                [33mstroke[39m=[32m"currentColor"[39m
                [33mstroke-linecap[39m=[32m"round"[39m
                [33mstroke-linejoin[39m=[32m"round"[39m
                [33mstroke-width[39m=[32m"2"[39m
                [33mviewBox[39m=[32m"0 0 24 24"[39m
                [33mwidth[39m=[32m"18"[39m
                [33mxmlns[39m=[32m"http://www.w3.org/2000/svg"[39m
              [36m>[39m
                [36m<path[39m
                  [33md[39m=[32m"m21 21-4.34-4.34"[39m
                [36m/>[39m
                [36m<circle[39m
                  [33mcx[39m=[32m"11"[39m
                  [33mcy[39m=[32m"11"[39m
                  [33mr[39m=[32m"8"[39m
                [36m/>[39m
              [36m</svg>[39m
            [36m</button>[39m
            [36m<div[39m
              [33maria-label[39m=[32m"Module sections"[39m
              [33mclass[39m=[32m"flex items-center gap-1.5"[39m
              [33mrole[39m=[32m"tablist"[39m
            [36m>[39m
              [36m<button[39m
                [33maria-selected[39m=[32m"true"[39m
                [33mclass[39m=[32m"inline-flex h-9 items-center gap-2 rounded-full border px-3 text-sm font-medium transition-colors duration-150 whitespace-nowrap active:scale-[0.98] focus-visible:outline-none focus-visible:ring-2 focus-visible:ring-c-focus focus-visible:ring-offset-1 ring-offset-white dark:ring-offset-navy-900 border-slate-300 bg-state-selected text-slate-900 dark:border-white/25 dark:text-slate-100"[39m
                [33mrole[39m=[32m"tab"[39m
                [33mtype[39m=[32m"button"[39m
              [36m>[39m
                [36m<svg[39m
                  [33maria-hidden[39m=[32m"true"[39m
                  [33mclass[39m=[32m"lucide lucide-layout-dashboard"[39m
                  [33mfill[39m=[32m"none"[39m
                  [33mheight[39m=[32m"16"[39m
                  [33mstroke[39m=[32m"currentColor"[39m
                  [33mstroke-linecap[39m=[32m"round"[39m
                  [33mstroke-linejoin[39m=[32m"round"[39m
                  [33mstroke-width[39m=[32m"2"[39m
                  [33mviewBox[39m=[32m"0 0 24 24"[39m
                  [33mwidth[39m=[32m"16"[39m
                  [33mxmlns[39m=[32m"http://www.w3.org/2000/svg"[39m
                [36m>[39m
                  [36m<rect[39m
                    [33mheight[39m=[32m"9"[39m
                    [33mrx[39m=[32m"1"[39m
                    [33mwidth[39m=[32m"7"[39m
                    [33mx[39m=[32m"3"[39m
                    [33my[39m=[32m"3"[39m
                  [36m/>[39m
                  [36m<rect[39m
                    [33mheight[39m=[32m"5"[39m
                    [33mrx[39m=[32m"1"[39m
                    [33mwidth[39m=[32m"7"[39m
                    [33mx[39m=[32m"14"[39m
                    [33my[39m=[32m"3"[39m
                  [36m/>[39m
                  [36m<rect[39m
                    [33mheight[39m=[32m"9"[39m
                    [33mrx[39m=[32m"1"[39m
                    [33mwidth[39m=[32m"7"[39m
                    [33mx[39m=[32m"14"[39m
                    [33my[39m=[32m"12"[39m
                  [36m/>[39m
                  [36m<rect[39m
                    [33mheight[39m=[32m"5"[39m
                    [33mrx[39m=[32m"1"[39m
                    [33mwidth[39m=[32m"7"[39m
                    [33mx[39m=[32m"3"[39m
                    [33my[39m=[32m"16"[39m
                  [36m/>[39m
                [36m</svg>[39m
                [36m<span>[39m
                  [0mExecution bank[0m
                [36m</span>[39m
              [36m</button>[39m
              [36m<button[39m
                [33maria-selected[39m=[32m"false"[39m
                [33mclass[39m=[32m"inline-flex h-9 items-center gap-2 rounded-full border px-3 text-sm font-medium transition-colors duration-150 whitespace-nowrap active:scale-[0.98] focus-visible:outline-none focus-visible:ring-2 focus-visible:ring-c-focus focus-visible:ring-offset-1 ring-offset-white dark:ring-offset-navy-900 border-slate-200/70 bg-white/70 text-slate-700 hover:bg-state-hover dark:border-white/[0.06] dark:bg-white/[0.04] dark:text-slate-300"[39m
                [33mrole[39m=[32m"tab"[39m
                [33mtype[39m=[32m"button"[39m
              [36m>[39m
                [36m<svg[39m
                  [33maria-hidden[39m=[32m"true"[39m
                  [33mclass[39m=[32m"lucide lucide-clipboard-list"[39m
                  [33mfill[39m=[32m"none"[39m
                  [33mheight[39m=[32m"16"[39m
                  [33mstroke[39m=[32m"currentColor"[39m
                  [33mstroke-linecap[39m=[32m"round"[39m
                  [33mstroke-linejoin[39m=[32m"round"[39m
                  [33mstroke-width[39m=[32m"2"[39m
                  [33mviewBox[39m=[32m"0 0 24 24"[39m
                  [33mwidth[39m=[32m"16"[39m
                  [33mxmlns[39m=[32m"http://www.w3.org/2000/svg"[39m
                [36m>[39m
                  [36m<rect[39m
                    [33mheight[39m=[32m"4"[39m
                    [33mrx[39m=[32m"1"[39m
                    [33mry[39m=[32m"1"[39m
                    [33mwidth[39m=[32m"8"[39m
                    [33mx[39m=[32m"8"[39m
                    [33my[39m=[32m"2"[39m
                  [36m/>[39m
                  [36m<path[39m
                    [33md[39m=[32m"M16 4h2a2 2 0 0...
 ❯ waitForWrapper ../enterprise-trust-pack-20260913/node_modules/@testing-library/dom/dist/wait-for.js:163:27
 ❯ ../enterprise-trust-pack-20260913/node_modules/@testing-library/dom/dist/query-helpers.js:86:33
 ❯ tests/components/Execution/ExecutionHub.e1bReviewerGaps.behavior.test.tsx:332:27
    330|       fireEvent.click(tableItem);
    331|       expect(tableItem.closest('tr')).toHaveAttribute('aria-selected',…
    332|       expect(await screen.findByTestId('execution-bank-preview')).toHa…
       |                           ^
    333|         'data-initiative-id',
    334|         'initiative-without-case-action'

⎯⎯⎯⎯⎯⎯⎯⎯⎯⎯⎯⎯⎯⎯⎯⎯⎯⎯⎯⎯⎯⎯⎯⎯[7/7]⎯

⎯⎯⎯⎯⎯⎯ Unhandled Errors ⎯⎯⎯⎯⎯⎯

Vitest caught 5 unhandled errors during the test run.
This might cause false positive tests. Resolve unhandled errors to make sure your tests are not affected.

⎯⎯⎯⎯⎯ Uncaught Exception ⎯⎯⎯⎯⎯
Error: [vitest] No "memberNameOrUnknown" export is defined on the "@/hooks/useOrganizationMemberNames" mock. Did you forget to return it from "vi.mock"?
If you need to partially mock a module, you can use "importOriginal" helper inside:

vi.mock(import("@/hooks/useOrganizationMemberNames"), async (importOriginal) => {
  const actual = await importOriginal()
  return {
    ...actual,
    // your mocked methods
  }
})

 ❯ VitestMocker.createError ../enterprise-trust-pack-20260913/node_modules/vitest/dist/chunks/startVitestModuleRunner.bRl2_oI_.js:62:17
 ❯ Object.get ../enterprise-trust-pack-20260913/node_modules/vitest/dist/chunks/startVitestModuleRunner.bRl2_oI_.js:324:16
 ❯ executionBankOwnerLabel src/components/Execution/ExecutionBankViews.tsx:208:10
    206|   if (row.ownerName?.trim()) return row.ownerName.trim();
    207|   if (!row.ownerId) return '—';
    208|   return memberNameOrUnknown(resolveOwnerName, row.ownerId, false);
       |          ^
    209| };
    210|
 ❯ OwnerLabel src/components/Execution/ExecutionBankViews.tsx:199:14
 ❯ Object.react_stack_bottom_frame ../enterprise-trust-pack-20260913/node_modules/react-dom/cjs/react-dom-client.development.js:25904:20
 ❯ renderWithHooks ../enterprise-trust-pack-20260913/node_modules/react-dom/cjs/react-dom-client.development.js:7662:22
 ❯ updateFunctionComponent ../enterprise-trust-pack-20260913/node_modules/react-dom/cjs/react-dom-client.development.js:10166:19
 ❯ beginWork ../enterprise-trust-pack-20260913/node_modules/react-dom/cjs/react-dom-client.development.js:11778:18
 ❯ runWithFiberInDEV ../enterprise-trust-pack-20260913/node_modules/react-dom/cjs/react-dom-client.development.js:874:13
 ❯ performUnitOfWork ../enterprise-trust-pack-20260913/node_modules/react-dom/cjs/react-dom-client.development.js:17641:22

This error originated in "tests/components/Execution/ExecutionHub.e1bBankViews.behavior.test.tsx" test file. It doesn't mean the error was thrown inside the file itself, but while it was running.
The latest test that might've caused the error is "E1b Bank renders one ordered Initiative set across table, kanban, calendar and gantt without writes". It might mean one of the following:
- The error was thrown, while Vitest was running this test.
- If the error occurred after the test had been completed, this was the last documented test before it was thrown.

⎯⎯⎯⎯⎯ Uncaught Exception ⎯⎯⎯⎯⎯
Error: [vitest] No "memberNameOrUnknown" export is defined on the "@/hooks/useOrganizationMemberNames" mock. Did you forget to return it from "vi.mock"?
If you need to partially mock a module, you can use "importOriginal" helper inside:

vi.mock(import("@/hooks/useOrganizationMemberNames"), async (importOriginal) => {
  const actual = await importOriginal()
  return {
    ...actual,
    // your mocked methods
  }
})

 ❯ VitestMocker.createError ../enterprise-trust-pack-20260913/node_modules/vitest/dist/chunks/startVitestModuleRunner.bRl2_oI_.js:62:17
 ❯ Object.get ../enterprise-trust-pack-20260913/node_modules/vitest/dist/chunks/startVitestModuleRunner.bRl2_oI_.js:324:16
 ❯ executionBankOwnerLabel src/components/Execution/ExecutionBankViews.tsx:208:10
    206|   if (row.ownerName?.trim()) return row.ownerName.trim();
    207|   if (!row.ownerId) return '—';
    208|   return memberNameOrUnknown(resolveOwnerName, row.ownerId, false);
       |          ^
    209| };
    210|
 ❯ OwnerLabel src/components/Execution/ExecutionBankViews.tsx:199:14
 ❯ Object.react_stack_bottom_frame ../enterprise-trust-pack-20260913/node_modules/react-dom/cjs/react-dom-client.development.js:25904:20
 ❯ renderWithHooks ../enterprise-trust-pack-20260913/node_modules/react-dom/cjs/react-dom-client.development.js:7662:22
 ❯ updateFunctionComponent ../enterprise-trust-pack-20260913/node_modules/react-dom/cjs/react-dom-client.development.js:10166:19
 ❯ beginWork ../enterprise-trust-pack-20260913/node_modules/react-dom/cjs/react-dom-client.development.js:11778:18
 ❯ runWithFiberInDEV ../enterprise-trust-pack-20260913/node_modules/react-dom/cjs/react-dom-client.development.js:874:13
 ❯ performUnitOfWork ../enterprise-trust-pack-20260913/node_modules/react-dom/cjs/react-dom-client.development.js:17641:22

This error originated in "tests/components/Execution/ExecutionHub.e1bBankViews.behavior.test.tsx" test file. It doesn't mean the error was thrown inside the file itself, but while it was running.
The latest test that might've caused the error is "wires five reachable Bank filters to the same set used by every view, including no-project". It might mean one of the following:
- The error was thrown, while Vitest was running this test.
- If the error occurred after the test had been completed, this was the last documented test before it was thrown.

⎯⎯⎯⎯⎯ Uncaught Exception ⎯⎯⎯⎯⎯
Error: [vitest] No "memberNameOrUnknown" export is defined on the "@/hooks/useOrganizationMemberNames" mock. Did you forget to return it from "vi.mock"?
If you need to partially mock a module, you can use "importOriginal" helper inside:

vi.mock(import("@/hooks/useOrganizationMemberNames"), async (importOriginal) => {
  const actual = await importOriginal()
  return {
    ...actual,
    // your mocked methods
  }
})

 ❯ VitestMocker.createError ../enterprise-trust-pack-20260913/node_modules/vitest/dist/chunks/startVitestModuleRunner.bRl2_oI_.js:62:17
 ❯ Object.get ../enterprise-trust-pack-20260913/node_modules/vitest/dist/chunks/startVitestModuleRunner.bRl2_oI_.js:324:16
 ❯ executionBankOwnerLabel src/components/Execution/ExecutionBankViews.tsx:208:10
    206|   if (row.ownerName?.trim()) return row.ownerName.trim();
    207|   if (!row.ownerId) return '—';
    208|   return memberNameOrUnknown(resolveOwnerName, row.ownerId, false);
       |          ^
    209| };
    210|
 ❯ buildExecutionBankPreviewDeclaration src/components/Execution/executionBankPreviewDeclaration.tsx:219:18
 ❯ renderContent src/components/Execution/ExecutionHub.tsx:5857:11
 ❯ ExecutionHub src/components/Execution/ExecutionHub.tsx:6529:10
 ❯ Object.react_stack_bottom_frame ../enterprise-trust-pack-20260913/node_modules/react-dom/cjs/react-dom-client.development.js:25904:20
 ❯ renderWithHooks ../enterprise-trust-pack-20260913/node_modules/react-dom/cjs/react-dom-client.development.js:7662:22
 ❯ updateFunctionComponent ../enterprise-trust-pack-20260913/node_modules/react-dom/cjs/react-dom-client.development.js:10166:19
 ❯ beginWork ../enterprise-trust-pack-20260913/node_modules/react-dom/cjs/react-dom-client.development.js:11778:18

This error originated in "tests/components/Execution/ExecutionHub.e1bBankViews.behavior.test.tsx" test file. It doesn't mean the error was thrown inside the file itself, but while it was running.
The latest test that might've caused the error is "hydrates the requested Bank view and native selection from a cold query and keeps selection when the view changes". It might mean one of the following:
- The error was thrown, while Vitest was running this test.
- If the error occurred after the test had been completed, this was the last documented test before it was thrown.

⎯⎯⎯⎯⎯ Uncaught Exception ⎯⎯⎯⎯⎯
Error: [vitest] No "memberNameOrUnknown" export is defined on the "@/hooks/useOrganizationMemberNames" mock. Did you forget to return it from "vi.mock"?
If you need to partially mock a module, you can use "importOriginal" helper inside:

vi.mock(import("@/hooks/useOrganizationMemberNames"), async (importOriginal) => {
  const actual = await importOriginal()
  return {
    ...actual,
    // your mocked methods
  }
})

 ❯ VitestMocker.createError ../enterprise-trust-pack-20260913/node_modules/vitest/dist/chunks/startVitestModuleRunner.bRl2_oI_.js:62:17
 ❯ Object.get ../enterprise-trust-pack-20260913/node_modules/vitest/dist/chunks/startVitestModuleRunner.bRl2_oI_.js:324:16
 ❯ executionBankOwnerLabel src/components/Execution/ExecutionBankViews.tsx:208:10
    206|   if (row.ownerName?.trim()) return row.ownerName.trim();
    207|   if (!row.ownerId) return '—';
    208|   return memberNameOrUnknown(resolveOwnerName, row.ownerId, false);
       |          ^
    209| };
    210|
 ❯ OwnerLabel src/components/Execution/ExecutionBankViews.tsx:199:14
 ❯ Object.react_stack_bottom_frame ../enterprise-trust-pack-20260913/node_modules/react-dom/cjs/react-dom-client.development.js:25904:20
 ❯ renderWithHooks ../enterprise-trust-pack-20260913/node_modules/react-dom/cjs/react-dom-client.development.js:7662:22
 ❯ updateFunctionComponent ../enterprise-trust-pack-20260913/node_modules/react-dom/cjs/react-dom-client.development.js:10166:19
 ❯ beginWork ../enterprise-trust-pack-20260913/node_modules/react-dom/cjs/react-dom-client.development.js:11778:18
 ❯ runWithFiberInDEV ../enterprise-trust-pack-20260913/node_modules/react-dom/cjs/react-dom-client.development.js:874:13
 ❯ performUnitOfWork ../enterprise-trust-pack-20260913/node_modules/react-dom/cjs/react-dom-client.development.js:17641:22

This error originated in "tests/components/Execution/ExecutionHub.e1bBankViews.behavior.test.tsx" test file. It doesn't mean the error was thrown inside the file itself, but while it was running.
The latest test that might've caused the error is "selects an Initiative without a Case and restores that native selection after a view switch and reload". It might mean one of the following:
- The error was thrown, while Vitest was running this test.
- If the error occurred after the test had been completed, this was the last documented test before it was thrown.

⎯⎯⎯⎯⎯ Uncaught Exception ⎯⎯⎯⎯⎯
Error: [vitest] No "memberNameOrUnknown" export is defined on the "@/hooks/useOrganizationMemberNames" mock. Did you forget to return it from "vi.mock"?
If you need to partially mock a module, you can use "importOriginal" helper inside:

vi.mock(import("@/hooks/useOrganizationMemberNames"), async (importOriginal) => {
  const actual = await importOriginal()
  return {
    ...actual,
    // your mocked methods
  }
})

 ❯ VitestMocker.createError ../enterprise-trust-pack-20260913/node_modules/vitest/dist/chunks/startVitestModuleRunner.bRl2_oI_.js:62:17
 ❯ Object.get ../enterprise-trust-pack-20260913/node_modules/vitest/dist/chunks/startVitestModuleRunner.bRl2_oI_.js:324:16
 ❯ executionBankOwnerLabel src/components/Execution/ExecutionBankViews.tsx:208:10
    206|   if (row.ownerName?.trim()) return row.ownerName.trim();
    207|   if (!row.ownerId) return '—';
    208|   return memberNameOrUnknown(resolveOwnerName, row.ownerId, false);
       |          ^
    209| };
    210|
 ❯ OwnerLabel src/components/Execution/ExecutionBankViews.tsx:199:14
 ❯ Object.react_stack_bottom_frame ../enterprise-trust-pack-20260913/node_modules/react-dom/cjs/react-dom-client.development.js:25904:20
 ❯ renderWithHooks ../enterprise-trust-pack-20260913/node_modules/react-dom/cjs/react-dom-client.development.js:7662:22
 ❯ updateFunctionComponent ../enterprise-trust-pack-20260913/node_modules/react-dom/cjs/react-dom-client.development.js:10166:19
 ❯ beginWork ../enterprise-trust-pack-20260913/node_modules/react-dom/cjs/react-dom-client.development.js:11778:18
 ❯ runWithFiberInDEV ../enterprise-trust-pack-20260913/node_modules/react-dom/cjs/react-dom-client.development.js:874:13
 ❯ performUnitOfWork ../enterprise-trust-pack-20260913/node_modules/react-dom/cjs/react-dom-client.development.js:17641:22

This error originated in "tests/components/Execution/ExecutionHub.e1bBankViews.behavior.test.tsx" test file. It doesn't mean the error was thrown inside the file itself, but while it was running.
The latest test that might've caused the error is "refetches the same Initiative evidence at controlled asOf on browser Back and Forward". It might mean one of the following:
- The error was thrown, while Vitest was running this test.
- If the error occurred after the test had been completed, this was the last documented test before it was thrown.
⎯⎯⎯⎯⎯⎯⎯⎯⎯⎯⎯⎯⎯⎯⎯⎯⎯⎯⎯⎯⎯⎯⎯⎯⎯⎯⎯⎯⎯⎯


 Test Files  3 failed | 1 passed (4)
      Tests  7 failed | 16 passed (23)
     Errors  5 errors
   Start at  20:20:37
   Duration  6.11s (transform 2.26s, setup 429ms, import 3.71s, tests 6.39s, environment 1.10s)


⎯⎯⎯⎯⎯⎯⎯ Failed Tests 7 ⎯⎯⎯⎯⎯⎯⎯

 FAIL  tests/components/Execution/ExecutionBankViews.behavior.test.tsx > E1b ExecutionBankViews mounted behavior > keeps the same ordered identity denominator and selection across every read-only renderer
TestingLibraryElementError: Unable to find an element by: [data-testid="execution-bank-variance-initiative-a"]

Ignored nodes: comments, script, style
[36m<body>[39m
  [36m<div>[39m
    [36m<div[39m
      [33mclass[39m=[32m"h-full"[39m
      [33mdata-as-of[39m=[32m"2028-01-31T00:00:00.000Z"[39m
      [33mdata-testid[39m=[32m"execution-bank-view-gantt"[39m
    [36m>[39m
      [36m<div[39m
        [33mclass[39m=[32m"h-full overflow-auto"[39m
        [33mdata-testid[39m=[32m"execution-bank-gantt"[39m
      [36m>[39m
        [36m<div[39m
          [33maria-label[39m=[32m"Execution Bank horizon"[39m
          [33mclass[39m=[32m"flex items-center gap-1 px-4 py-2"[39m
        [36m>[39m
          [36m<button[39m
            [33maria-pressed[39m=[32m"false"[39m
            [33mclass[39m=[32m"h-7 rounded-full border border-c-border-subtle px-2.5 text-[11px] focus-visible:ring-2 focus-visible:ring-c-focus"[39m
            [33mtype[39m=[32m"button"[39m
          [36m>[39m
            [0m1[0m
            [0mm[0m
          [36m</button>[39m
          [36m<button[39m
            [33maria-pressed[39m=[32m"true"[39m
            [33mclass[39m=[32m"h-7 rounded-full border border-c-border-subtle px-2.5 text-[11px] focus-visible:ring-2 focus-visible:ring-c-focus"[39m
            [33mtype[39m=[32m"button"[39m
          [36m>[39m
            [0m3[0m
            [0mm[0m
          [36m</button>[39m
          [36m<button[39m
            [33maria-pressed[39m=[32m"false"[39m
            [33mclass[39m=[32m"h-7 rounded-full border border-c-border-subtle px-2.5 text-[11px] focus-visible:ring-2 focus-visible:ring-c-focus"[39m
            [33mtype[39m=[32m"button"[39m
          [36m>[39m
            [0m6[0m
            [0mm[0m
          [36m</button>[39m
          [36m<button[39m
            [33maria-pressed[39m=[32m"false"[39m
            [33mclass[39m=[32m"h-7 rounded-full border border-c-border-subtle px-2.5 text-[11px] focus-visible:ring-2 focus-visible:ring-c-focus"[39m
            [33mtype[39m=[32m"button"[39m
          [36m>[39m
            [0m12[0m
            [0mm[0m
          [36m</button>[39m
          [36m<span[39m
            [33mclass[39m=[32m"ml-2 text-[11px] text-c-text-muted"[39m
          [36m>[39m
            [0mReporting date [0m
            [0mJan 31, 2028[0m
            [0m ·[0m
            [0m [0m
            [0mweekly scale[0m
          [36m</span>[39m
        [36m</div>[39m
        [36m<div[39m
          [33mclass[39m=[32m"min-w-[980px] px-4 pb-4"[39m
        [36m>[39m
          [36m<div[39m
            [33mclass[39m=[32m"grid grid-cols-[220px_minmax(730px,1fr)] gap-3 items-end border-b border-c-border-subtle pb-2"[39m
          [36m>[39m
            [36m<span[39m
              [33mclass[39m=[32m"text-[11px] font-semibold uppercase text-c-text-muted"[39m
            [36m>[39m
              [0mInitiative schedule[0m
            [36m</span>[39m
            [36m<div[39m
              [33mclass[39m=[32m"grid grid-cols-[110px_minmax(620px,1fr)] items-center gap-2"[39m
              [33mdata-testid[39m=[32m"execution-bank-gantt-axis-layout"[39m
            [36m>[39m
              [36m<span[39m
                [33mclass[39m=[32m"text-[10px] font-medium text-c-text-secondary"[39m
              [36m>[39m
                [0mTrack[0m
              [36m</span>[39m
              [36m<div[39m
                [33mclass[39m=[32m"relative min-w-0"[39m
              [36m>[39m
                [36m<svg[39m
                  [33maria-label[39m=[32m"Timeline from Jan 1, 2028 to Apr 1, 2028"[39m
                  [33mclass[39m=[32m"h-9 w-full overflow-visible"[39m
                  [33mdata-testid[39m=[32m"execution-bank-gantt-axis"[39m
                  [33mdata-window-end[39m=[32m"2028-04-01"[39m
                  [33mdata-window-start[39m=[32m"2028-01-01"[39m
                  [33mviewBox[39m=[32m"0 0 1000 36"[39m
                [36m>[39m
                  [36m<g[39m
                    [33mdata-testid[39m=[32m"execution-bank-gantt-tick-week-2028-01-01"[39m
                  [36m>[39m
                    [36m<line[39m
                      [33mclass[39m=[32m"stroke-c-border-subtle"[39m
                      [33mx1[39m=[32m"0"[39m
                      [33mx2[39m=[32m"0"[39m
                      [33my1[39m=[32m"18"[39m
                      [33my2[39m=[32m"36"[39m
                    [36m/>[39m
                  [36m</g>[39m
                  [36m<g[39m
                    [33mdata-testid[39m=[32m"execution-bank-gantt-tick-week-2028-01-08"[39m
                  [36m>[39m
                    [36m<line[39m
                      [33mclass[39m=[32m"stroke-c-border-subtle"[39m
                      [33mx1[39m=[32m"76.92307692307693"[39m
                      [33mx2[39m=[32m"76.92307692307693"[39m
                      [33my1[39m=[32m"18"[39m
                      [33my2[39m=[32m"36"[39m
                    [36m/>[39m
                  [36m</g>[39m
                  [36m<g[39m
                    [33mdata-testid[39m=[32m"execution-bank-gantt-tick-week-2028-01-15"[39m
                  [36m>[39m
                    [36m<line[39m
                      [33mclass[39m=[32m"stroke-c-border-subtle"[39m
                      [33mx1[39m=[32m"153.84615384615387"[39m
                      [33mx2[39m=[32m"153.84615384615387"[39m
                      [33my1[39m=[32m"18"[39m
                      [33my2[39m=[32m"36"[39m
                    [36m/>[39m
                  [36m</g>[39m
                  [36m<g[39m
                    [33mdata-testid[39m=[32m"execution-bank-gantt-tick-week-2028-01-22"[39m
                  [36m>[39m
                    [36m<line[39m
                      [33mclass[39m=[32m"stroke-c-border-subtle"[39m
                      [33mx1[39m=[32m"230.76923076923077"[39m
                      [33mx2[39m=[32m"230.76923076923077"[39m
                      [33my1[39m=[32m"18"[39m
                      [33my2[39m=[32m"36"[39m
                    [36m/>[39m
                  [36m</g>[39m
                  [36m<g[39m
                    [33mdata-testid[39m=[32m"execution-bank-gantt-tick-week-2028-01-29"[39m
                  [36m>[39m
                    [36m<line[39m
                      [33mclass[39m=[32m"stroke-c-border-subtle"[39m
                      [33mx1[39m=[32m"307.69230769230774"[39m
                      [33mx2[39m=[32m"307.69230769230774"[39m
                      [33my1[39m=[32m"18"[39m
                      [33my2[39m=[32m"36"[39m
                    [36m/>[39m
                  [36m</g>[39m
                  [36m<g[39m
                    [33mdata-testid[39m=[32m"execution-bank-gantt-tick-week-2028-02-05"[39m
                  [36m>[39m
                    [36m<line[39m
                      [33mclass[39m=[32m"stro...
 ❯ Object.getElementError ../enterprise-trust-pack-20260913/node_modules/@testing-library/dom/dist/config.js:37:19
 ❯ ../enterprise-trust-pack-20260913/node_modules/@testing-library/dom/dist/query-helpers.js:76:38
 ❯ ../enterprise-trust-pack-20260913/node_modules/@testing-library/dom/dist/query-helpers.js:52:17
 ❯ ../enterprise-trust-pack-20260913/node_modules/@testing-library/dom/dist/query-helpers.js:95:19
 ❯ tests/components/Execution/ExecutionBankViews.behavior.test.tsx:111:19
    109|       expect.objectContaining({ executionCaseId: 'case-a' })
    110|     );
    111|     expect(screen.getByTestId('execution-bank-variance-initiative-a'))…
       |                   ^
    112|       '20 days · forecast'
    113|     );

⎯⎯⎯⎯⎯⎯⎯⎯⎯⎯⎯⎯⎯⎯⎯⎯⎯⎯⎯⎯⎯⎯⎯⎯[1/7]⎯

 FAIL  tests/components/Execution/ExecutionHub.e1bBankViews.behavior.test.tsx > E1b Execution Bank views > E1b Bank renders one ordered Initiative set across table, kanban, calendar and gantt without writes
TestingLibraryElementError: Unable to find an element with the text: Alpha. This could be because the text is broken up by multiple elements. In this case, you can provide a function for your text matcher to make your matcher more flexible.

Ignored nodes: comments, script, style
[36m<body>[39m
  [36m<div />[39m
[36m</body>[39m

Ignored nodes: comments, script, style
[36m<body>[39m
  [36m<div />[39m
[36m</body>[39m
 ❯ waitForWrapper ../enterprise-trust-pack-20260913/node_modules/@testing-library/dom/dist/wait-for.js:163:27
 ❯ ../enterprise-trust-pack-20260913/node_modules/@testing-library/dom/dist/query-helpers.js:86:33
 ❯ tests/components/Execution/ExecutionHub.e1bBankViews.behavior.test.tsx:276:18
    274|     );
    275|
    276|     await screen.findByText('Alpha');
       |                  ^
    277|     fireEvent.click(screen.getByRole('radio', { name: 'All' }));
    278|     const expected = ['initiative-a', 'initiative-c', 'initiative-b', …

⎯⎯⎯⎯⎯⎯⎯⎯⎯⎯⎯⎯⎯⎯⎯⎯⎯⎯⎯⎯⎯⎯⎯⎯[2/7]⎯

 FAIL  tests/components/Execution/ExecutionHub.e1bBankViews.behavior.test.tsx > E1b Execution Bank views > wires five reachable Bank filters to the same set used by every view, including no-project
TestingLibraryElementError: Unable to find an element with the text: Alpha. This could be because the text is broken up by multiple elements. In this case, you can provide a function for your text matcher to make your matcher more flexible.

Ignored nodes: comments, script, style
[36m<body>[39m
  [36m<div />[39m
[36m</body>[39m

Ignored nodes: comments, script, style
[36m<body>[39m
  [36m<div />[39m
[36m</body>[39m
 ❯ waitForWrapper ../enterprise-trust-pack-20260913/node_modules/@testing-library/dom/dist/wait-for.js:163:27
 ❯ ../enterprise-trust-pack-20260913/node_modules/@testing-library/dom/dist/query-helpers.js:86:33
 ❯ tests/components/Execution/ExecutionHub.e1bBankViews.behavior.test.tsx:336:18
    334|     );
    335|
    336|     await screen.findByText('Alpha');
       |                  ^
    337|     fireEvent.click(screen.getByRole('radio', { name: 'All' }));
    338|     const project = screen.getByRole('combobox', { name: 'Bank project…

⎯⎯⎯⎯⎯⎯⎯⎯⎯⎯⎯⎯⎯⎯⎯⎯⎯⎯⎯⎯⎯⎯⎯⎯[3/7]⎯

 FAIL  tests/components/Execution/ExecutionHub.e1bBankViews.behavior.test.tsx > E1b Execution Bank views > hydrates the requested Bank view and native selection from a cold query and keeps selection when the view changes
Error: expect(element).toBeInTheDocument()

element could not be found in the document
 ❯ tests/components/Execution/ExecutionHub.e1bBankViews.behavior.test.tsx:378:71
    376|     );
    377|
    378|     expect(await screen.findByTestId('execution-bank-view-calendar')).…
       |                                                                       ^
    379|     expect(await screen.findByTestId('execution-bank-preview')).toHave…
    380|       'data-initiative-id',

⎯⎯⎯⎯⎯⎯⎯⎯⎯⎯⎯⎯⎯⎯⎯⎯⎯⎯⎯⎯⎯⎯⎯⎯[4/7]⎯

 FAIL  tests/components/Execution/ExecutionHub.e1bBankViews.behavior.test.tsx > E1b Execution Bank views > selects an Initiative without a Case and restores that native selection after a view switch and reload
TestingLibraryElementError: Unable to find an element with the text: Alpha. This could be because the text is broken up by multiple elements. In this case, you can provide a function for your text matcher to make your matcher more flexible.

Ignored nodes: comments, script, style
[36m<body>[39m
  [36m<div />[39m
[36m</body>[39m

Ignored nodes: comments, script, style
[36m<body>[39m
  [36m<div />[39m
[36m</body>[39m
 ❯ waitForWrapper ../enterprise-trust-pack-20260913/node_modules/@testing-library/dom/dist/wait-for.js:163:27
 ❯ ../enterprise-trust-pack-20260913/node_modules/@testing-library/dom/dist/query-helpers.js:86:33
 ❯ tests/components/Execution/ExecutionHub.e1bBankViews.behavior.test.tsx:404:18
    402|     );
    403|
    404|     await screen.findByText('Alpha');
       |                  ^
    405|     fireEvent.click(screen.getByRole('radio', { name: 'All' }));
    406|     fireEvent.click(await screen.findByText('Delta'));

⎯⎯⎯⎯⎯⎯⎯⎯⎯⎯⎯⎯⎯⎯⎯⎯⎯⎯⎯⎯⎯⎯⎯⎯[5/7]⎯

 FAIL  tests/components/Execution/ExecutionHub.e1bBankViews.behavior.test.tsx > E1b Execution Bank views > refetches the same Initiative evidence at controlled asOf on browser Back and Forward
TestingLibraryElementError: Unable to find an element with the text: Alpha. This could be because the text is broken up by multiple elements. In this case, you can provide a function for your text matcher to make your matcher more flexible.

Ignored nodes: comments, script, style
[36m<body>[39m
  [36m<div />[39m
[36m</body>[39m

Ignored nodes: comments, script, style
[36m<body>[39m
  [36m<div />[39m
[36m</body>[39m
 ❯ waitForWrapper ../enterprise-trust-pack-20260913/node_modules/@testing-library/dom/dist/wait-for.js:163:27
 ❯ ../enterprise-trust-pack-20260913/node_modules/@testing-library/dom/dist/query-helpers.js:86:33
 ❯ tests/components/Execution/ExecutionHub.e1bBankViews.behavior.test.tsx:504:18
    502|     );
    503|
    504|     await screen.findByText('Alpha');
       |                  ^
    505|     await waitFor(() =>
    506|       expect(getInitiatives).toHaveBeenCalledWith(undefined, {

⎯⎯⎯⎯⎯⎯⎯⎯⎯⎯⎯⎯⎯⎯⎯⎯⎯⎯⎯⎯⎯⎯⎯⎯[6/7]⎯

 FAIL  tests/components/Execution/ExecutionHub.e1bReviewerGaps.behavior.test.tsx > E1b independent reviewer gaps > selects and restores a canonical Initiative without inventing an Execution Case identity
TestingLibraryElementError: Unable to find an element by: [data-testid="execution-bank-preview"]

Ignored nodes: comments, script, style
[36m<body>[39m
  [36m<div>[39m
    [36m<div[39m
      [33mclass[39m=[32m"flex flex-col h-full bg-c-bg text-c-text"[39m
    [36m>[39m
      [36m<div[39m
        [33mclass[39m=[32m"bg-white dark:bg-navy-900 border-b border-slate-200/60 dark:border-white/5"[39m
      [36m>[39m
        [36m<div[39m
          [33mclass[39m=[32m"flex items-center px-4 py-3 gap-3 justify-between"[39m
        [36m>[39m
          [36m<div[39m
            [33mclass[39m=[32m"flex items-center gap-3"[39m
          [36m>[39m
            [36m<button[39m
              [33maria-disabled[39m=[32m"false"[39m
              [33maria-expanded[39m=[32m"false"[39m
              [33maria-label[39m=[32m"Search"[39m
              [33mclass[39m=[32m"h-9 w-9 inline-flex items-center justify-center rounded-full transition-colors duration-150 border text-slate-500 dark:text-slate-400 border-slate-200/70 dark:border-white/[0.06] hover:bg-slate-100/70 dark:hover:bg-white/[0.05]"[39m
              [33mtitle[39m=[32m"Search"[39m
              [33mtype[39m=[32m"button"[39m
            [36m>[39m
              [36m<svg[39m
                [33maria-hidden[39m=[32m"true"[39m
                [33mclass[39m=[32m"lucide lucide-search"[39m
                [33mfill[39m=[32m"none"[39m
                [33mheight[39m=[32m"18"[39m
                [33mstroke[39m=[32m"currentColor"[39m
                [33mstroke-linecap[39m=[32m"round"[39m
                [33mstroke-linejoin[39m=[32m"round"[39m
                [33mstroke-width[39m=[32m"2"[39m
                [33mviewBox[39m=[32m"0 0 24 24"[39m
                [33mwidth[39m=[32m"18"[39m
                [33mxmlns[39m=[32m"http://www.w3.org/2000/svg"[39m
              [36m>[39m
                [36m<path[39m
                  [33md[39m=[32m"m21 21-4.34-4.34"[39m
                [36m/>[39m
                [36m<circle[39m
                  [33mcx[39m=[32m"11"[39m
                  [33mcy[39m=[32m"11"[39m
                  [33mr[39m=[32m"8"[39m
                [36m/>[39m
              [36m</svg>[39m
            [36m</button>[39m
            [36m<div[39m
              [33maria-label[39m=[32m"Module sections"[39m
              [33mclass[39m=[32m"flex items-center gap-1.5"[39m
              [33mrole[39m=[32m"tablist"[39m
            [36m>[39m
              [36m<button[39m
                [33maria-selected[39m=[32m"true"[39m
                [33mclass[39m=[32m"inline-flex h-9 items-center gap-2 rounded-full border px-3 text-sm font-medium transition-colors duration-150 whitespace-nowrap active:scale-[0.98] focus-visible:outline-none focus-visible:ring-2 focus-visible:ring-c-focus focus-visible:ring-offset-1 ring-offset-white dark:ring-offset-navy-900 border-slate-300 bg-state-selected text-slate-900 dark:border-white/25 dark:text-slate-100"[39m
                [33mrole[39m=[32m"tab"[39m
                [33mtype[39m=[32m"button"[39m
              [36m>[39m
                [36m<svg[39m
                  [33maria-hidden[39m=[32m"true"[39m
                  [33mclass[39m=[32m"lucide lucide-layout-dashboard"[39m
                  [33mfill[39m=[32m"none"[39m
                  [33mheight[39m=[32m"16"[39m
                  [33mstroke[39m=[32m"currentColor"[39m
                  [33mstroke-linecap[39m=[32m"round"[39m
                  [33mstroke-linejoin[39m=[32m"round"[39m
                  [33mstroke-width[39m=[32m"2"[39m
                  [33mviewBox[39m=[32m"0 0 24 24"[39m
                  [33mwidth[39m=[32m"16"[39m
                  [33mxmlns[39m=[32m"http://www.w3.org/2000/svg"[39m
                [36m>[39m
                  [36m<rect[39m
                    [33mheight[39m=[32m"9"[39m
                    [33mrx[39m=[32m"1"[39m
                    [33mwidth[39m=[32m"7"[39m
                    [33mx[39m=[32m"3"[39m
                    [33my[39m=[32m"3"[39m
                  [36m/>[39m
                  [36m<rect[39m
                    [33mheight[39m=[32m"5"[39m
                    [33mrx[39m=[32m"1"[39m
                    [33mwidth[39m=[32m"7"[39m
                    [33mx[39m=[32m"14"[39m
                    [33my[39m=[32m"3"[39m
                  [36m/>[39m
                  [36m<rect[39m
                    [33mheight[39m=[32m"9"[39m
                    [33mrx[39m=[32m"1"[39m
                    [33mwidth[39m=[32m"7"[39m
                    [33mx[39m=[32m"14"[39m
                    [33my[39m=[32m"12"[39m
                  [36m/>[39m
                  [36m<rect[39m
                    [33mheight[39m=[32m"5"[39m
                    [33mrx[39m=[32m"1"[39m
                    [33mwidth[39m=[32m"7"[39m
                    [33mx[39m=[32m"3"[39m
                    [33my[39m=[32m"16"[39m
                  [36m/>[39m
                [36m</svg>[39m
                [36m<span>[39m
                  [0mExecution bank[0m
                [36m</span>[39m
              [36m</button>[39m
              [36m<button[39m
                [33maria-selected[39m=[32m"false"[39m
                [33mclass[39m=[32m"inline-flex h-9 items-center gap-2 rounded-full border px-3 text-sm font-medium transition-colors duration-150 whitespace-nowrap active:scale-[0.98] focus-visible:outline-none focus-visible:ring-2 focus-visible:ring-c-focus focus-visible:ring-offset-1 ring-offset-white dark:ring-offset-navy-900 border-slate-200/70 bg-white/70 text-slate-700 hover:bg-state-hover dark:border-white/[0.06] dark:bg-white/[0.04] dark:text-slate-300"[39m
                [33mrole[39m=[32m"tab"[39m
                [33mtype[39m=[32m"button"[39m
              [36m>[39m
                [36m<svg[39m
                  [33maria-hidden[39m=[32m"true"[39m
                  [33mclass[39m=[32m"lucide lucide-clipboard-list"[39m
                  [33mfill[39m=[32m"none"[39m
                  [33mheight[39m=[32m"16"[39m
                  [33mstroke[39m=[32m"currentColor"[39m
                  [33mstroke-linecap[39m=[32m"round"[39m
                  [33mstroke-linejoin[39m=[32m"round"[39m
                  [33mstroke-width[39m=[32m"2"[39m
                  [33mviewBox[39m=[32m"0 0 24 24"[39m
                  [33mwidth[39m=[32m"16"[39m
                  [33mxmlns[39m=[32m"http://www.w3.org/2000/svg"[39m
                [36m>[39m
                  [36m<rect[39m
                    [33mheight[39m=[32m"4"[39m
                    [33mrx[39m=[32m"1"[39m
                    [33mry[39m=[32m"1"[39m
                    [33mwidth[39m=[32m"8"[39m
                    [33mx[39m=[32m"8"[39m
                    [33my[39m=[32m"2"[39m
                  [36m/>[39m
                  [36m<path[39m
                    [33md[39m=[32m"M16 4h2a2 2 0 0...

Ignored nodes: comments, script, style
[36m<body>[39m
  [36m<div>[39m
    [36m<div[39m
      [33mclass[39m=[32m"flex flex-col h-full bg-c-bg text-c-text"[39m
    [36m>[39m
      [36m<div[39m
        [33mclass[39m=[32m"bg-white dark:bg-navy-900 border-b border-slate-200/60 dark:border-white/5"[39m
      [36m>[39m
        [36m<div[39m
          [33mclass[39m=[32m"flex items-center px-4 py-3 gap-3 justify-between"[39m
        [36m>[39m
          [36m<div[39m
            [33mclass[39m=[32m"flex items-center gap-3"[39m
          [36m>[39m
            [36m<button[39m
              [33maria-disabled[39m=[32m"false"[39m
              [33maria-expanded[39m=[32m"false"[39m
              [33maria-label[39m=[32m"Search"[39m
              [33mclass[39m=[32m"h-9 w-9 inline-flex items-center justify-center rounded-full transition-colors duration-150 border text-slate-500 dark:text-slate-400 border-slate-200/70 dark:border-white/[0.06] hover:bg-slate-100/70 dark:hover:bg-white/[0.05]"[39m
              [33mtitle[39m=[32m"Search"[39m
              [33mtype[39m=[32m"button"[39m
            [36m>[39m
              [36m<svg[39m
                [33maria-hidden[39m=[32m"true"[39m
                [33mclass[39m=[32m"lucide lucide-search"[39m
                [33mfill[39m=[32m"none"[39m
                [33mheight[39m=[32m"18"[39m
                [33mstroke[39m=[32m"currentColor"[39m
                [33mstroke-linecap[39m=[32m"round"[39m
                [33mstroke-linejoin[39m=[32m"round"[39m
                [33mstroke-width[39m=[32m"2"[39m
                [33mviewBox[39m=[32m"0 0 24 24"[39m
                [33mwidth[39m=[32m"18"[39m
                [33mxmlns[39m=[32m"http://www.w3.org/2000/svg"[39m
              [36m>[39m
                [36m<path[39m
                  [33md[39m=[32m"m21 21-4.34-4.34"[39m
                [36m/>[39m
                [36m<circle[39m
                  [33mcx[39m=[32m"11"[39m
                  [33mcy[39m=[32m"11"[39m
                  [33mr[39m=[32m"8"[39m
                [36m/>[39m
              [36m</svg>[39m
            [36m</button>[39m
            [36m<div[39m
              [33maria-label[39m=[32m"Module sections"[39m
              [33mclass[39m=[32m"flex items-center gap-1.5"[39m
              [33mrole[39m=[32m"tablist"[39m
            [36m>[39m
              [36m<button[39m
                [33maria-selected[39m=[32m"true"[39m
                [33mclass[39m=[32m"inline-flex h-9 items-center gap-2 rounded-full border px-3 text-sm font-medium transition-colors duration-150 whitespace-nowrap active:scale-[0.98] focus-visible:outline-none focus-visible:ring-2 focus-visible:ring-c-focus focus-visible:ring-offset-1 ring-offset-white dark:ring-offset-navy-900 border-slate-300 bg-state-selected text-slate-900 dark:border-white/25 dark:text-slate-100"[39m
                [33mrole[39m=[32m"tab"[39m
                [33mtype[39m=[32m"button"[39m
              [36m>[39m
                [36m<svg[39m
                  [33maria-hidden[39m=[32m"true"[39m
                  [33mclass[39m=[32m"lucide lucide-layout-dashboard"[39m
                  [33mfill[39m=[32m"none"[39m
                  [33mheight[39m=[32m"16"[39m
                  [33mstroke[39m=[32m"currentColor"[39m
                  [33mstroke-linecap[39m=[32m"round"[39m
                  [33mstroke-linejoin[39m=[32m"round"[39m
                  [33mstroke-width[39m=[32m"2"[39m
                  [33mviewBox[39m=[32m"0 0 24 24"[39m
                  [33mwidth[39m=[32m"16"[39m
                  [33mxmlns[39m=[32m"http://www.w3.org/2000/svg"[39m
                [36m>[39m
                  [36m<rect[39m
                    [33mheight[39m=[32m"9"[39m
                    [33mrx[39m=[32m"1"[39m
                    [33mwidth[39m=[32m"7"[39m
                    [33mx[39m=[32m"3"[39m
                    [33my[39m=[32m"3"[39m
                  [36m/>[39m
                  [36m<rect[39m
                    [33mheight[39m=[32m"5"[39m
                    [33mrx[39m=[32m"1"[39m
                    [33mwidth[39m=[32m"7"[39m
                    [33mx[39m=[32m"14"[39m
                    [33my[39m=[32m"3"[39m
                  [36m/>[39m
                  [36m<rect[39m
                    [33mheight[39m=[32m"9"[39m
                    [33mrx[39m=[32m"1"[39m
                    [33mwidth[39m=[32m"7"[39m
                    [33mx[39m=[32m"14"[39m
                    [33my[39m=[32m"12"[39m
                  [36m/>[39m
                  [36m<rect[39m
                    [33mheight[39m=[32m"5"[39m
                    [33mrx[39m=[32m"1"[39m
                    [33mwidth[39m=[32m"7"[39m
                    [33mx[39m=[32m"3"[39m
                    [33my[39m=[32m"16"[39m
                  [36m/>[39m
                [36m</svg>[39m
                [36m<span>[39m
                  [0mExecution bank[0m
                [36m</span>[39m
              [36m</button>[39m
              [36m<button[39m
                [33maria-selected[39m=[32m"false"[39m
                [33mclass[39m=[32m"inline-flex h-9 items-center gap-2 rounded-full border px-3 text-sm font-medium transition-colors duration-150 whitespace-nowrap active:scale-[0.98] focus-visible:outline-none focus-visible:ring-2 focus-visible:ring-c-focus focus-visible:ring-offset-1 ring-offset-white dark:ring-offset-navy-900 border-slate-200/70 bg-white/70 text-slate-700 hover:bg-state-hover dark:border-white/[0.06] dark:bg-white/[0.04] dark:text-slate-300"[39m
                [33mrole[39m=[32m"tab"[39m
                [33mtype[39m=[32m"button"[39m
              [36m>[39m
                [36m<svg[39m
                  [33maria-hidden[39m=[32m"true"[39m
                  [33mclass[39m=[32m"lucide lucide-clipboard-list"[39m
                  [33mfill[39m=[32m"none"[39m
                  [33mheight[39m=[32m"16"[39m
                  [33mstroke[39m=[32m"currentColor"[39m
                  [33mstroke-linecap[39m=[32m"round"[39m
                  [33mstroke-linejoin[39m=[32m"round"[39m
                  [33mstroke-width[39m=[32m"2"[39m
                  [33mviewBox[39m=[32m"0 0 24 24"[39m
                  [33mwidth[39m=[32m"16"[39m
                  [33mxmlns[39m=[32m"http://www.w3.org/2000/svg"[39m
                [36m>[39m
                  [36m<rect[39m
                    [33mheight[39m=[32m"4"[39m
                    [33mrx[39m=[32m"1"[39m
                    [33mry[39m=[32m"1"[39m
                    [33mwidth[39m=[32m"8"[39m
                    [33mx[39m=[32m"8"[39m
                    [33my[39m=[32m"2"[39m
                  [36m/>[39m
                  [36m<path[39m
                    [33md[39m=[32m"M16 4h2a2 2 0 0...
 ❯ waitForWrapper ../enterprise-trust-pack-20260913/node_modules/@testing-library/dom/dist/wait-for.js:163:27
 ❯ ../enterprise-trust-pack-20260913/node_modules/@testing-library/dom/dist/query-helpers.js:86:33
 ❯ tests/components/Execution/ExecutionHub.e1bReviewerGaps.behavior.test.tsx:332:27
    330|       fireEvent.click(tableItem);
    331|       expect(tableItem.closest('tr')).toHaveAttribute('aria-selected',…
    332|       expect(await screen.findByTestId('execution-bank-preview')).toHa…
       |                           ^
    333|         'data-initiative-id',
    334|         'initiative-without-case-action'

⎯⎯⎯⎯⎯⎯⎯⎯⎯⎯⎯⎯⎯⎯⎯⎯⎯⎯⎯⎯⎯⎯⎯⎯[7/7]⎯

⎯⎯⎯⎯⎯⎯ Unhandled Errors ⎯⎯⎯⎯⎯⎯

Vitest caught 5 unhandled errors during the test run.
This might cause false positive tests. Resolve unhandled errors to make sure your tests are not affected.

⎯⎯⎯⎯⎯ Uncaught Exception ⎯⎯⎯⎯⎯
Error: [vitest] No "memberNameOrUnknown" export is defined on the "@/hooks/useOrganizationMemberNames" mock. Did you forget to return it from "vi.mock"?
If you need to partially mock a module, you can use "importOriginal" helper inside:

vi.mock(import("@/hooks/useOrganizationMemberNames"), async (importOriginal) => {
  const actual = await importOriginal()
  return {
    ...actual,
    // your mocked methods
  }
})

 ❯ VitestMocker.createError ../enterprise-trust-pack-20260913/node_modules/vitest/dist/chunks/startVitestModuleRunner.bRl2_oI_.js:62:17
 ❯ Object.get ../enterprise-trust-pack-20260913/node_modules/vitest/dist/chunks/startVitestModuleRunner.bRl2_oI_.js:324:16
 ❯ executionBankOwnerLabel src/components/Execution/ExecutionBankViews.tsx:208:10
    206|   if (row.ownerName?.trim()) return row.ownerName.trim();
    207|   if (!row.ownerId) return '—';
    208|   return memberNameOrUnknown(resolveOwnerName, row.ownerId, false);
       |          ^
    209| };
    210|
 ❯ OwnerLabel src/components/Execution/ExecutionBankViews.tsx:199:14
 ❯ Object.react_stack_bottom_frame ../enterprise-trust-pack-20260913/node_modules/react-dom/cjs/react-dom-client.development.js:25904:20
 ❯ renderWithHooks ../enterprise-trust-pack-20260913/node_modules/react-dom/cjs/react-dom-client.development.js:7662:22
 ❯ updateFunctionComponent ../enterprise-trust-pack-20260913/node_modules/react-dom/cjs/react-dom-client.development.js:10166:19
 ❯ beginWork ../enterprise-trust-pack-20260913/node_modules/react-dom/cjs/react-dom-client.development.js:11778:18
 ❯ runWithFiberInDEV ../enterprise-trust-pack-20260913/node_modules/react-dom/cjs/react-dom-client.development.js:874:13
 ❯ performUnitOfWork ../enterprise-trust-pack-20260913/node_modules/react-dom/cjs/react-dom-client.development.js:17641:22

This error originated in "tests/components/Execution/ExecutionHub.e1bBankViews.behavior.test.tsx" test file. It doesn't mean the error was thrown inside the file itself, but while it was running.
The latest test that might've caused the error is "E1b Bank renders one ordered Initiative set across table, kanban, calendar and gantt without writes". It might mean one of the following:
- The error was thrown, while Vitest was running this test.
- If the error occurred after the test had been completed, this was the last documented test before it was thrown.

⎯⎯⎯⎯⎯ Uncaught Exception ⎯⎯⎯⎯⎯
Error: [vitest] No "memberNameOrUnknown" export is defined on the "@/hooks/useOrganizationMemberNames" mock. Did you forget to return it from "vi.mock"?
If you need to partially mock a module, you can use "importOriginal" helper inside:

vi.mock(import("@/hooks/useOrganizationMemberNames"), async (importOriginal) => {
  const actual = await importOriginal()
  return {
    ...actual,
    // your mocked methods
  }
})

 ❯ VitestMocker.createError ../enterprise-trust-pack-20260913/node_modules/vitest/dist/chunks/startVitestModuleRunner.bRl2_oI_.js:62:17
 ❯ Object.get ../enterprise-trust-pack-20260913/node_modules/vitest/dist/chunks/startVitestModuleRunner.bRl2_oI_.js:324:16
 ❯ executionBankOwnerLabel src/components/Execution/ExecutionBankViews.tsx:208:10
    206|   if (row.ownerName?.trim()) return row.ownerName.trim();
    207|   if (!row.ownerId) return '—';
    208|   return memberNameOrUnknown(resolveOwnerName, row.ownerId, false);
       |          ^
    209| };
    210|
 ❯ OwnerLabel src/components/Execution/ExecutionBankViews.tsx:199:14
 ❯ Object.react_stack_bottom_frame ../enterprise-trust-pack-20260913/node_modules/react-dom/cjs/react-dom-client.development.js:25904:20
 ❯ renderWithHooks ../enterprise-trust-pack-20260913/node_modules/react-dom/cjs/react-dom-client.development.js:7662:22
 ❯ updateFunctionComponent ../enterprise-trust-pack-20260913/node_modules/react-dom/cjs/react-dom-client.development.js:10166:19
 ❯ beginWork ../enterprise-trust-pack-20260913/node_modules/react-dom/cjs/react-dom-client.development.js:11778:18
 ❯ runWithFiberInDEV ../enterprise-trust-pack-20260913/node_modules/react-dom/cjs/react-dom-client.development.js:874:13
 ❯ performUnitOfWork ../enterprise-trust-pack-20260913/node_modules/react-dom/cjs/react-dom-client.development.js:17641:22

This error originated in "tests/components/Execution/ExecutionHub.e1bBankViews.behavior.test.tsx" test file. It doesn't mean the error was thrown inside the file itself, but while it was running.
The latest test that might've caused the error is "wires five reachable Bank filters to the same set used by every view, including no-project". It might mean one of the following:
- The error was thrown, while Vitest was running this test.
- If the error occurred after the test had been completed, this was the last documented test before it was thrown.

⎯⎯⎯⎯⎯ Uncaught Exception ⎯⎯⎯⎯⎯
Error: [vitest] No "memberNameOrUnknown" export is defined on the "@/hooks/useOrganizationMemberNames" mock. Did you forget to return it from "vi.mock"?
If you need to partially mock a module, you can use "importOriginal" helper inside:

vi.mock(import("@/hooks/useOrganizationMemberNames"), async (importOriginal) => {
  const actual = await importOriginal()
  return {
    ...actual,
    // your mocked methods
  }
})

 ❯ VitestMocker.createError ../enterprise-trust-pack-20260913/node_modules/vitest/dist/chunks/startVitestModuleRunner.bRl2_oI_.js:62:17
 ❯ Object.get ../enterprise-trust-pack-20260913/node_modules/vitest/dist/chunks/startVitestModuleRunner.bRl2_oI_.js:324:16
 ❯ executionBankOwnerLabel src/components/Execution/ExecutionBankViews.tsx:208:10
    206|   if (row.ownerName?.trim()) return row.ownerName.trim();
    207|   if (!row.ownerId) return '—';
    208|   return memberNameOrUnknown(resolveOwnerName, row.ownerId, false);
       |          ^
    209| };
    210|
 ❯ buildExecutionBankPreviewDeclaration src/components/Execution/executionBankPreviewDeclaration.tsx:219:18
 ❯ renderContent src/components/Execution/ExecutionHub.tsx:5857:11
 ❯ ExecutionHub src/components/Execution/ExecutionHub.tsx:6529:10
 ❯ Object.react_stack_bottom_frame ../enterprise-trust-pack-20260913/node_modules/react-dom/cjs/react-dom-client.development.js:25904:20
 ❯ renderWithHooks ../enterprise-trust-pack-20260913/node_modules/react-dom/cjs/react-dom-client.development.js:7662:22
 ❯ updateFunctionComponent ../enterprise-trust-pack-20260913/node_modules/react-dom/cjs/react-dom-client.development.js:10166:19
 ❯ beginWork ../enterprise-trust-pack-20260913/node_modules/react-dom/cjs/react-dom-client.development.js:11778:18

This error originated in "tests/components/Execution/ExecutionHub.e1bBankViews.behavior.test.tsx" test file. It doesn't mean the error was thrown inside the file itself, but while it was running.
The latest test that might've caused the error is "hydrates the requested Bank view and native selection from a cold query and keeps selection when the view changes". It might mean one of the following:
- The error was thrown, while Vitest was running this test.
- If the error occurred after the test had been completed, this was the last documented test before it was thrown.

⎯⎯⎯⎯⎯ Uncaught Exception ⎯⎯⎯⎯⎯
Error: [vitest] No "memberNameOrUnknown" export is defined on the "@/hooks/useOrganizationMemberNames" mock. Did you forget to return it from "vi.mock"?
If you need to partially mock a module, you can use "importOriginal" helper inside:

vi.mock(import("@/hooks/useOrganizationMemberNames"), async (importOriginal) => {
  const actual = await importOriginal()
  return {
    ...actual,
    // your mocked methods
  }
})

 ❯ VitestMocker.createError ../enterprise-trust-pack-20260913/node_modules/vitest/dist/chunks/startVitestModuleRunner.bRl2_oI_.js:62:17
 ❯ Object.get ../enterprise-trust-pack-20260913/node_modules/vitest/dist/chunks/startVitestModuleRunner.bRl2_oI_.js:324:16
 ❯ executionBankOwnerLabel src/components/Execution/ExecutionBankViews.tsx:208:10
    206|   if (row.ownerName?.trim()) return row.ownerName.trim();
    207|   if (!row.ownerId) return '—';
    208|   return memberNameOrUnknown(resolveOwnerName, row.ownerId, false);
       |          ^
    209| };
    210|
 ❯ OwnerLabel src/components/Execution/ExecutionBankViews.tsx:199:14
 ❯ Object.react_stack_bottom_frame ../enterprise-trust-pack-20260913/node_modules/react-dom/cjs/react-dom-client.development.js:25904:20
 ❯ renderWithHooks ../enterprise-trust-pack-20260913/node_modules/react-dom/cjs/react-dom-client.development.js:7662:22
 ❯ updateFunctionComponent ../enterprise-trust-pack-20260913/node_modules/react-dom/cjs/react-dom-client.development.js:10166:19
 ❯ beginWork ../enterprise-trust-pack-20260913/node_modules/react-dom/cjs/react-dom-client.development.js:11778:18
 ❯ runWithFiberInDEV ../enterprise-trust-pack-20260913/node_modules/react-dom/cjs/react-dom-client.development.js:874:13
 ❯ performUnitOfWork ../enterprise-trust-pack-20260913/node_modules/react-dom/cjs/react-dom-client.development.js:17641:22

This error originated in "tests/components/Execution/ExecutionHub.e1bBankViews.behavior.test.tsx" test file. It doesn't mean the error was thrown inside the file itself, but while it was running.
The latest test that might've caused the error is "selects an Initiative without a Case and restores that native selection after a view switch and reload". It might mean one of the following:
- The error was thrown, while Vitest was running this test.
- If the error occurred after the test had been completed, this was the last documented test before it was thrown.

⎯⎯⎯⎯⎯ Uncaught Exception ⎯⎯⎯⎯⎯
Error: [vitest] No "memberNameOrUnknown" export is defined on the "@/hooks/useOrganizationMemberNames" mock. Did you forget to return it from "vi.mock"?
If you need to partially mock a module, you can use "importOriginal" helper inside:

vi.mock(import("@/hooks/useOrganizationMemberNames"), async (importOriginal) => {
  const actual = await importOriginal()
  return {
    ...actual,
    // your mocked methods
  }
})

 ❯ VitestMocker.createError ../enterprise-trust-pack-20260913/node_modules/vitest/dist/chunks/startVitestModuleRunner.bRl2_oI_.js:62:17
 ❯ Object.get ../enterprise-trust-pack-20260913/node_modules/vitest/dist/chunks/startVitestModuleRunner.bRl2_oI_.js:324:16
 ❯ executionBankOwnerLabel src/components/Execution/ExecutionBankViews.tsx:208:10
    206|   if (row.ownerName?.trim()) return row.ownerName.trim();
    207|   if (!row.ownerId) return '—';
    208|   return memberNameOrUnknown(resolveOwnerName, row.ownerId, false);
       |          ^
    209| };
    210|
 ❯ OwnerLabel src/components/Execution/ExecutionBankViews.tsx:199:14
 ❯ Object.react_stack_bottom_frame ../enterprise-trust-pack-20260913/node_modules/react-dom/cjs/react-dom-client.development.js:25904:20
 ❯ renderWithHooks ../enterprise-trust-pack-20260913/node_modules/react-dom/cjs/react-dom-client.development.js:7662:22
 ❯ updateFunctionComponent ../enterprise-trust-pack-20260913/node_modules/react-dom/cjs/react-dom-client.development.js:10166:19
 ❯ beginWork ../enterprise-trust-pack-20260913/node_modules/react-dom/cjs/react-dom-client.development.js:11778:18
 ❯ runWithFiberInDEV ../enterprise-trust-pack-20260913/node_modules/react-dom/cjs/react-dom-client.development.js:874:13
 ❯ performUnitOfWork ../enterprise-trust-pack-20260913/node_modules/react-dom/cjs/react-dom-client.development.js:17641:22

This error originated in "tests/components/Execution/ExecutionHub.e1bBankViews.behavior.test.tsx" test file. It doesn't mean the error was thrown inside the file itself, but while it was running.
The latest test that might've caused the error is "refetches the same Initiative evidence at controlled asOf on browser Back and Forward". It might mean one of the following:
- The error was thrown, while Vitest was running this test.
- If the error occurred after the test had been completed, this was the last documented test before it was thrown.
⎯⎯⎯⎯⎯⎯⎯⎯⎯⎯⎯⎯⎯⎯⎯⎯⎯⎯⎯⎯⎯⎯⎯⎯⎯⎯⎯⎯⎯⎯


 Test Files  3 failed | 1 passed (4)
      Tests  7 failed | 16 passed (23)
     Errors  5 errors
   Start at  20:20:37
   Duration  6.13s (transform 2.26s, setup 429ms, import 3.71s, tests 6.39s, environment 1.10s)

JSON report written to /Users/piotrwisniewski/Developer/codex-wt/realizacja-cztery-przyciski-20260913/junit.xml
JUNIT report written to /Users/piotrwisniewski/Developer/codex-wt/realizacja-cztery-przyciski-20260913/junit.xml
