
 RUN  v4.1.8 /Users/piotrwisniewski/Developer/codex-wt/realizacja-cztery-przyciski-20260913


 RUN  v4.1.8 /Users/piotrwisniewski/Developer/codex-wt/realizacja-cztery-przyciski-20260913

 ✓ src/components/Execution/__tests__/executionBankModel.test.ts > E1b executionBankModel > keeps lifecycle, execution state and native identities separate while using forecast or fixed actual variance 35ms
 ✓ src/components/Execution/__tests__/executionBankModel.test.ts > E1b executionBankModel > renders one user-facing Initiative when several technical Execution Case shadows exist 1ms
 ✓ src/components/Execution/__tests__/executionBankModel.test.ts > E1b executionBankModel > preserves the legacy row identity when the new default-OFF feature is not enabled 0ms
 ✓ src/components/Execution/__tests__/executionBankModel.test.ts > E1b executionBankModel > keeps missing and invalid evidence UNKNOWN with reasons instead of zero or invented dates 0ms
 ✓ src/components/Execution/__tests__/executionBankModel.test.ts > E1b executionBankModel > keeps missing case counters and version distinct from a measured numeric zero 8ms
 ✓ src/components/Execution/__tests__/executionBankModel.test.ts > E1b executionBankModel > rejects a forecast observed after controlled asOf and never substitutes current plan 0ms
 ✓ src/components/Execution/__tests__/executionBankModel.test.ts > E1b executionBankModel > uses per-field Initiative evidence ahead of the legacy Execution Case forecast and preserves provenance 0ms
 ✓ src/components/Execution/__tests__/executionBankModel.test.ts > E1b executionBankModel > builds real 1/3/6/12 calendar-month windows with weekly and monthly resolution plus leap-week drilldown 1ms
 ✓ src/components/Execution/__tests__/executionBankModel.test.ts > E1b executionBankModel > applies one deterministic filter and sort contract to the shared rows 1ms
 ✓ src/components/Execution/__tests__/executionBankModel.test.ts (9 tests) 48ms
 ✓ tests/components/Execution/ExecutionBankViews.behavior.test.tsx > E1b ExecutionBankViews mounted behavior > keeps the same ordered identity denominator and selection across every read-only renderer 89ms
 ✓ tests/components/Execution/ExecutionBankViews.behavior.test.tsx > E1b ExecutionBankViews mounted behavior > positions dated Gantt geometry on the shared horizon and moves it when the horizon changes 14ms
 ✓ tests/components/Execution/ExecutionBankViews.behavior.test.tsx > E1b ExecutionBankViews mounted behavior > exposes 1/3/6/12 calendar-month controls and 6/12 month week drilldown 153ms
 ✓ tests/components/Execution/ExecutionBankViews.behavior.test.tsx (3 tests) 258ms
 ✓ tests/components/Execution/ExecutionHub.e1bReviewerGaps.behavior.test.tsx > E1b independent reviewer gaps > keeps a canonical Initiative without an Execution Case visible without fabricating a case identity 229ms
 × tests/components/Execution/ExecutionHub.e1bBankViews.behavior.test.tsx > E1b Execution Bank views > E1b Bank renders one ordered Initiative set across table, kanban, calendar and gantt without writes 259ms
   → Unable to find an element by: [data-testid="execution-bank-preview"]

Ignored nodes: comments, script, style
[36m<body>[39m
  [36m<div>[39m
    [36m<div[39m
      [33mclass[39m=[32m"flex flex-col h-full bg-c-bg text-c-text"[39m
    [36m>[39m
      [36m<div[39m
        [33mclass[39m=[32m"bg-white dark:bg-navy-900 border-b border-slate-200/60 dark:border-white/5"[39m
      [36m>[39m
        [36m<div[39m
          [33mclass[39m=[32m"flex items-center px-4 py-3 gap-3 justify-between"[39m
        [36m>[39m
          [36m<div[39m
            [33mclass[39m=[32m"flex items-center gap-3"[39m
          [36m>[39m
            [36m<button[39m
              [33maria-disabled[39m=[32m"false"[39m
              [33maria-expanded[39m=[32m"false"[39m
              [33maria-label[39m=[32m"Search"[39m
              [33mclass[39m=[32m"h-9 w-9 inline-flex items-center justify-center rounded-full transition-colors duration-150 border text-slate-500 dark:text-slate-400 border-slate-200/70 dark:border-white/[0.06] hover:bg-slate-100/70 dark:hover:bg-white/[0.05]"[39m
              [33mtitle[39m=[32m"Search"[39m
              [33mtype[39m=[32m"button"[39m
            [36m>[39m
              [36m<svg[39m
                [33maria-hidden[39m=[32m"true"[39m
                [33mclass[39m=[32m"lucide lucide-search"[39m
                [33mfill[39m=[32m"none"[39m
                [33mheight[39m=[32m"18"[39m
                [33mstroke[39m=[32m"currentColor"[39m
                [33mstroke-linecap[39m=[32m"round"[39m
                [33mstroke-linejoin[39m=[32m"round"[39m
                [33mstroke-width[39m=[32m"2"[39m
                [33mviewBox[39m=[32m"0 0 24 24"[39m
                [33mwidth[39m=[32m"18"[39m
                [33mxmlns[39m=[32m"http://www.w3.org/2000/svg"[39m
              [36m>[39m
                [36m<path[39m
                  [33md[39m=[32m"m21 21-4.34-4.34"[39m
                [36m/>[39m
                [36m<circle[39m
                  [33mcx[39m=[32m"11"[39m
                  [33mcy[39m=[32m"11"[39m
                  [33mr[39m=[32m"8"[39m
                [36m/>[39m
              [36m</svg>[39m
            [36m</button>[39m
            [36m<div[39m
              [33maria-label[39m=[32m"Module sections"[39m
              [33mclass[39m=[32m"flex items-center gap-1.5"[39m
              [33mrole[39m=[32m"tablist"[39m
            [36m>[39m
              [36m<button[39m
                [33maria-selected[39m=[32m"true"[39m
                [33mclass[39m=[32m"inline-flex h-9 items-center gap-2 rounded-full border px-3 text-sm font-medium transition-colors duration-150 whitespace-nowrap active:scale-[0.98] focus-visible:outline-none focus-visible:ring-2 focus-visible:ring-c-focus focus-visible:ring-offset-1 ring-offset-white dark:ring-offset-navy-900 border-slate-300 bg-state-selected text-slate-900 dark:border-white/25 dark:text-slate-100"[39m
                [33mrole[39m=[32m"tab"[39m
                [33mtype[39m=[32m"button"[39m
              [36m>[39m
                [36m<svg[39m
                  [33maria-hidden[39m=[32m"true"[39m
                  [33mclass[39m=[32m"lucide lucide-layout-dashboard"[39m
                  [33mfill[39m=[32m"none"[39m
                  [33mheight[39m=[32m"16"[39m
                  [33mstroke[39m=[32m"currentColor"[39m
                  [33mstroke-linecap[39m=[32m"round"[39m
                  [33mstroke-linejoin[39m=[32m"round"[39m
                  [33mstroke-width[39m=[32m"2"[39m
                  [33mviewBox[39m=[32m"0 0 24 24"[39m
                  [33mwidth[39m=[32m"16"[39m
                  [33mxmlns[39m=[32m"http://www.w3.org/2000/svg"[39m
                [36m>[39m
                  [36m<rect[39m
                    [33mheight[39m=[32m"9"[39m
                    [33mrx[39m=[32m"1"[39m
                    [33mwidth[39m=[32m"7"[39m
                    [33mx[39m=[32m"3"[39m
                    [33my[39m=[32m"3"[39m
                  [36m/>[39m
                  [36m<rect[39m
                    [33mheight[39m=[32m"5"[39m
                    [33mrx[39m=[32m"1"[39m
                    [33mwidth[39m=[32m"7"[39m
                    [33mx[39m=[32m"14"[39m
                    [33my[39m=[32m"3"[39m
                  [36m/>[39m
                  [36m<rect[39m
                    [33mheight[39m=[32m"9"[39m
                    [33mrx[39m=[32m"1"[39m
                    [33mwidth[39m=[32m"7"[39m
                    [33mx[39m=[32m"14"[39m
                    [33my[39m=[32m"12"[39m
                  [36m/>[39m
                  [36m<rect[39m
                    [33mheight[39m=[32m"5"[39m
                    [33mrx[39m=[32m"1"[39m
                    [33mwidth[39m=[32m"7"[39m
                    [33mx[39m=[32m"3"[39m
                    [33my[39m=[32m"16"[39m
                  [36m/>[39m
                [36m</svg>[39m
                [36m<span>[39m
                  [0mExecution bank[0m
                [36m</span>[39m
              [36m</button>[39m
              [36m<button[39m
                [33maria-selected[39m=[32m"false"[39m
                [33mclass[39m=[32m"inline-flex h-9 items-center gap-2 rounded-full border px-3 text-sm font-medium transition-colors duration-150 whitespace-nowrap active:scale-[0.98] focus-visible:outline-none focus-visible:ring-2 focus-visible:ring-c-focus focus-visible:ring-offset-1 ring-offset-white dark:ring-offset-navy-900 border-slate-200/70 bg-white/70 text-slate-700 hover:bg-state-hover dark:border-white/[0.06] dark:bg-white/[0.04] dark:text-slate-300"[39m
                [33mrole[39m=[32m"tab"[39m
                [33mtype[39m=[32m"button"[39m
              [36m>[39m
                [36m<svg[39m
                  [33maria-hidden[39m=[32m"true"[39m
                  [33mclass[39m=[32m"lucide lucide-clipboard-list"[39m
                  [33mfill[39m=[32m"none"[39m
                  [33mheight[39m=[32m"16"[39m
                  [33mstroke[39m=[32m"currentColor"[39m
                  [33mstroke-linecap[39m=[32m"round"[39m
                  [33mstroke-linejoin[39m=[32m"round"[39m
                  [33mstroke-width[39m=[32m"2"[39m
                  [33mviewBox[39m=[32m"0 0 24 24"[39m
                  [33mwidth[39m=[32m"16"[39m
                  [33mxmlns[39m=[32m"http://www.w3.org/2000/svg"[39m
                [36m>[39m
                  [36m<rect[39m
                    [33mheight[39m=[32m"4"[39m
                    [33mrx[39m=[32m"1"[39m
                    [33mry[39m=[32m"1"[39m
                    [33mwidth[39m=[32m"8"[39m
                    [33mx[39m=[32m"8"[39m
                    [33my[39m=[32m"2"[39m
                  [36m/>[39m
                  [36m<path[39m
                    [33md[39m=[32m"M16 4h2a2 2 0 0...
 ✓ tests/components/Execution/ExecutionHub.e1bReviewerGaps.behavior.test.tsx > E1b independent reviewer gaps > keeps the exact legacy denominator and case render while the new flag is OFF 100ms
 ✓ tests/components/Execution/ExecutionHub.e1bReviewerGaps.behavior.test.tsx > E1b independent reviewer gaps > writes the user-facing Initiative identity while retaining the case as an internal shadow 80ms
 ✓ tests/components/Execution/ExecutionHub.e1bBankViews.behavior.test.tsx > E1b Execution Bank views > wires five reachable Bank filters to the same set used by every view, including no-project 219ms
 × tests/components/Execution/ExecutionHub.e1bBankViews.behavior.test.tsx > E1b Execution Bank views > hydrates the requested Bank view and native selection from a cold query and keeps selection when the view changes 1019ms
   → Unable to find an element by: [data-testid="execution-bank-preview"]

Ignored nodes: comments, script, style
[36m<body>[39m
  [36m<div>[39m
    [36m<div[39m
      [33mclass[39m=[32m"flex flex-col h-full bg-c-bg text-c-text"[39m
    [36m>[39m
      [36m<div[39m
        [33mclass[39m=[32m"bg-white dark:bg-navy-900 border-b border-slate-200/60 dark:border-white/5"[39m
      [36m>[39m
        [36m<div[39m
          [33mclass[39m=[32m"flex items-center px-4 py-3 gap-3 justify-between"[39m
        [36m>[39m
          [36m<div[39m
            [33mclass[39m=[32m"flex items-center gap-3"[39m
          [36m>[39m
            [36m<button[39m
              [33maria-disabled[39m=[32m"false"[39m
              [33maria-expanded[39m=[32m"false"[39m
              [33maria-label[39m=[32m"Search"[39m
              [33mclass[39m=[32m"h-9 w-9 inline-flex items-center justify-center rounded-full transition-colors duration-150 border text-slate-500 dark:text-slate-400 border-slate-200/70 dark:border-white/[0.06] hover:bg-slate-100/70 dark:hover:bg-white/[0.05]"[39m
              [33mtitle[39m=[32m"Search"[39m
              [33mtype[39m=[32m"button"[39m
            [36m>[39m
              [36m<svg[39m
                [33maria-hidden[39m=[32m"true"[39m
                [33mclass[39m=[32m"lucide lucide-search"[39m
                [33mfill[39m=[32m"none"[39m
                [33mheight[39m=[32m"18"[39m
                [33mstroke[39m=[32m"currentColor"[39m
                [33mstroke-linecap[39m=[32m"round"[39m
                [33mstroke-linejoin[39m=[32m"round"[39m
                [33mstroke-width[39m=[32m"2"[39m
                [33mviewBox[39m=[32m"0 0 24 24"[39m
                [33mwidth[39m=[32m"18"[39m
                [33mxmlns[39m=[32m"http://www.w3.org/2000/svg"[39m
              [36m>[39m
                [36m<path[39m
                  [33md[39m=[32m"m21 21-4.34-4.34"[39m
                [36m/>[39m
                [36m<circle[39m
                  [33mcx[39m=[32m"11"[39m
                  [33mcy[39m=[32m"11"[39m
                  [33mr[39m=[32m"8"[39m
                [36m/>[39m
              [36m</svg>[39m
            [36m</button>[39m
            [36m<div[39m
              [33maria-label[39m=[32m"Module sections"[39m
              [33mclass[39m=[32m"flex items-center gap-1.5"[39m
              [33mrole[39m=[32m"tablist"[39m
            [36m>[39m
              [36m<button[39m
                [33maria-selected[39m=[32m"true"[39m
                [33mclass[39m=[32m"inline-flex h-9 items-center gap-2 rounded-full border px-3 text-sm font-medium transition-colors duration-150 whitespace-nowrap active:scale-[0.98] focus-visible:outline-none focus-visible:ring-2 focus-visible:ring-c-focus focus-visible:ring-offset-1 ring-offset-white dark:ring-offset-navy-900 border-slate-300 bg-state-selected text-slate-900 dark:border-white/25 dark:text-slate-100"[39m
                [33mrole[39m=[32m"tab"[39m
                [33mtype[39m=[32m"button"[39m
              [36m>[39m
                [36m<svg[39m
                  [33maria-hidden[39m=[32m"true"[39m
                  [33mclass[39m=[32m"lucide lucide-layout-dashboard"[39m
                  [33mfill[39m=[32m"none"[39m
                  [33mheight[39m=[32m"16"[39m
                  [33mstroke[39m=[32m"currentColor"[39m
                  [33mstroke-linecap[39m=[32m"round"[39m
                  [33mstroke-linejoin[39m=[32m"round"[39m
                  [33mstroke-width[39m=[32m"2"[39m
                  [33mviewBox[39m=[32m"0 0 24 24"[39m
                  [33mwidth[39m=[32m"16"[39m
                  [33mxmlns[39m=[32m"http://www.w3.org/2000/svg"[39m
                [36m>[39m
                  [36m<rect[39m
                    [33mheight[39m=[32m"9"[39m
                    [33mrx[39m=[32m"1"[39m
                    [33mwidth[39m=[32m"7"[39m
                    [33mx[39m=[32m"3"[39m
                    [33my[39m=[32m"3"[39m
                  [36m/>[39m
                  [36m<rect[39m
                    [33mheight[39m=[32m"5"[39m
                    [33mrx[39m=[32m"1"[39m
                    [33mwidth[39m=[32m"7"[39m
                    [33mx[39m=[32m"14"[39m
                    [33my[39m=[32m"3"[39m
                  [36m/>[39m
                  [36m<rect[39m
                    [33mheight[39m=[32m"9"[39m
                    [33mrx[39m=[32m"1"[39m
                    [33mwidth[39m=[32m"7"[39m
                    [33mx[39m=[32m"14"[39m
                    [33my[39m=[32m"12"[39m
                  [36m/>[39m
                  [36m<rect[39m
                    [33mheight[39m=[32m"5"[39m
                    [33mrx[39m=[32m"1"[39m
                    [33mwidth[39m=[32m"7"[39m
                    [33mx[39m=[32m"3"[39m
                    [33my[39m=[32m"16"[39m
                  [36m/>[39m
                [36m</svg>[39m
                [36m<span>[39m
                  [0mExecution bank[0m
                [36m</span>[39m
              [36m</button>[39m
              [36m<button[39m
                [33maria-selected[39m=[32m"false"[39m
                [33mclass[39m=[32m"inline-flex h-9 items-center gap-2 rounded-full border px-3 text-sm font-medium transition-colors duration-150 whitespace-nowrap active:scale-[0.98] focus-visible:outline-none focus-visible:ring-2 focus-visible:ring-c-focus focus-visible:ring-offset-1 ring-offset-white dark:ring-offset-navy-900 border-slate-200/70 bg-white/70 text-slate-700 hover:bg-state-hover dark:border-white/[0.06] dark:bg-white/[0.04] dark:text-slate-300"[39m
                [33mrole[39m=[32m"tab"[39m
                [33mtype[39m=[32m"button"[39m
              [36m>[39m
                [36m<svg[39m
                  [33maria-hidden[39m=[32m"true"[39m
                  [33mclass[39m=[32m"lucide lucide-clipboard-list"[39m
                  [33mfill[39m=[32m"none"[39m
                  [33mheight[39m=[32m"16"[39m
                  [33mstroke[39m=[32m"currentColor"[39m
                  [33mstroke-linecap[39m=[32m"round"[39m
                  [33mstroke-linejoin[39m=[32m"round"[39m
                  [33mstroke-width[39m=[32m"2"[39m
                  [33mviewBox[39m=[32m"0 0 24 24"[39m
                  [33mwidth[39m=[32m"16"[39m
                  [33mxmlns[39m=[32m"http://www.w3.org/2000/svg"[39m
                [36m>[39m
                  [36m<rect[39m
                    [33mheight[39m=[32m"4"[39m
                    [33mrx[39m=[32m"1"[39m
                    [33mry[39m=[32m"1"[39m
                    [33mwidth[39m=[32m"8"[39m
                    [33mx[39m=[32m"8"[39m
                    [33my[39m=[32m"2"[39m
                  [36m/>[39m
                  [36m<path[39m
                    [33md[39m=[32m"M16 4h2a2 2 0 0...

Ignored nodes: comments, script, style
[36m<body>[39m
  [36m<div>[39m
    [36m<div[39m
      [33mclass[39m=[32m"flex flex-col h-full bg-c-bg text-c-text"[39m
    [36m>[39m
      [36m<div[39m
        [33mclass[39m=[32m"bg-white dark:bg-navy-900 border-b border-slate-200/60 dark:border-white/5"[39m
      [36m>[39m
        [36m<div[39m
          [33mclass[39m=[32m"flex items-center px-4 py-3 gap-3 justify-between"[39m
        [36m>[39m
          [36m<div[39m
            [33mclass[39m=[32m"flex items-center gap-3"[39m
          [36m>[39m
            [36m<button[39m
              [33maria-disabled[39m=[32m"false"[39m
              [33maria-expanded[39m=[32m"false"[39m
              [33maria-label[39m=[32m"Search"[39m
              [33mclass[39m=[32m"h-9 w-9 inline-flex items-center justify-center rounded-full transition-colors duration-150 border text-slate-500 dark:text-slate-400 border-slate-200/70 dark:border-white/[0.06] hover:bg-slate-100/70 dark:hover:bg-white/[0.05]"[39m
              [33mtitle[39m=[32m"Search"[39m
              [33mtype[39m=[32m"button"[39m
            [36m>[39m
              [36m<svg[39m
                [33maria-hidden[39m=[32m"true"[39m
                [33mclass[39m=[32m"lucide lucide-search"[39m
                [33mfill[39m=[32m"none"[39m
                [33mheight[39m=[32m"18"[39m
                [33mstroke[39m=[32m"currentColor"[39m
                [33mstroke-linecap[39m=[32m"round"[39m
                [33mstroke-linejoin[39m=[32m"round"[39m
                [33mstroke-width[39m=[32m"2"[39m
                [33mviewBox[39m=[32m"0 0 24 24"[39m
                [33mwidth[39m=[32m"18"[39m
                [33mxmlns[39m=[32m"http://www.w3.org/2000/svg"[39m
              [36m>[39m
                [36m<path[39m
                  [33md[39m=[32m"m21 21-4.34-4.34"[39m
                [36m/>[39m
                [36m<circle[39m
                  [33mcx[39m=[32m"11"[39m
                  [33mcy[39m=[32m"11"[39m
                  [33mr[39m=[32m"8"[39m
                [36m/>[39m
              [36m</svg>[39m
            [36m</button>[39m
            [36m<div[39m
              [33maria-label[39m=[32m"Module sections"[39m
              [33mclass[39m=[32m"flex items-center gap-1.5"[39m
              [33mrole[39m=[32m"tablist"[39m
            [36m>[39m
              [36m<button[39m
                [33maria-selected[39m=[32m"true"[39m
                [33mclass[39m=[32m"inline-flex h-9 items-center gap-2 rounded-full border px-3 text-sm font-medium transition-colors duration-150 whitespace-nowrap active:scale-[0.98] focus-visible:outline-none focus-visible:ring-2 focus-visible:ring-c-focus focus-visible:ring-offset-1 ring-offset-white dark:ring-offset-navy-900 border-slate-300 bg-state-selected text-slate-900 dark:border-white/25 dark:text-slate-100"[39m
                [33mrole[39m=[32m"tab"[39m
                [33mtype[39m=[32m"button"[39m
              [36m>[39m
                [36m<svg[39m
                  [33maria-hidden[39m=[32m"true"[39m
                  [33mclass[39m=[32m"lucide lucide-layout-dashboard"[39m
                  [33mfill[39m=[32m"none"[39m
                  [33mheight[39m=[32m"16"[39m
                  [33mstroke[39m=[32m"currentColor"[39m
                  [33mstroke-linecap[39m=[32m"round"[39m
                  [33mstroke-linejoin[39m=[32m"round"[39m
                  [33mstroke-width[39m=[32m"2"[39m
                  [33mviewBox[39m=[32m"0 0 24 24"[39m
                  [33mwidth[39m=[32m"16"[39m
                  [33mxmlns[39m=[32m"http://www.w3.org/2000/svg"[39m
                [36m>[39m
                  [36m<rect[39m
                    [33mheight[39m=[32m"9"[39m
                    [33mrx[39m=[32m"1"[39m
                    [33mwidth[39m=[32m"7"[39m
                    [33mx[39m=[32m"3"[39m
                    [33my[39m=[32m"3"[39m
                  [36m/>[39m
                  [36m<rect[39m
                    [33mheight[39m=[32m"5"[39m
                    [33mrx[39m=[32m"1"[39m
                    [33mwidth[39m=[32m"7"[39m
                    [33mx[39m=[32m"14"[39m
                    [33my[39m=[32m"3"[39m
                  [36m/>[39m
                  [36m<rect[39m
                    [33mheight[39m=[32m"9"[39m
                    [33mrx[39m=[32m"1"[39m
                    [33mwidth[39m=[32m"7"[39m
                    [33mx[39m=[32m"14"[39m
                    [33my[39m=[32m"12"[39m
                  [36m/>[39m
                  [36m<rect[39m
                    [33mheight[39m=[32m"5"[39m
                    [33mrx[39m=[32m"1"[39m
                    [33mwidth[39m=[32m"7"[39m
                    [33mx[39m=[32m"3"[39m
                    [33my[39m=[32m"16"[39m
                  [36m/>[39m
                [36m</svg>[39m
                [36m<span>[39m
                  [0mExecution bank[0m
                [36m</span>[39m
              [36m</button>[39m
              [36m<button[39m
                [33maria-selected[39m=[32m"false"[39m
                [33mclass[39m=[32m"inline-flex h-9 items-center gap-2 rounded-full border px-3 text-sm font-medium transition-colors duration-150 whitespace-nowrap active:scale-[0.98] focus-visible:outline-none focus-visible:ring-2 focus-visible:ring-c-focus focus-visible:ring-offset-1 ring-offset-white dark:ring-offset-navy-900 border-slate-200/70 bg-white/70 text-slate-700 hover:bg-state-hover dark:border-white/[0.06] dark:bg-white/[0.04] dark:text-slate-300"[39m
                [33mrole[39m=[32m"tab"[39m
                [33mtype[39m=[32m"button"[39m
              [36m>[39m
                [36m<svg[39m
                  [33maria-hidden[39m=[32m"true"[39m
                  [33mclass[39m=[32m"lucide lucide-clipboard-list"[39m
                  [33mfill[39m=[32m"none"[39m
                  [33mheight[39m=[32m"16"[39m
                  [33mstroke[39m=[32m"currentColor"[39m
                  [33mstroke-linecap[39m=[32m"round"[39m
                  [33mstroke-linejoin[39m=[32m"round"[39m
                  [33mstroke-width[39m=[32m"2"[39m
                  [33mviewBox[39m=[32m"0 0 24 24"[39m
                  [33mwidth[39m=[32m"16"[39m
                  [33mxmlns[39m=[32m"http://www.w3.org/2000/svg"[39m
                [36m>[39m
                  [36m<rect[39m
                    [33mheight[39m=[32m"4"[39m
                    [33mrx[39m=[32m"1"[39m
                    [33mry[39m=[32m"1"[39m
                    [33mwidth[39m=[32m"8"[39m
                    [33mx[39m=[32m"8"[39m
                    [33my[39m=[32m"2"[39m
                  [36m/>[39m
                  [36m<path[39m
                    [33md[39m=[32m"M16 4h2a2 2 0 0...
 × tests/components/Execution/ExecutionHub.e1bReviewerGaps.behavior.test.tsx > E1b independent reviewer gaps > selects and restores a canonical Initiative without inventing an Execution Case identity 1072ms
   → Unable to find an element by: [data-testid="execution-bank-preview"]

Ignored nodes: comments, script, style
[36m<body>[39m
  [36m<div>[39m
    [36m<div[39m
      [33mclass[39m=[32m"flex flex-col h-full bg-c-bg text-c-text"[39m
    [36m>[39m
      [36m<div[39m
        [33mclass[39m=[32m"bg-white dark:bg-navy-900 border-b border-slate-200/60 dark:border-white/5"[39m
      [36m>[39m
        [36m<div[39m
          [33mclass[39m=[32m"flex items-center px-4 py-3 gap-3 justify-between"[39m
        [36m>[39m
          [36m<div[39m
            [33mclass[39m=[32m"flex items-center gap-3"[39m
          [36m>[39m
            [36m<button[39m
              [33maria-disabled[39m=[32m"false"[39m
              [33maria-expanded[39m=[32m"false"[39m
              [33maria-label[39m=[32m"Search"[39m
              [33mclass[39m=[32m"h-9 w-9 inline-flex items-center justify-center rounded-full transition-colors duration-150 border text-slate-500 dark:text-slate-400 border-slate-200/70 dark:border-white/[0.06] hover:bg-slate-100/70 dark:hover:bg-white/[0.05]"[39m
              [33mtitle[39m=[32m"Search"[39m
              [33mtype[39m=[32m"button"[39m
            [36m>[39m
              [36m<svg[39m
                [33maria-hidden[39m=[32m"true"[39m
                [33mclass[39m=[32m"lucide lucide-search"[39m
                [33mfill[39m=[32m"none"[39m
                [33mheight[39m=[32m"18"[39m
                [33mstroke[39m=[32m"currentColor"[39m
                [33mstroke-linecap[39m=[32m"round"[39m
                [33mstroke-linejoin[39m=[32m"round"[39m
                [33mstroke-width[39m=[32m"2"[39m
                [33mviewBox[39m=[32m"0 0 24 24"[39m
                [33mwidth[39m=[32m"18"[39m
                [33mxmlns[39m=[32m"http://www.w3.org/2000/svg"[39m
              [36m>[39m
                [36m<path[39m
                  [33md[39m=[32m"m21 21-4.34-4.34"[39m
                [36m/>[39m
                [36m<circle[39m
                  [33mcx[39m=[32m"11"[39m
                  [33mcy[39m=[32m"11"[39m
                  [33mr[39m=[32m"8"[39m
                [36m/>[39m
              [36m</svg>[39m
            [36m</button>[39m
            [36m<div[39m
              [33maria-label[39m=[32m"Module sections"[39m
              [33mclass[39m=[32m"flex items-center gap-1.5"[39m
              [33mrole[39m=[32m"tablist"[39m
            [36m>[39m
              [36m<button[39m
                [33maria-selected[39m=[32m"true"[39m
                [33mclass[39m=[32m"inline-flex h-9 items-center gap-2 rounded-full border px-3 text-sm font-medium transition-colors duration-150 whitespace-nowrap active:scale-[0.98] focus-visible:outline-none focus-visible:ring-2 focus-visible:ring-c-focus focus-visible:ring-offset-1 ring-offset-white dark:ring-offset-navy-900 border-slate-300 bg-state-selected text-slate-900 dark:border-white/25 dark:text-slate-100"[39m
                [33mrole[39m=[32m"tab"[39m
                [33mtype[39m=[32m"button"[39m
              [36m>[39m
                [36m<svg[39m
                  [33maria-hidden[39m=[32m"true"[39m
                  [33mclass[39m=[32m"lucide lucide-layout-dashboard"[39m
                  [33mfill[39m=[32m"none"[39m
                  [33mheight[39m=[32m"16"[39m
                  [33mstroke[39m=[32m"currentColor"[39m
                  [33mstroke-linecap[39m=[32m"round"[39m
                  [33mstroke-linejoin[39m=[32m"round"[39m
                  [33mstroke-width[39m=[32m"2"[39m
                  [33mviewBox[39m=[32m"0 0 24 24"[39m
                  [33mwidth[39m=[32m"16"[39m
                  [33mxmlns[39m=[32m"http://www.w3.org/2000/svg"[39m
                [36m>[39m
                  [36m<rect[39m
                    [33mheight[39m=[32m"9"[39m
                    [33mrx[39m=[32m"1"[39m
                    [33mwidth[39m=[32m"7"[39m
                    [33mx[39m=[32m"3"[39m
                    [33my[39m=[32m"3"[39m
                  [36m/>[39m
                  [36m<rect[39m
                    [33mheight[39m=[32m"5"[39m
                    [33mrx[39m=[32m"1"[39m
                    [33mwidth[39m=[32m"7"[39m
                    [33mx[39m=[32m"14"[39m
                    [33my[39m=[32m"3"[39m
                  [36m/>[39m
                  [36m<rect[39m
                    [33mheight[39m=[32m"9"[39m
                    [33mrx[39m=[32m"1"[39m
                    [33mwidth[39m=[32m"7"[39m
                    [33mx[39m=[32m"14"[39m
                    [33my[39m=[32m"12"[39m
                  [36m/>[39m
                  [36m<rect[39m
                    [33mheight[39m=[32m"5"[39m
                    [33mrx[39m=[32m"1"[39m
                    [33mwidth[39m=[32m"7"[39m
                    [33mx[39m=[32m"3"[39m
                    [33my[39m=[32m"16"[39m
                  [36m/>[39m
                [36m</svg>[39m
                [36m<span>[39m
                  [0mExecution bank[0m
                [36m</span>[39m
              [36m</button>[39m
              [36m<button[39m
                [33maria-selected[39m=[32m"false"[39m
                [33mclass[39m=[32m"inline-flex h-9 items-center gap-2 rounded-full border px-3 text-sm font-medium transition-colors duration-150 whitespace-nowrap active:scale-[0.98] focus-visible:outline-none focus-visible:ring-2 focus-visible:ring-c-focus focus-visible:ring-offset-1 ring-offset-white dark:ring-offset-navy-900 border-slate-200/70 bg-white/70 text-slate-700 hover:bg-state-hover dark:border-white/[0.06] dark:bg-white/[0.04] dark:text-slate-300"[39m
                [33mrole[39m=[32m"tab"[39m
                [33mtype[39m=[32m"button"[39m
              [36m>[39m
                [36m<svg[39m
                  [33maria-hidden[39m=[32m"true"[39m
                  [33mclass[39m=[32m"lucide lucide-clipboard-list"[39m
                  [33mfill[39m=[32m"none"[39m
                  [33mheight[39m=[32m"16"[39m
                  [33mstroke[39m=[32m"currentColor"[39m
                  [33mstroke-linecap[39m=[32m"round"[39m
                  [33mstroke-linejoin[39m=[32m"round"[39m
                  [33mstroke-width[39m=[32m"2"[39m
                  [33mviewBox[39m=[32m"0 0 24 24"[39m
                  [33mwidth[39m=[32m"16"[39m
                  [33mxmlns[39m=[32m"http://www.w3.org/2000/svg"[39m
                [36m>[39m
                  [36m<rect[39m
                    [33mheight[39m=[32m"4"[39m
                    [33mrx[39m=[32m"1"[39m
                    [33mry[39m=[32m"1"[39m
                    [33mwidth[39m=[32m"8"[39m
                    [33mx[39m=[32m"8"[39m
                    [33my[39m=[32m"2"[39m
                  [36m/>[39m
                  [36m<path[39m
                    [33md[39m=[32m"M16 4h2a2 2 0 0...

Ignored nodes: comments, script, style
[36m<body>[39m
  [36m<div>[39m
    [36m<div[39m
      [33mclass[39m=[32m"flex flex-col h-full bg-c-bg text-c-text"[39m
    [36m>[39m
      [36m<div[39m
        [33mclass[39m=[32m"bg-white dark:bg-navy-900 border-b border-slate-200/60 dark:border-white/5"[39m
      [36m>[39m
        [36m<div[39m
          [33mclass[39m=[32m"flex items-center px-4 py-3 gap-3 justify-between"[39m
        [36m>[39m
          [36m<div[39m
            [33mclass[39m=[32m"flex items-center gap-3"[39m
          [36m>[39m
            [36m<button[39m
              [33maria-disabled[39m=[32m"false"[39m
              [33maria-expanded[39m=[32m"false"[39m
              [33maria-label[39m=[32m"Search"[39m
              [33mclass[39m=[32m"h-9 w-9 inline-flex items-center justify-center rounded-full transition-colors duration-150 border text-slate-500 dark:text-slate-400 border-slate-200/70 dark:border-white/[0.06] hover:bg-slate-100/70 dark:hover:bg-white/[0.05]"[39m
              [33mtitle[39m=[32m"Search"[39m
              [33mtype[39m=[32m"button"[39m
            [36m>[39m
              [36m<svg[39m
                [33maria-hidden[39m=[32m"true"[39m
                [33mclass[39m=[32m"lucide lucide-search"[39m
                [33mfill[39m=[32m"none"[39m
                [33mheight[39m=[32m"18"[39m
                [33mstroke[39m=[32m"currentColor"[39m
                [33mstroke-linecap[39m=[32m"round"[39m
                [33mstroke-linejoin[39m=[32m"round"[39m
                [33mstroke-width[39m=[32m"2"[39m
                [33mviewBox[39m=[32m"0 0 24 24"[39m
                [33mwidth[39m=[32m"18"[39m
                [33mxmlns[39m=[32m"http://www.w3.org/2000/svg"[39m
              [36m>[39m
                [36m<path[39m
                  [33md[39m=[32m"m21 21-4.34-4.34"[39m
                [36m/>[39m
                [36m<circle[39m
                  [33mcx[39m=[32m"11"[39m
                  [33mcy[39m=[32m"11"[39m
                  [33mr[39m=[32m"8"[39m
                [36m/>[39m
              [36m</svg>[39m
            [36m</button>[39m
            [36m<div[39m
              [33maria-label[39m=[32m"Module sections"[39m
              [33mclass[39m=[32m"flex items-center gap-1.5"[39m
              [33mrole[39m=[32m"tablist"[39m
            [36m>[39m
              [36m<button[39m
                [33maria-selected[39m=[32m"true"[39m
                [33mclass[39m=[32m"inline-flex h-9 items-center gap-2 rounded-full border px-3 text-sm font-medium transition-colors duration-150 whitespace-nowrap active:scale-[0.98] focus-visible:outline-none focus-visible:ring-2 focus-visible:ring-c-focus focus-visible:ring-offset-1 ring-offset-white dark:ring-offset-navy-900 border-slate-300 bg-state-selected text-slate-900 dark:border-white/25 dark:text-slate-100"[39m
                [33mrole[39m=[32m"tab"[39m
                [33mtype[39m=[32m"button"[39m
              [36m>[39m
                [36m<svg[39m
                  [33maria-hidden[39m=[32m"true"[39m
                  [33mclass[39m=[32m"lucide lucide-layout-dashboard"[39m
                  [33mfill[39m=[32m"none"[39m
                  [33mheight[39m=[32m"16"[39m
                  [33mstroke[39m=[32m"currentColor"[39m
                  [33mstroke-linecap[39m=[32m"round"[39m
                  [33mstroke-linejoin[39m=[32m"round"[39m
                  [33mstroke-width[39m=[32m"2"[39m
                  [33mviewBox[39m=[32m"0 0 24 24"[39m
                  [33mwidth[39m=[32m"16"[39m
                  [33mxmlns[39m=[32m"http://www.w3.org/2000/svg"[39m
                [36m>[39m
                  [36m<rect[39m
                    [33mheight[39m=[32m"9"[39m
                    [33mrx[39m=[32m"1"[39m
                    [33mwidth[39m=[32m"7"[39m
                    [33mx[39m=[32m"3"[39m
                    [33my[39m=[32m"3"[39m
                  [36m/>[39m
                  [36m<rect[39m
                    [33mheight[39m=[32m"5"[39m
                    [33mrx[39m=[32m"1"[39m
                    [33mwidth[39m=[32m"7"[39m
                    [33mx[39m=[32m"14"[39m
                    [33my[39m=[32m"3"[39m
                  [36m/>[39m
                  [36m<rect[39m
                    [33mheight[39m=[32m"9"[39m
                    [33mrx[39m=[32m"1"[39m
                    [33mwidth[39m=[32m"7"[39m
                    [33mx[39m=[32m"14"[39m
                    [33my[39m=[32m"12"[39m
                  [36m/>[39m
                  [36m<rect[39m
                    [33mheight[39m=[32m"5"[39m
                    [33mrx[39m=[32m"1"[39m
                    [33mwidth[39m=[32m"7"[39m
                    [33mx[39m=[32m"3"[39m
                    [33my[39m=[32m"16"[39m
                  [36m/>[39m
                [36m</svg>[39m
                [36m<span>[39m
                  [0mExecution bank[0m
                [36m</span>[39m
              [36m</button>[39m
              [36m<button[39m
                [33maria-selected[39m=[32m"false"[39m
                [33mclass[39m=[32m"inline-flex h-9 items-center gap-2 rounded-full border px-3 text-sm font-medium transition-colors duration-150 whitespace-nowrap active:scale-[0.98] focus-visible:outline-none focus-visible:ring-2 focus-visible:ring-c-focus focus-visible:ring-offset-1 ring-offset-white dark:ring-offset-navy-900 border-slate-200/70 bg-white/70 text-slate-700 hover:bg-state-hover dark:border-white/[0.06] dark:bg-white/[0.04] dark:text-slate-300"[39m
                [33mrole[39m=[32m"tab"[39m
                [33mtype[39m=[32m"button"[39m
              [36m>[39m
                [36m<svg[39m
                  [33maria-hidden[39m=[32m"true"[39m
                  [33mclass[39m=[32m"lucide lucide-clipboard-list"[39m
                  [33mfill[39m=[32m"none"[39m
                  [33mheight[39m=[32m"16"[39m
                  [33mstroke[39m=[32m"currentColor"[39m
                  [33mstroke-linecap[39m=[32m"round"[39m
                  [33mstroke-linejoin[39m=[32m"round"[39m
                  [33mstroke-width[39m=[32m"2"[39m
                  [33mviewBox[39m=[32m"0 0 24 24"[39m
                  [33mwidth[39m=[32m"16"[39m
                  [33mxmlns[39m=[32m"http://www.w3.org/2000/svg"[39m
                [36m>[39m
                  [36m<rect[39m
                    [33mheight[39m=[32m"4"[39m
                    [33mrx[39m=[32m"1"[39m
                    [33mry[39m=[32m"1"[39m
                    [33mwidth[39m=[32m"8"[39m
                    [33mx[39m=[32m"8"[39m
                    [33my[39m=[32m"2"[39m
                  [36m/>[39m
                  [36m<path[39m
                    [33md[39m=[32m"M16 4h2a2 2 0 0...
 ✓ tests/components/Execution/ExecutionHub.e1bReviewerGaps.behavior.test.tsx > E1b independent reviewer gaps > rehydrates controlled asOf when browser history changes the query 230ms
 ✓ tests/components/Execution/ExecutionHub.e1bReviewerGaps.behavior.test.tsx > E1b independent reviewer gaps > preserves one Initiative identity multiset and the shared sort inside semantic groups 95ms
 ❯ tests/components/Execution/ExecutionHub.e1bReviewerGaps.behavior.test.tsx (6 tests | 1 failed) 1808ms
     ✓ keeps a canonical Initiative without an Execution Case visible without fabricating a case identity 229ms
     ✓ keeps the exact legacy denominator and case render while the new flag is OFF 100ms
     ✓ writes the user-facing Initiative identity while retaining the case as an internal shadow 80ms
     × selects and restores a canonical Initiative without inventing an Execution Case identity 1072ms
     ✓ rehydrates controlled asOf when browser history changes the query 230ms
     ✓ preserves one Initiative identity multiset and the shared sort inside semantic groups 95ms
 × tests/components/Execution/ExecutionHub.e1bBankViews.behavior.test.tsx > E1b Execution Bank views > selects an Initiative without a Case and restores that native selection after a view switch and reload 1149ms
   → Unable to find an element by: [data-testid="execution-bank-preview"]

Ignored nodes: comments, script, style
[36m<body>[39m
  [36m<div>[39m
    [36m<div[39m
      [33mclass[39m=[32m"flex flex-col h-full bg-c-bg text-c-text"[39m
    [36m>[39m
      [36m<div[39m
        [33mclass[39m=[32m"bg-white dark:bg-navy-900 border-b border-slate-200/60 dark:border-white/5"[39m
      [36m>[39m
        [36m<div[39m
          [33mclass[39m=[32m"flex items-center px-4 py-3 gap-3 justify-between"[39m
        [36m>[39m
          [36m<div[39m
            [33mclass[39m=[32m"flex items-center gap-3"[39m
          [36m>[39m
            [36m<button[39m
              [33maria-disabled[39m=[32m"false"[39m
              [33maria-expanded[39m=[32m"false"[39m
              [33maria-label[39m=[32m"Search"[39m
              [33mclass[39m=[32m"h-9 w-9 inline-flex items-center justify-center rounded-full transition-colors duration-150 border text-slate-500 dark:text-slate-400 border-slate-200/70 dark:border-white/[0.06] hover:bg-slate-100/70 dark:hover:bg-white/[0.05]"[39m
              [33mtitle[39m=[32m"Search"[39m
              [33mtype[39m=[32m"button"[39m
            [36m>[39m
              [36m<svg[39m
                [33maria-hidden[39m=[32m"true"[39m
                [33mclass[39m=[32m"lucide lucide-search"[39m
                [33mfill[39m=[32m"none"[39m
                [33mheight[39m=[32m"18"[39m
                [33mstroke[39m=[32m"currentColor"[39m
                [33mstroke-linecap[39m=[32m"round"[39m
                [33mstroke-linejoin[39m=[32m"round"[39m
                [33mstroke-width[39m=[32m"2"[39m
                [33mviewBox[39m=[32m"0 0 24 24"[39m
                [33mwidth[39m=[32m"18"[39m
                [33mxmlns[39m=[32m"http://www.w3.org/2000/svg"[39m
              [36m>[39m
                [36m<path[39m
                  [33md[39m=[32m"m21 21-4.34-4.34"[39m
                [36m/>[39m
                [36m<circle[39m
                  [33mcx[39m=[32m"11"[39m
                  [33mcy[39m=[32m"11"[39m
                  [33mr[39m=[32m"8"[39m
                [36m/>[39m
              [36m</svg>[39m
            [36m</button>[39m
            [36m<div[39m
              [33maria-label[39m=[32m"Module sections"[39m
              [33mclass[39m=[32m"flex items-center gap-1.5"[39m
              [33mrole[39m=[32m"tablist"[39m
            [36m>[39m
              [36m<button[39m
                [33maria-selected[39m=[32m"true"[39m
                [33mclass[39m=[32m"inline-flex h-9 items-center gap-2 rounded-full border px-3 text-sm font-medium transition-colors duration-150 whitespace-nowrap active:scale-[0.98] focus-visible:outline-none focus-visible:ring-2 focus-visible:ring-c-focus focus-visible:ring-offset-1 ring-offset-white dark:ring-offset-navy-900 border-slate-300 bg-state-selected text-slate-900 dark:border-white/25 dark:text-slate-100"[39m
                [33mrole[39m=[32m"tab"[39m
                [33mtype[39m=[32m"button"[39m
              [36m>[39m
                [36m<svg[39m
                  [33maria-hidden[39m=[32m"true"[39m
                  [33mclass[39m=[32m"lucide lucide-layout-dashboard"[39m
                  [33mfill[39m=[32m"none"[39m
                  [33mheight[39m=[32m"16"[39m
                  [33mstroke[39m=[32m"currentColor"[39m
                  [33mstroke-linecap[39m=[32m"round"[39m
                  [33mstroke-linejoin[39m=[32m"round"[39m
                  [33mstroke-width[39m=[32m"2"[39m
                  [33mviewBox[39m=[32m"0 0 24 24"[39m
                  [33mwidth[39m=[32m"16"[39m
                  [33mxmlns[39m=[32m"http://www.w3.org/2000/svg"[39m
                [36m>[39m
                  [36m<rect[39m
                    [33mheight[39m=[32m"9"[39m
                    [33mrx[39m=[32m"1"[39m
                    [33mwidth[39m=[32m"7"[39m
                    [33mx[39m=[32m"3"[39m
                    [33my[39m=[32m"3"[39m
                  [36m/>[39m
                  [36m<rect[39m
                    [33mheight[39m=[32m"5"[39m
                    [33mrx[39m=[32m"1"[39m
                    [33mwidth[39m=[32m"7"[39m
                    [33mx[39m=[32m"14"[39m
                    [33my[39m=[32m"3"[39m
                  [36m/>[39m
                  [36m<rect[39m
                    [33mheight[39m=[32m"9"[39m
                    [33mrx[39m=[32m"1"[39m
                    [33mwidth[39m=[32m"7"[39m
                    [33mx[39m=[32m"14"[39m
                    [33my[39m=[32m"12"[39m
                  [36m/>[39m
                  [36m<rect[39m
                    [33mheight[39m=[32m"5"[39m
                    [33mrx[39m=[32m"1"[39m
                    [33mwidth[39m=[32m"7"[39m
                    [33mx[39m=[32m"3"[39m
                    [33my[39m=[32m"16"[39m
                  [36m/>[39m
                [36m</svg>[39m
                [36m<span>[39m
                  [0mExecution bank[0m
                [36m</span>[39m
              [36m</button>[39m
              [36m<button[39m
                [33maria-selected[39m=[32m"false"[39m
                [33mclass[39m=[32m"inline-flex h-9 items-center gap-2 rounded-full border px-3 text-sm font-medium transition-colors duration-150 whitespace-nowrap active:scale-[0.98] focus-visible:outline-none focus-visible:ring-2 focus-visible:ring-c-focus focus-visible:ring-offset-1 ring-offset-white dark:ring-offset-navy-900 border-slate-200/70 bg-white/70 text-slate-700 hover:bg-state-hover dark:border-white/[0.06] dark:bg-white/[0.04] dark:text-slate-300"[39m
                [33mrole[39m=[32m"tab"[39m
                [33mtype[39m=[32m"button"[39m
              [36m>[39m
                [36m<svg[39m
                  [33maria-hidden[39m=[32m"true"[39m
                  [33mclass[39m=[32m"lucide lucide-clipboard-list"[39m
                  [33mfill[39m=[32m"none"[39m
                  [33mheight[39m=[32m"16"[39m
                  [33mstroke[39m=[32m"currentColor"[39m
                  [33mstroke-linecap[39m=[32m"round"[39m
                  [33mstroke-linejoin[39m=[32m"round"[39m
                  [33mstroke-width[39m=[32m"2"[39m
                  [33mviewBox[39m=[32m"0 0 24 24"[39m
                  [33mwidth[39m=[32m"16"[39m
                  [33mxmlns[39m=[32m"http://www.w3.org/2000/svg"[39m
                [36m>[39m
                  [36m<rect[39m
                    [33mheight[39m=[32m"4"[39m
                    [33mrx[39m=[32m"1"[39m
                    [33mry[39m=[32m"1"[39m
                    [33mwidth[39m=[32m"8"[39m
                    [33mx[39m=[32m"8"[39m
                    [33my[39m=[32m"2"[39m
                  [36m/>[39m
                  [36m<path[39m
                    [33md[39m=[32m"M16 4h2a2 2 0 0...

Ignored nodes: comments, script, style
[36m<body>[39m
  [36m<div>[39m
    [36m<div[39m
      [33mclass[39m=[32m"flex flex-col h-full bg-c-bg text-c-text"[39m
    [36m>[39m
      [36m<div[39m
        [33mclass[39m=[32m"bg-white dark:bg-navy-900 border-b border-slate-200/60 dark:border-white/5"[39m
      [36m>[39m
        [36m<div[39m
          [33mclass[39m=[32m"flex items-center px-4 py-3 gap-3 justify-between"[39m
        [36m>[39m
          [36m<div[39m
            [33mclass[39m=[32m"flex items-center gap-3"[39m
          [36m>[39m
            [36m<button[39m
              [33maria-disabled[39m=[32m"false"[39m
              [33maria-expanded[39m=[32m"false"[39m
              [33maria-label[39m=[32m"Search"[39m
              [33mclass[39m=[32m"h-9 w-9 inline-flex items-center justify-center rounded-full transition-colors duration-150 border text-slate-500 dark:text-slate-400 border-slate-200/70 dark:border-white/[0.06] hover:bg-slate-100/70 dark:hover:bg-white/[0.05]"[39m
              [33mtitle[39m=[32m"Search"[39m
              [33mtype[39m=[32m"button"[39m
            [36m>[39m
              [36m<svg[39m
                [33maria-hidden[39m=[32m"true"[39m
                [33mclass[39m=[32m"lucide lucide-search"[39m
                [33mfill[39m=[32m"none"[39m
                [33mheight[39m=[32m"18"[39m
                [33mstroke[39m=[32m"currentColor"[39m
                [33mstroke-linecap[39m=[32m"round"[39m
                [33mstroke-linejoin[39m=[32m"round"[39m
                [33mstroke-width[39m=[32m"2"[39m
                [33mviewBox[39m=[32m"0 0 24 24"[39m
                [33mwidth[39m=[32m"18"[39m
                [33mxmlns[39m=[32m"http://www.w3.org/2000/svg"[39m
              [36m>[39m
                [36m<path[39m
                  [33md[39m=[32m"m21 21-4.34-4.34"[39m
                [36m/>[39m
                [36m<circle[39m
                  [33mcx[39m=[32m"11"[39m
                  [33mcy[39m=[32m"11"[39m
                  [33mr[39m=[32m"8"[39m
                [36m/>[39m
              [36m</svg>[39m
            [36m</button>[39m
            [36m<div[39m
              [33maria-label[39m=[32m"Module sections"[39m
              [33mclass[39m=[32m"flex items-center gap-1.5"[39m
              [33mrole[39m=[32m"tablist"[39m
            [36m>[39m
              [36m<button[39m
                [33maria-selected[39m=[32m"true"[39m
                [33mclass[39m=[32m"inline-flex h-9 items-center gap-2 rounded-full border px-3 text-sm font-medium transition-colors duration-150 whitespace-nowrap active:scale-[0.98] focus-visible:outline-none focus-visible:ring-2 focus-visible:ring-c-focus focus-visible:ring-offset-1 ring-offset-white dark:ring-offset-navy-900 border-slate-300 bg-state-selected text-slate-900 dark:border-white/25 dark:text-slate-100"[39m
                [33mrole[39m=[32m"tab"[39m
                [33mtype[39m=[32m"button"[39m
              [36m>[39m
                [36m<svg[39m
                  [33maria-hidden[39m=[32m"true"[39m
                  [33mclass[39m=[32m"lucide lucide-layout-dashboard"[39m
                  [33mfill[39m=[32m"none"[39m
                  [33mheight[39m=[32m"16"[39m
                  [33mstroke[39m=[32m"currentColor"[39m
                  [33mstroke-linecap[39m=[32m"round"[39m
                  [33mstroke-linejoin[39m=[32m"round"[39m
                  [33mstroke-width[39m=[32m"2"[39m
                  [33mviewBox[39m=[32m"0 0 24 24"[39m
                  [33mwidth[39m=[32m"16"[39m
                  [33mxmlns[39m=[32m"http://www.w3.org/2000/svg"[39m
                [36m>[39m
                  [36m<rect[39m
                    [33mheight[39m=[32m"9"[39m
                    [33mrx[39m=[32m"1"[39m
                    [33mwidth[39m=[32m"7"[39m
                    [33mx[39m=[32m"3"[39m
                    [33my[39m=[32m"3"[39m
                  [36m/>[39m
                  [36m<rect[39m
                    [33mheight[39m=[32m"5"[39m
                    [33mrx[39m=[32m"1"[39m
                    [33mwidth[39m=[32m"7"[39m
                    [33mx[39m=[32m"14"[39m
                    [33my[39m=[32m"3"[39m
                  [36m/>[39m
                  [36m<rect[39m
                    [33mheight[39m=[32m"9"[39m
                    [33mrx[39m=[32m"1"[39m
                    [33mwidth[39m=[32m"7"[39m
                    [33mx[39m=[32m"14"[39m
                    [33my[39m=[32m"12"[39m
                  [36m/>[39m
                  [36m<rect[39m
                    [33mheight[39m=[32m"5"[39m
                    [33mrx[39m=[32m"1"[39m
                    [33mwidth[39m=[32m"7"[39m
                    [33mx[39m=[32m"3"[39m
                    [33my[39m=[32m"16"[39m
                  [36m/>[39m
                [36m</svg>[39m
                [36m<span>[39m
                  [0mExecution bank[0m
                [36m</span>[39m
              [36m</button>[39m
              [36m<button[39m
                [33maria-selected[39m=[32m"false"[39m
                [33mclass[39m=[32m"inline-flex h-9 items-center gap-2 rounded-full border px-3 text-sm font-medium transition-colors duration-150 whitespace-nowrap active:scale-[0.98] focus-visible:outline-none focus-visible:ring-2 focus-visible:ring-c-focus focus-visible:ring-offset-1 ring-offset-white dark:ring-offset-navy-900 border-slate-200/70 bg-white/70 text-slate-700 hover:bg-state-hover dark:border-white/[0.06] dark:bg-white/[0.04] dark:text-slate-300"[39m
                [33mrole[39m=[32m"tab"[39m
                [33mtype[39m=[32m"button"[39m
              [36m>[39m
                [36m<svg[39m
                  [33maria-hidden[39m=[32m"true"[39m
                  [33mclass[39m=[32m"lucide lucide-clipboard-list"[39m
                  [33mfill[39m=[32m"none"[39m
                  [33mheight[39m=[32m"16"[39m
                  [33mstroke[39m=[32m"currentColor"[39m
                  [33mstroke-linecap[39m=[32m"round"[39m
                  [33mstroke-linejoin[39m=[32m"round"[39m
                  [33mstroke-width[39m=[32m"2"[39m
                  [33mviewBox[39m=[32m"0 0 24 24"[39m
                  [33mwidth[39m=[32m"16"[39m
                  [33mxmlns[39m=[32m"http://www.w3.org/2000/svg"[39m
                [36m>[39m
                  [36m<rect[39m
                    [33mheight[39m=[32m"4"[39m
                    [33mrx[39m=[32m"1"[39m
                    [33mry[39m=[32m"1"[39m
                    [33mwidth[39m=[32m"8"[39m
                    [33mx[39m=[32m"8"[39m
                    [33my[39m=[32m"2"[39m
                  [36m/>[39m
                  [36m<path[39m
                    [33md[39m=[32m"M16 4h2a2 2 0 0...
 ✓ tests/components/Execution/ExecutionHub.e1bBankViews.behavior.test.tsx > E1b Execution Bank views > refetches the same Initiative evidence at controlled asOf on browser Back and Forward 354ms
 ❯ tests/components/Execution/ExecutionHub.e1bBankViews.behavior.test.tsx (5 tests | 3 failed) 3002ms
     × E1b Bank renders one ordered Initiative set across table, kanban, calendar and gantt without writes 259ms
     ✓ wires five reachable Bank filters to the same set used by every view, including no-project 219ms
     × hydrates the requested Bank view and native selection from a cold query and keeps selection when the view changes 1019ms
     × selects an Initiative without a Case and restores that native selection after a view switch and reload 1149ms
     ✓ refetches the same Initiative evidence at controlled asOf on browser Back and Forward  354ms

⎯⎯⎯⎯⎯⎯⎯ Failed Tests 4 ⎯⎯⎯⎯⎯⎯⎯

 FAIL  tests/components/Execution/ExecutionHub.e1bBankViews.behavior.test.tsx > E1b Execution Bank views > E1b Bank renders one ordered Initiative set across table, kanban, calendar and gantt without writes
TestingLibraryElementError: Unable to find an element by: [data-testid="execution-bank-preview"]

Ignored nodes: comments, script, style
[36m<body>[39m
  [36m<div>[39m
    [36m<div[39m
      [33mclass[39m=[32m"flex flex-col h-full bg-c-bg text-c-text"[39m
    [36m>[39m
      [36m<div[39m
        [33mclass[39m=[32m"bg-white dark:bg-navy-900 border-b border-slate-200/60 dark:border-white/5"[39m
      [36m>[39m
        [36m<div[39m
          [33mclass[39m=[32m"flex items-center px-4 py-3 gap-3 justify-between"[39m
        [36m>[39m
          [36m<div[39m
            [33mclass[39m=[32m"flex items-center gap-3"[39m
          [36m>[39m
            [36m<button[39m
              [33maria-disabled[39m=[32m"false"[39m
              [33maria-expanded[39m=[32m"false"[39m
              [33maria-label[39m=[32m"Search"[39m
              [33mclass[39m=[32m"h-9 w-9 inline-flex items-center justify-center rounded-full transition-colors duration-150 border text-slate-500 dark:text-slate-400 border-slate-200/70 dark:border-white/[0.06] hover:bg-slate-100/70 dark:hover:bg-white/[0.05]"[39m
              [33mtitle[39m=[32m"Search"[39m
              [33mtype[39m=[32m"button"[39m
            [36m>[39m
              [36m<svg[39m
                [33maria-hidden[39m=[32m"true"[39m
                [33mclass[39m=[32m"lucide lucide-search"[39m
                [33mfill[39m=[32m"none"[39m
                [33mheight[39m=[32m"18"[39m
                [33mstroke[39m=[32m"currentColor"[39m
                [33mstroke-linecap[39m=[32m"round"[39m
                [33mstroke-linejoin[39m=[32m"round"[39m
                [33mstroke-width[39m=[32m"2"[39m
                [33mviewBox[39m=[32m"0 0 24 24"[39m
                [33mwidth[39m=[32m"18"[39m
                [33mxmlns[39m=[32m"http://www.w3.org/2000/svg"[39m
              [36m>[39m
                [36m<path[39m
                  [33md[39m=[32m"m21 21-4.34-4.34"[39m
                [36m/>[39m
                [36m<circle[39m
                  [33mcx[39m=[32m"11"[39m
                  [33mcy[39m=[32m"11"[39m
                  [33mr[39m=[32m"8"[39m
                [36m/>[39m
              [36m</svg>[39m
            [36m</button>[39m
            [36m<div[39m
              [33maria-label[39m=[32m"Module sections"[39m
              [33mclass[39m=[32m"flex items-center gap-1.5"[39m
              [33mrole[39m=[32m"tablist"[39m
            [36m>[39m
              [36m<button[39m
                [33maria-selected[39m=[32m"true"[39m
                [33mclass[39m=[32m"inline-flex h-9 items-center gap-2 rounded-full border px-3 text-sm font-medium transition-colors duration-150 whitespace-nowrap active:scale-[0.98] focus-visible:outline-none focus-visible:ring-2 focus-visible:ring-c-focus focus-visible:ring-offset-1 ring-offset-white dark:ring-offset-navy-900 border-slate-300 bg-state-selected text-slate-900 dark:border-white/25 dark:text-slate-100"[39m
                [33mrole[39m=[32m"tab"[39m
                [33mtype[39m=[32m"button"[39m
              [36m>[39m
                [36m<svg[39m
                  [33maria-hidden[39m=[32m"true"[39m
                  [33mclass[39m=[32m"lucide lucide-layout-dashboard"[39m
                  [33mfill[39m=[32m"none"[39m
                  [33mheight[39m=[32m"16"[39m
                  [33mstroke[39m=[32m"currentColor"[39m
                  [33mstroke-linecap[39m=[32m"round"[39m
                  [33mstroke-linejoin[39m=[32m"round"[39m
                  [33mstroke-width[39m=[32m"2"[39m
                  [33mviewBox[39m=[32m"0 0 24 24"[39m
                  [33mwidth[39m=[32m"16"[39m
                  [33mxmlns[39m=[32m"http://www.w3.org/2000/svg"[39m
                [36m>[39m
                  [36m<rect[39m
                    [33mheight[39m=[32m"9"[39m
                    [33mrx[39m=[32m"1"[39m
                    [33mwidth[39m=[32m"7"[39m
                    [33mx[39m=[32m"3"[39m
                    [33my[39m=[32m"3"[39m
                  [36m/>[39m
                  [36m<rect[39m
                    [33mheight[39m=[32m"5"[39m
                    [33mrx[39m=[32m"1"[39m
                    [33mwidth[39m=[32m"7"[39m
                    [33mx[39m=[32m"14"[39m
                    [33my[39m=[32m"3"[39m
                  [36m/>[39m
                  [36m<rect[39m
                    [33mheight[39m=[32m"9"[39m
                    [33mrx[39m=[32m"1"[39m
                    [33mwidth[39m=[32m"7"[39m
                    [33mx[39m=[32m"14"[39m
                    [33my[39m=[32m"12"[39m
                  [36m/>[39m
                  [36m<rect[39m
                    [33mheight[39m=[32m"5"[39m
                    [33mrx[39m=[32m"1"[39m
                    [33mwidth[39m=[32m"7"[39m
                    [33mx[39m=[32m"3"[39m
                    [33my[39m=[32m"16"[39m
                  [36m/>[39m
                [36m</svg>[39m
                [36m<span>[39m
                  [0mExecution bank[0m
                [36m</span>[39m
              [36m</button>[39m
              [36m<button[39m
                [33maria-selected[39m=[32m"false"[39m
                [33mclass[39m=[32m"inline-flex h-9 items-center gap-2 rounded-full border px-3 text-sm font-medium transition-colors duration-150 whitespace-nowrap active:scale-[0.98] focus-visible:outline-none focus-visible:ring-2 focus-visible:ring-c-focus focus-visible:ring-offset-1 ring-offset-white dark:ring-offset-navy-900 border-slate-200/70 bg-white/70 text-slate-700 hover:bg-state-hover dark:border-white/[0.06] dark:bg-white/[0.04] dark:text-slate-300"[39m
                [33mrole[39m=[32m"tab"[39m
                [33mtype[39m=[32m"button"[39m
              [36m>[39m
                [36m<svg[39m
                  [33maria-hidden[39m=[32m"true"[39m
                  [33mclass[39m=[32m"lucide lucide-clipboard-list"[39m
                  [33mfill[39m=[32m"none"[39m
                  [33mheight[39m=[32m"16"[39m
                  [33mstroke[39m=[32m"currentColor"[39m
                  [33mstroke-linecap[39m=[32m"round"[39m
                  [33mstroke-linejoin[39m=[32m"round"[39m
                  [33mstroke-width[39m=[32m"2"[39m
                  [33mviewBox[39m=[32m"0 0 24 24"[39m
                  [33mwidth[39m=[32m"16"[39m
                  [33mxmlns[39m=[32m"http://www.w3.org/2000/svg"[39m
                [36m>[39m
                  [36m<rect[39m
                    [33mheight[39m=[32m"4"[39m
                    [33mrx[39m=[32m"1"[39m
                    [33mry[39m=[32m"1"[39m
                    [33mwidth[39m=[32m"8"[39m
                    [33mx[39m=[32m"8"[39m
                    [33my[39m=[32m"2"[39m
                  [36m/>[39m
                  [36m<path[39m
                    [33md[39m=[32m"M16 4h2a2 2 0 0...
 ❯ Object.getElementError ../enterprise-trust-pack-20260913/node_modules/@testing-library/dom/dist/config.js:37:19
 ❯ ../enterprise-trust-pack-20260913/node_modules/@testing-library/dom/dist/query-helpers.js:76:38
 ❯ ../enterprise-trust-pack-20260913/node_modules/@testing-library/dom/dist/query-helpers.js:52:17
 ❯ ../enterprise-trust-pack-20260913/node_modules/@testing-library/dom/dist/query-helpers.js:95:19
 ❯ tests/components/Execution/ExecutionHub.e1bBankViews.behavior.test.tsx:286:28
    284|     await waitFor(() => expectSameInitiatives('kanban', expected));
    285|     fireEvent.click(screen.getByTestId('standard-kanban-card-initiativ…
    286|     const preview = screen.getByTestId('execution-bank-preview');
       |                            ^
    287|     expect(preview).toHaveAttribute('data-initiative-id', 'initiative-…
    288|     expect(preview).not.toHaveAttribute('data-execution-case-id');

⎯⎯⎯⎯⎯⎯⎯⎯⎯⎯⎯⎯⎯⎯⎯⎯⎯⎯⎯⎯⎯⎯⎯⎯[1/4]⎯

 FAIL  tests/components/Execution/ExecutionHub.e1bBankViews.behavior.test.tsx > E1b Execution Bank views > hydrates the requested Bank view and native selection from a cold query and keeps selection when the view changes
TestingLibraryElementError: Unable to find an element by: [data-testid="execution-bank-preview"]

Ignored nodes: comments, script, style
[36m<body>[39m
  [36m<div>[39m
    [36m<div[39m
      [33mclass[39m=[32m"flex flex-col h-full bg-c-bg text-c-text"[39m
    [36m>[39m
      [36m<div[39m
        [33mclass[39m=[32m"bg-white dark:bg-navy-900 border-b border-slate-200/60 dark:border-white/5"[39m
      [36m>[39m
        [36m<div[39m
          [33mclass[39m=[32m"flex items-center px-4 py-3 gap-3 justify-between"[39m
        [36m>[39m
          [36m<div[39m
            [33mclass[39m=[32m"flex items-center gap-3"[39m
          [36m>[39m
            [36m<button[39m
              [33maria-disabled[39m=[32m"false"[39m
              [33maria-expanded[39m=[32m"false"[39m
              [33maria-label[39m=[32m"Search"[39m
              [33mclass[39m=[32m"h-9 w-9 inline-flex items-center justify-center rounded-full transition-colors duration-150 border text-slate-500 dark:text-slate-400 border-slate-200/70 dark:border-white/[0.06] hover:bg-slate-100/70 dark:hover:bg-white/[0.05]"[39m
              [33mtitle[39m=[32m"Search"[39m
              [33mtype[39m=[32m"button"[39m
            [36m>[39m
              [36m<svg[39m
                [33maria-hidden[39m=[32m"true"[39m
                [33mclass[39m=[32m"lucide lucide-search"[39m
                [33mfill[39m=[32m"none"[39m
                [33mheight[39m=[32m"18"[39m
                [33mstroke[39m=[32m"currentColor"[39m
                [33mstroke-linecap[39m=[32m"round"[39m
                [33mstroke-linejoin[39m=[32m"round"[39m
                [33mstroke-width[39m=[32m"2"[39m
                [33mviewBox[39m=[32m"0 0 24 24"[39m
                [33mwidth[39m=[32m"18"[39m
                [33mxmlns[39m=[32m"http://www.w3.org/2000/svg"[39m
              [36m>[39m
                [36m<path[39m
                  [33md[39m=[32m"m21 21-4.34-4.34"[39m
                [36m/>[39m
                [36m<circle[39m
                  [33mcx[39m=[32m"11"[39m
                  [33mcy[39m=[32m"11"[39m
                  [33mr[39m=[32m"8"[39m
                [36m/>[39m
              [36m</svg>[39m
            [36m</button>[39m
            [36m<div[39m
              [33maria-label[39m=[32m"Module sections"[39m
              [33mclass[39m=[32m"flex items-center gap-1.5"[39m
              [33mrole[39m=[32m"tablist"[39m
            [36m>[39m
              [36m<button[39m
                [33maria-selected[39m=[32m"true"[39m
                [33mclass[39m=[32m"inline-flex h-9 items-center gap-2 rounded-full border px-3 text-sm font-medium transition-colors duration-150 whitespace-nowrap active:scale-[0.98] focus-visible:outline-none focus-visible:ring-2 focus-visible:ring-c-focus focus-visible:ring-offset-1 ring-offset-white dark:ring-offset-navy-900 border-slate-300 bg-state-selected text-slate-900 dark:border-white/25 dark:text-slate-100"[39m
                [33mrole[39m=[32m"tab"[39m
                [33mtype[39m=[32m"button"[39m
              [36m>[39m
                [36m<svg[39m
                  [33maria-hidden[39m=[32m"true"[39m
                  [33mclass[39m=[32m"lucide lucide-layout-dashboard"[39m
                  [33mfill[39m=[32m"none"[39m
                  [33mheight[39m=[32m"16"[39m
                  [33mstroke[39m=[32m"currentColor"[39m
                  [33mstroke-linecap[39m=[32m"round"[39m
                  [33mstroke-linejoin[39m=[32m"round"[39m
                  [33mstroke-width[39m=[32m"2"[39m
                  [33mviewBox[39m=[32m"0 0 24 24"[39m
                  [33mwidth[39m=[32m"16"[39m
                  [33mxmlns[39m=[32m"http://www.w3.org/2000/svg"[39m
                [36m>[39m
                  [36m<rect[39m
                    [33mheight[39m=[32m"9"[39m
                    [33mrx[39m=[32m"1"[39m
                    [33mwidth[39m=[32m"7"[39m
                    [33mx[39m=[32m"3"[39m
                    [33my[39m=[32m"3"[39m
                  [36m/>[39m
                  [36m<rect[39m
                    [33mheight[39m=[32m"5"[39m
                    [33mrx[39m=[32m"1"[39m
                    [33mwidth[39m=[32m"7"[39m
                    [33mx[39m=[32m"14"[39m
                    [33my[39m=[32m"3"[39m
                  [36m/>[39m
                  [36m<rect[39m
                    [33mheight[39m=[32m"9"[39m
                    [33mrx[39m=[32m"1"[39m
                    [33mwidth[39m=[32m"7"[39m
                    [33mx[39m=[32m"14"[39m
                    [33my[39m=[32m"12"[39m
                  [36m/>[39m
                  [36m<rect[39m
                    [33mheight[39m=[32m"5"[39m
                    [33mrx[39m=[32m"1"[39m
                    [33mwidth[39m=[32m"7"[39m
                    [33mx[39m=[32m"3"[39m
                    [33my[39m=[32m"16"[39m
                  [36m/>[39m
                [36m</svg>[39m
                [36m<span>[39m
                  [0mExecution bank[0m
                [36m</span>[39m
              [36m</button>[39m
              [36m<button[39m
                [33maria-selected[39m=[32m"false"[39m
                [33mclass[39m=[32m"inline-flex h-9 items-center gap-2 rounded-full border px-3 text-sm font-medium transition-colors duration-150 whitespace-nowrap active:scale-[0.98] focus-visible:outline-none focus-visible:ring-2 focus-visible:ring-c-focus focus-visible:ring-offset-1 ring-offset-white dark:ring-offset-navy-900 border-slate-200/70 bg-white/70 text-slate-700 hover:bg-state-hover dark:border-white/[0.06] dark:bg-white/[0.04] dark:text-slate-300"[39m
                [33mrole[39m=[32m"tab"[39m
                [33mtype[39m=[32m"button"[39m
              [36m>[39m
                [36m<svg[39m
                  [33maria-hidden[39m=[32m"true"[39m
                  [33mclass[39m=[32m"lucide lucide-clipboard-list"[39m
                  [33mfill[39m=[32m"none"[39m
                  [33mheight[39m=[32m"16"[39m
                  [33mstroke[39m=[32m"currentColor"[39m
                  [33mstroke-linecap[39m=[32m"round"[39m
                  [33mstroke-linejoin[39m=[32m"round"[39m
                  [33mstroke-width[39m=[32m"2"[39m
                  [33mviewBox[39m=[32m"0 0 24 24"[39m
                  [33mwidth[39m=[32m"16"[39m
                  [33mxmlns[39m=[32m"http://www.w3.org/2000/svg"[39m
                [36m>[39m
                  [36m<rect[39m
                    [33mheight[39m=[32m"4"[39m
                    [33mrx[39m=[32m"1"[39m
                    [33mry[39m=[32m"1"[39m
                    [33mwidth[39m=[32m"8"[39m
                    [33mx[39m=[32m"8"[39m
                    [33my[39m=[32m"2"[39m
                  [36m/>[39m
                  [36m<path[39m
                    [33md[39m=[32m"M16 4h2a2 2 0 0...

Ignored nodes: comments, script, style
[36m<body>[39m
  [36m<div>[39m
    [36m<div[39m
      [33mclass[39m=[32m"flex flex-col h-full bg-c-bg text-c-text"[39m
    [36m>[39m
      [36m<div[39m
        [33mclass[39m=[32m"bg-white dark:bg-navy-900 border-b border-slate-200/60 dark:border-white/5"[39m
      [36m>[39m
        [36m<div[39m
          [33mclass[39m=[32m"flex items-center px-4 py-3 gap-3 justify-between"[39m
        [36m>[39m
          [36m<div[39m
            [33mclass[39m=[32m"flex items-center gap-3"[39m
          [36m>[39m
            [36m<button[39m
              [33maria-disabled[39m=[32m"false"[39m
              [33maria-expanded[39m=[32m"false"[39m
              [33maria-label[39m=[32m"Search"[39m
              [33mclass[39m=[32m"h-9 w-9 inline-flex items-center justify-center rounded-full transition-colors duration-150 border text-slate-500 dark:text-slate-400 border-slate-200/70 dark:border-white/[0.06] hover:bg-slate-100/70 dark:hover:bg-white/[0.05]"[39m
              [33mtitle[39m=[32m"Search"[39m
              [33mtype[39m=[32m"button"[39m
            [36m>[39m
              [36m<svg[39m
                [33maria-hidden[39m=[32m"true"[39m
                [33mclass[39m=[32m"lucide lucide-search"[39m
                [33mfill[39m=[32m"none"[39m
                [33mheight[39m=[32m"18"[39m
                [33mstroke[39m=[32m"currentColor"[39m
                [33mstroke-linecap[39m=[32m"round"[39m
                [33mstroke-linejoin[39m=[32m"round"[39m
                [33mstroke-width[39m=[32m"2"[39m
                [33mviewBox[39m=[32m"0 0 24 24"[39m
                [33mwidth[39m=[32m"18"[39m
                [33mxmlns[39m=[32m"http://www.w3.org/2000/svg"[39m
              [36m>[39m
                [36m<path[39m
                  [33md[39m=[32m"m21 21-4.34-4.34"[39m
                [36m/>[39m
                [36m<circle[39m
                  [33mcx[39m=[32m"11"[39m
                  [33mcy[39m=[32m"11"[39m
                  [33mr[39m=[32m"8"[39m
                [36m/>[39m
              [36m</svg>[39m
            [36m</button>[39m
            [36m<div[39m
              [33maria-label[39m=[32m"Module sections"[39m
              [33mclass[39m=[32m"flex items-center gap-1.5"[39m
              [33mrole[39m=[32m"tablist"[39m
            [36m>[39m
              [36m<button[39m
                [33maria-selected[39m=[32m"true"[39m
                [33mclass[39m=[32m"inline-flex h-9 items-center gap-2 rounded-full border px-3 text-sm font-medium transition-colors duration-150 whitespace-nowrap active:scale-[0.98] focus-visible:outline-none focus-visible:ring-2 focus-visible:ring-c-focus focus-visible:ring-offset-1 ring-offset-white dark:ring-offset-navy-900 border-slate-300 bg-state-selected text-slate-900 dark:border-white/25 dark:text-slate-100"[39m
                [33mrole[39m=[32m"tab"[39m
                [33mtype[39m=[32m"button"[39m
              [36m>[39m
                [36m<svg[39m
                  [33maria-hidden[39m=[32m"true"[39m
                  [33mclass[39m=[32m"lucide lucide-layout-dashboard"[39m
                  [33mfill[39m=[32m"none"[39m
                  [33mheight[39m=[32m"16"[39m
                  [33mstroke[39m=[32m"currentColor"[39m
                  [33mstroke-linecap[39m=[32m"round"[39m
                  [33mstroke-linejoin[39m=[32m"round"[39m
                  [33mstroke-width[39m=[32m"2"[39m
                  [33mviewBox[39m=[32m"0 0 24 24"[39m
                  [33mwidth[39m=[32m"16"[39m
                  [33mxmlns[39m=[32m"http://www.w3.org/2000/svg"[39m
                [36m>[39m
                  [36m<rect[39m
                    [33mheight[39m=[32m"9"[39m
                    [33mrx[39m=[32m"1"[39m
                    [33mwidth[39m=[32m"7"[39m
                    [33mx[39m=[32m"3"[39m
                    [33my[39m=[32m"3"[39m
                  [36m/>[39m
                  [36m<rect[39m
                    [33mheight[39m=[32m"5"[39m
                    [33mrx[39m=[32m"1"[39m
                    [33mwidth[39m=[32m"7"[39m
                    [33mx[39m=[32m"14"[39m
                    [33my[39m=[32m"3"[39m
                  [36m/>[39m
                  [36m<rect[39m
                    [33mheight[39m=[32m"9"[39m
                    [33mrx[39m=[32m"1"[39m
                    [33mwidth[39m=[32m"7"[39m
                    [33mx[39m=[32m"14"[39m
                    [33my[39m=[32m"12"[39m
                  [36m/>[39m
                  [36m<rect[39m
                    [33mheight[39m=[32m"5"[39m
                    [33mrx[39m=[32m"1"[39m
                    [33mwidth[39m=[32m"7"[39m
                    [33mx[39m=[32m"3"[39m
                    [33my[39m=[32m"16"[39m
                  [36m/>[39m
                [36m</svg>[39m
                [36m<span>[39m
                  [0mExecution bank[0m
                [36m</span>[39m
              [36m</button>[39m
              [36m<button[39m
                [33maria-selected[39m=[32m"false"[39m
                [33mclass[39m=[32m"inline-flex h-9 items-center gap-2 rounded-full border px-3 text-sm font-medium transition-colors duration-150 whitespace-nowrap active:scale-[0.98] focus-visible:outline-none focus-visible:ring-2 focus-visible:ring-c-focus focus-visible:ring-offset-1 ring-offset-white dark:ring-offset-navy-900 border-slate-200/70 bg-white/70 text-slate-700 hover:bg-state-hover dark:border-white/[0.06] dark:bg-white/[0.04] dark:text-slate-300"[39m
                [33mrole[39m=[32m"tab"[39m
                [33mtype[39m=[32m"button"[39m
              [36m>[39m
                [36m<svg[39m
                  [33maria-hidden[39m=[32m"true"[39m
                  [33mclass[39m=[32m"lucide lucide-clipboard-list"[39m
                  [33mfill[39m=[32m"none"[39m
                  [33mheight[39m=[32m"16"[39m
                  [33mstroke[39m=[32m"currentColor"[39m
                  [33mstroke-linecap[39m=[32m"round"[39m
                  [33mstroke-linejoin[39m=[32m"round"[39m
                  [33mstroke-width[39m=[32m"2"[39m
                  [33mviewBox[39m=[32m"0 0 24 24"[39m
                  [33mwidth[39m=[32m"16"[39m
                  [33mxmlns[39m=[32m"http://www.w3.org/2000/svg"[39m
                [36m>[39m
                  [36m<rect[39m
                    [33mheight[39m=[32m"4"[39m
                    [33mrx[39m=[32m"1"[39m
                    [33mry[39m=[32m"1"[39m
                    [33mwidth[39m=[32m"8"[39m
                    [33mx[39m=[32m"8"[39m
                    [33my[39m=[32m"2"[39m
                  [36m/>[39m
                  [36m<path[39m
                    [33md[39m=[32m"M16 4h2a2 2 0 0...
 ❯ waitForWrapper ../enterprise-trust-pack-20260913/node_modules/@testing-library/dom/dist/wait-for.js:163:27
 ❯ ../enterprise-trust-pack-20260913/node_modules/@testing-library/dom/dist/query-helpers.js:86:33
 ❯ tests/components/Execution/ExecutionHub.e1bBankViews.behavior.test.tsx:381:25
    379|
    380|     expect(await screen.findByTestId('execution-bank-view-calendar')).…
    381|     expect(await screen.findByTestId('execution-bank-preview')).toHave…
       |                         ^
    382|       'data-initiative-id',
    383|       'initiative-b'

⎯⎯⎯⎯⎯⎯⎯⎯⎯⎯⎯⎯⎯⎯⎯⎯⎯⎯⎯⎯⎯⎯⎯⎯[2/4]⎯

 FAIL  tests/components/Execution/ExecutionHub.e1bBankViews.behavior.test.tsx > E1b Execution Bank views > selects an Initiative without a Case and restores that native selection after a view switch and reload
TestingLibraryElementError: Unable to find an element by: [data-testid="execution-bank-preview"]

Ignored nodes: comments, script, style
[36m<body>[39m
  [36m<div>[39m
    [36m<div[39m
      [33mclass[39m=[32m"flex flex-col h-full bg-c-bg text-c-text"[39m
    [36m>[39m
      [36m<div[39m
        [33mclass[39m=[32m"bg-white dark:bg-navy-900 border-b border-slate-200/60 dark:border-white/5"[39m
      [36m>[39m
        [36m<div[39m
          [33mclass[39m=[32m"flex items-center px-4 py-3 gap-3 justify-between"[39m
        [36m>[39m
          [36m<div[39m
            [33mclass[39m=[32m"flex items-center gap-3"[39m
          [36m>[39m
            [36m<button[39m
              [33maria-disabled[39m=[32m"false"[39m
              [33maria-expanded[39m=[32m"false"[39m
              [33maria-label[39m=[32m"Search"[39m
              [33mclass[39m=[32m"h-9 w-9 inline-flex items-center justify-center rounded-full transition-colors duration-150 border text-slate-500 dark:text-slate-400 border-slate-200/70 dark:border-white/[0.06] hover:bg-slate-100/70 dark:hover:bg-white/[0.05]"[39m
              [33mtitle[39m=[32m"Search"[39m
              [33mtype[39m=[32m"button"[39m
            [36m>[39m
              [36m<svg[39m
                [33maria-hidden[39m=[32m"true"[39m
                [33mclass[39m=[32m"lucide lucide-search"[39m
                [33mfill[39m=[32m"none"[39m
                [33mheight[39m=[32m"18"[39m
                [33mstroke[39m=[32m"currentColor"[39m
                [33mstroke-linecap[39m=[32m"round"[39m
                [33mstroke-linejoin[39m=[32m"round"[39m
                [33mstroke-width[39m=[32m"2"[39m
                [33mviewBox[39m=[32m"0 0 24 24"[39m
                [33mwidth[39m=[32m"18"[39m
                [33mxmlns[39m=[32m"http://www.w3.org/2000/svg"[39m
              [36m>[39m
                [36m<path[39m
                  [33md[39m=[32m"m21 21-4.34-4.34"[39m
                [36m/>[39m
                [36m<circle[39m
                  [33mcx[39m=[32m"11"[39m
                  [33mcy[39m=[32m"11"[39m
                  [33mr[39m=[32m"8"[39m
                [36m/>[39m
              [36m</svg>[39m
            [36m</button>[39m
            [36m<div[39m
              [33maria-label[39m=[32m"Module sections"[39m
              [33mclass[39m=[32m"flex items-center gap-1.5"[39m
              [33mrole[39m=[32m"tablist"[39m
            [36m>[39m
              [36m<button[39m
                [33maria-selected[39m=[32m"true"[39m
                [33mclass[39m=[32m"inline-flex h-9 items-center gap-2 rounded-full border px-3 text-sm font-medium transition-colors duration-150 whitespace-nowrap active:scale-[0.98] focus-visible:outline-none focus-visible:ring-2 focus-visible:ring-c-focus focus-visible:ring-offset-1 ring-offset-white dark:ring-offset-navy-900 border-slate-300 bg-state-selected text-slate-900 dark:border-white/25 dark:text-slate-100"[39m
                [33mrole[39m=[32m"tab"[39m
                [33mtype[39m=[32m"button"[39m
              [36m>[39m
                [36m<svg[39m
                  [33maria-hidden[39m=[32m"true"[39m
                  [33mclass[39m=[32m"lucide lucide-layout-dashboard"[39m
                  [33mfill[39m=[32m"none"[39m
                  [33mheight[39m=[32m"16"[39m
                  [33mstroke[39m=[32m"currentColor"[39m
                  [33mstroke-linecap[39m=[32m"round"[39m
                  [33mstroke-linejoin[39m=[32m"round"[39m
                  [33mstroke-width[39m=[32m"2"[39m
                  [33mviewBox[39m=[32m"0 0 24 24"[39m
                  [33mwidth[39m=[32m"16"[39m
                  [33mxmlns[39m=[32m"http://www.w3.org/2000/svg"[39m
                [36m>[39m
                  [36m<rect[39m
                    [33mheight[39m=[32m"9"[39m
                    [33mrx[39m=[32m"1"[39m
                    [33mwidth[39m=[32m"7"[39m
                    [33mx[39m=[32m"3"[39m
                    [33my[39m=[32m"3"[39m
                  [36m/>[39m
                  [36m<rect[39m
                    [33mheight[39m=[32m"5"[39m
                    [33mrx[39m=[32m"1"[39m
                    [33mwidth[39m=[32m"7"[39m
                    [33mx[39m=[32m"14"[39m
                    [33my[39m=[32m"3"[39m
                  [36m/>[39m
                  [36m<rect[39m
                    [33mheight[39m=[32m"9"[39m
                    [33mrx[39m=[32m"1"[39m
                    [33mwidth[39m=[32m"7"[39m
                    [33mx[39m=[32m"14"[39m
                    [33my[39m=[32m"12"[39m
                  [36m/>[39m
                  [36m<rect[39m
                    [33mheight[39m=[32m"5"[39m
                    [33mrx[39m=[32m"1"[39m
                    [33mwidth[39m=[32m"7"[39m
                    [33mx[39m=[32m"3"[39m
                    [33my[39m=[32m"16"[39m
                  [36m/>[39m
                [36m</svg>[39m
                [36m<span>[39m
                  [0mExecution bank[0m
                [36m</span>[39m
              [36m</button>[39m
              [36m<button[39m
                [33maria-selected[39m=[32m"false"[39m
                [33mclass[39m=[32m"inline-flex h-9 items-center gap-2 rounded-full border px-3 text-sm font-medium transition-colors duration-150 whitespace-nowrap active:scale-[0.98] focus-visible:outline-none focus-visible:ring-2 focus-visible:ring-c-focus focus-visible:ring-offset-1 ring-offset-white dark:ring-offset-navy-900 border-slate-200/70 bg-white/70 text-slate-700 hover:bg-state-hover dark:border-white/[0.06] dark:bg-white/[0.04] dark:text-slate-300"[39m
                [33mrole[39m=[32m"tab"[39m
                [33mtype[39m=[32m"button"[39m
              [36m>[39m
                [36m<svg[39m
                  [33maria-hidden[39m=[32m"true"[39m
                  [33mclass[39m=[32m"lucide lucide-clipboard-list"[39m
                  [33mfill[39m=[32m"none"[39m
                  [33mheight[39m=[32m"16"[39m
                  [33mstroke[39m=[32m"currentColor"[39m
                  [33mstroke-linecap[39m=[32m"round"[39m
                  [33mstroke-linejoin[39m=[32m"round"[39m
                  [33mstroke-width[39m=[32m"2"[39m
                  [33mviewBox[39m=[32m"0 0 24 24"[39m
                  [33mwidth[39m=[32m"16"[39m
                  [33mxmlns[39m=[32m"http://www.w3.org/2000/svg"[39m
                [36m>[39m
                  [36m<rect[39m
                    [33mheight[39m=[32m"4"[39m
                    [33mrx[39m=[32m"1"[39m
                    [33mry[39m=[32m"1"[39m
                    [33mwidth[39m=[32m"8"[39m
                    [33mx[39m=[32m"8"[39m
                    [33my[39m=[32m"2"[39m
                  [36m/>[39m
                  [36m<path[39m
                    [33md[39m=[32m"M16 4h2a2 2 0 0...

Ignored nodes: comments, script, style
[36m<body>[39m
  [36m<div>[39m
    [36m<div[39m
      [33mclass[39m=[32m"flex flex-col h-full bg-c-bg text-c-text"[39m
    [36m>[39m
      [36m<div[39m
        [33mclass[39m=[32m"bg-white dark:bg-navy-900 border-b border-slate-200/60 dark:border-white/5"[39m
      [36m>[39m
        [36m<div[39m
          [33mclass[39m=[32m"flex items-center px-4 py-3 gap-3 justify-between"[39m
        [36m>[39m
          [36m<div[39m
            [33mclass[39m=[32m"flex items-center gap-3"[39m
          [36m>[39m
            [36m<button[39m
              [33maria-disabled[39m=[32m"false"[39m
              [33maria-expanded[39m=[32m"false"[39m
              [33maria-label[39m=[32m"Search"[39m
              [33mclass[39m=[32m"h-9 w-9 inline-flex items-center justify-center rounded-full transition-colors duration-150 border text-slate-500 dark:text-slate-400 border-slate-200/70 dark:border-white/[0.06] hover:bg-slate-100/70 dark:hover:bg-white/[0.05]"[39m
              [33mtitle[39m=[32m"Search"[39m
              [33mtype[39m=[32m"button"[39m
            [36m>[39m
              [36m<svg[39m
                [33maria-hidden[39m=[32m"true"[39m
                [33mclass[39m=[32m"lucide lucide-search"[39m
                [33mfill[39m=[32m"none"[39m
                [33mheight[39m=[32m"18"[39m
                [33mstroke[39m=[32m"currentColor"[39m
                [33mstroke-linecap[39m=[32m"round"[39m
                [33mstroke-linejoin[39m=[32m"round"[39m
                [33mstroke-width[39m=[32m"2"[39m
                [33mviewBox[39m=[32m"0 0 24 24"[39m
                [33mwidth[39m=[32m"18"[39m
                [33mxmlns[39m=[32m"http://www.w3.org/2000/svg"[39m
              [36m>[39m
                [36m<path[39m
                  [33md[39m=[32m"m21 21-4.34-4.34"[39m
                [36m/>[39m
                [36m<circle[39m
                  [33mcx[39m=[32m"11"[39m
                  [33mcy[39m=[32m"11"[39m
                  [33mr[39m=[32m"8"[39m
                [36m/>[39m
              [36m</svg>[39m
            [36m</button>[39m
            [36m<div[39m
              [33maria-label[39m=[32m"Module sections"[39m
              [33mclass[39m=[32m"flex items-center gap-1.5"[39m
              [33mrole[39m=[32m"tablist"[39m
            [36m>[39m
              [36m<button[39m
                [33maria-selected[39m=[32m"true"[39m
                [33mclass[39m=[32m"inline-flex h-9 items-center gap-2 rounded-full border px-3 text-sm font-medium transition-colors duration-150 whitespace-nowrap active:scale-[0.98] focus-visible:outline-none focus-visible:ring-2 focus-visible:ring-c-focus focus-visible:ring-offset-1 ring-offset-white dark:ring-offset-navy-900 border-slate-300 bg-state-selected text-slate-900 dark:border-white/25 dark:text-slate-100"[39m
                [33mrole[39m=[32m"tab"[39m
                [33mtype[39m=[32m"button"[39m
              [36m>[39m
                [36m<svg[39m
                  [33maria-hidden[39m=[32m"true"[39m
                  [33mclass[39m=[32m"lucide lucide-layout-dashboard"[39m
                  [33mfill[39m=[32m"none"[39m
                  [33mheight[39m=[32m"16"[39m
                  [33mstroke[39m=[32m"currentColor"[39m
                  [33mstroke-linecap[39m=[32m"round"[39m
                  [33mstroke-linejoin[39m=[32m"round"[39m
                  [33mstroke-width[39m=[32m"2"[39m
                  [33mviewBox[39m=[32m"0 0 24 24"[39m
                  [33mwidth[39m=[32m"16"[39m
                  [33mxmlns[39m=[32m"http://www.w3.org/2000/svg"[39m
                [36m>[39m
                  [36m<rect[39m
                    [33mheight[39m=[32m"9"[39m
                    [33mrx[39m=[32m"1"[39m
                    [33mwidth[39m=[32m"7"[39m
                    [33mx[39m=[32m"3"[39m
                    [33my[39m=[32m"3"[39m
                  [36m/>[39m
                  [36m<rect[39m
                    [33mheight[39m=[32m"5"[39m
                    [33mrx[39m=[32m"1"[39m
                    [33mwidth[39m=[32m"7"[39m
                    [33mx[39m=[32m"14"[39m
                    [33my[39m=[32m"3"[39m
                  [36m/>[39m
                  [36m<rect[39m
                    [33mheight[39m=[32m"9"[39m
                    [33mrx[39m=[32m"1"[39m
                    [33mwidth[39m=[32m"7"[39m
                    [33mx[39m=[32m"14"[39m
                    [33my[39m=[32m"12"[39m
                  [36m/>[39m
                  [36m<rect[39m
                    [33mheight[39m=[32m"5"[39m
                    [33mrx[39m=[32m"1"[39m
                    [33mwidth[39m=[32m"7"[39m
                    [33mx[39m=[32m"3"[39m
                    [33my[39m=[32m"16"[39m
                  [36m/>[39m
                [36m</svg>[39m
                [36m<span>[39m
                  [0mExecution bank[0m
                [36m</span>[39m
              [36m</button>[39m
              [36m<button[39m
                [33maria-selected[39m=[32m"false"[39m
                [33mclass[39m=[32m"inline-flex h-9 items-center gap-2 rounded-full border px-3 text-sm font-medium transition-colors duration-150 whitespace-nowrap active:scale-[0.98] focus-visible:outline-none focus-visible:ring-2 focus-visible:ring-c-focus focus-visible:ring-offset-1 ring-offset-white dark:ring-offset-navy-900 border-slate-200/70 bg-white/70 text-slate-700 hover:bg-state-hover dark:border-white/[0.06] dark:bg-white/[0.04] dark:text-slate-300"[39m
                [33mrole[39m=[32m"tab"[39m
                [33mtype[39m=[32m"button"[39m
              [36m>[39m
                [36m<svg[39m
                  [33maria-hidden[39m=[32m"true"[39m
                  [33mclass[39m=[32m"lucide lucide-clipboard-list"[39m
                  [33mfill[39m=[32m"none"[39m
                  [33mheight[39m=[32m"16"[39m
                  [33mstroke[39m=[32m"currentColor"[39m
                  [33mstroke-linecap[39m=[32m"round"[39m
                  [33mstroke-linejoin[39m=[32m"round"[39m
                  [33mstroke-width[39m=[32m"2"[39m
                  [33mviewBox[39m=[32m"0 0 24 24"[39m
                  [33mwidth[39m=[32m"16"[39m
                  [33mxmlns[39m=[32m"http://www.w3.org/2000/svg"[39m
                [36m>[39m
                  [36m<rect[39m
                    [33mheight[39m=[32m"4"[39m
                    [33mrx[39m=[32m"1"[39m
                    [33mry[39m=[32m"1"[39m
                    [33mwidth[39m=[32m"8"[39m
                    [33mx[39m=[32m"8"[39m
                    [33my[39m=[32m"2"[39m
                  [36m/>[39m
                  [36m<path[39m
                    [33md[39m=[32m"M16 4h2a2 2 0 0...
 ❯ waitForWrapper ../enterprise-trust-pack-20260913/node_modules/@testing-library/dom/dist/wait-for.js:163:27
 ❯ ../enterprise-trust-pack-20260913/node_modules/@testing-library/dom/dist/query-helpers.js:86:33
 ❯ tests/components/Execution/ExecutionHub.e1bBankViews.behavior.test.tsx:409:25
    407|     fireEvent.click(screen.getByRole('radio', { name: 'All' }));
    408|     fireEvent.click(await screen.findByText('Delta'));
    409|     expect(await screen.findByTestId('execution-bank-preview')).toHave…
       |                         ^
    410|       'data-initiative-id',
    411|       'initiative-d'

⎯⎯⎯⎯⎯⎯⎯⎯⎯⎯⎯⎯⎯⎯⎯⎯⎯⎯⎯⎯⎯⎯⎯⎯[3/4]⎯

 FAIL  tests/components/Execution/ExecutionHub.e1bReviewerGaps.behavior.test.tsx > E1b independent reviewer gaps > selects and restores a canonical Initiative without inventing an Execution Case identity
TestingLibraryElementError: Unable to find an element by: [data-testid="execution-bank-preview"]

Ignored nodes: comments, script, style
[36m<body>[39m
  [36m<div>[39m
    [36m<div[39m
      [33mclass[39m=[32m"flex flex-col h-full bg-c-bg text-c-text"[39m
    [36m>[39m
      [36m<div[39m
        [33mclass[39m=[32m"bg-white dark:bg-navy-900 border-b border-slate-200/60 dark:border-white/5"[39m
      [36m>[39m
        [36m<div[39m
          [33mclass[39m=[32m"flex items-center px-4 py-3 gap-3 justify-between"[39m
        [36m>[39m
          [36m<div[39m
            [33mclass[39m=[32m"flex items-center gap-3"[39m
          [36m>[39m
            [36m<button[39m
              [33maria-disabled[39m=[32m"false"[39m
              [33maria-expanded[39m=[32m"false"[39m
              [33maria-label[39m=[32m"Search"[39m
              [33mclass[39m=[32m"h-9 w-9 inline-flex items-center justify-center rounded-full transition-colors duration-150 border text-slate-500 dark:text-slate-400 border-slate-200/70 dark:border-white/[0.06] hover:bg-slate-100/70 dark:hover:bg-white/[0.05]"[39m
              [33mtitle[39m=[32m"Search"[39m
              [33mtype[39m=[32m"button"[39m
            [36m>[39m
              [36m<svg[39m
                [33maria-hidden[39m=[32m"true"[39m
                [33mclass[39m=[32m"lucide lucide-search"[39m
                [33mfill[39m=[32m"none"[39m
                [33mheight[39m=[32m"18"[39m
                [33mstroke[39m=[32m"currentColor"[39m
                [33mstroke-linecap[39m=[32m"round"[39m
                [33mstroke-linejoin[39m=[32m"round"[39m
                [33mstroke-width[39m=[32m"2"[39m
                [33mviewBox[39m=[32m"0 0 24 24"[39m
                [33mwidth[39m=[32m"18"[39m
                [33mxmlns[39m=[32m"http://www.w3.org/2000/svg"[39m
              [36m>[39m
                [36m<path[39m
                  [33md[39m=[32m"m21 21-4.34-4.34"[39m
                [36m/>[39m
                [36m<circle[39m
                  [33mcx[39m=[32m"11"[39m
                  [33mcy[39m=[32m"11"[39m
                  [33mr[39m=[32m"8"[39m
                [36m/>[39m
              [36m</svg>[39m
            [36m</button>[39m
            [36m<div[39m
              [33maria-label[39m=[32m"Module sections"[39m
              [33mclass[39m=[32m"flex items-center gap-1.5"[39m
              [33mrole[39m=[32m"tablist"[39m
            [36m>[39m
              [36m<button[39m
                [33maria-selected[39m=[32m"true"[39m
                [33mclass[39m=[32m"inline-flex h-9 items-center gap-2 rounded-full border px-3 text-sm font-medium transition-colors duration-150 whitespace-nowrap active:scale-[0.98] focus-visible:outline-none focus-visible:ring-2 focus-visible:ring-c-focus focus-visible:ring-offset-1 ring-offset-white dark:ring-offset-navy-900 border-slate-300 bg-state-selected text-slate-900 dark:border-white/25 dark:text-slate-100"[39m
                [33mrole[39m=[32m"tab"[39m
                [33mtype[39m=[32m"button"[39m
              [36m>[39m
                [36m<svg[39m
                  [33maria-hidden[39m=[32m"true"[39m
                  [33mclass[39m=[32m"lucide lucide-layout-dashboard"[39m
                  [33mfill[39m=[32m"none"[39m
                  [33mheight[39m=[32m"16"[39m
                  [33mstroke[39m=[32m"currentColor"[39m
                  [33mstroke-linecap[39m=[32m"round"[39m
                  [33mstroke-linejoin[39m=[32m"round"[39m
                  [33mstroke-width[39m=[32m"2"[39m
                  [33mviewBox[39m=[32m"0 0 24 24"[39m
                  [33mwidth[39m=[32m"16"[39m
                  [33mxmlns[39m=[32m"http://www.w3.org/2000/svg"[39m
                [36m>[39m
                  [36m<rect[39m
                    [33mheight[39m=[32m"9"[39m
                    [33mrx[39m=[32m"1"[39m
                    [33mwidth[39m=[32m"7"[39m
                    [33mx[39m=[32m"3"[39m
                    [33my[39m=[32m"3"[39m
                  [36m/>[39m
                  [36m<rect[39m
                    [33mheight[39m=[32m"5"[39m
                    [33mrx[39m=[32m"1"[39m
                    [33mwidth[39m=[32m"7"[39m
                    [33mx[39m=[32m"14"[39m
                    [33my[39m=[32m"3"[39m
                  [36m/>[39m
                  [36m<rect[39m
                    [33mheight[39m=[32m"9"[39m
                    [33mrx[39m=[32m"1"[39m
                    [33mwidth[39m=[32m"7"[39m
                    [33mx[39m=[32m"14"[39m
                    [33my[39m=[32m"12"[39m
                  [36m/>[39m
                  [36m<rect[39m
                    [33mheight[39m=[32m"5"[39m
                    [33mrx[39m=[32m"1"[39m
                    [33mwidth[39m=[32m"7"[39m
                    [33mx[39m=[32m"3"[39m
                    [33my[39m=[32m"16"[39m
                  [36m/>[39m
                [36m</svg>[39m
                [36m<span>[39m
                  [0mExecution bank[0m
                [36m</span>[39m
              [36m</button>[39m
              [36m<button[39m
                [33maria-selected[39m=[32m"false"[39m
                [33mclass[39m=[32m"inline-flex h-9 items-center gap-2 rounded-full border px-3 text-sm font-medium transition-colors duration-150 whitespace-nowrap active:scale-[0.98] focus-visible:outline-none focus-visible:ring-2 focus-visible:ring-c-focus focus-visible:ring-offset-1 ring-offset-white dark:ring-offset-navy-900 border-slate-200/70 bg-white/70 text-slate-700 hover:bg-state-hover dark:border-white/[0.06] dark:bg-white/[0.04] dark:text-slate-300"[39m
                [33mrole[39m=[32m"tab"[39m
                [33mtype[39m=[32m"button"[39m
              [36m>[39m
                [36m<svg[39m
                  [33maria-hidden[39m=[32m"true"[39m
                  [33mclass[39m=[32m"lucide lucide-clipboard-list"[39m
                  [33mfill[39m=[32m"none"[39m
                  [33mheight[39m=[32m"16"[39m
                  [33mstroke[39m=[32m"currentColor"[39m
                  [33mstroke-linecap[39m=[32m"round"[39m
                  [33mstroke-linejoin[39m=[32m"round"[39m
                  [33mstroke-width[39m=[32m"2"[39m
                  [33mviewBox[39m=[32m"0 0 24 24"[39m
                  [33mwidth[39m=[32m"16"[39m
                  [33mxmlns[39m=[32m"http://www.w3.org/2000/svg"[39m
                [36m>[39m
                  [36m<rect[39m
                    [33mheight[39m=[32m"4"[39m
                    [33mrx[39m=[32m"1"[39m
                    [33mry[39m=[32m"1"[39m
                    [33mwidth[39m=[32m"8"[39m
                    [33mx[39m=[32m"8"[39m
                    [33my[39m=[32m"2"[39m
                  [36m/>[39m
                  [36m<path[39m
                    [33md[39m=[32m"M16 4h2a2 2 0 0...

Ignored nodes: comments, script, style
[36m<body>[39m
  [36m<div>[39m
    [36m<div[39m
      [33mclass[39m=[32m"flex flex-col h-full bg-c-bg text-c-text"[39m
    [36m>[39m
      [36m<div[39m
        [33mclass[39m=[32m"bg-white dark:bg-navy-900 border-b border-slate-200/60 dark:border-white/5"[39m
      [36m>[39m
        [36m<div[39m
          [33mclass[39m=[32m"flex items-center px-4 py-3 gap-3 justify-between"[39m
        [36m>[39m
          [36m<div[39m
            [33mclass[39m=[32m"flex items-center gap-3"[39m
          [36m>[39m
            [36m<button[39m
              [33maria-disabled[39m=[32m"false"[39m
              [33maria-expanded[39m=[32m"false"[39m
              [33maria-label[39m=[32m"Search"[39m
              [33mclass[39m=[32m"h-9 w-9 inline-flex items-center justify-center rounded-full transition-colors duration-150 border text-slate-500 dark:text-slate-400 border-slate-200/70 dark:border-white/[0.06] hover:bg-slate-100/70 dark:hover:bg-white/[0.05]"[39m
              [33mtitle[39m=[32m"Search"[39m
              [33mtype[39m=[32m"button"[39m
            [36m>[39m
              [36m<svg[39m
                [33maria-hidden[39m=[32m"true"[39m
                [33mclass[39m=[32m"lucide lucide-search"[39m
                [33mfill[39m=[32m"none"[39m
                [33mheight[39m=[32m"18"[39m
                [33mstroke[39m=[32m"currentColor"[39m
                [33mstroke-linecap[39m=[32m"round"[39m
                [33mstroke-linejoin[39m=[32m"round"[39m
                [33mstroke-width[39m=[32m"2"[39m
                [33mviewBox[39m=[32m"0 0 24 24"[39m
                [33mwidth[39m=[32m"18"[39m
                [33mxmlns[39m=[32m"http://www.w3.org/2000/svg"[39m
              [36m>[39m
                [36m<path[39m
                  [33md[39m=[32m"m21 21-4.34-4.34"[39m
                [36m/>[39m
                [36m<circle[39m
                  [33mcx[39m=[32m"11"[39m
                  [33mcy[39m=[32m"11"[39m
                  [33mr[39m=[32m"8"[39m
                [36m/>[39m
              [36m</svg>[39m
            [36m</button>[39m
            [36m<div[39m
              [33maria-label[39m=[32m"Module sections"[39m
              [33mclass[39m=[32m"flex items-center gap-1.5"[39m
              [33mrole[39m=[32m"tablist"[39m
            [36m>[39m
              [36m<button[39m
                [33maria-selected[39m=[32m"true"[39m
                [33mclass[39m=[32m"inline-flex h-9 items-center gap-2 rounded-full border px-3 text-sm font-medium transition-colors duration-150 whitespace-nowrap active:scale-[0.98] focus-visible:outline-none focus-visible:ring-2 focus-visible:ring-c-focus focus-visible:ring-offset-1 ring-offset-white dark:ring-offset-navy-900 border-slate-300 bg-state-selected text-slate-900 dark:border-white/25 dark:text-slate-100"[39m
                [33mrole[39m=[32m"tab"[39m
                [33mtype[39m=[32m"button"[39m
              [36m>[39m
                [36m<svg[39m
                  [33maria-hidden[39m=[32m"true"[39m
                  [33mclass[39m=[32m"lucide lucide-layout-dashboard"[39m
                  [33mfill[39m=[32m"none"[39m
                  [33mheight[39m=[32m"16"[39m
                  [33mstroke[39m=[32m"currentColor"[39m
                  [33mstroke-linecap[39m=[32m"round"[39m
                  [33mstroke-linejoin[39m=[32m"round"[39m
                  [33mstroke-width[39m=[32m"2"[39m
                  [33mviewBox[39m=[32m"0 0 24 24"[39m
                  [33mwidth[39m=[32m"16"[39m
                  [33mxmlns[39m=[32m"http://www.w3.org/2000/svg"[39m
                [36m>[39m
                  [36m<rect[39m
                    [33mheight[39m=[32m"9"[39m
                    [33mrx[39m=[32m"1"[39m
                    [33mwidth[39m=[32m"7"[39m
                    [33mx[39m=[32m"3"[39m
                    [33my[39m=[32m"3"[39m
                  [36m/>[39m
                  [36m<rect[39m
                    [33mheight[39m=[32m"5"[39m
                    [33mrx[39m=[32m"1"[39m
                    [33mwidth[39m=[32m"7"[39m
                    [33mx[39m=[32m"14"[39m
                    [33my[39m=[32m"3"[39m
                  [36m/>[39m
                  [36m<rect[39m
                    [33mheight[39m=[32m"9"[39m
                    [33mrx[39m=[32m"1"[39m
                    [33mwidth[39m=[32m"7"[39m
                    [33mx[39m=[32m"14"[39m
                    [33my[39m=[32m"12"[39m
                  [36m/>[39m
                  [36m<rect[39m
                    [33mheight[39m=[32m"5"[39m
                    [33mrx[39m=[32m"1"[39m
                    [33mwidth[39m=[32m"7"[39m
                    [33mx[39m=[32m"3"[39m
                    [33my[39m=[32m"16"[39m
                  [36m/>[39m
                [36m</svg>[39m
                [36m<span>[39m
                  [0mExecution bank[0m
                [36m</span>[39m
              [36m</button>[39m
              [36m<button[39m
                [33maria-selected[39m=[32m"false"[39m
                [33mclass[39m=[32m"inline-flex h-9 items-center gap-2 rounded-full border px-3 text-sm font-medium transition-colors duration-150 whitespace-nowrap active:scale-[0.98] focus-visible:outline-none focus-visible:ring-2 focus-visible:ring-c-focus focus-visible:ring-offset-1 ring-offset-white dark:ring-offset-navy-900 border-slate-200/70 bg-white/70 text-slate-700 hover:bg-state-hover dark:border-white/[0.06] dark:bg-white/[0.04] dark:text-slate-300"[39m
                [33mrole[39m=[32m"tab"[39m
                [33mtype[39m=[32m"button"[39m
              [36m>[39m
                [36m<svg[39m
                  [33maria-hidden[39m=[32m"true"[39m
                  [33mclass[39m=[32m"lucide lucide-clipboard-list"[39m
                  [33mfill[39m=[32m"none"[39m
                  [33mheight[39m=[32m"16"[39m
                  [33mstroke[39m=[32m"currentColor"[39m
                  [33mstroke-linecap[39m=[32m"round"[39m
                  [33mstroke-linejoin[39m=[32m"round"[39m
                  [33mstroke-width[39m=[32m"2"[39m
                  [33mviewBox[39m=[32m"0 0 24 24"[39m
                  [33mwidth[39m=[32m"16"[39m
                  [33mxmlns[39m=[32m"http://www.w3.org/2000/svg"[39m
                [36m>[39m
                  [36m<rect[39m
                    [33mheight[39m=[32m"4"[39m
                    [33mrx[39m=[32m"1"[39m
                    [33mry[39m=[32m"1"[39m
                    [33mwidth[39m=[32m"8"[39m
                    [33mx[39m=[32m"8"[39m
                    [33my[39m=[32m"2"[39m
                  [36m/>[39m
                  [36m<path[39m
                    [33md[39m=[32m"M16 4h2a2 2 0 0...
 ❯ waitForWrapper ../enterprise-trust-pack-20260913/node_modules/@testing-library/dom/dist/wait-for.js:163:27
 ❯ ../enterprise-trust-pack-20260913/node_modules/@testing-library/dom/dist/query-helpers.js:86:33
 ❯ tests/components/Execution/ExecutionHub.e1bReviewerGaps.behavior.test.tsx:334:27
    332|       fireEvent.click(tableItem);
    333|       expect(tableItem.closest('tr')).toHaveAttribute('aria-selected',…
    334|       expect(await screen.findByTestId('execution-bank-preview')).toHa…
       |                           ^
    335|         'data-initiative-id',
    336|         'initiative-without-case-action'

⎯⎯⎯⎯⎯⎯⎯⎯⎯⎯⎯⎯⎯⎯⎯⎯⎯⎯⎯⎯⎯⎯⎯⎯[4/4]⎯


 Test Files  2 failed | 2 passed (4)
      Tests  4 failed | 19 passed (23)
   Start at  20:22:20
   Duration  4.71s (transform 2.20s, setup 431ms, import 3.22s, tests 5.12s, environment 1.17s)


⎯⎯⎯⎯⎯⎯⎯ Failed Tests 4 ⎯⎯⎯⎯⎯⎯⎯

 FAIL  tests/components/Execution/ExecutionHub.e1bBankViews.behavior.test.tsx > E1b Execution Bank views > E1b Bank renders one ordered Initiative set across table, kanban, calendar and gantt without writes
TestingLibraryElementError: Unable to find an element by: [data-testid="execution-bank-preview"]

Ignored nodes: comments, script, style
[36m<body>[39m
  [36m<div>[39m
    [36m<div[39m
      [33mclass[39m=[32m"flex flex-col h-full bg-c-bg text-c-text"[39m
    [36m>[39m
      [36m<div[39m
        [33mclass[39m=[32m"bg-white dark:bg-navy-900 border-b border-slate-200/60 dark:border-white/5"[39m
      [36m>[39m
        [36m<div[39m
          [33mclass[39m=[32m"flex items-center px-4 py-3 gap-3 justify-between"[39m
        [36m>[39m
          [36m<div[39m
            [33mclass[39m=[32m"flex items-center gap-3"[39m
          [36m>[39m
            [36m<button[39m
              [33maria-disabled[39m=[32m"false"[39m
              [33maria-expanded[39m=[32m"false"[39m
              [33maria-label[39m=[32m"Search"[39m
              [33mclass[39m=[32m"h-9 w-9 inline-flex items-center justify-center rounded-full transition-colors duration-150 border text-slate-500 dark:text-slate-400 border-slate-200/70 dark:border-white/[0.06] hover:bg-slate-100/70 dark:hover:bg-white/[0.05]"[39m
              [33mtitle[39m=[32m"Search"[39m
              [33mtype[39m=[32m"button"[39m
            [36m>[39m
              [36m<svg[39m
                [33maria-hidden[39m=[32m"true"[39m
                [33mclass[39m=[32m"lucide lucide-search"[39m
                [33mfill[39m=[32m"none"[39m
                [33mheight[39m=[32m"18"[39m
                [33mstroke[39m=[32m"currentColor"[39m
                [33mstroke-linecap[39m=[32m"round"[39m
                [33mstroke-linejoin[39m=[32m"round"[39m
                [33mstroke-width[39m=[32m"2"[39m
                [33mviewBox[39m=[32m"0 0 24 24"[39m
                [33mwidth[39m=[32m"18"[39m
                [33mxmlns[39m=[32m"http://www.w3.org/2000/svg"[39m
              [36m>[39m
                [36m<path[39m
                  [33md[39m=[32m"m21 21-4.34-4.34"[39m
                [36m/>[39m
                [36m<circle[39m
                  [33mcx[39m=[32m"11"[39m
                  [33mcy[39m=[32m"11"[39m
                  [33mr[39m=[32m"8"[39m
                [36m/>[39m
              [36m</svg>[39m
            [36m</button>[39m
            [36m<div[39m
              [33maria-label[39m=[32m"Module sections"[39m
              [33mclass[39m=[32m"flex items-center gap-1.5"[39m
              [33mrole[39m=[32m"tablist"[39m
            [36m>[39m
              [36m<button[39m
                [33maria-selected[39m=[32m"true"[39m
                [33mclass[39m=[32m"inline-flex h-9 items-center gap-2 rounded-full border px-3 text-sm font-medium transition-colors duration-150 whitespace-nowrap active:scale-[0.98] focus-visible:outline-none focus-visible:ring-2 focus-visible:ring-c-focus focus-visible:ring-offset-1 ring-offset-white dark:ring-offset-navy-900 border-slate-300 bg-state-selected text-slate-900 dark:border-white/25 dark:text-slate-100"[39m
                [33mrole[39m=[32m"tab"[39m
                [33mtype[39m=[32m"button"[39m
              [36m>[39m
                [36m<svg[39m
                  [33maria-hidden[39m=[32m"true"[39m
                  [33mclass[39m=[32m"lucide lucide-layout-dashboard"[39m
                  [33mfill[39m=[32m"none"[39m
                  [33mheight[39m=[32m"16"[39m
                  [33mstroke[39m=[32m"currentColor"[39m
                  [33mstroke-linecap[39m=[32m"round"[39m
                  [33mstroke-linejoin[39m=[32m"round"[39m
                  [33mstroke-width[39m=[32m"2"[39m
                  [33mviewBox[39m=[32m"0 0 24 24"[39m
                  [33mwidth[39m=[32m"16"[39m
                  [33mxmlns[39m=[32m"http://www.w3.org/2000/svg"[39m
                [36m>[39m
                  [36m<rect[39m
                    [33mheight[39m=[32m"9"[39m
                    [33mrx[39m=[32m"1"[39m
                    [33mwidth[39m=[32m"7"[39m
                    [33mx[39m=[32m"3"[39m
                    [33my[39m=[32m"3"[39m
                  [36m/>[39m
                  [36m<rect[39m
                    [33mheight[39m=[32m"5"[39m
                    [33mrx[39m=[32m"1"[39m
                    [33mwidth[39m=[32m"7"[39m
                    [33mx[39m=[32m"14"[39m
                    [33my[39m=[32m"3"[39m
                  [36m/>[39m
                  [36m<rect[39m
                    [33mheight[39m=[32m"9"[39m
                    [33mrx[39m=[32m"1"[39m
                    [33mwidth[39m=[32m"7"[39m
                    [33mx[39m=[32m"14"[39m
                    [33my[39m=[32m"12"[39m
                  [36m/>[39m
                  [36m<rect[39m
                    [33mheight[39m=[32m"5"[39m
                    [33mrx[39m=[32m"1"[39m
                    [33mwidth[39m=[32m"7"[39m
                    [33mx[39m=[32m"3"[39m
                    [33my[39m=[32m"16"[39m
                  [36m/>[39m
                [36m</svg>[39m
                [36m<span>[39m
                  [0mExecution bank[0m
                [36m</span>[39m
              [36m</button>[39m
              [36m<button[39m
                [33maria-selected[39m=[32m"false"[39m
                [33mclass[39m=[32m"inline-flex h-9 items-center gap-2 rounded-full border px-3 text-sm font-medium transition-colors duration-150 whitespace-nowrap active:scale-[0.98] focus-visible:outline-none focus-visible:ring-2 focus-visible:ring-c-focus focus-visible:ring-offset-1 ring-offset-white dark:ring-offset-navy-900 border-slate-200/70 bg-white/70 text-slate-700 hover:bg-state-hover dark:border-white/[0.06] dark:bg-white/[0.04] dark:text-slate-300"[39m
                [33mrole[39m=[32m"tab"[39m
                [33mtype[39m=[32m"button"[39m
              [36m>[39m
                [36m<svg[39m
                  [33maria-hidden[39m=[32m"true"[39m
                  [33mclass[39m=[32m"lucide lucide-clipboard-list"[39m
                  [33mfill[39m=[32m"none"[39m
                  [33mheight[39m=[32m"16"[39m
                  [33mstroke[39m=[32m"currentColor"[39m
                  [33mstroke-linecap[39m=[32m"round"[39m
                  [33mstroke-linejoin[39m=[32m"round"[39m
                  [33mstroke-width[39m=[32m"2"[39m
                  [33mviewBox[39m=[32m"0 0 24 24"[39m
                  [33mwidth[39m=[32m"16"[39m
                  [33mxmlns[39m=[32m"http://www.w3.org/2000/svg"[39m
                [36m>[39m
                  [36m<rect[39m
                    [33mheight[39m=[32m"4"[39m
                    [33mrx[39m=[32m"1"[39m
                    [33mry[39m=[32m"1"[39m
                    [33mwidth[39m=[32m"8"[39m
                    [33mx[39m=[32m"8"[39m
                    [33my[39m=[32m"2"[39m
                  [36m/>[39m
                  [36m<path[39m
                    [33md[39m=[32m"M16 4h2a2 2 0 0...
 ❯ Object.getElementError ../enterprise-trust-pack-20260913/node_modules/@testing-library/dom/dist/config.js:37:19
 ❯ ../enterprise-trust-pack-20260913/node_modules/@testing-library/dom/dist/query-helpers.js:76:38
 ❯ ../enterprise-trust-pack-20260913/node_modules/@testing-library/dom/dist/query-helpers.js:52:17
 ❯ ../enterprise-trust-pack-20260913/node_modules/@testing-library/dom/dist/query-helpers.js:95:19
 ❯ tests/components/Execution/ExecutionHub.e1bBankViews.behavior.test.tsx:286:28
    284|     await waitFor(() => expectSameInitiatives('kanban', expected));
    285|     fireEvent.click(screen.getByTestId('standard-kanban-card-initiativ…
    286|     const preview = screen.getByTestId('execution-bank-preview');
       |                            ^
    287|     expect(preview).toHaveAttribute('data-initiative-id', 'initiative-…
    288|     expect(preview).not.toHaveAttribute('data-execution-case-id');

⎯⎯⎯⎯⎯⎯⎯⎯⎯⎯⎯⎯⎯⎯⎯⎯⎯⎯⎯⎯⎯⎯⎯⎯[1/4]⎯

 FAIL  tests/components/Execution/ExecutionHub.e1bBankViews.behavior.test.tsx > E1b Execution Bank views > hydrates the requested Bank view and native selection from a cold query and keeps selection when the view changes
TestingLibraryElementError: Unable to find an element by: [data-testid="execution-bank-preview"]

Ignored nodes: comments, script, style
[36m<body>[39m
  [36m<div>[39m
    [36m<div[39m
      [33mclass[39m=[32m"flex flex-col h-full bg-c-bg text-c-text"[39m
    [36m>[39m
      [36m<div[39m
        [33mclass[39m=[32m"bg-white dark:bg-navy-900 border-b border-slate-200/60 dark:border-white/5"[39m
      [36m>[39m
        [36m<div[39m
          [33mclass[39m=[32m"flex items-center px-4 py-3 gap-3 justify-between"[39m
        [36m>[39m
          [36m<div[39m
            [33mclass[39m=[32m"flex items-center gap-3"[39m
          [36m>[39m
            [36m<button[39m
              [33maria-disabled[39m=[32m"false"[39m
              [33maria-expanded[39m=[32m"false"[39m
              [33maria-label[39m=[32m"Search"[39m
              [33mclass[39m=[32m"h-9 w-9 inline-flex items-center justify-center rounded-full transition-colors duration-150 border text-slate-500 dark:text-slate-400 border-slate-200/70 dark:border-white/[0.06] hover:bg-slate-100/70 dark:hover:bg-white/[0.05]"[39m
              [33mtitle[39m=[32m"Search"[39m
              [33mtype[39m=[32m"button"[39m
            [36m>[39m
              [36m<svg[39m
                [33maria-hidden[39m=[32m"true"[39m
                [33mclass[39m=[32m"lucide lucide-search"[39m
                [33mfill[39m=[32m"none"[39m
                [33mheight[39m=[32m"18"[39m
                [33mstroke[39m=[32m"currentColor"[39m
                [33mstroke-linecap[39m=[32m"round"[39m
                [33mstroke-linejoin[39m=[32m"round"[39m
                [33mstroke-width[39m=[32m"2"[39m
                [33mviewBox[39m=[32m"0 0 24 24"[39m
                [33mwidth[39m=[32m"18"[39m
                [33mxmlns[39m=[32m"http://www.w3.org/2000/svg"[39m
              [36m>[39m
                [36m<path[39m
                  [33md[39m=[32m"m21 21-4.34-4.34"[39m
                [36m/>[39m
                [36m<circle[39m
                  [33mcx[39m=[32m"11"[39m
                  [33mcy[39m=[32m"11"[39m
                  [33mr[39m=[32m"8"[39m
                [36m/>[39m
              [36m</svg>[39m
            [36m</button>[39m
            [36m<div[39m
              [33maria-label[39m=[32m"Module sections"[39m
              [33mclass[39m=[32m"flex items-center gap-1.5"[39m
              [33mrole[39m=[32m"tablist"[39m
            [36m>[39m
              [36m<button[39m
                [33maria-selected[39m=[32m"true"[39m
                [33mclass[39m=[32m"inline-flex h-9 items-center gap-2 rounded-full border px-3 text-sm font-medium transition-colors duration-150 whitespace-nowrap active:scale-[0.98] focus-visible:outline-none focus-visible:ring-2 focus-visible:ring-c-focus focus-visible:ring-offset-1 ring-offset-white dark:ring-offset-navy-900 border-slate-300 bg-state-selected text-slate-900 dark:border-white/25 dark:text-slate-100"[39m
                [33mrole[39m=[32m"tab"[39m
                [33mtype[39m=[32m"button"[39m
              [36m>[39m
                [36m<svg[39m
                  [33maria-hidden[39m=[32m"true"[39m
                  [33mclass[39m=[32m"lucide lucide-layout-dashboard"[39m
                  [33mfill[39m=[32m"none"[39m
                  [33mheight[39m=[32m"16"[39m
                  [33mstroke[39m=[32m"currentColor"[39m
                  [33mstroke-linecap[39m=[32m"round"[39m
                  [33mstroke-linejoin[39m=[32m"round"[39m
                  [33mstroke-width[39m=[32m"2"[39m
                  [33mviewBox[39m=[32m"0 0 24 24"[39m
                  [33mwidth[39m=[32m"16"[39m
                  [33mxmlns[39m=[32m"http://www.w3.org/2000/svg"[39m
                [36m>[39m
                  [36m<rect[39m
                    [33mheight[39m=[32m"9"[39m
                    [33mrx[39m=[32m"1"[39m
                    [33mwidth[39m=[32m"7"[39m
                    [33mx[39m=[32m"3"[39m
                    [33my[39m=[32m"3"[39m
                  [36m/>[39m
                  [36m<rect[39m
                    [33mheight[39m=[32m"5"[39m
                    [33mrx[39m=[32m"1"[39m
                    [33mwidth[39m=[32m"7"[39m
                    [33mx[39m=[32m"14"[39m
                    [33my[39m=[32m"3"[39m
                  [36m/>[39m
                  [36m<rect[39m
                    [33mheight[39m=[32m"9"[39m
                    [33mrx[39m=[32m"1"[39m
                    [33mwidth[39m=[32m"7"[39m
                    [33mx[39m=[32m"14"[39m
                    [33my[39m=[32m"12"[39m
                  [36m/>[39m
                  [36m<rect[39m
                    [33mheight[39m=[32m"5"[39m
                    [33mrx[39m=[32m"1"[39m
                    [33mwidth[39m=[32m"7"[39m
                    [33mx[39m=[32m"3"[39m
                    [33my[39m=[32m"16"[39m
                  [36m/>[39m
                [36m</svg>[39m
                [36m<span>[39m
                  [0mExecution bank[0m
                [36m</span>[39m
              [36m</button>[39m
              [36m<button[39m
                [33maria-selected[39m=[32m"false"[39m
                [33mclass[39m=[32m"inline-flex h-9 items-center gap-2 rounded-full border px-3 text-sm font-medium transition-colors duration-150 whitespace-nowrap active:scale-[0.98] focus-visible:outline-none focus-visible:ring-2 focus-visible:ring-c-focus focus-visible:ring-offset-1 ring-offset-white dark:ring-offset-navy-900 border-slate-200/70 bg-white/70 text-slate-700 hover:bg-state-hover dark:border-white/[0.06] dark:bg-white/[0.04] dark:text-slate-300"[39m
                [33mrole[39m=[32m"tab"[39m
                [33mtype[39m=[32m"button"[39m
              [36m>[39m
                [36m<svg[39m
                  [33maria-hidden[39m=[32m"true"[39m
                  [33mclass[39m=[32m"lucide lucide-clipboard-list"[39m
                  [33mfill[39m=[32m"none"[39m
                  [33mheight[39m=[32m"16"[39m
                  [33mstroke[39m=[32m"currentColor"[39m
                  [33mstroke-linecap[39m=[32m"round"[39m
                  [33mstroke-linejoin[39m=[32m"round"[39m
                  [33mstroke-width[39m=[32m"2"[39m
                  [33mviewBox[39m=[32m"0 0 24 24"[39m
                  [33mwidth[39m=[32m"16"[39m
                  [33mxmlns[39m=[32m"http://www.w3.org/2000/svg"[39m
                [36m>[39m
                  [36m<rect[39m
                    [33mheight[39m=[32m"4"[39m
                    [33mrx[39m=[32m"1"[39m
                    [33mry[39m=[32m"1"[39m
                    [33mwidth[39m=[32m"8"[39m
                    [33mx[39m=[32m"8"[39m
                    [33my[39m=[32m"2"[39m
                  [36m/>[39m
                  [36m<path[39m
                    [33md[39m=[32m"M16 4h2a2 2 0 0...

Ignored nodes: comments, script, style
[36m<body>[39m
  [36m<div>[39m
    [36m<div[39m
      [33mclass[39m=[32m"flex flex-col h-full bg-c-bg text-c-text"[39m
    [36m>[39m
      [36m<div[39m
        [33mclass[39m=[32m"bg-white dark:bg-navy-900 border-b border-slate-200/60 dark:border-white/5"[39m
      [36m>[39m
        [36m<div[39m
          [33mclass[39m=[32m"flex items-center px-4 py-3 gap-3 justify-between"[39m
        [36m>[39m
          [36m<div[39m
            [33mclass[39m=[32m"flex items-center gap-3"[39m
          [36m>[39m
            [36m<button[39m
              [33maria-disabled[39m=[32m"false"[39m
              [33maria-expanded[39m=[32m"false"[39m
              [33maria-label[39m=[32m"Search"[39m
              [33mclass[39m=[32m"h-9 w-9 inline-flex items-center justify-center rounded-full transition-colors duration-150 border text-slate-500 dark:text-slate-400 border-slate-200/70 dark:border-white/[0.06] hover:bg-slate-100/70 dark:hover:bg-white/[0.05]"[39m
              [33mtitle[39m=[32m"Search"[39m
              [33mtype[39m=[32m"button"[39m
            [36m>[39m
              [36m<svg[39m
                [33maria-hidden[39m=[32m"true"[39m
                [33mclass[39m=[32m"lucide lucide-search"[39m
                [33mfill[39m=[32m"none"[39m
                [33mheight[39m=[32m"18"[39m
                [33mstroke[39m=[32m"currentColor"[39m
                [33mstroke-linecap[39m=[32m"round"[39m
                [33mstroke-linejoin[39m=[32m"round"[39m
                [33mstroke-width[39m=[32m"2"[39m
                [33mviewBox[39m=[32m"0 0 24 24"[39m
                [33mwidth[39m=[32m"18"[39m
                [33mxmlns[39m=[32m"http://www.w3.org/2000/svg"[39m
              [36m>[39m
                [36m<path[39m
                  [33md[39m=[32m"m21 21-4.34-4.34"[39m
                [36m/>[39m
                [36m<circle[39m
                  [33mcx[39m=[32m"11"[39m
                  [33mcy[39m=[32m"11"[39m
                  [33mr[39m=[32m"8"[39m
                [36m/>[39m
              [36m</svg>[39m
            [36m</button>[39m
            [36m<div[39m
              [33maria-label[39m=[32m"Module sections"[39m
              [33mclass[39m=[32m"flex items-center gap-1.5"[39m
              [33mrole[39m=[32m"tablist"[39m
            [36m>[39m
              [36m<button[39m
                [33maria-selected[39m=[32m"true"[39m
                [33mclass[39m=[32m"inline-flex h-9 items-center gap-2 rounded-full border px-3 text-sm font-medium transition-colors duration-150 whitespace-nowrap active:scale-[0.98] focus-visible:outline-none focus-visible:ring-2 focus-visible:ring-c-focus focus-visible:ring-offset-1 ring-offset-white dark:ring-offset-navy-900 border-slate-300 bg-state-selected text-slate-900 dark:border-white/25 dark:text-slate-100"[39m
                [33mrole[39m=[32m"tab"[39m
                [33mtype[39m=[32m"button"[39m
              [36m>[39m
                [36m<svg[39m
                  [33maria-hidden[39m=[32m"true"[39m
                  [33mclass[39m=[32m"lucide lucide-layout-dashboard"[39m
                  [33mfill[39m=[32m"none"[39m
                  [33mheight[39m=[32m"16"[39m
                  [33mstroke[39m=[32m"currentColor"[39m
                  [33mstroke-linecap[39m=[32m"round"[39m
                  [33mstroke-linejoin[39m=[32m"round"[39m
                  [33mstroke-width[39m=[32m"2"[39m
                  [33mviewBox[39m=[32m"0 0 24 24"[39m
                  [33mwidth[39m=[32m"16"[39m
                  [33mxmlns[39m=[32m"http://www.w3.org/2000/svg"[39m
                [36m>[39m
                  [36m<rect[39m
                    [33mheight[39m=[32m"9"[39m
                    [33mrx[39m=[32m"1"[39m
                    [33mwidth[39m=[32m"7"[39m
                    [33mx[39m=[32m"3"[39m
                    [33my[39m=[32m"3"[39m
                  [36m/>[39m
                  [36m<rect[39m
                    [33mheight[39m=[32m"5"[39m
                    [33mrx[39m=[32m"1"[39m
                    [33mwidth[39m=[32m"7"[39m
                    [33mx[39m=[32m"14"[39m
                    [33my[39m=[32m"3"[39m
                  [36m/>[39m
                  [36m<rect[39m
                    [33mheight[39m=[32m"9"[39m
                    [33mrx[39m=[32m"1"[39m
                    [33mwidth[39m=[32m"7"[39m
                    [33mx[39m=[32m"14"[39m
                    [33my[39m=[32m"12"[39m
                  [36m/>[39m
                  [36m<rect[39m
                    [33mheight[39m=[32m"5"[39m
                    [33mrx[39m=[32m"1"[39m
                    [33mwidth[39m=[32m"7"[39m
                    [33mx[39m=[32m"3"[39m
                    [33my[39m=[32m"16"[39m
                  [36m/>[39m
                [36m</svg>[39m
                [36m<span>[39m
                  [0mExecution bank[0m
                [36m</span>[39m
              [36m</button>[39m
              [36m<button[39m
                [33maria-selected[39m=[32m"false"[39m
                [33mclass[39m=[32m"inline-flex h-9 items-center gap-2 rounded-full border px-3 text-sm font-medium transition-colors duration-150 whitespace-nowrap active:scale-[0.98] focus-visible:outline-none focus-visible:ring-2 focus-visible:ring-c-focus focus-visible:ring-offset-1 ring-offset-white dark:ring-offset-navy-900 border-slate-200/70 bg-white/70 text-slate-700 hover:bg-state-hover dark:border-white/[0.06] dark:bg-white/[0.04] dark:text-slate-300"[39m
                [33mrole[39m=[32m"tab"[39m
                [33mtype[39m=[32m"button"[39m
              [36m>[39m
                [36m<svg[39m
                  [33maria-hidden[39m=[32m"true"[39m
                  [33mclass[39m=[32m"lucide lucide-clipboard-list"[39m
                  [33mfill[39m=[32m"none"[39m
                  [33mheight[39m=[32m"16"[39m
                  [33mstroke[39m=[32m"currentColor"[39m
                  [33mstroke-linecap[39m=[32m"round"[39m
                  [33mstroke-linejoin[39m=[32m"round"[39m
                  [33mstroke-width[39m=[32m"2"[39m
                  [33mviewBox[39m=[32m"0 0 24 24"[39m
                  [33mwidth[39m=[32m"16"[39m
                  [33mxmlns[39m=[32m"http://www.w3.org/2000/svg"[39m
                [36m>[39m
                  [36m<rect[39m
                    [33mheight[39m=[32m"4"[39m
                    [33mrx[39m=[32m"1"[39m
                    [33mry[39m=[32m"1"[39m
                    [33mwidth[39m=[32m"8"[39m
                    [33mx[39m=[32m"8"[39m
                    [33my[39m=[32m"2"[39m
                  [36m/>[39m
                  [36m<path[39m
                    [33md[39m=[32m"M16 4h2a2 2 0 0...
 ❯ waitForWrapper ../enterprise-trust-pack-20260913/node_modules/@testing-library/dom/dist/wait-for.js:163:27
 ❯ ../enterprise-trust-pack-20260913/node_modules/@testing-library/dom/dist/query-helpers.js:86:33
 ❯ tests/components/Execution/ExecutionHub.e1bBankViews.behavior.test.tsx:381:25
    379|
    380|     expect(await screen.findByTestId('execution-bank-view-calendar')).…
    381|     expect(await screen.findByTestId('execution-bank-preview')).toHave…
       |                         ^
    382|       'data-initiative-id',
    383|       'initiative-b'

⎯⎯⎯⎯⎯⎯⎯⎯⎯⎯⎯⎯⎯⎯⎯⎯⎯⎯⎯⎯⎯⎯⎯⎯[2/4]⎯

 FAIL  tests/components/Execution/ExecutionHub.e1bBankViews.behavior.test.tsx > E1b Execution Bank views > selects an Initiative without a Case and restores that native selection after a view switch and reload
TestingLibraryElementError: Unable to find an element by: [data-testid="execution-bank-preview"]

Ignored nodes: comments, script, style
[36m<body>[39m
  [36m<div>[39m
    [36m<div[39m
      [33mclass[39m=[32m"flex flex-col h-full bg-c-bg text-c-text"[39m
    [36m>[39m
      [36m<div[39m
        [33mclass[39m=[32m"bg-white dark:bg-navy-900 border-b border-slate-200/60 dark:border-white/5"[39m
      [36m>[39m
        [36m<div[39m
          [33mclass[39m=[32m"flex items-center px-4 py-3 gap-3 justify-between"[39m
        [36m>[39m
          [36m<div[39m
            [33mclass[39m=[32m"flex items-center gap-3"[39m
          [36m>[39m
            [36m<button[39m
              [33maria-disabled[39m=[32m"false"[39m
              [33maria-expanded[39m=[32m"false"[39m
              [33maria-label[39m=[32m"Search"[39m
              [33mclass[39m=[32m"h-9 w-9 inline-flex items-center justify-center rounded-full transition-colors duration-150 border text-slate-500 dark:text-slate-400 border-slate-200/70 dark:border-white/[0.06] hover:bg-slate-100/70 dark:hover:bg-white/[0.05]"[39m
              [33mtitle[39m=[32m"Search"[39m
              [33mtype[39m=[32m"button"[39m
            [36m>[39m
              [36m<svg[39m
                [33maria-hidden[39m=[32m"true"[39m
                [33mclass[39m=[32m"lucide lucide-search"[39m
                [33mfill[39m=[32m"none"[39m
                [33mheight[39m=[32m"18"[39m
                [33mstroke[39m=[32m"currentColor"[39m
                [33mstroke-linecap[39m=[32m"round"[39m
                [33mstroke-linejoin[39m=[32m"round"[39m
                [33mstroke-width[39m=[32m"2"[39m
                [33mviewBox[39m=[32m"0 0 24 24"[39m
                [33mwidth[39m=[32m"18"[39m
                [33mxmlns[39m=[32m"http://www.w3.org/2000/svg"[39m
              [36m>[39m
                [36m<path[39m
                  [33md[39m=[32m"m21 21-4.34-4.34"[39m
                [36m/>[39m
                [36m<circle[39m
                  [33mcx[39m=[32m"11"[39m
                  [33mcy[39m=[32m"11"[39m
                  [33mr[39m=[32m"8"[39m
                [36m/>[39m
              [36m</svg>[39m
            [36m</button>[39m
            [36m<div[39m
              [33maria-label[39m=[32m"Module sections"[39m
              [33mclass[39m=[32m"flex items-center gap-1.5"[39m
              [33mrole[39m=[32m"tablist"[39m
            [36m>[39m
              [36m<button[39m
                [33maria-selected[39m=[32m"true"[39m
                [33mclass[39m=[32m"inline-flex h-9 items-center gap-2 rounded-full border px-3 text-sm font-medium transition-colors duration-150 whitespace-nowrap active:scale-[0.98] focus-visible:outline-none focus-visible:ring-2 focus-visible:ring-c-focus focus-visible:ring-offset-1 ring-offset-white dark:ring-offset-navy-900 border-slate-300 bg-state-selected text-slate-900 dark:border-white/25 dark:text-slate-100"[39m
                [33mrole[39m=[32m"tab"[39m
                [33mtype[39m=[32m"button"[39m
              [36m>[39m
                [36m<svg[39m
                  [33maria-hidden[39m=[32m"true"[39m
                  [33mclass[39m=[32m"lucide lucide-layout-dashboard"[39m
                  [33mfill[39m=[32m"none"[39m
                  [33mheight[39m=[32m"16"[39m
                  [33mstroke[39m=[32m"currentColor"[39m
                  [33mstroke-linecap[39m=[32m"round"[39m
                  [33mstroke-linejoin[39m=[32m"round"[39m
                  [33mstroke-width[39m=[32m"2"[39m
                  [33mviewBox[39m=[32m"0 0 24 24"[39m
                  [33mwidth[39m=[32m"16"[39m
                  [33mxmlns[39m=[32m"http://www.w3.org/2000/svg"[39m
                [36m>[39m
                  [36m<rect[39m
                    [33mheight[39m=[32m"9"[39m
                    [33mrx[39m=[32m"1"[39m
                    [33mwidth[39m=[32m"7"[39m
                    [33mx[39m=[32m"3"[39m
                    [33my[39m=[32m"3"[39m
                  [36m/>[39m
                  [36m<rect[39m
                    [33mheight[39m=[32m"5"[39m
                    [33mrx[39m=[32m"1"[39m
                    [33mwidth[39m=[32m"7"[39m
                    [33mx[39m=[32m"14"[39m
                    [33my[39m=[32m"3"[39m
                  [36m/>[39m
                  [36m<rect[39m
                    [33mheight[39m=[32m"9"[39m
                    [33mrx[39m=[32m"1"[39m
                    [33mwidth[39m=[32m"7"[39m
                    [33mx[39m=[32m"14"[39m
                    [33my[39m=[32m"12"[39m
                  [36m/>[39m
                  [36m<rect[39m
                    [33mheight[39m=[32m"5"[39m
                    [33mrx[39m=[32m"1"[39m
                    [33mwidth[39m=[32m"7"[39m
                    [33mx[39m=[32m"3"[39m
                    [33my[39m=[32m"16"[39m
                  [36m/>[39m
                [36m</svg>[39m
                [36m<span>[39m
                  [0mExecution bank[0m
                [36m</span>[39m
              [36m</button>[39m
              [36m<button[39m
                [33maria-selected[39m=[32m"false"[39m
                [33mclass[39m=[32m"inline-flex h-9 items-center gap-2 rounded-full border px-3 text-sm font-medium transition-colors duration-150 whitespace-nowrap active:scale-[0.98] focus-visible:outline-none focus-visible:ring-2 focus-visible:ring-c-focus focus-visible:ring-offset-1 ring-offset-white dark:ring-offset-navy-900 border-slate-200/70 bg-white/70 text-slate-700 hover:bg-state-hover dark:border-white/[0.06] dark:bg-white/[0.04] dark:text-slate-300"[39m
                [33mrole[39m=[32m"tab"[39m
                [33mtype[39m=[32m"button"[39m
              [36m>[39m
                [36m<svg[39m
                  [33maria-hidden[39m=[32m"true"[39m
                  [33mclass[39m=[32m"lucide lucide-clipboard-list"[39m
                  [33mfill[39m=[32m"none"[39m
                  [33mheight[39m=[32m"16"[39m
                  [33mstroke[39m=[32m"currentColor"[39m
                  [33mstroke-linecap[39m=[32m"round"[39m
                  [33mstroke-linejoin[39m=[32m"round"[39m
                  [33mstroke-width[39m=[32m"2"[39m
                  [33mviewBox[39m=[32m"0 0 24 24"[39m
                  [33mwidth[39m=[32m"16"[39m
                  [33mxmlns[39m=[32m"http://www.w3.org/2000/svg"[39m
                [36m>[39m
                  [36m<rect[39m
                    [33mheight[39m=[32m"4"[39m
                    [33mrx[39m=[32m"1"[39m
                    [33mry[39m=[32m"1"[39m
                    [33mwidth[39m=[32m"8"[39m
                    [33mx[39m=[32m"8"[39m
                    [33my[39m=[32m"2"[39m
                  [36m/>[39m
                  [36m<path[39m
                    [33md[39m=[32m"M16 4h2a2 2 0 0...

Ignored nodes: comments, script, style
[36m<body>[39m
  [36m<div>[39m
    [36m<div[39m
      [33mclass[39m=[32m"flex flex-col h-full bg-c-bg text-c-text"[39m
    [36m>[39m
      [36m<div[39m
        [33mclass[39m=[32m"bg-white dark:bg-navy-900 border-b border-slate-200/60 dark:border-white/5"[39m
      [36m>[39m
        [36m<div[39m
          [33mclass[39m=[32m"flex items-center px-4 py-3 gap-3 justify-between"[39m
        [36m>[39m
          [36m<div[39m
            [33mclass[39m=[32m"flex items-center gap-3"[39m
          [36m>[39m
            [36m<button[39m
              [33maria-disabled[39m=[32m"false"[39m
              [33maria-expanded[39m=[32m"false"[39m
              [33maria-label[39m=[32m"Search"[39m
              [33mclass[39m=[32m"h-9 w-9 inline-flex items-center justify-center rounded-full transition-colors duration-150 border text-slate-500 dark:text-slate-400 border-slate-200/70 dark:border-white/[0.06] hover:bg-slate-100/70 dark:hover:bg-white/[0.05]"[39m
              [33mtitle[39m=[32m"Search"[39m
              [33mtype[39m=[32m"button"[39m
            [36m>[39m
              [36m<svg[39m
                [33maria-hidden[39m=[32m"true"[39m
                [33mclass[39m=[32m"lucide lucide-search"[39m
                [33mfill[39m=[32m"none"[39m
                [33mheight[39m=[32m"18"[39m
                [33mstroke[39m=[32m"currentColor"[39m
                [33mstroke-linecap[39m=[32m"round"[39m
                [33mstroke-linejoin[39m=[32m"round"[39m
                [33mstroke-width[39m=[32m"2"[39m
                [33mviewBox[39m=[32m"0 0 24 24"[39m
                [33mwidth[39m=[32m"18"[39m
                [33mxmlns[39m=[32m"http://www.w3.org/2000/svg"[39m
              [36m>[39m
                [36m<path[39m
                  [33md[39m=[32m"m21 21-4.34-4.34"[39m
                [36m/>[39m
                [36m<circle[39m
                  [33mcx[39m=[32m"11"[39m
                  [33mcy[39m=[32m"11"[39m
                  [33mr[39m=[32m"8"[39m
                [36m/>[39m
              [36m</svg>[39m
            [36m</button>[39m
            [36m<div[39m
              [33maria-label[39m=[32m"Module sections"[39m
              [33mclass[39m=[32m"flex items-center gap-1.5"[39m
              [33mrole[39m=[32m"tablist"[39m
            [36m>[39m
              [36m<button[39m
                [33maria-selected[39m=[32m"true"[39m
                [33mclass[39m=[32m"inline-flex h-9 items-center gap-2 rounded-full border px-3 text-sm font-medium transition-colors duration-150 whitespace-nowrap active:scale-[0.98] focus-visible:outline-none focus-visible:ring-2 focus-visible:ring-c-focus focus-visible:ring-offset-1 ring-offset-white dark:ring-offset-navy-900 border-slate-300 bg-state-selected text-slate-900 dark:border-white/25 dark:text-slate-100"[39m
                [33mrole[39m=[32m"tab"[39m
                [33mtype[39m=[32m"button"[39m
              [36m>[39m
                [36m<svg[39m
                  [33maria-hidden[39m=[32m"true"[39m
                  [33mclass[39m=[32m"lucide lucide-layout-dashboard"[39m
                  [33mfill[39m=[32m"none"[39m
                  [33mheight[39m=[32m"16"[39m
                  [33mstroke[39m=[32m"currentColor"[39m
                  [33mstroke-linecap[39m=[32m"round"[39m
                  [33mstroke-linejoin[39m=[32m"round"[39m
                  [33mstroke-width[39m=[32m"2"[39m
                  [33mviewBox[39m=[32m"0 0 24 24"[39m
                  [33mwidth[39m=[32m"16"[39m
                  [33mxmlns[39m=[32m"http://www.w3.org/2000/svg"[39m
                [36m>[39m
                  [36m<rect[39m
                    [33mheight[39m=[32m"9"[39m
                    [33mrx[39m=[32m"1"[39m
                    [33mwidth[39m=[32m"7"[39m
                    [33mx[39m=[32m"3"[39m
                    [33my[39m=[32m"3"[39m
                  [36m/>[39m
                  [36m<rect[39m
                    [33mheight[39m=[32m"5"[39m
                    [33mrx[39m=[32m"1"[39m
                    [33mwidth[39m=[32m"7"[39m
                    [33mx[39m=[32m"14"[39m
                    [33my[39m=[32m"3"[39m
                  [36m/>[39m
                  [36m<rect[39m
                    [33mheight[39m=[32m"9"[39m
                    [33mrx[39m=[32m"1"[39m
                    [33mwidth[39m=[32m"7"[39m
                    [33mx[39m=[32m"14"[39m
                    [33my[39m=[32m"12"[39m
                  [36m/>[39m
                  [36m<rect[39m
                    [33mheight[39m=[32m"5"[39m
                    [33mrx[39m=[32m"1"[39m
                    [33mwidth[39m=[32m"7"[39m
                    [33mx[39m=[32m"3"[39m
                    [33my[39m=[32m"16"[39m
                  [36m/>[39m
                [36m</svg>[39m
                [36m<span>[39m
                  [0mExecution bank[0m
                [36m</span>[39m
              [36m</button>[39m
              [36m<button[39m
                [33maria-selected[39m=[32m"false"[39m
                [33mclass[39m=[32m"inline-flex h-9 items-center gap-2 rounded-full border px-3 text-sm font-medium transition-colors duration-150 whitespace-nowrap active:scale-[0.98] focus-visible:outline-none focus-visible:ring-2 focus-visible:ring-c-focus focus-visible:ring-offset-1 ring-offset-white dark:ring-offset-navy-900 border-slate-200/70 bg-white/70 text-slate-700 hover:bg-state-hover dark:border-white/[0.06] dark:bg-white/[0.04] dark:text-slate-300"[39m
                [33mrole[39m=[32m"tab"[39m
                [33mtype[39m=[32m"button"[39m
              [36m>[39m
                [36m<svg[39m
                  [33maria-hidden[39m=[32m"true"[39m
                  [33mclass[39m=[32m"lucide lucide-clipboard-list"[39m
                  [33mfill[39m=[32m"none"[39m
                  [33mheight[39m=[32m"16"[39m
                  [33mstroke[39m=[32m"currentColor"[39m
                  [33mstroke-linecap[39m=[32m"round"[39m
                  [33mstroke-linejoin[39m=[32m"round"[39m
                  [33mstroke-width[39m=[32m"2"[39m
                  [33mviewBox[39m=[32m"0 0 24 24"[39m
                  [33mwidth[39m=[32m"16"[39m
                  [33mxmlns[39m=[32m"http://www.w3.org/2000/svg"[39m
                [36m>[39m
                  [36m<rect[39m
                    [33mheight[39m=[32m"4"[39m
                    [33mrx[39m=[32m"1"[39m
                    [33mry[39m=[32m"1"[39m
                    [33mwidth[39m=[32m"8"[39m
                    [33mx[39m=[32m"8"[39m
                    [33my[39m=[32m"2"[39m
                  [36m/>[39m
                  [36m<path[39m
                    [33md[39m=[32m"M16 4h2a2 2 0 0...
 ❯ waitForWrapper ../enterprise-trust-pack-20260913/node_modules/@testing-library/dom/dist/wait-for.js:163:27
 ❯ ../enterprise-trust-pack-20260913/node_modules/@testing-library/dom/dist/query-helpers.js:86:33
 ❯ tests/components/Execution/ExecutionHub.e1bBankViews.behavior.test.tsx:409:25
    407|     fireEvent.click(screen.getByRole('radio', { name: 'All' }));
    408|     fireEvent.click(await screen.findByText('Delta'));
    409|     expect(await screen.findByTestId('execution-bank-preview')).toHave…
       |                         ^
    410|       'data-initiative-id',
    411|       'initiative-d'

⎯⎯⎯⎯⎯⎯⎯⎯⎯⎯⎯⎯⎯⎯⎯⎯⎯⎯⎯⎯⎯⎯⎯⎯[3/4]⎯

 FAIL  tests/components/Execution/ExecutionHub.e1bReviewerGaps.behavior.test.tsx > E1b independent reviewer gaps > selects and restores a canonical Initiative without inventing an Execution Case identity
TestingLibraryElementError: Unable to find an element by: [data-testid="execution-bank-preview"]

Ignored nodes: comments, script, style
[36m<body>[39m
  [36m<div>[39m
    [36m<div[39m
      [33mclass[39m=[32m"flex flex-col h-full bg-c-bg text-c-text"[39m
    [36m>[39m
      [36m<div[39m
        [33mclass[39m=[32m"bg-white dark:bg-navy-900 border-b border-slate-200/60 dark:border-white/5"[39m
      [36m>[39m
        [36m<div[39m
          [33mclass[39m=[32m"flex items-center px-4 py-3 gap-3 justify-between"[39m
        [36m>[39m
          [36m<div[39m
            [33mclass[39m=[32m"flex items-center gap-3"[39m
          [36m>[39m
            [36m<button[39m
              [33maria-disabled[39m=[32m"false"[39m
              [33maria-expanded[39m=[32m"false"[39m
              [33maria-label[39m=[32m"Search"[39m
              [33mclass[39m=[32m"h-9 w-9 inline-flex items-center justify-center rounded-full transition-colors duration-150 border text-slate-500 dark:text-slate-400 border-slate-200/70 dark:border-white/[0.06] hover:bg-slate-100/70 dark:hover:bg-white/[0.05]"[39m
              [33mtitle[39m=[32m"Search"[39m
              [33mtype[39m=[32m"button"[39m
            [36m>[39m
              [36m<svg[39m
                [33maria-hidden[39m=[32m"true"[39m
                [33mclass[39m=[32m"lucide lucide-search"[39m
                [33mfill[39m=[32m"none"[39m
                [33mheight[39m=[32m"18"[39m
                [33mstroke[39m=[32m"currentColor"[39m
                [33mstroke-linecap[39m=[32m"round"[39m
                [33mstroke-linejoin[39m=[32m"round"[39m
                [33mstroke-width[39m=[32m"2"[39m
                [33mviewBox[39m=[32m"0 0 24 24"[39m
                [33mwidth[39m=[32m"18"[39m
                [33mxmlns[39m=[32m"http://www.w3.org/2000/svg"[39m
              [36m>[39m
                [36m<path[39m
                  [33md[39m=[32m"m21 21-4.34-4.34"[39m
                [36m/>[39m
                [36m<circle[39m
                  [33mcx[39m=[32m"11"[39m
                  [33mcy[39m=[32m"11"[39m
                  [33mr[39m=[32m"8"[39m
                [36m/>[39m
              [36m</svg>[39m
            [36m</button>[39m
            [36m<div[39m
              [33maria-label[39m=[32m"Module sections"[39m
              [33mclass[39m=[32m"flex items-center gap-1.5"[39m
              [33mrole[39m=[32m"tablist"[39m
            [36m>[39m
              [36m<button[39m
                [33maria-selected[39m=[32m"true"[39m
                [33mclass[39m=[32m"inline-flex h-9 items-center gap-2 rounded-full border px-3 text-sm font-medium transition-colors duration-150 whitespace-nowrap active:scale-[0.98] focus-visible:outline-none focus-visible:ring-2 focus-visible:ring-c-focus focus-visible:ring-offset-1 ring-offset-white dark:ring-offset-navy-900 border-slate-300 bg-state-selected text-slate-900 dark:border-white/25 dark:text-slate-100"[39m
                [33mrole[39m=[32m"tab"[39m
                [33mtype[39m=[32m"button"[39m
              [36m>[39m
                [36m<svg[39m
                  [33maria-hidden[39m=[32m"true"[39m
                  [33mclass[39m=[32m"lucide lucide-layout-dashboard"[39m
                  [33mfill[39m=[32m"none"[39m
                  [33mheight[39m=[32m"16"[39m
                  [33mstroke[39m=[32m"currentColor"[39m
                  [33mstroke-linecap[39m=[32m"round"[39m
                  [33mstroke-linejoin[39m=[32m"round"[39m
                  [33mstroke-width[39m=[32m"2"[39m
                  [33mviewBox[39m=[32m"0 0 24 24"[39m
                  [33mwidth[39m=[32m"16"[39m
                  [33mxmlns[39m=[32m"http://www.w3.org/2000/svg"[39m
                [36m>[39m
                  [36m<rect[39m
                    [33mheight[39m=[32m"9"[39m
                    [33mrx[39m=[32m"1"[39m
                    [33mwidth[39m=[32m"7"[39m
                    [33mx[39m=[32m"3"[39m
                    [33my[39m=[32m"3"[39m
                  [36m/>[39m
                  [36m<rect[39m
                    [33mheight[39m=[32m"5"[39m
                    [33mrx[39m=[32m"1"[39m
                    [33mwidth[39m=[32m"7"[39m
                    [33mx[39m=[32m"14"[39m
                    [33my[39m=[32m"3"[39m
                  [36m/>[39m
                  [36m<rect[39m
                    [33mheight[39m=[32m"9"[39m
                    [33mrx[39m=[32m"1"[39m
                    [33mwidth[39m=[32m"7"[39m
                    [33mx[39m=[32m"14"[39m
                    [33my[39m=[32m"12"[39m
                  [36m/>[39m
                  [36m<rect[39m
                    [33mheight[39m=[32m"5"[39m
                    [33mrx[39m=[32m"1"[39m
                    [33mwidth[39m=[32m"7"[39m
                    [33mx[39m=[32m"3"[39m
                    [33my[39m=[32m"16"[39m
                  [36m/>[39m
                [36m</svg>[39m
                [36m<span>[39m
                  [0mExecution bank[0m
                [36m</span>[39m
              [36m</button>[39m
              [36m<button[39m
                [33maria-selected[39m=[32m"false"[39m
                [33mclass[39m=[32m"inline-flex h-9 items-center gap-2 rounded-full border px-3 text-sm font-medium transition-colors duration-150 whitespace-nowrap active:scale-[0.98] focus-visible:outline-none focus-visible:ring-2 focus-visible:ring-c-focus focus-visible:ring-offset-1 ring-offset-white dark:ring-offset-navy-900 border-slate-200/70 bg-white/70 text-slate-700 hover:bg-state-hover dark:border-white/[0.06] dark:bg-white/[0.04] dark:text-slate-300"[39m
                [33mrole[39m=[32m"tab"[39m
                [33mtype[39m=[32m"button"[39m
              [36m>[39m
                [36m<svg[39m
                  [33maria-hidden[39m=[32m"true"[39m
                  [33mclass[39m=[32m"lucide lucide-clipboard-list"[39m
                  [33mfill[39m=[32m"none"[39m
                  [33mheight[39m=[32m"16"[39m
                  [33mstroke[39m=[32m"currentColor"[39m
                  [33mstroke-linecap[39m=[32m"round"[39m
                  [33mstroke-linejoin[39m=[32m"round"[39m
                  [33mstroke-width[39m=[32m"2"[39m
                  [33mviewBox[39m=[32m"0 0 24 24"[39m
                  [33mwidth[39m=[32m"16"[39m
                  [33mxmlns[39m=[32m"http://www.w3.org/2000/svg"[39m
                [36m>[39m
                  [36m<rect[39m
                    [33mheight[39m=[32m"4"[39m
                    [33mrx[39m=[32m"1"[39m
                    [33mry[39m=[32m"1"[39m
                    [33mwidth[39m=[32m"8"[39m
                    [33mx[39m=[32m"8"[39m
                    [33my[39m=[32m"2"[39m
                  [36m/>[39m
                  [36m<path[39m
                    [33md[39m=[32m"M16 4h2a2 2 0 0...

Ignored nodes: comments, script, style
[36m<body>[39m
  [36m<div>[39m
    [36m<div[39m
      [33mclass[39m=[32m"flex flex-col h-full bg-c-bg text-c-text"[39m
    [36m>[39m
      [36m<div[39m
        [33mclass[39m=[32m"bg-white dark:bg-navy-900 border-b border-slate-200/60 dark:border-white/5"[39m
      [36m>[39m
        [36m<div[39m
          [33mclass[39m=[32m"flex items-center px-4 py-3 gap-3 justify-between"[39m
        [36m>[39m
          [36m<div[39m
            [33mclass[39m=[32m"flex items-center gap-3"[39m
          [36m>[39m
            [36m<button[39m
              [33maria-disabled[39m=[32m"false"[39m
              [33maria-expanded[39m=[32m"false"[39m
              [33maria-label[39m=[32m"Search"[39m
              [33mclass[39m=[32m"h-9 w-9 inline-flex items-center justify-center rounded-full transition-colors duration-150 border text-slate-500 dark:text-slate-400 border-slate-200/70 dark:border-white/[0.06] hover:bg-slate-100/70 dark:hover:bg-white/[0.05]"[39m
              [33mtitle[39m=[32m"Search"[39m
              [33mtype[39m=[32m"button"[39m
            [36m>[39m
              [36m<svg[39m
                [33maria-hidden[39m=[32m"true"[39m
                [33mclass[39m=[32m"lucide lucide-search"[39m
                [33mfill[39m=[32m"none"[39m
                [33mheight[39m=[32m"18"[39m
                [33mstroke[39m=[32m"currentColor"[39m
                [33mstroke-linecap[39m=[32m"round"[39m
                [33mstroke-linejoin[39m=[32m"round"[39m
                [33mstroke-width[39m=[32m"2"[39m
                [33mviewBox[39m=[32m"0 0 24 24"[39m
                [33mwidth[39m=[32m"18"[39m
                [33mxmlns[39m=[32m"http://www.w3.org/2000/svg"[39m
              [36m>[39m
                [36m<path[39m
                  [33md[39m=[32m"m21 21-4.34-4.34"[39m
                [36m/>[39m
                [36m<circle[39m
                  [33mcx[39m=[32m"11"[39m
                  [33mcy[39m=[32m"11"[39m
                  [33mr[39m=[32m"8"[39m
                [36m/>[39m
              [36m</svg>[39m
            [36m</button>[39m
            [36m<div[39m
              [33maria-label[39m=[32m"Module sections"[39m
              [33mclass[39m=[32m"flex items-center gap-1.5"[39m
              [33mrole[39m=[32m"tablist"[39m
            [36m>[39m
              [36m<button[39m
                [33maria-selected[39m=[32m"true"[39m
                [33mclass[39m=[32m"inline-flex h-9 items-center gap-2 rounded-full border px-3 text-sm font-medium transition-colors duration-150 whitespace-nowrap active:scale-[0.98] focus-visible:outline-none focus-visible:ring-2 focus-visible:ring-c-focus focus-visible:ring-offset-1 ring-offset-white dark:ring-offset-navy-900 border-slate-300 bg-state-selected text-slate-900 dark:border-white/25 dark:text-slate-100"[39m
                [33mrole[39m=[32m"tab"[39m
                [33mtype[39m=[32m"button"[39m
              [36m>[39m
                [36m<svg[39m
                  [33maria-hidden[39m=[32m"true"[39m
                  [33mclass[39m=[32m"lucide lucide-layout-dashboard"[39m
                  [33mfill[39m=[32m"none"[39m
                  [33mheight[39m=[32m"16"[39m
                  [33mstroke[39m=[32m"currentColor"[39m
                  [33mstroke-linecap[39m=[32m"round"[39m
                  [33mstroke-linejoin[39m=[32m"round"[39m
                  [33mstroke-width[39m=[32m"2"[39m
                  [33mviewBox[39m=[32m"0 0 24 24"[39m
                  [33mwidth[39m=[32m"16"[39m
                  [33mxmlns[39m=[32m"http://www.w3.org/2000/svg"[39m
                [36m>[39m
                  [36m<rect[39m
                    [33mheight[39m=[32m"9"[39m
                    [33mrx[39m=[32m"1"[39m
                    [33mwidth[39m=[32m"7"[39m
                    [33mx[39m=[32m"3"[39m
                    [33my[39m=[32m"3"[39m
                  [36m/>[39m
                  [36m<rect[39m
                    [33mheight[39m=[32m"5"[39m
                    [33mrx[39m=[32m"1"[39m
                    [33mwidth[39m=[32m"7"[39m
                    [33mx[39m=[32m"14"[39m
                    [33my[39m=[32m"3"[39m
                  [36m/>[39m
                  [36m<rect[39m
                    [33mheight[39m=[32m"9"[39m
                    [33mrx[39m=[32m"1"[39m
                    [33mwidth[39m=[32m"7"[39m
                    [33mx[39m=[32m"14"[39m
                    [33my[39m=[32m"12"[39m
                  [36m/>[39m
                  [36m<rect[39m
                    [33mheight[39m=[32m"5"[39m
                    [33mrx[39m=[32m"1"[39m
                    [33mwidth[39m=[32m"7"[39m
                    [33mx[39m=[32m"3"[39m
                    [33my[39m=[32m"16"[39m
                  [36m/>[39m
                [36m</svg>[39m
                [36m<span>[39m
                  [0mExecution bank[0m
                [36m</span>[39m
              [36m</button>[39m
              [36m<button[39m
                [33maria-selected[39m=[32m"false"[39m
                [33mclass[39m=[32m"inline-flex h-9 items-center gap-2 rounded-full border px-3 text-sm font-medium transition-colors duration-150 whitespace-nowrap active:scale-[0.98] focus-visible:outline-none focus-visible:ring-2 focus-visible:ring-c-focus focus-visible:ring-offset-1 ring-offset-white dark:ring-offset-navy-900 border-slate-200/70 bg-white/70 text-slate-700 hover:bg-state-hover dark:border-white/[0.06] dark:bg-white/[0.04] dark:text-slate-300"[39m
                [33mrole[39m=[32m"tab"[39m
                [33mtype[39m=[32m"button"[39m
              [36m>[39m
                [36m<svg[39m
                  [33maria-hidden[39m=[32m"true"[39m
                  [33mclass[39m=[32m"lucide lucide-clipboard-list"[39m
                  [33mfill[39m=[32m"none"[39m
                  [33mheight[39m=[32m"16"[39m
                  [33mstroke[39m=[32m"currentColor"[39m
                  [33mstroke-linecap[39m=[32m"round"[39m
                  [33mstroke-linejoin[39m=[32m"round"[39m
                  [33mstroke-width[39m=[32m"2"[39m
                  [33mviewBox[39m=[32m"0 0 24 24"[39m
                  [33mwidth[39m=[32m"16"[39m
                  [33mxmlns[39m=[32m"http://www.w3.org/2000/svg"[39m
                [36m>[39m
                  [36m<rect[39m
                    [33mheight[39m=[32m"4"[39m
                    [33mrx[39m=[32m"1"[39m
                    [33mry[39m=[32m"1"[39m
                    [33mwidth[39m=[32m"8"[39m
                    [33mx[39m=[32m"8"[39m
                    [33my[39m=[32m"2"[39m
                  [36m/>[39m
                  [36m<path[39m
                    [33md[39m=[32m"M16 4h2a2 2 0 0...
 ❯ waitForWrapper ../enterprise-trust-pack-20260913/node_modules/@testing-library/dom/dist/wait-for.js:163:27
 ❯ ../enterprise-trust-pack-20260913/node_modules/@testing-library/dom/dist/query-helpers.js:86:33
 ❯ tests/components/Execution/ExecutionHub.e1bReviewerGaps.behavior.test.tsx:334:27
    332|       fireEvent.click(tableItem);
    333|       expect(tableItem.closest('tr')).toHaveAttribute('aria-selected',…
    334|       expect(await screen.findByTestId('execution-bank-preview')).toHa…
       |                           ^
    335|         'data-initiative-id',
    336|         'initiative-without-case-action'

⎯⎯⎯⎯⎯⎯⎯⎯⎯⎯⎯⎯⎯⎯⎯⎯⎯⎯⎯⎯⎯⎯⎯⎯[4/4]⎯


 Test Files  2 failed | 2 passed (4)
      Tests  4 failed | 19 passed (23)
   Start at  20:22:20
   Duration  4.72s (transform 2.20s, setup 431ms, import 3.22s, tests 5.12s, environment 1.17s)

JSON report written to /Users/piotrwisniewski/Developer/codex-wt/realizacja-cztery-przyciski-20260913/junit.xml
JUNIT report written to /Users/piotrwisniewski/Developer/codex-wt/realizacja-cztery-przyciski-20260913/junit.xml
