public	access_code_usage	code_id	public	access_codes	id
public	access_code_usage	user_id	public	users	id
public	access_codes	created_by	public	users	id
public	access_codes	organization_id	public	organizations	id
public	access_requests	organization_id	public	organizations	id
public	access_requests	reviewed_by	public	users	id
public	account_deletion_request_receipts	organization_id	public	organizations	id
public	account_deletion_request_receipts	request_id	public	gdpr_requests	id
public	account_deletion_request_receipts	user_id	public	users	id
public	account_deletion_requests	user_id	public	users	id
public	active_sessions	user_id	public	users	id
public	activity_logs	organization_id	public	organizations	id
public	activity_logs	user_id	public	users	id
public	adkar_assessments	organization_id	public	organizations	id
public	adkar_assessments	project_id	public	projects	id
public	admin_audit_logs	admin_id	public	users	id
public	admin_audit_logs	organization_id	public	organizations	id
public	admin_audit_logs	reviewed_by	public	users	id
public	admin_dashboards	organization_id	public	organizations	id
public	admin_iam_invitation_commands	actor_id	public	users	id
public	admin_iam_invitation_commands	invitation_id	public	invitations	id
public	admin_iam_invitation_commands	organization_id	public	organizations	id
public	admin_iam_invitation_delivery_attempts	command_id	public	admin_iam_invitation_commands	id
public	admin_iam_invitation_delivery_attempts	invitation_id	public	invitations	id
public	admin_iam_invitation_delivery_attempts	organization_id	public	organizations	id
public	admin_iam_job_events	job_id	public	admin_iam_jobs	id
public	admin_iam_member_commands	actor_id	public	users	id
public	admin_iam_member_commands	organization_id	public	organizations	id
public	admin_iam_member_commands	target_user_id	public	users	id
public	admin_report_executions	executed_by	public	users	id
public	admin_saved_reports	organization_id	public	organizations	id
public	admin_sessions	admin_user_id	public	users	id
public	ai_ab_assignments	experiment_id	public	ai_ab_experiments	id
public	ai_ab_experiments	prompt_id	public	ai_system_prompts	id
public	ai_ab_outcomes	experiment_id	public	ai_ab_experiments	id
public	ai_agent_audit_reviews	run_id	public	ai_agent_audit_runs	id
public	ai_agent_job_attempts	receipt_id	public	ai_agent_job_receipts	receipt_id
public	ai_agent_plan_steps	plan_id	public	ai_agent_plans	id
public	ai_budgets	organization_id	public	organizations	id
public	ai_chat_run_events	run_id	public	ai_chat_runs	id
public	ai_contexts	organization_id	public	organizations	id
public	ai_experiment_variants	experiment_id	public	ai_experiments	id
public	ai_experiments	organization_id	public	organizations	id
public	ai_feedback	organization_id	public	organizations	id
public	ai_feedback	user_id	public	users	id
public	ai_playbook_runs	initiated_by	public	users	id
public	ai_playbook_runs	organization_id	public	organizations	id
public	ai_playbook_runs	template_id	public	ai_playbook_templates	id
public	ai_playbook_template_versions	template_id	public	ai_playbook_templates	id
public	ai_playbook_templates	organization_id	public	organizations	id
public	ai_policies	organization_id	public	organizations	id
public	ai_prompt_versions	prompt_id	public	ai_system_prompts	id
public	ai_purpose_assignments	purpose	public	ai_purposes	purpose
public	ai_style_learning_patterns	organization_id	public	organizations	id
public	ai_style_learning_patterns	user_id	public	users	id
public	ai_usage_logs	organization_id	public	organizations	id
public	ai_usage_logs	user_id	public	users	id
public	ai_user_style_profiles	organization_id	public	organizations	id
public	ai_user_style_profiles	user_id	public	users	id
public	analysis_financial_scenarios	analysis_id	public	digitization_analyses	id
public	analysis_financials	analysis_id	public	digitization_analyses	id
public	analysis_financials	initiative_id	public	initiatives	id
public	analytics_dashboards	created_by	public	users	id
public	analytics_report_executions	executed_by	public	users	id
public	analytics_report_executions	report_id	public	analytics_reports	id
public	analytics_reports	created_by	public	users	id
public	api_key_usage	api_key_id	public	api_keys	id
public	api_keys	created_by	public	users	id
public	api_keys	organization_id	public	organizations	id
public	api_keys	rotated_from_id	public	api_keys	id
public	approval_assignments	assigned_to_user_id	public	users	id
public	approval_assignments	escalated_to_user_id	public	users	id
public	approval_assignments	org_id	public	organizations	id
public	approval_requests	organization_id	public	organizations	id
public	approval_requests	requester_id	public	users	id
public	approval_requests	resolved_by	public	users	id
public	approval_requests	workflow_id	public	approval_workflows	id
public	approval_workflows	created_by	public	users	id
public	approval_workflows	organization_id	public	organizations	id
public	approved_domains	organization_id	public	organizations	id
public	artifact_handoff_receipts	proposal_id	public	artifact_handoff_proposals	proposal_id
public	artifact_lifecycle_events	artifact_id	public	finance_artifacts	artifact_id
public	artifact_lifecycle_events	business_version_id	public	finance_business_versions	business_version_id
public	artifact_lifecycle_events	organization_id	public	finance_artifacts	organization_id
public	artifact_lifecycle_events	organization_id	public	finance_business_versions	organization_id
public	artifact_lifecycle_events	organization_id	public	organizations	id
public	assessment_area_assignments	assessment_id	public	assessments	id
public	assessment_decisions	assessment_id	public	assessments	id
public	assessment_gate_decisions	assessment_id	public	assessments	id
public	assessment_initiative_batches	assessment_id	public	assessments	id
public	assessment_initiative_batches	organization_id	public	organizations	id
public	assessment_initiative_batches	report_id	public	assessment_reports	id
public	assessment_initiative_generation_runs	assessment_id	public	assessments	id
public	assessment_initiative_generation_runs	report_id	public	assessment_reports	id
public	assessment_initiative_links	assessment_id	public	assessments	id
public	assessment_initiative_links	batch_id	public	assessment_initiative_batches	id
public	assessment_responses	assessment_id	public	assessments	id
public	assessment_reviews	assessment_id	public	assessments	id
public	assessment_sessions	assessment_id	public	assessments	id
public	assessment_user_state	assessment_id	public	assessments	id
public	assessment_versions	assessment_id	public	assessments	id
public	assessment_workflow_transitions	workflow_id	public	assessment_workflows	id
public	assessments	organization_id	public	organizations	id
public	assessments	project_id	public	projects	id
public	async_jobs	organization_id	public	organizations	id
public	attribution_events	organization_id	public	organizations	id
public	attribution_events	user_id	public	users	id
public	audit_events	actor_id	public	users	id
public	audit_events	org_id	public	organizations	id
public	audit_log	organization_id	public	organizations	id
public	audit_log	user_id	public	users	id
public	audit_logs	organization_id	public	organizations	id
public	audit_logs	user_id	public	users	id
public	audit_pack_criteria	pack_id	public	audit_packs	id
public	audit_packs	source_id	public	audit_norm_sources	id
public	audits	organization_id	public	organizations	id
public	automation_rule_executions	organization_id	public	organizations	id
public	automation_rule_executions	rule_id	public	automation_rules	id
public	automation_rule_executions	user_id	public	users	id
public	automation_rules	created_by	public	users	id
public	backup_records	organization_id	public	organizations	id
public	benefit_measurements	benefit_id	public	initiative_benefits	id
public	billing_alerts	auto_upgrade_plan_id	public	subscription_plans	id
public	billing_alerts	organization_id	public	organizations	id
public	billing_credits	organization_id	public	organizations	id
public	billing_disputes	organization_id	public	organizations	id
public	billing_email_queue	organization_id	public	organizations	id
public	billing_notification_preferences	organization_id	public	organizations	id
public	billing_refunds	invoice_id	public	invoices	id
public	billing_refunds	organization_id	public	organizations	id
public	billing_usage_events	organization_id	public	organizations	id
public	blueprint_wbs_items	template_id	public	initiative_templates	id
public	budget_alerts	budget_id	public	initiative_budgets	id
public	budget_entries	initiative_id	public	initiatives	id
public	budget_entries	organization_id	public	organizations	id
public	budget_initiative_links	budget_id	public	budgets	id
public	budget_initiative_links	budget_id	public	budgets	id
public	budget_initiative_links	initiative_id	public	initiatives	id
public	budget_initiative_links	initiative_id	public	initiatives	id
public	budget_initiative_links	organization_id	public	budgets	organization_id
public	budget_initiative_links	organization_id	public	initiatives	organization_id
public	budget_line_items	budget_id	public	initiative_budgets	id
public	budget_lines	budget_id	public	budgets	id
public	budget_overspend_signals	organization_id	public	organizations	id
public	budget_scenarios	budget_id	public	budgets	id
public	budget_snapshots	budget_id	public	budgets	id
public	budget_thresholds	organization_id	public	organizations	id
public	budget_transactions	budget_id	public	initiative_budgets	id
public	budget_transactions	line_item_id	public	budget_line_items	id
public	budgets	organization_id	public	organizations	id
public	budgets	project_id	public	projects	id
public	budgets	source_tool_session_id	public	tool_sessions	id
public	business_metric_values	metric_id	public	business_metrics	id
public	business_metrics	created_by	public	users	id
public	calendar_feed_log	organization_id	public	organizations	id
public	candidate_competency_signals	candidate_id	public	candidate_profiles	id
public	candidate_competency_signals	document_id	public	candidate_documents	id
public	candidate_documents	candidate_id	public	candidate_profiles	id
public	candidate_match_results	candidate_id	public	candidate_profiles	id
public	capabilities	category_id	public	competency_categories	id
public	capability_requirements	capability_id	public	capabilities	id
public	case_core	organization_id	public	organizations	id
public	case_core	project_id	public	projects	id
public	case_core	sponsor_user_id	public	users	id
public	case_plan_versions	case_id	public	case_core	case_id
public	case_plan_versions	supersedes_plan_version_id	public	case_plan_versions	case_plan_version_id
public	case_plan_view_state	case_plan_version_id	public	case_plan_versions	case_plan_version_id
public	case_workspace_action_proposal_decisions	action_proposal_id	public	case_workspace_action_proposals	action_proposal_id
public	case_workspace_action_proposals	capability_registry_id	public	case_workspace_capabilities	capability_registry_id
public	case_workspace_action_proposals	case_id	public	case_core	case_id
public	case_workspace_action_proposals	case_plan_version_id	public	case_plan_versions	case_plan_version_id
public	case_workspace_action_proposals	run_id	public	v8_execution_runs	run_id
public	case_workspace_action_proposals	supersedes_action_proposal_id	public	case_workspace_action_proposals	action_proposal_id
public	case_workspace_artifact_links	case_id	public	case_core	case_id
public	case_workspace_capability_idempotency_keys	capability_registry_id	public	case_workspace_capabilities	capability_registry_id
public	case_workspace_feature_flag_definitions	parent_flag_key	public	case_workspace_feature_flag_definitions	flag_key
public	case_workspace_feature_flags	flag_key	public	case_workspace_feature_flag_definitions	flag_key
public	case_workspace_gateway_evaluations	case_id	public	case_core	case_id
public	case_workspace_gateway_evaluations	run_id	public	case_workspace_run_bindings	run_id
public	case_workspace_node_result_acceptances	case_id	public	case_core	case_id
public	case_workspace_node_result_acceptances	caused_by_gateway_node_run_id	public	case_workspace_gateway_evaluations	node_run_id
public	case_workspace_node_result_acceptances	run_id	public	case_workspace_run_bindings	run_id
public	case_workspace_node_run_attempts	capability_registry_id	public	case_workspace_capabilities	capability_registry_id
public	case_workspace_node_run_attempts	node_run_id	public	case_workspace_node_runs	node_run_id
public	case_workspace_node_runs	action_proposal_id	public	case_workspace_action_proposals	action_proposal_id
public	case_workspace_node_runs	case_id	public	case_core	case_id
public	case_workspace_node_runs	run_id	public	case_workspace_run_bindings	run_id
public	case_workspace_node_runs	wait_id	public	case_workspace_waits	wait_id
public	case_workspace_run_bindings	case_id	public	case_core	case_id
public	case_workspace_run_bindings	case_plan_version_id	public	case_plan_versions	case_plan_version_id
public	case_workspace_run_bindings	run_id	public	v8_execution_runs	run_id
public	case_workspace_runs	case_id	public	case_core	case_id
public	case_workspace_runs	case_plan_version_id	public	case_plan_versions	case_plan_version_id
public	case_workspace_runs	run_id	public	case_workspace_run_bindings	run_id
public	case_workspace_value_measurements	case_id	public	case_core	case_id
public	case_workspace_waits	action_proposal_id	public	case_workspace_action_proposals	action_proposal_id
public	case_workspace_waits	case_id	public	case_core	case_id
public	case_workspace_waits	run_id	public	case_workspace_run_bindings	run_id
public	chat_handoff_owner_claims	handoff_receipt_id	public	artifact_handoff_receipts	receipt_id
public	chat_handoff_owner_claims	ingress_id	public	chat_handoff_owner_ingress	ingress_id
public	chat_handoff_owner_claims	organization_id	public	organizations	id
public	chat_handoff_owner_ingress	organization_id	public	organizations	id
public	chat_handoff_owner_ingress	proposal_id	public	artifact_handoff_proposals	proposal_id
public	chat_projects	organization_id	public	organizations	id
public	chat_projects	user_id	public	users	id
public	chat_target_mapping_attempts	ingress_id	public	chat_target_mapping_receipts	ingress_id
public	chat_target_mapping_attempts	organization_id	public	organizations	id
public	chat_target_mapping_receipts	ingress_id	public	chat_handoff_owner_ingress	ingress_id
public	chat_target_mapping_receipts	organization_id	public	organizations	id
public	checkout_sessions	organization_id	public	organizations	id
public	checkout_sessions	user_id	public	users	id
public	client_context	organization_id	public	organizations	id
public	closure_delivery_receipts	initiative_id	public	initiatives	id
public	closure_delivery_receipts	organization_id	public	organizations	id
public	cloud_import_jobs	cloud_source_id	public	cloud_sources	id
public	cloud_sources	organization_id	public	organizations	id
public	cloud_sync_log	organization_id	public	organizations	id
public	collab_session_events	session_id	public	collab_sessions	id
public	communication_plan_items	plan_id	public	communication_plans	id
public	communication_send_log	plan_item_id	public	communication_plan_items	id
public	competency_categories	organization_id	public	organizations	id
public	competency_levels	organization_id	public	organizations	id
public	compliance_records	organization_id	public	organizations	id
public	compliance_settings	organization_id	public	organizations	id
public	compute_job_outputs	job_id	public	compute_jobs	id
public	compute_job_outputs	organization_id	public	finance_artifacts	organization_id
public	compute_job_outputs	organization_id	public	organizations	id
public	compute_job_outputs	output_artifact_id	public	finance_artifacts	artifact_id
public	compute_job_outputs	output_working_revision_id	public	finance_working_revisions	working_revision_id
public	compute_job_runs	job_id	public	compute_jobs	id
public	compute_job_runs	reason_code	public	finance_reason_codes	code
public	compute_jobs	engine_manifest_id	public	finance_engine_manifests	engine_manifest_id
public	compute_jobs	input_artifact_id	public	finance_artifacts	artifact_id
public	compute_jobs	organization_id	public	finance_artifacts	organization_id
public	compute_jobs	organization_id	public	organizations	id
public	compute_jobs	reason_code	public	finance_reason_codes	code
public	compute_jobs	replayed_from_job_id	public	compute_jobs	id
public	compute_kill_switches	organization_id	public	organizations	id
public	compute_org_concurrency_limits	organization_id	public	organizations	id
public	connectors	organization_id	public	organizations	id
public	consultant_org_links	consultant_id	public	users	id
public	consultant_org_links	organization_id	public	organizations	id
public	consultant_project_access	consultant_user_id	public	users	id
public	consultant_project_access	invited_by_user_id	public	users	id
public	consultant_project_access	organization_id	public	organizations	id
public	consultant_project_access	project_id	public	projects	id
public	content_analytics	organization_id	public	organizations	id
public	content_analytics	user_id	public	users	id
public	content_categories	created_by	public	users	id
public	content_categories	organization_id	public	organizations	id
public	content_categories	parent_id	public	content_categories	id
public	content_comments	parent_comment_id	public	content_comments	id
public	content_comments	user_id	public	users	id
public	content_favorites	user_id	public	users	id
public	content_permissions	granted_by	public	users	id
public	content_permissions	organization_id	public	organizations	id
public	content_permissions	user_id	public	users	id
public	content_reviews	requested_by	public	users	id
public	content_reviews	reviewer_id	public	users	id
public	content_tag_mappings	tag_id	public	content_tags	id
public	content_tags	created_by	public	users	id
public	content_tags	organization_id	public	organizations	id
public	conversation_message_attachments	message_id	public	conversation_messages	id
public	conversation_messages	session_id	public	conversation_sessions	id
public	conversation_sessions	conversation_id	public	conversations	id
public	conversation_share_views	share_id	public	conversation_shares	id
public	conversation_shares	conversation_id	public	conversations	id
public	conversations	chat_project_id	public	chat_projects	id
public	credit_applications	credit_note_id	public	credit_notes	id
public	credit_applications	invoice_id	public	invoices	id
public	credit_notes	invoice_id	public	invoices	id
public	credit_notes	organization_id	public	organizations	id
public	custom_prompts	created_by	public	users	id
public	custom_prompts	organization_id	public	organizations	id
public	custom_statuses	organization_id	public	organizations	id
public	custom_trends	company_id	public	organizations	id
public	customer_communications	created_by	public	users	id
public	customer_contracts	organization_id	public	organizations	id
public	customer_lifecycle_transitions	from_stage_id	public	customer_lifecycle_stages	id
public	customer_lifecycle_transitions	organization_id	public	organizations	id
public	customer_lifecycle_transitions	to_stage_id	public	customer_lifecycle_stages	id
public	customer_lifecycle_transitions	transitioned_by	public	users	id
public	data_deletion_log	dsar_request_id	public	data_subject_requests	id
public	data_export_requests	organization_id	public	organizations	id
public	data_export_requests	user_id	public	users	id
public	data_residency	organization_id	public	organizations	id
public	data_retention_policies	organization_id	public	organizations	id
public	dbr77_processes	assessment_id	public	multi_framework_assessments	id
public	dbr77_workstations	assessment_id	public	multi_framework_assessments	id
public	decision_alternatives	decision_id	public	decisions	id
public	decision_comments	decision_id	public	decisions	id
public	decision_consulted_opinions	decision_id	public	decisions	id
public	decision_consulted_opinions	delegation_id	public	decision_delegations	id
public	decision_delegations	decision_id	public	decisions	id
public	decision_escalation_chain	decision_id	public	decisions	id
public	decision_escalation_log	decision_id	public	decisions	id
public	decision_history	decision_id	public	decisions	id
public	decision_impacts	decision_id	public	decisions	id
public	decision_risks	decision_id	public	decisions	id
public	decision_stakeholders	decision_id	public	decisions	id
public	decision_votes	decision_id	public	decisions	id
public	decisions	created_by	public	users	id
public	decisions	decision_maker_id	public	users	id
public	decisions	initiative_id	public	initiatives	id
public	decisions	organization_id	public	organizations	id
public	decisions	project_id	public	projects	id
public	decisions	task_id	public	tasks	id
public	delay_signals	organization_id	public	organizations	id
public	deliverable_bundle_versions	bundle_id	public	deliverable_bundles	id
public	demo_session_tenants	base_org_id	public	organizations	id
public	demo_session_tenants	session_id	public	demo_sessions	id
public	demo_session_tenants	tenant_org_id	public	organizations	id
public	demo_sessions	base_org_id	public	organizations	id
public	demo_sessions	session_org_id	public	organizations	id
public	demo_sessions	user_id	public	users	id
public	developer_settings	user_id	public	users	id
public	digitization_axis_scores	analysis_id	public	digitization_analyses	id
public	dlp_policies	created_by	public	users	id
public	dlp_policies	organization_id	public	organizations	id
public	dlp_violations	organization_id	public	organizations	id
public	dlp_violations	policy_id	public	dlp_policies	id
public	dlp_violations	resolved_by	public	users	id
public	dlp_violations	user_id	public	users	id
public	domain_verifications	organization_id	public	organizations	id
public	dsar_activity_log	request_id	public	data_subject_requests	id
public	dunning_states	organization_id	public	organizations	id
public	email_sender_verifications	organization_id	public	organizations	id
public	email_sends	organization_id	public	organizations	id
public	email_sends	template_id	public	email_templates	id
public	email_signatures	user_id	public	users	id
public	email_templates	organization_id	public	organizations	id
public	enterprise_contracts	organization_id	public	organizations	id
public	execution_action_audit	action_id	public	execution_action_registry	action_id
public	execution_action_audit	organization_id	public	organizations	id
public	execution_audit_log	changed_by	public	users	id
public	execution_audit_log	initiative_id	public	initiatives	id
public	execution_budget_delete_receipts	action_id	public	execution_action_registry	action_id
public	execution_budget_delete_receipts	organization_id	public	organizations	id
public	execution_case_links	case_id	public	case_core	case_id
public	execution_case_links	initiative_id	public	initiatives	id
public	execution_case_links	organization_id	public	organizations	id
public	execution_case_links	project_id	public	projects	id
public	execution_delivery_evidence	artifact_link_id	public	case_workspace_artifact_links	link_id
public	execution_delivery_evidence	execution_link_id	public	execution_case_links	link_id
public	execution_delivery_evidence	organization_id	public	organizations	id
public	execution_identity_aliases	execution_link_id	public	execution_case_links	link_id
public	execution_identity_aliases	legacy_case_id	public	case_core	case_id
public	execution_identity_aliases	legacy_initiative_id	public	initiatives	id
public	execution_identity_aliases	organization_id	public	organizations	id
public	execution_link_reopen_receipts	execution_link_id	public	execution_case_links	link_id
public	execution_link_reopen_receipts	organization_id	public	organizations	id
public	execution_results_signal_outbox	case_id	public	case_core	case_id
public	execution_results_signal_outbox	evidence_id	public	execution_delivery_evidence	evidence_id
public	execution_results_signal_outbox	execution_link_id	public	execution_case_links	link_id
public	execution_results_signal_outbox	initiative_id	public	initiatives	id
public	execution_results_signal_outbox	organization_id	public	organizations	id
public	execution_spine_backfill_receipts	canonical_execution_link_id	public	execution_case_links	link_id
public	execution_spine_backfill_receipts	legacy_case_id	public	case_core	case_id
public	execution_spine_backfill_receipts	legacy_execution_link_id	public	execution_case_links	link_id
public	execution_spine_backfill_receipts	legacy_initiative_id	public	initiatives	id
public	execution_spine_backfill_receipts	organization_id	public	organizations	id
public	execution_spine_backfill_receipts	run_id	public	execution_spine_backfill_runs	run_id
public	execution_spine_backfill_runs	organization_id	public	organizations	id
public	execution_spine_identity_quarantine	legacy_case_id	public	case_core	case_id
public	execution_spine_identity_quarantine	legacy_execution_link_id	public	execution_case_links	link_id
public	execution_spine_identity_quarantine	legacy_initiative_id	public	initiatives	id
public	execution_spine_identity_quarantine	organization_id	public	organizations	id
public	execution_spine_identity_quarantine	run_id	public	execution_spine_backfill_runs	run_id
public	external_digital_assessments	organization_id	public	organizations	id
public	external_digital_assessments	project_id	public	projects	id
public	facility_users	assigned_by	public	users	id
public	facility_users	facility_id	public	organization_facilities	id
public	facility_users	user_id	public	users	id
public	feature_update_events	organization_id	public	organizations	id
public	feature_update_events	update_id	public	feature_updates	id
public	feature_update_events	user_id	public	users	id
public	feature_update_reads	update_id	public	feature_updates	id
public	feature_update_reads	user_id	public	users	id
public	feature_updates	created_by	public	users	id
public	feature_updates	organization_id	public	organizations	id
public	feature_votes	feature_id	public	feature_requests	id
public	feature_votes	user_id	public	users	id
public	feedback	user_id	public	users	id
public	feedback_analysis	feedback_id	public	system_feedback	id
public	feedback_comments	feedback_id	public	feedback_items	id
public	feedback_comments	user_id	public	users	id
public	feedback_status_history	feedback_id	public	system_feedback	id
public	feedback_votes	feedback_id	public	feedback_items	id
public	feedback_votes	user_id	public	users	id
public	finance_analysis_benchmarks	business_version_id	public	finance_business_versions	business_version_id
public	finance_analysis_benchmarks	kpi_catalog_id	public	finance_analysis_kpi_catalog	id
public	finance_analysis_benchmarks	organization_id	public	finance_business_versions	organization_id
public	finance_analysis_definitions	business_version_id	public	finance_business_versions	business_version_id
public	finance_analysis_definitions	organization_id	public	finance_business_versions	organization_id
public	finance_analysis_kpi_catalog	organization_id	public	organizations	id
public	finance_analysis_kpi_catalog	superseded_by_id	public	finance_analysis_kpi_catalog	id
public	finance_analysis_kpi_values	business_version_id	public	finance_business_versions	business_version_id
public	finance_analysis_kpi_values	entity_id	public	finance_stmt_entities	id
public	finance_analysis_kpi_values	kpi_catalog_id	public	finance_analysis_kpi_catalog	id
public	finance_analysis_kpi_values	organization_id	public	finance_business_versions	organization_id
public	finance_analysis_kpi_values	period_id	public	finance_stmt_periods	period_id
public	finance_analysis_variance	business_version_id	public	finance_business_versions	business_version_id
public	finance_analysis_variance	entity_id	public	finance_stmt_entities	id
public	finance_analysis_variance	kpi_catalog_id	public	finance_analysis_kpi_catalog	id
public	finance_analysis_variance	organization_id	public	finance_business_versions	organization_id
public	finance_analysis_variance	period_id	public	finance_stmt_periods	period_id
public	finance_artifact_aliases	artifact_id	public	finance_artifacts	artifact_id
public	finance_artifact_aliases	business_version_id	public	finance_business_versions	business_version_id
public	finance_artifact_aliases	organization_id	public	finance_artifacts	organization_id
public	finance_artifacts	current_business_version_id	public	finance_business_versions	business_version_id
public	finance_artifacts	organization_id	public	organizations	id
public	finance_baseline_assumptions	base_period_id	public	finance_stmt_periods	period_id
public	finance_baseline_assumptions	business_version_id	public	finance_business_versions	business_version_id
public	finance_baseline_assumptions	entity_id	public	finance_stmt_entities	id
public	finance_baseline_assumptions	organization_id	public	finance_business_versions	organization_id
public	finance_baseline_assumptions	period_id	public	finance_stmt_periods	period_id
public	finance_baseline_backtest_line_results	backtest_run_id	public	finance_baseline_backtest_runs	id
public	finance_baseline_backtest_line_results	backtest_run_id	public	finance_baseline_backtest_runs	id
public	finance_baseline_backtest_line_results	canonical_line_id	public	financial_statement_lines	id
public	finance_baseline_backtest_line_results	entity_id	public	finance_stmt_entities	id
public	finance_baseline_backtest_line_results	organization_id	public	finance_baseline_backtest_runs	organization_id
public	finance_baseline_backtest_line_results	period_id	public	finance_stmt_periods	period_id
public	finance_baseline_backtest_runs	actual_statement_pack_business_version_id	public	finance_business_versions	business_version_id
public	finance_baseline_backtest_runs	baseline_business_version_id	public	finance_business_versions	business_version_id
public	finance_baseline_backtest_runs	holdout_period_end_id	public	finance_stmt_periods	period_id
public	finance_baseline_backtest_runs	holdout_period_start_id	public	finance_stmt_periods	period_id
public	finance_baseline_backtest_runs	organization_id	public	finance_business_versions	organization_id
public	finance_baseline_backtest_runs	organization_id	public	finance_business_versions	organization_id
public	finance_baseline_context_command_receipts	business_version_id	public	finance_baseline_workspace_contexts	business_version_id
public	finance_baseline_context_command_receipts	created_by	public	users	id
public	finance_baseline_context_command_receipts	organization_id	public	finance_baseline_workspace_contexts	organization_id
public	finance_baseline_context_command_receipts	organization_id	public	organizations	id
public	finance_baseline_models	business_version_id	public	finance_business_versions	business_version_id
public	finance_baseline_models	organization_id	public	finance_business_versions	organization_id
public	finance_baseline_outputs	business_version_id	public	finance_business_versions	business_version_id
public	finance_baseline_outputs	canonical_line_id	public	financial_statement_lines	id
public	finance_baseline_outputs	entity_id	public	finance_stmt_entities	id
public	finance_baseline_outputs	organization_id	public	finance_business_versions	organization_id
public	finance_baseline_outputs	period_id	public	finance_stmt_periods	period_id
public	finance_baseline_schedules	business_version_id	public	finance_business_versions	business_version_id
public	finance_baseline_schedules	effective_from_period_id	public	finance_stmt_periods	period_id
public	finance_baseline_schedules	effective_to_period_id	public	finance_stmt_periods	period_id
public	finance_baseline_schedules	entity_id	public	finance_stmt_entities	id
public	finance_baseline_schedules	organization_id	public	finance_business_versions	organization_id
public	finance_baseline_solver_diagnostics	business_version_id	public	finance_business_versions	business_version_id
public	finance_baseline_solver_diagnostics	compute_job_id	public	compute_jobs	id
public	finance_baseline_solver_diagnostics	organization_id	public	finance_business_versions	organization_id
public	finance_baseline_solver_diagnostics	period_id	public	finance_stmt_periods	period_id
public	finance_baseline_workspace_contexts	business_version_id	public	finance_business_versions	business_version_id
public	finance_baseline_workspace_contexts	configured_by	public	users	id
public	finance_baseline_workspace_contexts	entity_id	public	finance_stmt_entities	id
public	finance_baseline_workspace_contexts	opening_balance_sheet_period_id	public	finance_stmt_periods	period_id
public	finance_baseline_workspace_contexts	organization_id	public	finance_business_versions	organization_id
public	finance_baseline_workspace_contexts	organization_id	public	finance_business_versions	organization_id
public	finance_baseline_workspace_contexts	organization_id	public	finance_business_versions	organization_id
public	finance_baseline_workspace_contexts	organization_id	public	organizations	id
public	finance_baseline_workspace_contexts	source_analysis_version_id	public	finance_business_versions	business_version_id
public	finance_baseline_workspace_contexts	source_statement_version_id	public	finance_business_versions	business_version_id
public	finance_budget_approval_command_receipts	approved_by	public	users	id
public	finance_budget_approval_command_receipts	budget_id	public	budget_snapshots	budget_id
public	finance_budget_approval_command_receipts	budget_id	public	budgets	id
public	finance_budget_approval_command_receipts	organization_id	public	budgets	organization_id
public	finance_budget_approval_command_receipts	organization_id	public	organizations	id
public	finance_budget_approval_command_receipts	snapshot_id	public	budget_snapshots	id
public	finance_budget_discard_command_receipts	archived_by	public	users	id
public	finance_budget_discard_command_receipts	budget_id	public	budgets	id
public	finance_budget_discard_command_receipts	organization_id	public	budgets	organization_id
public	finance_budget_discard_command_receipts	organization_id	public	organizations	id
public	finance_budget_document_import_receipts	budget_id	public	budgets	id
public	finance_budget_document_import_receipts	imported_by	public	users	id
public	finance_budget_document_import_receipts	organization_id	public	budgets	organization_id
public	finance_budget_document_import_receipts	organization_id	public	organizations	id
public	finance_budget_initiative_link_receipts	budget_id	public	budgets	id
public	finance_budget_initiative_link_receipts	created_by	public	users	id
public	finance_budget_initiative_link_receipts	initiative_id	public	initiatives	id
public	finance_budget_initiative_link_receipts	organization_id	public	budgets	organization_id
public	finance_budget_initiative_link_receipts	organization_id	public	initiatives	organization_id
public	finance_budget_initiative_link_receipts	organization_id	public	organizations	id
public	finance_budget_initiative_unlink_receipts	budget_id	public	budgets	id
public	finance_budget_initiative_unlink_receipts	created_by	public	users	id
public	finance_budget_initiative_unlink_receipts	initiative_id	public	initiatives	id
public	finance_budget_initiative_unlink_receipts	organization_id	public	budgets	organization_id
public	finance_budget_initiative_unlink_receipts	organization_id	public	initiatives	organization_id
public	finance_budget_initiative_unlink_receipts	organization_id	public	organizations	id
public	finance_budget_line_command_receipts	budget_id	public	budget_lines	budget_id
public	finance_budget_line_command_receipts	budget_id	public	budgets	id
public	finance_budget_line_command_receipts	created_by	public	users	id
public	finance_budget_line_command_receipts	line_id	public	budget_lines	id
public	finance_budget_line_command_receipts	organization_id	public	budgets	organization_id
public	finance_budget_line_command_receipts	organization_id	public	organizations	id
public	finance_budget_projection_command_receipts	budget_id	public	budget_scenarios	budget_id
public	finance_budget_projection_command_receipts	budget_id	public	budgets	id
public	finance_budget_projection_command_receipts	created_by	public	users	id
public	finance_budget_projection_command_receipts	organization_id	public	budgets	organization_id
public	finance_budget_projection_command_receipts	organization_id	public	organizations	id
public	finance_budget_projection_command_receipts	scenario_id	public	budget_scenarios	id
public	finance_budget_registration_receipts	budget_id	public	budgets	id
public	finance_budget_registration_receipts	created_by	public	users	id
public	finance_budget_registration_receipts	organization_id	public	budgets	organization_id
public	finance_budget_registration_receipts	organization_id	public	organizations	id
public	finance_budget_registration_receipts	source_tool_session_id	public	tool_sessions	id
public	finance_budget_scenario_adjustment_command_receipts	budget_id	public	budget_scenarios	budget_id
public	finance_budget_scenario_adjustment_command_receipts	budget_id	public	budgets	id
public	finance_budget_scenario_adjustment_command_receipts	created_by	public	users	id
public	finance_budget_scenario_adjustment_command_receipts	organization_id	public	budgets	organization_id
public	finance_budget_scenario_adjustment_command_receipts	organization_id	public	organizations	id
public	finance_budget_scenario_adjustment_command_receipts	scenario_id	public	budget_scenarios	id
public	finance_business_versions	artifact_id	public	finance_artifacts	artifact_id
public	finance_business_versions	compute_snapshot_id	public	finance_compute_snapshots	compute_snapshot_id
public	finance_business_versions	engine_manifest_id	public	finance_engine_manifests	engine_manifest_id
public	finance_business_versions	organization_id	public	finance_artifacts	organization_id
public	finance_business_versions	parent_version_id	public	finance_business_versions	business_version_id
public	finance_business_versions	source_working_revision_id	public	finance_working_revisions	working_revision_id
public	finance_business_versions	superseded_by_version_id	public	finance_business_versions	business_version_id
public	finance_comment_assignments	comment_id	public	finance_comments	id
public	finance_comment_assignments	comment_id	public	finance_comments	id
public	finance_comment_assignments	organization_id	public	finance_comments	organization_id
public	finance_comment_assignments	organization_id	public	organizations	id
public	finance_comments	artifact_id	public	finance_artifacts	artifact_id
public	finance_comments	business_version_id	public	finance_business_versions	business_version_id
public	finance_comments	organization_id	public	finance_artifacts	organization_id
public	finance_comments	organization_id	public	finance_business_versions	organization_id
public	finance_comments	organization_id	public	organizations	id
public	finance_compute_snapshots	artifact_id	public	finance_artifacts	artifact_id
public	finance_compute_snapshots	engine_manifest_id	public	finance_engine_manifests	engine_manifest_id
public	finance_compute_snapshots	organization_id	public	finance_artifacts	organization_id
public	finance_compute_snapshots	working_revision_id	public	finance_working_revisions	working_revision_id
public	finance_digitization_analysis_archive_receipts	analysis_id	public	digitization_analyses	id
public	finance_digitization_analysis_duplicate_command_receipts	duplicate_analysis_id	public	digitization_analyses	id
public	finance_digitization_analysis_duplicate_command_receipts	source_analysis_id	public	digitization_analyses	id
public	finance_digitization_analysis_financials_receipts	analysis_id	public	digitization_analyses	id
public	finance_digitization_analysis_financials_receipts	financials_id	public	analysis_financials	id
public	finance_digitization_analysis_initiative_link_receipts	analysis_id	public	digitization_analyses	id
public	finance_digitization_analysis_initiative_link_receipts	initiative_id	public	initiatives	id
public	finance_digitization_analysis_planned_benefit_command_receipts	analysis_id	public	digitization_analyses	id
public	finance_digitization_analysis_planned_benefit_command_receipts	benefit_tracking_id	public	benefit_tracking	id
public	finance_digitization_analysis_registration_receipts	analysis_id	public	digitization_analyses	id
public	finance_digitization_analysis_scenario_command_receipts	analysis_id	public	digitization_analyses	id
public	finance_digitization_analysis_scenario_command_receipts	scenario_id	public	analysis_financial_scenarios	id
public	finance_digitization_analysis_update_receipts	analysis_id	public	digitization_analyses	id
public	finance_exceptions	artifact_id	public	finance_artifacts	artifact_id
public	finance_exceptions	business_version_id	public	finance_business_versions	business_version_id
public	finance_exceptions	organization_id	public	finance_artifacts	organization_id
public	finance_exceptions	organization_id	public	finance_business_versions	organization_id
public	finance_exceptions	organization_id	public	organizations	id
public	finance_exceptions	working_revision_id	public	finance_working_revisions	working_revision_id
public	finance_export_evidence_items	export_manifest_id	public	finance_export_manifests	export_manifest_id
public	finance_export_manifest_sources	export_manifest_id	public	finance_export_manifests	export_manifest_id
public	finance_export_manifests	organization_id	public	finance_artifacts	organization_id
public	finance_export_manifests	organization_id	public	finance_business_versions	organization_id
public	finance_export_manifests	organization_id	public	organizations	id
public	finance_export_manifests	primary_artifact_id	public	finance_artifacts	artifact_id
public	finance_export_manifests	primary_business_version_id	public	finance_business_versions	business_version_id
public	finance_import_receipts	artifact_id	public	finance_artifacts	artifact_id
public	finance_import_receipts	business_version_id	public	finance_business_versions	business_version_id
public	finance_import_receipts	organization_id	public	organizations	id
public	finance_import_receipts	working_revision_id	public	finance_working_revisions	working_revision_id
public	finance_legal_holds	organization_id	public	organizations	id
public	finance_lineage_edges	organization_id	public	finance_business_versions	organization_id
public	finance_lineage_edges	organization_id	public	finance_business_versions	organization_id
public	finance_lineage_edges	organization_id	public	organizations	id
public	finance_lineage_edges	source_version_id	public	finance_business_versions	business_version_id
public	finance_lineage_edges	target_version_id	public	finance_business_versions	business_version_id
public	finance_lineage_freshness_events	organization_id	public	organizations	id
public	finance_lineage_freshness_events	triggering_edge_id	public	finance_lineage_edges	id
public	finance_periods	organization_id	public	organizations	id
public	finance_post_investment_reviews	baseline_model_id	public	financial_models	id
public	finance_post_investment_reviews	initiative_id	public	initiatives	id
public	finance_post_investment_reviews	initiative_id	public	initiatives	id
public	finance_post_investment_reviews	organization_id	public	initiatives	organization_id
public	finance_post_investment_reviews	organization_id	public	organizations	id
public	finance_prediction_authoring_receipts	business_version_id	public	finance_business_versions	business_version_id
public	finance_prediction_authoring_receipts	organization_id	public	finance_business_versions	organization_id
public	finance_prediction_authoring_receipts	organization_id	public	organizations	id
public	finance_prediction_conflict_resolutions	business_version_id	public	finance_business_versions	business_version_id
public	finance_prediction_conflict_resolutions	finding_id	public	finance_prediction_preflight_findings	id
public	finance_prediction_conflict_resolutions	organization_id	public	finance_business_versions	organization_id
public	finance_prediction_driver_line_map	canonical_line_id	public	financial_statement_lines	id
public	finance_prediction_driver_overrides	business_version_id	public	finance_business_versions	business_version_id
public	finance_prediction_driver_overrides	canonical_line_id	public	financial_statement_lines	id
public	finance_prediction_driver_overrides	entity_id	public	finance_stmt_entities	id
public	finance_prediction_driver_overrides	organization_id	public	finance_business_versions	organization_id
public	finance_prediction_driver_overrides	period_id	public	finance_stmt_periods	period_id
public	finance_prediction_financing	business_version_id	public	finance_business_versions	business_version_id
public	finance_prediction_financing	entity_id	public	finance_stmt_entities	id
public	finance_prediction_financing	organization_id	public	finance_business_versions	organization_id
public	finance_prediction_financing	period_id	public	finance_stmt_periods	period_id
public	finance_prediction_impact_chain	business_version_id	public	finance_business_versions	business_version_id
public	finance_prediction_impact_chain	cannibalizes_impact_id	public	finance_prediction_impact_chain	id
public	finance_prediction_impact_chain	entity_id	public	finance_stmt_entities	id
public	finance_prediction_impact_chain	initiative_id	public	finance_prediction_initiatives	id
public	finance_prediction_impact_chain	kpi_catalog_id	public	finance_analysis_kpi_catalog	id
public	finance_prediction_impact_chain	organization_id	public	finance_business_versions	organization_id
public	finance_prediction_impact_chain	start_period_id	public	finance_stmt_periods	period_id
public	finance_prediction_impact_chain	statement_line_id	public	financial_statement_lines	id
public	finance_prediction_initiatives	business_version_id	public	finance_business_versions	business_version_id
public	finance_prediction_initiatives	default_start_period_id	public	finance_stmt_periods	period_id
public	finance_prediction_initiatives	organization_id	public	finance_business_versions	organization_id
public	finance_prediction_outputs	business_version_id	public	finance_business_versions	business_version_id
public	finance_prediction_outputs	canonical_line_id	public	financial_statement_lines	id
public	finance_prediction_outputs	entity_id	public	finance_stmt_entities	id
public	finance_prediction_outputs	organization_id	public	finance_business_versions	organization_id
public	finance_prediction_outputs	period_id	public	finance_stmt_periods	period_id
public	finance_prediction_preflight_findings	business_version_id	public	finance_business_versions	business_version_id
public	finance_prediction_preflight_findings	canonical_line_id	public	financial_statement_lines	id
public	finance_prediction_preflight_findings	entity_id	public	finance_stmt_entities	id
public	finance_prediction_preflight_findings	organization_id	public	finance_business_versions	organization_id
public	finance_prediction_preflight_findings	period_id	public	finance_stmt_periods	period_id
public	finance_prediction_preflight_findings	preflight_run_id	public	finance_prediction_preflight_runs	id
public	finance_prediction_preflight_runs	business_version_id	public	finance_business_versions	business_version_id
public	finance_prediction_preflight_runs	organization_id	public	finance_business_versions	organization_id
public	finance_prediction_preflight_runs	superseded_by_preflight_run_id	public	finance_prediction_preflight_runs	id
public	finance_prediction_scenarios	business_version_id	public	finance_business_versions	business_version_id
public	finance_prediction_scenarios	organization_id	public	finance_business_versions	organization_id
public	finance_reconciliation_runs	artifact_id	public	finance_artifacts	artifact_id
public	finance_reconciliation_runs	business_version_id	public	finance_business_versions	business_version_id
public	finance_reconciliation_runs	coverage_exception_id	public	finance_exceptions	id
public	finance_reconciliation_runs	linked_exception_id	public	finance_exceptions	id
public	finance_reconciliation_runs	organization_id	public	finance_artifacts	organization_id
public	finance_reconciliation_runs	organization_id	public	finance_business_versions	organization_id
public	finance_reconciliation_runs	organization_id	public	organizations	id
public	finance_retention_policies	superseded_by_policy_id	public	finance_retention_policies	retention_policy_id
public	finance_review_checklists	business_version_id	public	finance_business_versions	business_version_id
public	finance_review_checklists	organization_id	public	finance_business_versions	organization_id
public	finance_review_checklists	organization_id	public	organizations	id
public	finance_saved_views	artifact_id	public	finance_artifacts	artifact_id
public	finance_saved_views	organization_id	public	finance_artifacts	organization_id
public	finance_saved_views	organization_id	public	organizations	id
public	finance_settings_command_receipts	organization_id	public	organizations	id
public	finance_settings_states	organization_id	public	organizations	id
public	finance_statement_confirmation_receipts	artifact_id	public	finance_artifacts	artifact_id
public	finance_statement_confirmation_receipts	business_version_id	public	finance_business_versions	business_version_id
public	finance_statement_confirmation_receipts	confirmed_by	public	users	id
public	finance_statement_confirmation_receipts	organization_id	public	finance_artifacts	organization_id
public	finance_statement_confirmation_receipts	organization_id	public	finance_business_versions	organization_id
public	finance_statement_confirmation_receipts	organization_id	public	finance_statement_source_receipts	organization_id
public	finance_statement_confirmation_receipts	organization_id	public	finance_working_revisions	organization_id
public	finance_statement_confirmation_receipts	organization_id	public	financial_statement_packs	organization_id
public	finance_statement_confirmation_receipts	organization_id	public	financial_statements	organization_id
public	finance_statement_confirmation_receipts	organization_id	public	organizations	id
public	finance_statement_confirmation_receipts	source_receipt_id	public	finance_statement_source_receipts	receipt_id
public	finance_statement_confirmation_receipts	statement_id	public	finance_statement_source_receipts	statement_id
public	finance_statement_confirmation_receipts	statement_id	public	financial_statements	id
public	finance_statement_confirmation_receipts	statement_pack_id	public	financial_statement_packs	id
public	finance_statement_confirmation_receipts	working_revision_id	public	finance_working_revisions	working_revision_id
public	finance_statement_manual_mapping_decisions	candidate_row_id	public	financial_statement_candidate_rows	id
public	finance_statement_manual_mapping_decisions	canonical_line_id	public	financial_statement_lines	id
public	finance_statement_manual_mapping_decisions	decided_by	public	users	id
public	finance_statement_manual_mapping_decisions	organization_id	public	finance_statement_source_receipts	organization_id
public	finance_statement_manual_mapping_decisions	organization_id	public	financial_statements	organization_id
public	finance_statement_manual_mapping_decisions	organization_id	public	organizations	id
public	finance_statement_manual_mapping_decisions	source_receipt_id	public	finance_statement_source_receipts	receipt_id
public	finance_statement_manual_mapping_decisions	statement_id	public	finance_statement_source_receipts	statement_id
public	finance_statement_manual_mapping_decisions	statement_id	public	financial_statement_candidate_rows	statement_id
public	finance_statement_manual_mapping_decisions	statement_id	public	financial_statements	id
public	finance_statement_pack_archive_command_receipts	archived_by	public	users	id
public	finance_statement_pack_archive_command_receipts	organization_id	public	financial_statement_packs	organization_id
public	finance_statement_pack_archive_command_receipts	organization_id	public	organizations	id
public	finance_statement_pack_archive_command_receipts	pack_id	public	financial_statement_packs	id
public	finance_statement_source_receipts	imported_by	public	users	id
public	finance_statement_source_receipts	ingest_run_id	public	financial_statement_ingest_runs	id
public	finance_statement_source_receipts	organization_id	public	financial_statement_ingest_runs	organization_id
public	finance_statement_source_receipts	organization_id	public	financial_statements	organization_id
public	finance_statement_source_receipts	organization_id	public	organizations	id
public	finance_statement_source_receipts	statement_id	public	financial_statement_ingest_runs	statement_id
public	finance_statement_source_receipts	statement_id	public	financial_statements	id
public	finance_stmt_calendars	organization_id	public	organizations	id
public	finance_stmt_entities	business_version_id	public	finance_business_versions	business_version_id
public	finance_stmt_entities	organization_id	public	finance_business_versions	organization_id
public	finance_stmt_entities	parent_entity_row_id	public	finance_stmt_entities	id
public	finance_stmt_fx	business_version_id	public	finance_business_versions	business_version_id
public	finance_stmt_fx	organization_id	public	finance_business_versions	organization_id
public	finance_stmt_fx	period_id	public	finance_stmt_periods	period_id
public	finance_stmt_lines	business_version_id	public	finance_business_versions	business_version_id
public	finance_stmt_lines	canonical_line_id	public	financial_statement_lines	id
public	finance_stmt_lines	entity_id	public	finance_stmt_entities	id
public	finance_stmt_lines	organization_id	public	finance_business_versions	organization_id
public	finance_stmt_lines	period_id	public	finance_stmt_periods	period_id
public	finance_stmt_lines	reclassified_from_line_id	public	finance_stmt_lines	id
public	finance_stmt_periods	fiscal_calendar_id	public	finance_stmt_calendars	fiscal_calendar_id
public	finance_stmt_periods	organization_id	public	organizations	id
public	finance_stmt_periods	previous_period_id	public	finance_stmt_periods	period_id
public	finance_stmt_reconciliation	business_version_id	public	finance_business_versions	business_version_id
public	finance_stmt_reconciliation	canonical_line_id	public	financial_statement_lines	id
public	finance_stmt_reconciliation	duplicate_of_row_id	public	finance_stmt_reconciliation	id
public	finance_stmt_reconciliation	elimination_counterparty_entity_id	public	finance_stmt_entities	id
public	finance_stmt_reconciliation	entity_id	public	finance_stmt_entities	id
public	finance_stmt_reconciliation	organization_id	public	finance_business_versions	organization_id
public	finance_stmt_reconciliation	period_id	public	finance_stmt_periods	period_id
public	finance_stmt_reconciliation	reclass_target_line_id	public	financial_statement_lines	id
public	finance_stmt_reconciliation	reconciliation_run_id	public	finance_reconciliation_runs	id
public	finance_stmt_source_evidence	business_version_id	public	finance_business_versions	business_version_id
public	finance_stmt_source_evidence	organization_id	public	finance_business_versions	organization_id
public	finance_stmt_source_evidence	stmt_line_id	public	finance_stmt_lines	id
public	finance_valuation_advisor_output_variants	advisor_output_id	public	finance_valuation_advisor_outputs	id
public	finance_valuation_advisor_output_variants	compared_business_version_id	public	finance_business_versions	business_version_id
public	finance_valuation_advisor_output_variants	organization_id	public	finance_business_versions	organization_id
public	finance_valuation_advisor_outputs	business_version_id	public	finance_business_versions	business_version_id
public	finance_valuation_advisor_outputs	compute_snapshot_id	public	finance_compute_snapshots	compute_snapshot_id
public	finance_valuation_advisor_outputs	organization_id	public	finance_business_versions	organization_id
public	finance_valuation_cases	organization_id	public	organizations	id
public	finance_valuation_comps	method_id	public	finance_valuation_methods	id
public	finance_valuation_comps	method_id	public	finance_valuation_methods	id
public	finance_valuation_comps	organization_id	public	finance_valuation_methods	organization_id
public	finance_valuation_compute_command_receipts	business_version_id	public	finance_business_versions	business_version_id
public	finance_valuation_compute_command_receipts	job_id	public	compute_jobs	id
public	finance_valuation_compute_command_receipts	organization_id	public	compute_jobs	organization_id
public	finance_valuation_compute_command_receipts	organization_id	public	finance_business_versions	organization_id
public	finance_valuation_depth_command_receipts	artifact_id	public	finance_artifacts	artifact_id
public	finance_valuation_depth_command_receipts	business_version_id	public	finance_business_versions	business_version_id
public	finance_valuation_depth_command_receipts	business_version_id	public	finance_valuation_depth_states	business_version_id
public	finance_valuation_depth_command_receipts	legacy_valuation_id	public	valuations	id
public	finance_valuation_depth_command_receipts	organization_id	public	finance_artifacts	organization_id
public	finance_valuation_depth_command_receipts	organization_id	public	finance_business_versions	organization_id
public	finance_valuation_depth_command_receipts	organization_id	public	finance_valuation_depth_states	organization_id
public	finance_valuation_depth_command_receipts	organization_id	public	finance_working_revisions	organization_id
public	finance_valuation_depth_command_receipts	organization_id	public	valuations	organization_id
public	finance_valuation_depth_command_receipts	working_revision_id	public	finance_working_revisions	working_revision_id
public	finance_valuation_depth_states	artifact_id	public	finance_artifacts	artifact_id
public	finance_valuation_depth_states	business_version_id	public	finance_business_versions	business_version_id
public	finance_valuation_depth_states	legacy_valuation_id	public	valuations	id
public	finance_valuation_depth_states	organization_id	public	finance_artifacts	organization_id
public	finance_valuation_depth_states	organization_id	public	finance_business_versions	organization_id
public	finance_valuation_depth_states	organization_id	public	finance_working_revisions	organization_id
public	finance_valuation_depth_states	organization_id	public	valuations	organization_id
public	finance_valuation_depth_states	source_working_revision_id	public	finance_working_revisions	working_revision_id
public	finance_valuation_direct_assumptions	artifact_id	public	finance_artifacts	artifact_id
public	finance_valuation_direct_assumptions	organization_id	public	finance_artifacts	organization_id
public	finance_valuation_direct_assumptions	organization_id	public	finance_working_revisions	organization_id
public	finance_valuation_direct_assumptions	source_working_revision_id	public	finance_working_revisions	working_revision_id
public	finance_valuation_discard_receipts	artifact_id	public	finance_artifacts	artifact_id
public	finance_valuation_discard_receipts	business_version_id	public	finance_business_versions	business_version_id
public	finance_valuation_discard_receipts	legacy_valuation_id	public	valuations	id
public	finance_valuation_discard_receipts	organization_id	public	finance_artifacts	organization_id
public	finance_valuation_discard_receipts	organization_id	public	finance_business_versions	organization_id
public	finance_valuation_discard_receipts	organization_id	public	finance_working_revisions	organization_id
public	finance_valuation_discard_receipts	organization_id	public	valuations	organization_id
public	finance_valuation_discard_receipts	working_revision_id	public	finance_working_revisions	working_revision_id
public	finance_valuation_ev_equity_bridge	business_version_id	public	finance_business_versions	business_version_id
public	finance_valuation_ev_equity_bridge	organization_id	public	finance_business_versions	organization_id
public	finance_valuation_ev_equity_bridge	source_working_revision_id	public	finance_working_revisions	working_revision_id
public	finance_valuation_ev_equity_bridge_components	bridge_id	public	finance_valuation_ev_equity_bridge	id
public	finance_valuation_ev_equity_bridge_components	bridge_id	public	finance_valuation_ev_equity_bridge	id
public	finance_valuation_ev_equity_bridge_components	organization_id	public	finance_valuation_ev_equity_bridge	organization_id
public	finance_valuation_input_command_events	artifact_id	public	finance_artifacts	artifact_id
public	finance_valuation_input_command_events	business_version_id	public	finance_business_versions	business_version_id
public	finance_valuation_input_command_events	organization_id	public	finance_artifacts	organization_id
public	finance_valuation_input_command_events	organization_id	public	finance_business_versions	organization_id
public	finance_valuation_input_command_events	organization_id	public	finance_working_revisions	organization_id
public	finance_valuation_input_command_events	working_revision_id	public	finance_working_revisions	working_revision_id
public	finance_valuation_methods	business_version_id	public	finance_business_versions	business_version_id
public	finance_valuation_methods	organization_id	public	finance_business_versions	organization_id
public	finance_valuation_methods	source_working_revision_id	public	finance_working_revisions	working_revision_id
public	finance_valuation_negotiation_pack_receipts	artifact_id	public	finance_artifacts	artifact_id
public	finance_valuation_negotiation_pack_receipts	business_version_id	public	finance_business_versions	business_version_id
public	finance_valuation_negotiation_pack_receipts	business_version_id	public	finance_valuation_negotiation_packs	business_version_id
public	finance_valuation_negotiation_pack_receipts	legacy_valuation_id	public	valuations	id
public	finance_valuation_negotiation_pack_receipts	organization_id	public	finance_artifacts	organization_id
public	finance_valuation_negotiation_pack_receipts	organization_id	public	finance_business_versions	organization_id
public	finance_valuation_negotiation_pack_receipts	organization_id	public	finance_valuation_negotiation_packs	organization_id
public	finance_valuation_negotiation_pack_receipts	organization_id	public	finance_working_revisions	organization_id
public	finance_valuation_negotiation_pack_receipts	organization_id	public	valuations	organization_id
public	finance_valuation_negotiation_pack_receipts	working_revision_id	public	finance_working_revisions	working_revision_id
public	finance_valuation_negotiation_packs	artifact_id	public	finance_artifacts	artifact_id
public	finance_valuation_negotiation_packs	business_version_id	public	finance_business_versions	business_version_id
public	finance_valuation_negotiation_packs	legacy_valuation_id	public	valuations	id
public	finance_valuation_negotiation_packs	organization_id	public	finance_artifacts	organization_id
public	finance_valuation_negotiation_packs	organization_id	public	finance_business_versions	organization_id
public	finance_valuation_negotiation_packs	organization_id	public	finance_working_revisions	organization_id
public	finance_valuation_negotiation_packs	organization_id	public	valuations	organization_id
public	finance_valuation_negotiation_packs	source_working_revision_id	public	finance_working_revisions	working_revision_id
public	finance_valuation_pptx_exports	artifact_id	public	finance_artifacts	artifact_id
public	finance_valuation_pptx_exports	business_version_id	public	finance_business_versions	business_version_id
public	finance_valuation_pptx_exports	export_receipt_id	public	artifact_export_receipts	export_receipt_id
public	finance_valuation_pptx_exports	legacy_valuation_id	public	valuations	id
public	finance_valuation_pptx_exports	organization_id	public	finance_artifacts	organization_id
public	finance_valuation_pptx_exports	organization_id	public	finance_business_versions	organization_id
public	finance_valuation_pptx_exports	organization_id	public	finance_working_revisions	organization_id
public	finance_valuation_pptx_exports	organization_id	public	valuations	organization_id
public	finance_valuation_pptx_exports	working_revision_id	public	finance_working_revisions	working_revision_id
public	finance_valuation_registration_command_receipts	artifact_id	public	finance_artifacts	artifact_id
public	finance_valuation_registration_command_receipts	business_version_id	public	finance_business_versions	business_version_id
public	finance_valuation_registration_command_receipts	created_by	public	users	id
public	finance_valuation_registration_command_receipts	legacy_valuation_id	public	valuations	id
public	finance_valuation_registration_command_receipts	organization_id	public	finance_artifacts	organization_id
public	finance_valuation_registration_command_receipts	organization_id	public	finance_business_versions	organization_id
public	finance_valuation_registration_command_receipts	organization_id	public	finance_working_revisions	organization_id
public	finance_valuation_registration_command_receipts	organization_id	public	organizations	id
public	finance_valuation_registration_command_receipts	organization_id	public	valuations	organization_id
public	finance_valuation_registration_command_receipts	working_revision_id	public	finance_working_revisions	working_revision_id
public	finance_valuation_sensitivity_cells	grid_id	public	finance_valuation_sensitivity_grids	id
public	finance_valuation_sensitivity_cells	grid_id	public	finance_valuation_sensitivity_grids	id
public	finance_valuation_sensitivity_cells	organization_id	public	finance_valuation_sensitivity_grids	organization_id
public	finance_valuation_sensitivity_grids	method_id	public	finance_valuation_methods	id
public	finance_valuation_sensitivity_grids	method_id	public	finance_valuation_methods	id
public	finance_valuation_sensitivity_grids	organization_id	public	finance_valuation_methods	organization_id
public	finance_valuation_terminal	method_id	public	finance_valuation_methods	id
public	finance_valuation_terminal	method_id	public	finance_valuation_methods	id
public	finance_valuation_terminal	organization_id	public	finance_valuation_methods	organization_id
public	finance_valuation_terminal	source_working_revision_id	public	finance_working_revisions	working_revision_id
public	finance_valuation_variants	business_version_id	public	finance_business_versions	business_version_id
public	finance_valuation_variants	case_id	public	finance_valuation_cases	case_id
public	finance_valuation_variants	organization_id	public	finance_business_versions	organization_id
public	finance_valuation_wacc_inputs	business_version_id	public	finance_business_versions	business_version_id
public	finance_valuation_wacc_inputs	organization_id	public	finance_business_versions	organization_id
public	finance_working_revisions	artifact_id	public	finance_artifacts	artifact_id
public	finance_working_revisions	business_version_id	public	finance_business_versions	business_version_id
public	finance_working_revisions	organization_id	public	finance_artifacts	organization_id
public	finance_working_revisions	source_business_version_id	public	finance_business_versions	business_version_id
public	financial_analyses	organization_id	public	organizations	id
public	financial_analyses	source_statement_pack_id	public	financial_statement_packs	id
public	financial_analysis_findings	analysis_id	public	financial_analyses	id
public	financial_analysis_insights	analysis_id	public	financial_analyses	id
public	financial_analysis_ratios	analysis_id	public	financial_analyses	id
public	financial_model_events	model_id	public	financial_models	id
public	financial_model_outputs	model_id	public	financial_models	id
public	financial_model_validations	model_id	public	financial_models	id
public	financial_model_versions	model_id	public	financial_models	id
public	financial_models	case_id	public	financial_models	id
public	financial_models	source_statement_pack_id	public	financial_statement_packs	id
public	financial_ratio_snapshots	statement_id	public	financial_statements	id
public	financial_statement_candidate_rows	ingest_run_id	public	financial_statement_ingest_runs	id
public	financial_statement_candidate_rows	section_id	public	financial_statement_extracted_sections	id
public	financial_statement_candidate_rows	statement_id	public	financial_statements	id
public	financial_statement_extracted_sections	ingest_run_id	public	financial_statement_ingest_runs	id
public	financial_statement_extracted_sections	statement_id	public	financial_statements	id
public	financial_statement_ingest_runs	statement_id	public	financial_statements	id
public	financial_statement_line_aliases	statement_line_id	public	financial_statement_lines	id
public	financial_statement_mapping_candidates	candidate_row_id	public	financial_statement_candidate_rows	id
public	financial_statement_mapping_candidates	canonical_line_id	public	financial_statement_lines	id
public	financial_statement_mapping_candidates	ingest_run_id	public	financial_statement_ingest_runs	id
public	financial_statement_mapping_candidates	statement_id	public	financial_statements	id
public	financial_statement_packs	base_pack_id	public	financial_statement_packs	id
public	financial_statement_quality_runs	statement_id	public	financial_statements	id
public	financial_statement_repair_sessions	ingest_run_id	public	financial_statement_ingest_runs	id
public	financial_statement_repair_sessions	statement_id	public	financial_statements	id
public	financial_statement_source_artifacts	ingest_run_id	public	financial_statement_ingest_runs	id
public	financial_statement_source_artifacts	statement_id	public	financial_statements	id
public	financial_statement_validations	statement_id	public	financial_statements	id
public	financial_statement_validations	statement_pack_id	public	financial_statement_packs	id
public	financial_statement_value_evidence	candidate_row_id	public	financial_statement_candidate_rows	id
public	financial_statement_value_evidence	statement_value_id	public	financial_statement_values	id
public	financial_statement_value_versions	statement_id	public	financial_statements	id
public	financial_statement_values	canonical_line_id	public	financial_statement_lines	id
public	financial_statement_values	period_id	public	finance_periods	id
public	financial_statement_values	selected_mapping_candidate_id	public	financial_statement_mapping_candidates	id
public	financial_statement_values	source_candidate_row_id	public	financial_statement_candidate_rows	id
public	financial_statement_values	statement_id	public	financial_statements	id
public	financial_statement_versions	statement_id	public	financial_statements	id
public	financial_statements	statement_pack_id	public	financial_statement_packs	id
public	flow_accepted_classic_runtime_adoptions	candidate_id	public	initiative_candidates	id
public	flow_accepted_classic_runtime_adoptions	classic_initiative_id	public	initiatives	id
public	flow_accepted_classic_runtime_adoptions	organization_id	public	organizations	id
public	flow_accepted_classic_runtime_adoptions	project_id	public	projects	id
public	flow_accepted_classic_runtime_adoptions	swot_handoff_receipt_id	public	swot_candidate_handoffs	id
public	flow_accepted_classic_runtime_adoptions	tool_output_id	public	tool_outputs	id
public	flow_teresa_chat_draft_adoptions	chat_initiative_id	public	initiatives	id
public	flow_teresa_chat_draft_adoptions	organization_id	public	organizations	id
public	flow_teresa_chat_draft_adoptions	project_id	public	projects	id
public	framework_entitlements	granted_by	public	users	id
public	framework_entitlements	organization_id	public	organizations	id
public	framework_import_logs	assessment_id	public	multi_framework_assessments	id
public	framework_import_logs	imported_by	public	users	id
public	framework_import_logs	organization_id	public	organizations	id
public	framework_score_history	assessment_id	public	multi_framework_assessments	id
public	framework_score_history	changed_by	public	users	id
public	generated_workbook_versions	workbook_id	public	generated_workbooks	id
public	generic_assessment_reports	organization_id	public	organizations	id
public	generic_assessment_reports	project_id	public	projects	id
public	generic_assessment_reports	uploaded_by	public	users	id
public	help_analytics	organization_id	public	organizations	id
public	help_analytics	user_id	public	users	id
public	help_events	user_id	public	users	id
public	help_feedback	organization_id	public	organizations	id
public	help_feedback	user_id	public	users	id
public	help_micro_video_dismissals	user_id	public	users	id
public	help_playbook_steps	playbook_key	public	help_playbooks	key
public	idea_business_cases	idea_id	public	my_ideas	id
public	idea_financial_cases	idea_id	public	my_ideas	id
public	ideas	organization_id	public	organizations	id
public	ie_initiative_card_selection	card_key	public	ie_initiative_card_catalog	card_key
public	ie_initiative_card_versions	card_key	public	ie_initiative_card_catalog	card_key
public	ie_outbox_delivery_receipts	source_event_id	public	ie_outbox_events	id
public	initiative_benefits	initiative_id	public	initiatives	id
public	initiative_benefits	source_initiative_kpi_id	public	initiative_kpis	id
public	initiative_budget_items	initiative_id	public	initiatives	id
public	initiative_budget_items	organization_id	public	organizations	id
public	initiative_budgets	initiative_id	public	initiatives	id
public	initiative_budgets	organization_id	public	organizations	id
public	initiative_closure_evidence	closure_request_id	public	initiative_closure_requests	id
public	initiative_closure_evidence	initiative_id	public	initiatives	id
public	initiative_closure_evidence	organization_id	public	organizations	id
public	initiative_closure_requests	approver_id	public	users	id
public	initiative_closure_requests	initiative_id	public	initiatives	id
public	initiative_closure_requests	organization_id	public	organizations	id
public	initiative_dependencies	from_initiative_id	public	initiatives	id
public	initiative_dependencies	organization_id	public	organizations	id
public	initiative_dependencies	project_id	public	projects	id
public	initiative_dependencies	to_initiative_id	public	initiatives	id
public	initiative_gate_roles	assigned_by	public	users	id
public	initiative_gate_roles	initiative_id	public	initiatives	id
public	initiative_gate_roles	user_id	public	users	id
public	initiative_intangible_assets	initiative_id	public	initiatives	id
public	initiative_intangible_assets	organization_id	public	organizations	id
public	initiative_kpi_mappings	initiative_id	public	initiatives	id
public	initiative_kpi_mappings	kpi_id	public	initiative_kpis	id
public	initiative_kpis	current_definition_version	public	kpi_definition_versions	version_no
public	initiative_kpis	id	public	kpi_definition_versions	kpi_id
public	initiative_kpis	initiative_id	public	initiatives	id
public	initiative_lifecycle_gate_decisions	a05_approval_receipt_ref	public	v8_agent_proposal_scope_reviews	review_id
public	initiative_lifecycle_gate_decisions	a05_proposal_version_id	public	v8_agent_proposal_versions	proposal_version_id
public	initiative_lifecycle_gate_decisions	human_actor_user_id	public	users	id
public	initiative_lifecycle_gate_decisions	initiative_id	public	initiatives	id
public	initiative_lifecycle_gate_decisions	supersedes_decision_id	public	initiative_lifecycle_gate_decisions	decision_id
public	initiative_lifecycle_gate_decisions	transformation_case_id	public	transformation_cases	transformation_case_id
public	initiative_milestone_dependencies	initiative_id	public	initiatives	id
public	initiative_milestone_dependencies	organization_id	public	organizations	id
public	initiative_milestone_dependencies	source_milestone_id	public	initiative_milestones	id
public	initiative_milestone_dependencies	target_milestone_id	public	initiative_milestones	id
public	initiative_milestones	gate_decision_id	public	decisions	id
public	initiative_milestones	initiative_id	public	initiatives	id
public	initiative_milestones	organization_id	public	organizations	id
public	initiative_resources	initiative_id	public	initiatives	id
public	initiative_resources	organization_id	public	organizations	id
public	initiative_schedule_baselines	created_by	public	users	id
public	initiative_schedule_baselines	initiative_id	public	initiatives	id
public	initiative_schedule_baselines	organization_id	public	organizations	id
public	initiative_stakeholders	initiative_id	public	initiatives	id
public	initiative_stakeholders	registry_id	public	stakeholder_registry	id
public	initiative_status_history	initiative_id	public	initiatives	id
public	initiative_templates	organization_id	public	organizations	id
public	initiative_tools	initiative_id	public	initiatives	id
public	initiative_tools	organization_id	public	organizations	id
public	initiatives	initiative_template_id	public	initiative_templates	id
public	initiatives	organization_id	public	organizations	id
public	initiatives	owner_business_id	public	users	id
public	initiatives	owner_execution_id	public	users	id
public	initiatives	sponsor_id	public	users	id
public	integration_audit_log	organization_id	public	organizations	id
public	integration_ownership	owner_user_id	public	users	id
public	integration_sync_log	integration_id	public	integrations	id
public	integration_sync_logs	organization_id	public	organizations	id
public	integration_sync_mappings	integration_id	public	integrations	id
public	integration_sync_runs	integration_id	public	integrations	id
public	integration_sync_runs	organization_id	public	organizations	id
public	integration_webhooks	integration_id	public	integrations	id
public	interview_ai_suggestion_audit	question_id	public	interview_questions	id
public	interview_answer_history	assignment_id	public	interview_assignments	id
public	interview_answer_history	question_id	public	interview_questions	id
public	interview_evidence	question_id	public	interview_questions	id
public	interview_evidence	session_id	public	interview_sessions	id
public	interview_insights	organization_id	public	organizations	id
public	interview_library_template_questions	template_id	public	interview_library_templates	id
public	interview_messages	session_id	public	interview_sessions	id
public	interview_notes	session_id	public	interview_sessions	id
public	interview_public_answer_receipts	distribution_id	public	interview_distributions	id
public	interview_questions	answered_via_distribution_id	public	interview_distributions	id
public	interview_questions	session_id	public	interview_sessions	id
public	interview_template_questions	template_id	public	interview_templates	id
public	invitation_events	invitation_id	public	invitations	id
public	invitation_events	performed_by_user_id	public	users	id
public	invitations	invited_by	public	users	id
public	invitations	organization_id	public	organizations	id
public	invoice_templates	organization_id	public	organizations	id
public	invoices	organization_id	public	organizations	id
public	ip_access_rules	created_by	public	users	id
public	ip_access_rules	organization_id	public	organizations	id
public	ip_access_rules	user_id	public	users	id
public	journey_events	user_id	public	users	id
public	kb_article_collections	collection_id	public	kb_collections	id
public	kb_article_sources	source_id	public	kb_sources	id
public	kb_article_tags	tag_id	public	kb_tags	id
public	kb_article_translations	article_id	public	kb_articles	id
public	kb_article_views	article_id	public	kb_articles	id
public	kb_articles	category_id	public	kb_categories	id
public	kb_category_translations	category_id	public	kb_categories	id
public	kb_collection_translations	collection_id	public	kb_collections	id
public	kb_collections	parent_collection_id	public	kb_collections	id
public	kb_tag_translations	tag_id	public	kb_tags	id
public	kb_tags	redirect_to_tag_id	public	kb_tags	id
public	knowledge_chunks	doc_id	public	knowledge_docs	id
public	knowledge_documents	organization_id	public	organizations	id
public	knowledge_documents	project_id	public	projects	id
public	knowledge_pill_sections	pill_version_id	public	knowledge_pill_versions	id
public	knowledge_pill_versions	pill_id	public	knowledge_pills	id
public	kpi_crosswalk	canonical_kpi_id	public	rvn_kpi_definitions	kpi_id
public	kpi_definition_versions	kpi_id	public	initiative_kpis	id
public	kpi_deviation_actions	case_id	public	kpi_deviation_cases	id
public	kpi_deviation_cases	kpi_id	public	initiative_kpis	id
public	kpi_financial_mappings	kpi_id	public	initiative_kpis	id
public	kpi_financial_mappings	statement_line_id	public	financial_statement_lines	id
public	kpi_measurements	kpi_id	public	initiative_kpis	id
public	kpi_recovery_actions	linked_task_id	public	tasks	id
public	kpi_recovery_actions	recovery_card_id	public	kpi_recovery_cards	id
public	kpi_recovery_cards	deviation_case_id	public	kpi_deviation_cases	id
public	kpi_recovery_cards	kpi_id	public	initiative_kpis	id
public	kpi_recovery_cause_decisions	recovery_card_id	public	kpi_recovery_cards	id
public	kpi_recovery_checkpoints	kpi_time_series_id	public	kpi_time_series	id
public	kpi_recovery_checkpoints	recovery_card_id	public	kpi_recovery_cards	id
public	kpi_recovery_experiments	recovery_card_id	public	kpi_recovery_cards	id
public	kpi_scorecard_items	kpi_id	public	initiative_kpis	id
public	kpi_scorecard_items	scorecard_id	public	kpi_scorecards	id
public	kpi_time_series	definition_version_id	public	kpi_definition_versions	id
public	kpi_time_series	kpi_id	public	initiative_kpis	id
public	lane_decisions	organization_id	public	organizations	id
public	lane_execution_plans	decision_id	public	lane_decisions	id
public	lane_execution_plans	organization_id	public	organizations	id
public	legal_document_acceptances	document_id	public	legal_documents	id
public	legal_document_acceptances	user_id	public	users	id
public	legal_documents	created_by	public	users	id
public	legal_documents	published_by	public	users	id
public	llm_org_policies	organization_id	public	organizations	id
public	login_history	user_id	public	users	id
public	management_report_approvals	assigned_to	public	users	id
public	management_report_approvals	decided_by	public	users	id
public	management_report_approvals	report_id	public	management_reports	id
public	management_report_approvals	version_id	public	management_report_versions	id
public	management_report_audit_log	report_id	public	management_reports	id
public	management_report_audit_log	version_id	public	management_report_versions	id
public	management_report_comments	created_by	public	users	id
public	management_report_comments	parent_comment_id	public	management_report_comments	id
public	management_report_comments	report_id	public	management_reports	id
public	management_report_comments	resolved_by	public	users	id
public	management_report_comments	version_id	public	management_report_versions	id
public	management_report_recipients	report_id	public	management_reports	id
public	management_report_recipients	user_id	public	users	id
public	management_report_schedules	created_by	public	users	id
public	management_report_schedules	organization_id	public	organizations	id
public	management_report_schedules	project_id	public	projects	id
public	management_report_templates	created_by	public	users	id
public	management_report_templates	organization_id	public	organizations	id
public	management_report_versions	created_by	public	users	id
public	management_report_versions	report_id	public	management_reports	id
public	management_reports	generated_by	public	users	id
public	management_reports	organization_id	public	organizations	id
public	management_reports	project_id	public	projects	id
public	marketplace_imports	organization_id	public	organizations	id
public	maturity_assessments	project_id	public	projects	id
public	mcp_audit_logs	organization_id	public	organizations	id
public	mcp_audit_logs	user_id	public	users	id
public	mcp_provider_allowlist	organization_id	public	organizations	id
public	mcp_provider_allowlist	provider_id	public	mcp_providers	id
public	mcp_provider_tools_cache	organization_id	public	organizations	id
public	mcp_provider_tools_cache	provider_id	public	mcp_providers	id
public	mcp_providers	organization_id	public	organizations	id
public	meeting_follow_ups	meeting_id	public	meetings	id
public	message_edits	message_id	public	conversation_messages	id
public	method_approvals	organization_id	public	organizations	id
public	method_approvals	session_id	public	method_sessions	id
public	method_events	organization_id	public	organizations	id
public	method_events	session_id	public	method_sessions	id
public	method_evidence	organization_id	public	organizations	id
public	method_evidence	session_id	public	method_sessions	id
public	method_findings	organization_id	public	organizations	id
public	method_findings	output_id	public	method_outputs	id
public	method_initiative_drafts	organization_id	public	organizations	id
public	method_initiative_drafts	output_id	public	method_outputs	id
public	method_initiative_drafts	session_id	public	method_sessions	id
public	method_initiative_drafts	superseded_by_output_id	public	method_outputs	id
public	method_outputs	organization_id	public	organizations	id
public	method_outputs	revision_of_output_id	public	method_outputs	id
public	method_outputs	session_id	public	method_sessions	id
public	method_outputs	snapshot_id	public	method_snapshots	id
public	method_packs	organization_id	public	organizations	id
public	method_report_snapshots	organization_id	public	organizations	id
public	method_report_snapshots	output_id	public	method_outputs	id
public	method_report_snapshots	session_id	public	method_sessions	id
public	method_report_snapshots	superseded_by_output_id	public	method_outputs	id
public	method_session_create_idempotency	organization_id	public	organizations	id
public	method_session_create_idempotency	session_id	public	method_sessions	id
public	method_session_report_metadata	organization_id	public	organizations	id
public	method_session_report_metadata	session_id	public	method_sessions	id
public	method_session_role_events	organization_id	public	organizations	id
public	method_session_role_events	session_id	public	method_sessions	id
public	method_session_roles	organization_id	public	organizations	id
public	method_session_roles	session_id	public	method_sessions	id
public	method_sessions	organization_id	public	organizations	id
public	method_sessions	revision_of_session_id	public	method_sessions	id
public	method_snapshots	organization_id	public	organizations	id
public	method_snapshots	session_id	public	method_sessions	id
public	method_teresa_previews	organization_id	public	organizations	id
public	method_teresa_previews	session_id	public	method_sessions	id
public	mfa_attempts	user_id	public	users	id
public	mfa_login_challenges	organization_id	public	organizations	id
public	mfa_login_challenges	user_id	public	users	id
public	mobile_devices	user_id	public	users	id
public	mobile_preferences	user_id	public	users	id
public	module_help	article_id	public	help_articles	id
public	module_interest	org_id	public	organizations	id
public	module_interest	user_id	public	users	id
public	multi_framework_assessments	organization_id	public	organizations	id
public	my_idea_activity	idea_id	public	my_ideas	id
public	my_idea_conversions	idea_id	public	my_ideas	id
public	my_idea_edges	source_idea_id	public	my_ideas	id
public	my_idea_edges	target_idea_id	public	my_ideas	id
public	my_idea_map_snapshots	idea_id	public	my_ideas	id
public	my_idea_maps	idea_id	public	my_ideas	id
public	myw_agent_canonical_outbox	organization_id	public	organizations	id
public	myw_agent_materialization_approvals	approver_id	public	users	id
public	myw_agent_materialization_approvals	organization_id	public	organizations	id
public	myw_agent_materialization_approvals	proposal_id	public	myw_agent_materialization_proposals	proposal_id
public	myw_agent_materialization_proposals	organization_id	public	organizations	id
public	myw_agent_materialization_proposals	requester_id	public	users	id
public	myw_agent_materialization_receipts	approval_id	public	myw_agent_materialization_approvals	approval_id
public	myw_agent_materialization_receipts	materialized_by	public	users	id
public	myw_agent_materialization_receipts	organization_id	public	organizations	id
public	myw_agent_materialization_receipts	proposal_id	public	myw_agent_materialization_proposals	proposal_id
public	notification_activity_log	notification_id	public	notifications	id
public	notification_activity_log	user_id	public	users	id
public	notification_comments	notification_id	public	notifications	id
public	notification_comments	user_id	public	users	id
public	notification_delivery_log	notification_id	public	notifications	id
public	notification_digest_queue	notification_id	public	notifications	id
public	notification_rules	created_by	public	users	id
public	notification_rules	organization_id	public	organizations	id
public	notification_settings	user_id	public	users	id
public	notifications	user_id	public	users	id
public	oauth_links	user_id	public	users	id
public	offline_sync_queue	device_id	public	mobile_devices	id
public	offline_sync_queue	user_id	public	users	id
public	okr_check_ins	key_result_id	public	okr_key_results	id
public	okr_key_results	kpi_definition_version_id	public	kpi_definition_versions	id
public	okr_key_results	kpi_id	public	initiative_kpis	id
public	okr_key_results	objective_id	public	okr_objectives	id
public	okr_objectives	cycle_id	public	okr_cycles	id
public	okr_vnext_alignments	source_objective_id	public	okr_vnext_objectives	objective_id
public	okr_vnext_alignments	target_objective_id	public	okr_vnext_objectives	objective_id
public	okr_vnext_approved_snapshots	set_id	public	okr_vnext_sets	set_id
public	okr_vnext_checkin_occurrences	cycle_id	public	okr_vnext_cycles	cycle_id
public	okr_vnext_checkins	cadence_occurrence_id	public	okr_vnext_checkin_occurrences	cadence_occurrence_id
public	okr_vnext_checkins	correction_of_checkin_id	public	okr_vnext_checkins	checkin_id
public	okr_vnext_checkins	key_result_id	public	okr_vnext_key_results	key_result_id
public	okr_vnext_checkins	objective_id	public	okr_vnext_objectives	objective_id
public	okr_vnext_checkins	set_id	public	okr_vnext_sets	set_id
public	okr_vnext_cycles	policy_version_id	public	okr_vnext_program_policy_versions	policy_version_id
public	okr_vnext_cycles	program_id	public	okr_vnext_programs	program_id
public	okr_vnext_decision_links	key_result_id	public	okr_vnext_key_results	key_result_id
public	okr_vnext_decision_links	objective_id	public	okr_vnext_objectives	objective_id
public	okr_vnext_decision_links	set_id	public	okr_vnext_sets	set_id
public	okr_vnext_decision_links	support_request_id	public	okr_vnext_support_requests	request_id
public	okr_vnext_key_results	objective_id	public	okr_vnext_objectives	objective_id
public	okr_vnext_key_results	progress_calc_policy_version_id	public	okr_vnext_program_policy_versions	policy_version_id
public	okr_vnext_key_results	set_id	public	okr_vnext_sets	set_id
public	okr_vnext_objectives	confidence_calc_policy_version_id	public	okr_vnext_program_policy_versions	policy_version_id
public	okr_vnext_objectives	progress_calc_policy_version_id	public	okr_vnext_program_policy_versions	policy_version_id
public	okr_vnext_objectives	set_id	public	okr_vnext_sets	set_id
public	okr_vnext_program_policy_versions	program_id	public	okr_vnext_programs	program_id
public	okr_vnext_programs	active_policy_version_id	public	okr_vnext_program_policy_versions	policy_version_id
public	okr_vnext_reflections	objective_id	public	okr_vnext_objectives	objective_id
public	okr_vnext_reflections	scoring_policy_version_id	public	okr_vnext_program_policy_versions	policy_version_id
public	okr_vnext_reflections	set_id	public	okr_vnext_sets	set_id
public	okr_vnext_reviews	set_id	public	okr_vnext_sets	set_id
public	okr_vnext_set_versions	set_id	public	okr_vnext_sets	set_id
public	okr_vnext_sets	carried_from_set_id	public	okr_vnext_sets	set_id
public	okr_vnext_sets	cycle_id	public	okr_vnext_cycles	cycle_id
public	okr_vnext_sets	latest_approved_snapshot_id	public	okr_vnext_approved_snapshots	snapshot_id
public	okr_vnext_sets	program_id	public	okr_vnext_programs	program_id
public	okr_vnext_support_requests	key_result_id	public	okr_vnext_key_results	key_result_id
public	okr_vnext_support_requests	objective_id	public	okr_vnext_objectives	objective_id
public	okr_vnext_support_requests	origin_checkin_id	public	okr_vnext_checkins	checkin_id
public	okr_vnext_support_requests	set_id	public	okr_vnext_sets	set_id
public	operational_alert_delivery_receipts	delivery_id	public	operational_alert_delivery_outbox	delivery_id
public	operational_alert_incident_events	incident_id	public	operational_alert_incidents	incident_id
public	operational_alert_repair_attempts	intent_id	public	operational_alert_repair_intents	intent_id
public	operational_alert_repair_attempts	organization_id	public	operational_alert_repair_intents	organization_id
public	operational_alert_repair_receipts	intent_id	public	operational_alert_repair_intents	intent_id
public	operational_alert_repair_receipts	organization_id	public	operational_alert_repair_intents	organization_id
public	operational_alert_repair_receipts	organization_id	public	operational_alert_signals	organization_id
public	operational_alert_repair_receipts	signal_id	public	operational_alert_signals	signal_id
public	organization_ai_settings	organization_id	public	organizations	id
public	organization_billing	organization_id	public	organizations	id
public	organization_billing	subscription_plan_id	public	subscription_plans	id
public	organization_branding	organization_id	public	organizations	id
public	organization_context_claims	item_id	public	organization_context_items	id
public	organization_context_consumer_bindings	proposal_id	public	artifact_handoff_proposals	proposal_id
public	organization_context_upload_receipts	document_id	public	knowledge_docs	id
public	organization_context_upload_receipts	organization_id	public	organizations	id
public	organization_data_retention	organization_id	public	organizations	id
public	organization_events	organization_id	public	organizations	id
public	organization_facilities	organization_id	public	organizations	id
public	organization_members	organization_id	public	organizations	id
public	organization_members	user_id	public	users	id
public	organization_metadata	organization_id	public	organizations	id
public	organization_profiles	organization_id	public	organizations	id
public	organization_seats	organization_id	public	organizations	id
public	organization_seats	user_id	public	users	id
public	organization_settings	organization_id	public	organizations	id
public	organization_switch_log	from_organization_id	public	organizations	id
public	organization_switch_log	to_organization_id	public	organizations	id
public	organization_switch_log	user_id	public	users	id
public	organizations	owner_id	public	users	id
public	ownership_transfers	from_user_id	public	users	id
public	ownership_transfers	organization_id	public	organizations	id
public	ownership_transfers	to_user_id	public	users	id
public	ownership_transfers	transferred_by	public	users	id
public	partner	organization_id	public	organizations	id
public	partner_activity_log	partner_org_id	public	partner_organizations	id
public	partner_campaign_links	partner_org_id	public	partner_organizations	id
public	partner_certificates	certification_id	public	partner_certifications	id
public	partner_certificates	partner_org_id	public	partner_organizations	id
public	partner_certification_attempts	certification_id	public	partner_certifications	id
public	partner_certification_attempts	partner_org_id	public	partner_organizations	id
public	partner_certification_mutation_receipts	partner_org_id	public	partner_organizations	id
public	partner_certification_mutation_receipts	user_id	public	users	id
public	partner_certifications	partner_org_id	public	partner_organizations	id
public	partner_client_organizations	partner_org_id	public	partner_organizations	id
public	partner_commissions	client_org_id	public	partner_client_organizations	id
public	partner_commissions	license_id	public	partner_licenses	id
public	partner_commissions	partner_org_id	public	partner_organizations	id
public	partner_connection_receipts	organization_id	public	organizations	id
public	partner_connection_receipts	user_id	public	users	id
public	partner_invoices	partner_org_id	public	partner_organizations	id
public	partner_learning_progress	certification_id	public	partner_certifications	id
public	partner_learning_progress	module_id	public	partner_learning_modules	id
public	partner_licenses	client_org_id	public	partner_client_organizations	id
public	partner_licenses	partner_org_id	public	partner_organizations	id
public	partner_operator_review_receipts	actor_user_id	public	users	id
public	partner_organizations	owner_organization_id	public	organizations	id
public	partner_outreach_enrollments	campaign_id	public	partner_outreach_campaigns	id
public	partner_outreach_enrollments	lead_id	public	partner_outreach_leads	id
public	partner_outreach_events	campaign_id	public	partner_outreach_campaigns	id
public	partner_outreach_events	lead_id	public	partner_outreach_leads	id
public	partner_outreach_events	message_instance_id	public	partner_outreach_message_instances	id
public	partner_outreach_message_instances	campaign_id	public	partner_outreach_campaigns	id
public	partner_outreach_message_instances	enrollment_id	public	partner_outreach_enrollments	id
public	partner_outreach_message_instances	lead_id	public	partner_outreach_leads	id
public	partner_outreach_message_instances	step_id	public	partner_outreach_steps	id
public	partner_outreach_steps	campaign_id	public	partner_outreach_campaigns	id
public	partner_owner_binding_receipts	actor_user_id	public	users	id
public	partner_owner_binding_receipts	apply_run_id	public	partner_owner_binding_receipts	run_id
public	partner_projects	client_org_id	public	partner_client_organizations	id
public	partner_projects	partner_org_id	public	partner_organizations	id
public	partner_referral_click_receipts	partner_org_id	public	partner_organizations	id
public	partner_referral_clicks	partner_org_id	public	partner_organizations	id
public	partner_regions	partner_org_id	public	partner_organizations	id
public	partner_resource_downloads	partner_org_id	public	partner_organizations	id
public	partner_resource_downloads	resource_id	public	partner_resources	id
public	partner_specializations	partner_org_id	public	partner_organizations	id
public	partner_users	partner_org_id	public	partner_organizations	id
public	partner_users	user_id	public	users	id
public	password_resets	user_id	public	users	id
public	payment_attempts	invoice_id	public	invoices	id
public	payment_attempts	organization_id	public	organizations	id
public	payment_failures	invoice_id	public	invoices	id
public	payment_failures	organization_id	public	organizations	id
public	payment_failures	subscription_id	public	subscriptions	id
public	payment_methods	organization_id	public	organizations	id
public	pdf_imports	organization_id	public	organizations	id
public	pdf_imports	project_id	public	projects	id
public	pdf_imports	user_id	public	users	id
public	permission_requests	organization_id	public	organizations	id
public	permission_requests	reviewed_by	public	users	id
public	permission_requests	user_id	public	users	id
public	pinned_prompts	user_id	public	users	id
public	plan_features	plan_id	public	subscription_plans	id
public	pmo_roles	organization_id	public	organizations	id
public	predictive_model_predictions	model_id	public	predictive_models	id
public	predictive_model_runs	model_id	public	predictive_models	id
public	predictive_models	created_by	public	users	id
public	presentation_cards	deck_id	public	presentation_decks	id
public	presentation_deck_versions	deck_id	public	presentation_decks	id
public	presentation_governance_subscriber_tokens	subscription_id	public	presentation_governance_alert_subscriptions	id
public	pricing_plan_features	plan_id	public	subscription_plans	id
public	process_definitions	organization_id	public	organizations	id
public	process_versions	process_definition_id	public	process_definitions	process_definition_id
public	programs	parent_program_id	public	programs	id
public	project_ai_settings	project_id	public	projects	id
public	project_budgets	project_id	public	projects	id
public	project_insights	project_id	public	projects	id
public	project_insights	session_id	public	interview_sessions	id
public	project_kpis	owner_id	public	users	id
public	project_kpis	project_id	public	projects	id
public	project_members	added_by_id	public	users	id
public	project_members	project_id	public	projects	id
public	project_members	user_id	public	users	id
public	project_members	workstream_id	public	workstreams	id
public	project_notification_settings	project_id	public	projects	id
public	project_steering_board	created_by_id	public	users	id
public	project_steering_board	project_id	public	projects	id
public	project_steering_board_members	project_id	public	projects	id
public	project_steering_board_members	user_id	public	users	id
public	project_team_members	organization_id	public	organizations	id
public	project_team_members	project_id	public	projects	id
public	project_team_members	user_id	public	users	id
public	project_users	project_id	public	projects	id
public	project_users	user_id	public	users	id
public	projects	organization_id	public	organizations	id
public	projects	owner_id	public	users	id
public	proration_records	organization_id	public	organizations	id
public	purpose_assignments	fallback_model_id	public	model_registry	id
public	purpose_assignments	registry_model_id	public	model_registry	id
public	push_notification_log	user_id	public	users	id
public	radar_actions	signal_id	public	radar_processed_signals	id
public	radar_actions	user_id	public	users	id
public	radar_processed_signals	raw_item_id	public	radar_raw_items	id
public	radar_processed_signals	source_id	public	radar_sources	id
public	radar_ranked_signals	signal_id	public	radar_processed_signals	id
public	radar_ranked_signals	user_id	public	users	id
public	radar_raw_items	source_id	public	radar_sources	id
public	raid_items	initiative_id	public	initiatives	id
public	raid_items	organization_id	public	organizations	id
public	rapid_lean_assessments	organization_id	public	organizations	id
public	rapid_lean_assessments	project_id	public	projects	id
public	refresh_tokens	user_id	public	users	id
public	report_agent_messages	organization_id	public	organizations	id
public	report_blocks	report_id	public	reports	id
public	report_builder_activity	action_by	public	users	id
public	report_builder_activity	report_id	public	report_builder_reports	id
public	report_builder_block_types	created_by	public	users	id
public	report_builder_block_types	organization_id	public	organizations	id
public	report_builder_comment_activity	action_by	public	users	id
public	report_builder_comment_activity	comment_id	public	report_builder_comments	id
public	report_builder_comment_activity	report_id	public	report_builder_reports	id
public	report_builder_comments	parent_comment_id	public	report_builder_comments	id
public	report_builder_comments	report_id	public	report_builder_reports	id
public	report_builder_comments	resolved_by	public	users	id
public	report_builder_comments	user_id	public	users	id
public	report_builder_reports	approved_by	public	users	id
public	report_builder_reports	created_by	public	users	id
public	report_builder_reports	organization_id	public	organizations	id
public	report_builder_reports	parent_report_id	public	report_builder_reports	id
public	report_builder_reports	sent_external_by	public	users	id
public	report_builder_reports	sent_internal_by	public	users	id
public	report_builder_sections	edited_by	public	users	id
public	report_builder_sections	report_id	public	report_builder_reports	id
public	report_builder_sessions	report_id	public	report_builder_reports	id
public	report_builder_sessions	user_id	public	users	id
public	report_builder_templates	created_by	public	users	id
public	report_builder_templates	organization_id	public	organizations	id
public	report_builder_versions	report_id	public	report_builder_reports	id
public	report_comments	parent_comment_id	public	report_comments	id
public	report_comments	report_id	public	assessment_reports	id
public	report_comments	resolved_by	public	users	id
public	report_comments	user_id	public	users	id
public	report_distributions	report_id	public	status_reports	id
public	report_edit_history	editor_id	public	users	id
public	report_edit_history	related_comment_id	public	report_comments	id
public	report_edit_history	report_id	public	assessment_reports	id
public	report_quality_gates	organization_id	public	organizations	id
public	report_section_history	report_id	public	status_reports	id
public	report_snapshots	report_id	public	reports	id
public	reports	organization_id	public	organizations	id
public	research_evidence	organization_id	public	organizations	id
public	results_kpi_report_snapshots	created_by	public	users	id
public	results_kpi_report_snapshots	organization_id	public	organizations	id
public	revenue_recognition	organization_id	public	organizations	id
public	revoked_tokens	user_id	public	users	id
public	roi_assumptions	initiative_id	public	initiatives	id
public	roi_realized_values	baseline_model_id	public	financial_models	id
public	roi_realized_values	initiative_id	public	initiatives	id
public	role_permissions	permission_key	public	permissions	key
public	rvn_execution_signal_receipts	organization_id	public	organizations	id
public	rvn_execution_signal_receipts	source_execution_link_id	public	execution_case_links	link_id
public	rvn_execution_signal_receipts	source_signal_id	public	execution_results_signal_outbox	signal_id
public	rvn_finance_reconciliation_decisions	organization_id	public	organizations	id
public	rvn_finance_reconciliation_decisions	organization_id	public	rvn_roi_finance_reconciliations	organization_id
public	rvn_finance_reconciliation_decisions	reconciliation_id	public	rvn_roi_finance_reconciliations	reconciliation_id
public	rvn_finance_reconciliation_grant_events	organization_id	public	organizations	id
public	rvn_kpi_corrective_actions	deviation_case_id	public	rvn_kpi_deviation_cases	case_id
public	rvn_kpi_definition_versions	kpi_id	public	rvn_kpi_definitions	kpi_id
public	rvn_kpi_definitions	current_definition_version_id	public	rvn_kpi_definition_versions	definition_version_id
public	rvn_kpi_definitions	response_policy_id	public	rvn_kpi_response_policies	response_policy_id
public	rvn_kpi_deviation_cases	close_effectiveness_verification_id	public	rvn_kpi_effectiveness_verifications	verification_id
public	rvn_kpi_deviation_cases	kpi_id	public	rvn_kpi_definitions	kpi_id
public	rvn_kpi_deviation_cases	recovery_observation_measurement_id	public	rvn_kpi_measurements	measurement_id
public	rvn_kpi_deviation_cases	reopened_from_case_id	public	rvn_kpi_deviation_cases	case_id
public	rvn_kpi_deviation_cases	trigger_measurement_id	public	rvn_kpi_measurements	measurement_id
public	rvn_kpi_effectiveness_verification_measurements	measurement_id	public	rvn_kpi_measurements	measurement_id
public	rvn_kpi_effectiveness_verification_measurements	verification_id	public	rvn_kpi_effectiveness_verifications	verification_id
public	rvn_kpi_effectiveness_verifications	deviation_case_id	public	rvn_kpi_deviation_cases	case_id
public	rvn_kpi_initiative_impacts	baseline_measurement_id	public	rvn_kpi_measurements	measurement_id
public	rvn_kpi_initiative_impacts	definition_version_id_at_commitment	public	rvn_kpi_definition_versions	definition_version_id
public	rvn_kpi_initiative_impacts	initiative_id	public	initiatives	id
public	rvn_kpi_initiative_impacts	kpi_id	public	rvn_kpi_definitions	kpi_id
public	rvn_kpi_initiative_impacts	reviewed_attribution_measurement_id	public	rvn_kpi_measurements	measurement_id
public	rvn_kpi_initiative_impacts	superseded_by_impact_id	public	rvn_kpi_initiative_impacts	impact_id
public	rvn_kpi_measurements	correction_of_measurement_id	public	rvn_kpi_measurements	measurement_id
public	rvn_kpi_measurements	definition_version_id	public	rvn_kpi_definition_versions	definition_version_id
public	rvn_kpi_measurements	kpi_id	public	rvn_kpi_definitions	kpi_id
public	rvn_kpi_recovery_actions	linked_task_id	public	tasks	id
public	rvn_kpi_recovery_actions	organization_id	public	kpi_recovery_cards	organization_id
public	rvn_kpi_recovery_actions	organization_id	public	tasks	organization_id
public	rvn_kpi_recovery_actions	recovery_card_id	public	kpi_recovery_cards	id
public	rvn_kpi_recovery_checkpoints	kpi_time_series_id	public	kpi_time_series	id
public	rvn_kpi_recovery_checkpoints	organization_id	public	kpi_recovery_cards	organization_id
public	rvn_kpi_recovery_checkpoints	organization_id	public	kpi_time_series	organization_id
public	rvn_kpi_recovery_checkpoints	recovery_card_id	public	kpi_recovery_cards	id
public	rvn_kpi_scorecard_items	kpi_id	public	rvn_kpi_definitions	kpi_id
public	rvn_kpi_scorecard_items	scorecard_id	public	rvn_kpi_scorecards	scorecard_id
public	rvn_kpi_scorecard_review_snapshot_measurements	measurement_id	public	rvn_kpi_measurements	measurement_id
public	rvn_kpi_scorecard_review_snapshot_measurements	snapshot_id	public	rvn_kpi_scorecard_review_snapshots	snapshot_id
public	rvn_kpi_scorecard_review_snapshots	scorecard_id	public	rvn_kpi_scorecards	scorecard_id
public	rvn_kpi_scorecard_review_snapshots	superseded_by_snapshot_id	public	rvn_kpi_scorecard_review_snapshots	snapshot_id
public	rvn_platform_consumer_processed	event_id	public	rvn_platform_events	event_id
public	rvn_platform_obligations	source_event_id	public	rvn_platform_events	event_id
public	rvn_platform_outbox	event_id	public	rvn_platform_events	event_id
public	rvn_platform_resource_visibility	policy_id	public	rvn_platform_visibility_policies	policy_id
public	rvn_roi_actual_entries	benefit_line_id	public	rvn_roi_benefit_lines	benefit_line_id
public	rvn_roi_actual_entries	case_id	public	rvn_roi_cases	case_id
public	rvn_roi_actual_entries	correction_of_actual_entry_id	public	rvn_roi_actual_entries	actual_entry_id
public	rvn_roi_actual_entries	cost_line_id	public	rvn_roi_cost_lines	cost_line_id
public	rvn_roi_actual_snapshots	case_id	public	rvn_roi_cases	case_id
public	rvn_roi_approval_snapshots	case_id	public	rvn_roi_cases	case_id
public	rvn_roi_approval_snapshots	decision_calculation_run_id	public	rvn_roi_calculation_runs	run_id
public	rvn_roi_assumption_outcomes	assumption_id	public	rvn_roi_assumptions	assumption_id
public	rvn_roi_assumption_outcomes	case_id	public	rvn_roi_cases	case_id
public	rvn_roi_assumption_outcomes	pir_id	public	rvn_roi_post_investment_reviews	pir_id
public	rvn_roi_assumptions	case_id	public	rvn_roi_cases	case_id
public	rvn_roi_baselines	case_id	public	rvn_roi_cases	case_id
public	rvn_roi_benefit_evidence_links	benefit_line_id	public	rvn_roi_benefit_lines	benefit_line_id
public	rvn_roi_benefit_evidence_links	case_id	public	rvn_roi_cases	case_id
public	rvn_roi_benefit_evidence_links	kpi_id	public	rvn_kpi_definitions	kpi_id
public	rvn_roi_benefit_evidence_links	pinned_kpi_definition_version_id	public	rvn_kpi_definition_versions	definition_version_id
public	rvn_roi_benefit_lines	case_id	public	rvn_roi_cases	case_id
public	rvn_roi_calculation_policy	case_id	public	rvn_roi_cases	case_id
public	rvn_roi_calculation_runs	case_id	public	rvn_roi_cases	case_id
public	rvn_roi_calculation_runs	scenario_id	public	rvn_roi_scenarios	scenario_id
public	rvn_roi_cases	current_actual_snapshot_id	public	rvn_roi_actual_snapshots	actual_snapshot_id
public	rvn_roi_cases	current_forecast_version_id	public	rvn_roi_forecast_versions	forecast_version_id
public	rvn_roi_cases	decision_calculation_run_id	public	rvn_roi_calculation_runs	run_id
public	rvn_roi_cases	initiative_id	public	initiatives	id
public	rvn_roi_cases	latest_approved_snapshot_id	public	rvn_roi_approval_snapshots	snapshot_id
public	rvn_roi_cases	original_approved_snapshot_id	public	rvn_roi_approval_snapshots	snapshot_id
public	rvn_roi_cost_lines	case_id	public	rvn_roi_cases	case_id
public	rvn_roi_finance_links	case_id	public	rvn_roi_cases	case_id
public	rvn_roi_finance_projections	case_id	public	rvn_roi_cases	case_id
public	rvn_roi_finance_projections	last_reconciliation_id	public	rvn_roi_finance_reconciliations	reconciliation_id
public	rvn_roi_finance_reconciliations	case_id	public	rvn_roi_cases	case_id
public	rvn_roi_finance_reconciliations	decision_policy_digest	public	rvn_finance_reconciliation_decisions	decision_policy_digest
public	rvn_roi_finance_reconciliations	decision_policy_version	public	rvn_finance_reconciliation_decisions	decision_policy_version
public	rvn_roi_finance_reconciliations	finance_link_id	public	rvn_roi_finance_links	link_id
public	rvn_roi_finance_reconciliations	organization_id	public	rvn_finance_reconciliation_decisions	organization_id
public	rvn_roi_finance_reconciliations	reconciliation_id	public	rvn_finance_reconciliation_decisions	reconciliation_id
public	rvn_roi_finance_reconciliations	terminal_decision_id	public	rvn_finance_reconciliation_decisions	decision_id
public	rvn_roi_finance_reconciliations	terminal_decision_status	public	rvn_finance_reconciliation_decisions	decision_status
public	rvn_roi_finance_reconciliations	terminal_decision_version	public	rvn_finance_reconciliation_decisions	decision_version
public	rvn_roi_forecast_versions	case_id	public	rvn_roi_cases	case_id
public	rvn_roi_forecast_versions	compared_against_snapshot_id	public	rvn_roi_approval_snapshots	snapshot_id
public	rvn_roi_post_investment_reviews	case_id	public	rvn_roi_cases	case_id
public	rvn_roi_risks	case_id	public	rvn_roi_cases	case_id
public	rvn_roi_scenario_overrides	scenario_id	public	rvn_roi_scenarios	scenario_id
public	rvn_roi_scenarios	case_id	public	rvn_roi_cases	case_id
public	rvn_roi_variance_causes	variance_id	public	rvn_roi_variances	variance_id
public	rvn_roi_variances	case_id	public	rvn_roi_cases	case_id
public	rvn_roi_variances	reference_actual_snapshot_id	public	rvn_roi_actual_snapshots	actual_snapshot_id
public	rvn_roi_variances	reference_approval_snapshot_id	public	rvn_roi_approval_snapshots	snapshot_id
public	rvn_roi_variances	reference_forecast_version_id	public	rvn_roi_forecast_versions	forecast_version_id
public	rvn_roi_visibility_governance	organization_id	public	organizations	id
public	sandbox_activity	sandbox_id	public	sandbox_projects	id
public	sandbox_exports	destination_project_id	public	projects	id
public	sandbox_exports	sandbox_id	public	sandbox_projects	id
public	sandbox_exports	user_id	public	users	id
public	sandbox_projects	organization_id	public	organizations	id
public	sandbox_projects	project_id	public	projects	id
public	schedule_executions	schedule_id	public	report_schedules	id
public	schedule_trigger_rules	schedule_id	public	report_schedules	id
public	seat_transactions	organization_id	public	organizations	id
public	seat_transactions	triggered_by_user_id	public	users	id
public	security_events	organization_id	public	organizations	id
public	security_events	user_id	public	users	id
public	security_settings	organization_id	public	organizations	id
public	sessions	project_id	public	projects	id
public	sessions	user_id	public	users	id
public	settings_audit_log	user_id	public	users	id
public	settings_templates	user_id	public	users	id
public	skills_gap_snapshots	organization_id	public	organizations	id
public	sms_delivery_log	user_id	public	users	id
public	sms_verification_codes	user_id	public	users	id
public	spending_alerts	organization_id	public	organizations	id
public	sso_configurations	organization_id	public	organizations	id
public	sso_sessions	organization_id	public	organizations	id
public	sso_sessions	sso_config_id	public	sso_configurations	id
public	sso_sessions	user_id	public	users	id
public	staffing_plan_roles	staffing_plan_id	public	staffing_plans	id
public	stakeholder_engagements	created_by	public	users	id
public	stakeholder_engagements	organization_id	public	organizations	id
public	stakeholder_engagements	project_id	public	projects	id
public	stakeholder_engagements	stakeholder_id	public	stakeholder_registry	id
public	stakeholder_registry	created_by	public	users	id
public	stakeholder_registry	organization_id	public	organizations	id
public	stakeholder_registry	user_id	public	users	id
public	status_reports	created_by	public	users	id
public	status_reports	organization_id	public	organizations	id
public	status_reports	project_id	public	projects	id
public	steerco_pack_recipients	pack_id	public	steerco_packs	id
public	studio_ai_sessions	document_id	public	studio_documents	id
public	studio_comments	author_id	public	users	id
public	studio_comments	document_id	public	studio_documents	id
public	studio_comments	resolved_by	public	users	id
public	studio_documents	created_by	public	users	id
public	studio_documents	linked_initiative_id	public	initiatives	id
public	studio_documents	linked_project_id	public	projects	id
public	studio_documents	linked_task_id	public	tasks	id
public	studio_documents	organization_id	public	organizations	id
public	studio_snapshots	created_by	public	users	id
public	studio_snapshots	document_id	public	studio_documents	id
public	studio_templates	created_by	public	users	id
public	studio_templates	organization_id	public	organizations	id
public	subscription_changes	approved_by	public	users	id
public	subscription_changes	from_plan_id	public	subscription_plans	id
public	subscription_changes	organization_id	public	organizations	id
public	subscription_changes	requested_by	public	users	id
public	subscription_changes	subscription_id	public	subscriptions	id
public	subscription_changes	to_plan_id	public	subscription_plans	id
public	subscription_events	organization_id	public	organizations	id
public	subscription_events	subscription_id	public	subscriptions	id
public	subscription_state_history	organization_id	public	organizations	id
public	subscriptions	organization_id	public	organizations	id
public	subscriptions	plan_id	public	subscription_plans	id
public	superadmin_audit_log	admin_user_id	public	users	id
public	superadmin_confirmed_actions	admin_id	public	users	id
public	superadmin_impersonation_sessions	admin_id	public	users	id
public	superadmin_impersonation_sessions	target_user_id	public	users	id
public	swot_proposals	tool_session_id	public	tool_sessions	id
public	sync_error_log	integration_id	public	integrations	id
public	sync_rate_limits	integration_id	public	integrations	id
public	system_feedback	user_id	public	users	id
public	task_comments	task_id	public	tasks	id
public	task_comments	user_id	public	users	id
public	task_dependencies	from_task_id	public	tasks	id
public	task_dependencies	to_task_id	public	tasks	id
public	task_history	task_id	public	tasks	id
public	task_labels	project_id	public	projects	id
public	tasks	assignee_id	public	users	id
public	tasks	custom_status_id	public	custom_statuses	id
public	tasks	escalated_to_id	public	users	id
public	tasks	organization_id	public	organizations	id
public	tasks	project_id	public	projects	id
public	tasks	reporter_id	public	users	id
public	team_members	team_id	public	teams	id
public	team_members	user_id	public	users	id
public	teams	lead_id	public	users	id
public	teams	organization_id	public	organizations	id
public	template_provenance_approval_receipts	organization_id	public	organizations	id
public	teresa_audit_log	proposal_id	public	teresa_proposals	id
public	teresa_handoff_results	proposal_id	public	teresa_proposals	id
public	threat_intelligence	blocked_by	public	users	id
public	threat_intelligence	organization_id	public	organizations	id
public	ticket_messages	ticket_id	public	support_tickets	id
public	token_ledger	actor_user_id	public	users	id
public	token_ledger	organization_id	public	organizations	id
public	token_transactions	organization_id	public	organizations	id
public	token_transactions	package_id	public	token_packages	id
public	token_transactions	user_id	public	users	id
public	tp_ai_usage	workspace_id	public	tp_workspace_settings	workspace_id
public	tp_attachments	field_id	public	tp_fields	id
public	tp_attachments	record_id	public	tp_records	id
public	tp_automation_actions	automation_id	public	tp_automations	id
public	tp_automation_runs	automation_id	public	tp_automations	id
public	tp_automations	base_id	public	tp_bases	id
public	tp_automations	table_id	public	tp_tables	id
public	tp_base_members	base_id	public	tp_bases	id
public	tp_cell_history	table_id	public	tp_tables	id
public	tp_connector_runs	connector_id	public	tp_connectors	id
public	tp_connectors	target_table_id	public	tp_tables	id
public	tp_dimensions	model_id	public	tp_governed_models	model_id
public	tp_dimensions	source_field_id	public	tp_fields	id
public	tp_dimensions	source_table_id	public	tp_tables	id
public	tp_distributions	base_id	public	tp_bases	id
public	tp_extension_installs	base_id	public	tp_bases	id
public	tp_extension_installs	extension_id	public	tp_extensions	id
public	tp_fields	table_id	public	tp_tables	id
public	tp_form_submissions	form_id	public	tp_forms	id
public	tp_form_submissions	table_id	public	tp_tables	id
public	tp_forms	embed_target_table_id	public	tp_tables	id
public	tp_forms	table_id	public	tp_tables	id
public	tp_governed_models	base_id	public	tp_bases	id
public	tp_interfaces	base_id	public	tp_bases	id
public	tp_kpi_definitions	model_id	public	tp_governed_models	model_id
public	tp_kpi_definitions	source_field_id	public	tp_fields	id
public	tp_kpi_definitions	source_table_id	public	tp_tables	id
public	tp_model_sources	model_id	public	tp_governed_models	model_id
public	tp_model_sources	table_id	public	tp_tables	id
public	tp_module_sync_results	model_id	public	tp_governed_models	model_id
public	tp_qa_reports	table_id	public	tp_tables	id
public	tp_qa_suggestion_dismissals	table_id	public	tp_tables	id
public	tp_record_comments	parent_id	public	tp_record_comments	id
public	tp_record_comments	table_id	public	tp_tables	id
public	tp_record_links	from_field_id	public	tp_fields	id
public	tp_record_links	from_record_id	public	tp_records	id
public	tp_record_links	to_record_id	public	tp_records	id
public	tp_record_provenance	connector_id	public	tp_connectors	id
public	tp_record_provenance	record_id	public	tp_records	id
public	tp_record_sources	record_id	public	tp_records	id
public	tp_record_watches	table_id	public	tp_tables	id
public	tp_records	table_id	public	tp_tables	id
public	tp_row_policies	condition_field_id	public	tp_fields	id
public	tp_row_policies	table_id	public	tp_tables	id
public	tp_schema_versions	base_id	public	tp_bases	id
public	tp_source_packs	table_id	public	tp_tables	id
public	tp_table_conversions	source_pack_id	public	tp_source_packs	id
public	tp_table_conversions	table_id	public	tp_tables	id
public	tp_table_syncs	source_table_id	public	tp_tables	id
public	tp_table_syncs	target_table_id	public	tp_tables	id
public	tp_tables	base_id	public	tp_bases	id
public	tp_views	table_id	public	tp_tables	id
public	tp_webhook_buffer	connector_id	public	tp_connectors	id
public	tp_webhook_payloads	webhook_id	public	tp_webhooks	id
public	tp_webhook_relays	base_id	public	tp_bases	id
public	tp_webhooks	base_id	public	tp_bases	id
public	transaction_readiness_scores	organization_id	public	organizations	id
public	transformation_case_artifact_links	source_proposal_id	public	transformation_stage_proposals	proposal_id
public	transformation_case_artifact_links	transformation_case_id	public	transformation_cases	transformation_case_id
public	transformation_case_audit_events	transformation_case_id	public	transformation_cases	transformation_case_id
public	transformation_cases	active_plan_id	public	transformation_plans	plan_id
public	transformation_final_output_governance	final_output_run_id	public	transformation_final_output_runs	run_id
public	transformation_final_output_governance	governed_proposal_version_id	public	v8_agent_proposal_versions	proposal_version_id
public	transformation_final_output_governance	transformation_case_id	public	transformation_cases	transformation_case_id
public	transformation_final_output_runs	transformation_case_id	public	transformation_cases	transformation_case_id
public	transformation_mobilization_owner_receipts	monitoring_definition_id	public	transformation_monitoring_definitions	monitoring_definition_id
public	transformation_monitoring_snapshots	monitoring_definition_id	public	transformation_monitoring_definitions	monitoring_definition_id
public	transformation_plan_steps	plan_id	public	transformation_plans	plan_id
public	transformation_plan_steps	transformation_case_id	public	transformation_cases	transformation_case_id
public	transformation_planning_intakes	converted_case_id	public	transformation_cases	transformation_case_id
public	transformation_plans	transformation_case_id	public	transformation_cases	transformation_case_id
public	transformation_project_team_audit_events	blueprint_version_id	public	transformation_project_team_blueprints	blueprint_version_id
public	transformation_project_team_blueprints	governed_proposal_version_id	public	v8_agent_proposal_versions	proposal_version_id
public	transformation_project_team_blueprints	transformation_case_id	public	transformation_cases	transformation_case_id
public	transformation_project_team_receipts	blueprint_version_id	public	transformation_project_team_blueprints	blueprint_version_id
public	transformation_result_gate_governance	governed_proposal_version_id	public	v8_agent_proposal_versions	proposal_version_id
public	transformation_result_gate_governance	transformation_case_id	public	transformation_cases	transformation_case_id
public	transformation_stage_proposals	governed_proposal_version_id	public	v8_agent_proposal_versions	proposal_version_id
public	transformation_stage_proposals	plan_id	public	transformation_plans	plan_id
public	transformation_stage_proposals	transformation_case_id	public	transformation_cases	transformation_case_id
public	transformation_template_conversion_receipts	canonical_run_id	public	v8_execution_runs	run_id
public	transformation_template_conversion_receipts	intake_id	public	transformation_planning_intakes	intake_id
public	transformation_template_conversion_receipts	plan_id	public	transformation_plans	plan_id
public	transformation_template_conversion_receipts	transformation_case_id	public	transformation_cases	transformation_case_id
public	trigger_fire_log	rule_id	public	schedule_trigger_rules	id
public	trigger_fire_log	schedule_id	public	report_schedules	id
public	trusted_devices	user_id	public	users	id
public	usage_records	organization_id	public	organizations	id
public	usage_records	user_id	public	users	id
public	user_2fa	user_id	public	users	id
public	user_achievements	user_id	public	users	id
public	user_activation_status	user_id	public	users	id
public	user_activity_summary	organization_id	public	organizations	id
public	user_activity_summary	user_id	public	users	id
public	user_adoption_metrics	organization_id	public	organizations	id
public	user_adoption_metrics	user_id	public	users	id
public	user_ai_preferences	user_id	public	users	id
public	user_ai_profiles	user_id	public	users	id
public	user_ai_settings	user_id	public	users	id
public	user_api_keys	organization_id	public	organizations	id
public	user_api_keys	user_id	public	users	id
public	user_appearance_preferences	user_id	public	users	id
public	user_availability	user_id	public	users	id
public	user_capabilities	capability_id	public	capabilities	id
public	user_collaboration_preferences	user_id	public	users	id
public	user_consents	organization_id	public	organizations	id
public	user_consents	user_id	public	users	id
public	user_contact	user_id	public	users	id
public	user_data_export_receipts	organization_id	public	organizations	id
public	user_data_export_receipts	request_id	public	data_export_requests	id
public	user_data_export_receipts	user_id	public	users	id
public	user_data_retention	user_id	public	users	id
public	user_experiments	user_id	public	users	id
public	user_gdpr_consents	user_id	public	users	id
public	user_goals	user_id	public	users	id
public	user_group_members	added_by	public	users	id
public	user_group_members	group_id	public	user_groups	id
public	user_group_members	user_id	public	users	id
public	user_groups	created_by	public	users	id
public	user_groups	organization_id	public	organizations	id
public	user_mfa	user_id	public	users	id
public	user_mfa_methods	user_id	public	users	id
public	user_onboarding	user_id	public	users	id
public	user_onboarding_progress	organization_id	public	organizations	id
public	user_onboarding_progress	user_id	public	users	id
public	user_points_ledger	user_id	public	users	id
public	user_productivity_preferences	user_id	public	users	id
public	user_profiles	user_id	public	users	id
public	user_radar_profiles	user_id	public	users	id
public	user_sessions	user_id	public	users	id
public	user_settings_history	user_id	public	users	id
public	user_settings_templates	user_id	public	users	id
public	user_token_balance	user_id	public	users	id
public	user_tooltips_seen	tooltip_id	public	onboarding_tooltips	id
public	user_tour_progress	tour_id	public	onboarding_tours	id
public	user_webhooks	user_id	public	users	id
public	user_work_preferences	user_id	public	users	id
public	users	organization_id	public	organizations	id
public	v8_action_proposals	execution_run_id	public	v8_execution_runs	run_id
public	v8_activity_feed	session_id	public	v8_workspace_sessions	session_id
public	v8_agent_branch_tasks	graph_id	public	v8_agent_work_graphs	graph_id
public	v8_agent_contradiction_resolutions	graph_id	public	v8_agent_work_graphs	graph_id
public	v8_agent_proposal_governance_events	proposal_version_id	public	v8_agent_proposal_versions	proposal_version_id
public	v8_agent_proposal_scope_reviews	proposal_version_id	public	v8_agent_proposal_versions	proposal_version_id
public	v8_agent_proposal_versions	supersedes_proposal_version_id	public	v8_agent_proposal_versions	proposal_version_id
public	v8_agent_quality_eval_cases	eval_run_id	public	v8_agent_quality_eval_runs	eval_run_id
public	v8_agent_resource_reservations	policy_id	public	v8_agent_resource_policies	policy_id
public	v8_agent_run_aliases	canonical_run_id	public	v8_agent_run_identities	canonical_run_id
public	v8_agent_run_identities	canonical_run_id	public	v8_execution_runs	run_id
public	v8_agent_template_governance_events	template_id	public	ai_playbook_template_versions	template_id
public	v8_agent_template_governance_events	version	public	ai_playbook_template_versions	version
public	v8_audit_entries	room_id	public	v8_collaboration_rooms	room_id
public	v8_calendar_items	source_id	public	v8_calendar_sources	calendar_source_id
public	v8_calendar_items_extended_itemtype	source_id	public	v8_calendar_sources	calendar_source_id
public	v8_calendar_sources	connection_id	public	integrations	id
public	v8_canary_configs	bundle_id	public	v8_release_bundles	bundle_id
public	v8_chat_action_proposals	underlying_proposal_id	v8	v8_action_proposals	proposal_id
public	v8_chat_execution_handoffs	context_snapshot_id	v8	v8_context_snapshots	snapshot_id
public	v8_chat_execution_handoffs	execution_run_id	v8	v8_execution_runs	run_id
public	v8_collaboration_events	room_id	public	v8_collaboration_rooms	room_id
public	v8_compliance_checks	session_id	public	v8_workspace_sessions	session_id
public	v8_consumer_tool_policies	tool_id	public	v8_tool_catalog	tool_id
public	v8_content_governance	session_id	public	v8_workspace_sessions	session_id
public	v8_context_snapshots	parent_snapshot_id	public	v8_context_snapshots	snapshot_id
public	v8_cross_module_activity	session_id	public	v8_workspace_sessions	session_id
public	v8_degraded_conditions	support_trace_id	public	v8_support_traces	trace_id
public	v8_deviation_records	kpi_id	public	v8_kpi_definitions	kpi_id
public	v8_eval_gates	bundle_id	public	v8_release_bundles	bundle_id
public	v8_facilitation_sessions	room_id	public	v8_collaboration_rooms	room_id
public	v8_initiative_decompositions	parent_id	public	v8_initiative_decompositions	decomposition_id
public	v8_initiative_materializations	entrypoint_id	public	v8_initiative_entrypoints	entrypoint_id
public	v8_kpi_definitions	canonical_kpi_id	public	initiative_kpis	id
public	v8_kpi_next_actions	kpi_id	public	v8_kpi_definitions	kpi_id
public	v8_kpi_next_actions	signal_id	public	v8_kpi_signals	signal_id
public	v8_kpi_signals	kpi_id	public	v8_kpi_definitions	kpi_id
public	v8_lane_execution_plans	decision_id	public	v8_lane_decisions	id
public	v8_memory_promotion_requests	source_entry_id	public	v8_working_memory_entries	entry_id
public	v8_mindmap_nodes	parent_id	public	v8_mindmap_nodes	id
public	v8_rebaseline_proposals	execution_run_id	public	v8_execution_runs	run_id
public	v8_release_bundles	preset_id	public	v8_prompt_presets	preset_id
public	v8_restore_requests	room_id	public	v8_collaboration_rooms	room_id
public	v8_restore_requests	safety_snapshot_id	public	v8_version_snapshots	snapshot_id
public	v8_restore_requests	target_version_snapshot_id	public	v8_version_snapshots	snapshot_id
public	v8_retrieval_traces	request_id	public	v8_retrieval_requests	request_id
public	v8_roi_realization_entries	kpi_id	public	v8_kpi_definitions	kpi_id
public	v8_rollback_records	bundle_id	public	v8_release_bundles	bundle_id
public	v8_rollback_records	previous_bundle_id	public	v8_release_bundles	bundle_id
public	v8_room_memberships	room_id	public	v8_collaboration_rooms	room_id
public	v8_room_presence	room_id	public	v8_collaboration_rooms	room_id
public	v8_run_state_transitions	run_id	public	v8_execution_runs	run_id
public	v8_session_module_links	session_id	public	v8_workspace_sessions	session_id
public	v8_superadmin_surfaces	domain_id	public	v8_superadmin_domains	domain_id
public	v8_surface_presence	room_id	public	v8_collaboration_rooms	room_id
public	v8_tenant_connector_installations	package_id	public	v8_connector_packages	package_id
public	v8_tool_action_governance	session_id	public	v8_tool_session_governance	session_id
public	v8_tool_invocation_log	tool_id	public	v8_tool_catalog	tool_id
public	v8_tool_invocation_traces	invocation_id	public	v8_tool_invocation_log	invocation_id
public	v8_tool_session_governance	tool_id	public	v8_shared_tools_registry	tool_id
public	v8_tools_v8_bridging_contracts	tool_id	public	v8_shared_tools_registry	tool_id
public	v8_version_snapshots	room_id	public	v8_collaboration_rooms	room_id
public	v8_webhook_deliveries	registration_id	public	v8_webhook_registrations	registration_id
public	valuation_snapshots	valuation_id	public	valuations	id
public	valuations	organization_id	public	organizations	id
public	verification_tokens	user_id	public	users	id
public	virtual_worker_conversations	worker_id	public	virtual_workers	id
public	virtual_worker_evaluations	worker_id	public	virtual_workers	id
public	virtual_worker_insights	worker_id	public	virtual_workers	id
public	virtual_worker_knowledge_assignments	worker_id	public	virtual_workers	id
public	virtual_worker_messages	conversation_id	public	virtual_worker_conversations	id
public	virtual_worker_profiles	worker_id	public	virtual_workers	id
public	virtual_worker_releases	evaluation_id	public	virtual_worker_evaluations	id
public	virtual_worker_releases	profile_id	public	virtual_worker_profiles	id
public	virtual_worker_releases	worker_id	public	virtual_workers	id
public	watchlist_items	user_id	public	users	id
public	webhook_deliveries	webhook_id	public	webhooks	id
public	webhook_subscriptions	organization_id	public	organizations	id
public	webhooks	created_by	public	users	id
public	webhooks	organization_id	public	organizations	id
public	white_label_assets	organization_id	public	organizations	id
public	white_label_config	organization_id	public	organizations	id
public	work_canvas_versions	draft_id	public	work_canvas_drafts	id
public	workstreams	owner_id	public	users	id
public	workstreams	project_id	public	projects	id
v8	v8_action_proposals	execution_run_id	v8	v8_execution_runs	run_id
v8	v8_activity_feed	session_id	v8	v8_workspace_sessions	session_id
v8	v8_audit_entries	room_id	v8	v8_collaboration_rooms	room_id
v8	v8_canary_configs	bundle_id	v8	v8_release_bundles	bundle_id
v8	v8_chat_action_proposals	underlying_proposal_id	v8	v8_action_proposals	proposal_id
v8	v8_chat_execution_handoffs	context_snapshot_id	v8	v8_context_snapshots	snapshot_id
v8	v8_chat_execution_handoffs	execution_run_id	v8	v8_execution_runs	run_id
v8	v8_collaboration_events	room_id	v8	v8_collaboration_rooms	room_id
v8	v8_compliance_checks	session_id	v8	v8_workspace_sessions	session_id
v8	v8_consumer_tool_policies	tool_id	v8	v8_tool_catalog	tool_id
v8	v8_content_governance	session_id	v8	v8_workspace_sessions	session_id
v8	v8_context_snapshots	parent_snapshot_id	v8	v8_context_snapshots	snapshot_id
v8	v8_cross_module_activity	session_id	v8	v8_workspace_sessions	session_id
v8	v8_degraded_conditions	support_trace_id	v8	v8_support_traces	trace_id
v8	v8_deviation_records	kpi_id	v8	v8_kpi_definitions	kpi_id
v8	v8_eval_gates	bundle_id	v8	v8_release_bundles	bundle_id
v8	v8_facilitation_sessions	room_id	v8	v8_collaboration_rooms	room_id
v8	v8_initiative_decompositions	parent_id	v8	v8_initiative_decompositions	decomposition_id
v8	v8_initiative_materializations	entrypoint_id	v8	v8_initiative_entrypoints	entrypoint_id
v8	v8_kpi_finance_reconciliations	kpi_id	v8	v8_kpi_definitions	kpi_id
v8	v8_memory_promotion_requests	source_entry_id	v8	v8_working_memory_entries	entry_id
v8	v8_rebaseline_proposals	execution_run_id	v8	v8_execution_runs	run_id
v8	v8_release_bundles	preset_id	v8	v8_prompt_presets	preset_id
v8	v8_restore_requests	room_id	v8	v8_collaboration_rooms	room_id
v8	v8_restore_requests	safety_snapshot_id	v8	v8_version_snapshots	snapshot_id
v8	v8_restore_requests	target_version_snapshot_id	v8	v8_version_snapshots	snapshot_id
v8	v8_retrieval_traces	request_id	v8	v8_retrieval_requests	request_id
v8	v8_roi_realization_entries	kpi_id	v8	v8_kpi_definitions	kpi_id
v8	v8_rollback_records	bundle_id	v8	v8_release_bundles	bundle_id
v8	v8_rollback_records	previous_bundle_id	v8	v8_release_bundles	bundle_id
v8	v8_room_memberships	room_id	v8	v8_collaboration_rooms	room_id
v8	v8_room_presence	room_id	v8	v8_collaboration_rooms	room_id
v8	v8_run_state_transitions	run_id	v8	v8_execution_runs	run_id
v8	v8_session_module_links	session_id	v8	v8_workspace_sessions	session_id
v8	v8_superadmin_surfaces	domain_id	v8	v8_superadmin_domains	domain_id
v8	v8_surface_presence	room_id	v8	v8_collaboration_rooms	room_id
v8	v8_tenant_connector_installations	package_id	v8	v8_connector_packages	package_id
v8	v8_tool_action_governance	session_id	v8	v8_tool_session_governance	session_id
v8	v8_tool_invocation_log	tool_id	v8	v8_tool_catalog	tool_id
v8	v8_tool_invocation_traces	invocation_id	v8	v8_tool_invocation_log	invocation_id
v8	v8_tool_session_governance	tool_id	v8	v8_shared_tools_registry	tool_id
v8	v8_tools_v8_bridging_contracts	tool_id	v8	v8_shared_tools_registry	tool_id
v8	v8_version_snapshots	room_id	v8	v8_collaboration_rooms	room_id
