                              List of relations
 Schema |                        Name                        | Type  | Owner 
--------+----------------------------------------------------+-------+-------
 public | _migration_518_done                                | table | a9
 public | _v8_flag_backup_20260710                           | table | a9
 public | _z139_repair_backup_20260710                       | table | a9
 public | access_code_usage                                  | table | a9
 public | access_codes                                       | table | a9
 public | access_requests                                    | table | a9
 public | account_deletion_requests                          | table | a9
 public | activity_logs                                      | table | a9
 public | adkar_assessments                                  | table | a9
 public | admin_approval_requests                            | table | a9
 public | admin_approval_workflows                           | table | a9
 public | admin_audit_logs                                   | table | a9
 public | admin_dashboards                                   | table | a9
 public | admin_report_executions                            | table | a9
 public | admin_role_assignments                             | table | a9
 public | admin_saved_reports                                | table | a9
 public | admin_sessions                                     | table | a9
 public | advisor_response_log                               | table | a9
 public | agent_folders                                      | table | a9
 public | ai_actions                                         | table | a9
 public | ai_actions_config                                  | table | a9
 public | ai_actions_log                                     | table | a9
 public | ai_agent_audit_metrics                             | table | a9
 public | ai_agent_audit_reviews                             | table | a9
 public | ai_agent_audit_runs                                | table | a9
 public | ai_agent_plan_steps                                | table | a9
 public | ai_agent_plans                                     | table | a9
 public | ai_approval_requests                               | table | a9
 public | ai_audit_log                                       | table | a9
 public | ai_audit_logs                                      | table | a9
 public | ai_authoring_audit                                 | table | a9
 public | ai_budgets                                         | table | a9
 public | ai_chat_run_events                                 | table | a9
 public | ai_chat_runs                                       | table | a9
 public | ai_context_snapshots                               | table | a9
 public | ai_contexts                                        | table | a9
 public | ai_conversation_context                            | table | a9
 public | ai_conversations                                   | table | a9
 public | ai_cost_alerts_sent                                | table | a9
 public | ai_cost_tracking                                   | table | a9
 public | ai_cost_usage                                      | table | a9
 public | ai_data_access_log                                 | table | a9
 public | ai_data_classifications                            | table | a9
 public | ai_decision_audit_log                              | table | a9
 public | ai_decision_outcomes                               | table | a9
 public | ai_deep_thinking_confirms                          | table | a9
 public | ai_deep_thinking_metrics                           | table | a9
 public | ai_dismissed_nudges                                | table | a9
 public | ai_dlp_rules                                       | table | a9
 public | ai_doc_usage_log                                   | table | a9
 public | ai_domain_playbooks                                | table | a9
 public | ai_drafts                                          | table | a9
 public | ai_eval_auto_triggers                              | table | a9
 public | ai_eval_datasets                                   | table | a9
 public | ai_eval_golden_sets                                | table | a9
 public | ai_eval_regression_gates                           | table | a9
 public | ai_evaluations                                     | table | a9
 public | ai_experiment_variants                             | table | a9
 public | ai_experiments                                     | table | a9
 public | ai_feature_control                                 | table | a9
 public | ai_feedback                                        | table | a9
 public | ai_global_strategies                               | table | a9
 public | ai_governance_policies                             | table | a9
 public | ai_grounding_logs                                  | table | a9
 public | ai_ideas                                           | table | a9
 public | ai_inbox                                           | table | a9
 public | ai_industry_templates                              | table | a9
 public | ai_instruction_suggestions                         | table | a9
 public | ai_intent_routing_log                              | table | a9
 public | ai_knowledge_embeddings                            | table | a9
 public | ai_learned_patterns                                | table | a9
 public | ai_learning_interactions                           | table | a9
 public | ai_learning_jobs                                   | table | a9
 public | ai_learning_metrics                                | table | a9
 public | ai_logs                                            | table | a9
 public | ai_long_term_memory                                | table | a9
 public | ai_market_inbox                                    | table | a9
 public | ai_market_snapshots                                | table | a9
 public | ai_model_overrides                                 | table | a9
 public | ai_model_permissions                               | table | a9
 public | ai_nudge_dismissals                                | table | a9
 public | ai_nudge_log                                       | table | a9
 public | ai_observability_snapshots                         | table | a9
 public | ai_observations                                    | table | a9
 public | ai_operator_communications                         | table | a9
 public | ai_operator_interventions                          | table | a9
 public | ai_operator_plans                                  | table | a9
 public | ai_operator_profiles                               | table | a9
 public | ai_ops_report_state                                | table | a9
 public | ai_org_memory                                      | table | a9
 public | ai_organization_memory                             | table | a9
 public | ai_organization_settings                           | table | a9
 public | ai_partial_responses                               | table | a9
 public | ai_pattern_feedback                                | table | a9
 public | ai_playbook_executions                             | table | a9
 public | ai_playbook_runs                                   | table | a9
 public | ai_playbook_template_versions                      | table | a9
 public | ai_playbook_templates                              | table | a9
 public | ai_policies                                        | table | a9
 public | ai_price_snapshots                                 | table | a9
 public | ai_project_memory                                  | table | a9
 public | ai_prompt_blocks                                   | table | a9
 public | ai_prompt_versions                                 | table | a9
 public | ai_purpose_assignments                             | table | a9
 public | ai_purposes                                        | table | a9
 public | ai_quality_metrics                                 | table | a9
 public | ai_rate_limits                                     | table | a9
 public | ai_response_feedback                               | table | a9
 public | ai_retention_schedule                              | table | a9
 public | ai_run_events                                      | table | a9
 public | ai_run_ledger                                      | table | a9
 public | ai_security_audit_log                              | table | a9
 public | ai_self_reflection_log                             | table | a9
 public | ai_soc2_audit_trail                                | table | a9
 public | ai_spending_alerts                                 | table | a9
 public | ai_style_learning_patterns                         | table | a9
 public | ai_system_prompts                                  | table | a9
 public | ai_typed_actions                                   | table | a9
 public | ai_usage_logs                                      | table | a9
 public | ai_usage_stats                                     | table | a9
 public | ai_user_memory                                     | table | a9
 public | ai_user_preferences                                | table | a9
 public | ai_user_style_profiles                             | table | a9
 public | analytics_dashboards                               | table | a9
 public | analytics_report_executions                        | table | a9
 public | analytics_reports                                  | table | a9
 public | api_key_usage                                      | table | a9
 public | api_keys                                           | table | a9
 public | api_logs                                           | table | a9
 public | approval_assignments                               | table | a9
 public | artifact_conversion_events                         | table | a9
 public | artifact_conversions                               | table | a9
 public | artifact_evidence                                  | table | a9
 public | artifact_lineage_events                            | table | a9
 public | artifact_lineage_pending_events                    | table | a9
 public | artifact_lineage_receipts                          | table | a9
 public | assessment_accepted_snapshots                      | table | a9
 public | assessment_access_requests                         | table | a9
 public | assessment_activities                              | table | a9
 public | assessment_ai_scoring_proposals                    | table | a9
 public | assessment_area_assignments                        | table | a9
 public | assessment_axis_evidence                           | table | a9
 public | assessment_candidate_handoffs                      | table | a9
 public | assessment_capa_actions                            | table | a9
 public | assessment_comments                                | table | a9
 public | assessment_decisions                               | table | a9
 public | assessment_definitions                             | table | a9
 public | assessment_eval_datasets                           | table | a9
 public | assessment_eval_runs                               | table | a9
 public | assessment_evidence                                | table | a9
 public | assessment_evidence_access_audit                   | table | a9
 public | assessment_evidence_clause_map                     | table | a9
 public | assessment_findings                                | table | a9
 public | assessment_gate_decisions                          | table | a9
 public | assessment_initiative_batches                      | table | a9
 public | assessment_initiative_generation_runs              | table | a9
 public | assessment_initiative_links                        | table | a9
 public | assessment_initiatives                             | table | a9
 public | assessment_level_attachments                       | table | a9
 public | assessment_presence                                | table | a9
 public | assessment_quality_reviews                         | table | a9
 public | assessment_questions                               | table | a9
 public | assessment_report_reviews                          | table | a9
 public | assessment_report_section_history                  | table | a9
 public | assessment_report_sections                         | table | a9
 public | assessment_reports                                 | table | a9
 public | assessment_reviews                                 | table | a9
 public | assessment_roles                                   | table | a9
 public | assessment_sessions                                | table | a9
 public | assessment_user_state                              | table | a9
 public | assessment_versions                                | table | a9
 public | assessment_workflows                               | table | a9
 public | assessments                                        | table | a9
 public | audit_events                                       | table | a9
 public | audit_findings                                     | table | a9
 public | audit_log                                          | table | a9
 public | audit_logs                                         | table | a9
 public | audit_programs                                     | table | a9
 public | audits                                             | table | a9
 public | automation_rules                                   | table | a9
 public | backup_configurations                              | table | a9
 public | backup_manifests                                   | table | a9
 public | backup_records                                     | table | a9
 public | benchmark_cohort_policies                          | table | a9
 public | benchmark_datasets                                 | table | a9
 public | benchmark_datasets_versions                        | table | a9
 public | benchmark_framework_mappings                       | table | a9
 public | benchmark_gap_analyses                             | table | a9
 public | benchmark_gap_initiative_links                     | table | a9
 public | benchmark_query_audit                              | table | a9
 public | benefit_measurements                               | table | a9
 public | benefit_profile_points                             | table | a9
 public | benefit_targets                                    | table | a9
 public | benefits_register                                  | table | a9
 public | benefits_reports                                   | table | a9
 public | billing_admin_audit_log                            | table | a9
 public | billing_credits                                    | table | a9
 public | billing_disputes                                   | table | a9
 public | billing_email_queue                                | table | a9
 public | billing_margins                                    | table | a9
 public | billing_notification_preferences                   | table | a9
 public | billing_refunds                                    | table | a9
 public | billing_tax_settings                               | table | a9
 public | billing_usage_events                               | table | a9
 public | blueprint_wbs_items                                | table | a9
 public | brand_kits                                         | table | a9
 public | budget_alerts                                      | table | a9
 public | budget_entries                                     | table | a9
 public | budget_initiative_links                            | table | a9
 public | budget_line_items                                  | table | a9
 public | budget_lines                                       | table | a9
 public | budget_overspend_signals                           | table | a9
 public | budget_scenarios                                   | table | a9
 public | budget_snapshots                                   | table | a9
 public | budget_thresholds                                  | table | a9
 public | budget_transactions                                | table | a9
 public | budgets                                            | table | a9
 public | builtin_role_permissions                           | table | a9
 public | business_metric_values                             | table | a9
 public | business_metrics                                   | table | a9
 public | calendar_feed_log                                  | table | a9
 public | candidate_competency_signals                       | table | a9
 public | candidate_documents                                | table | a9
 public | candidate_match_results                            | table | a9
 public | candidate_profiles                                 | table | a9
 public | canonical_inbox_items                              | table | a9
 public | canvas_idea_materialization_receipts               | table | a9
 public | capabilities                                       | table | a9
 public | capability_assignments                             | table | a9
 public | capability_requirements                            | table | a9
 public | change_champions                                   | table | a9
 public | change_coaching_actions                            | table | a9
 public | change_feedback                                    | table | a9
 public | change_pulse_checkins                              | table | a9
 public | change_requests                                    | table | a9
 public | change_resistance_alerts                           | table | a9
 public | change_sentiment_snapshots                         | table | a9
 public | chat_project_members                               | table | a9
 public | chat_projects                                      | table | a9
 public | checkout_sessions                                  | table | a9
 public | circuit_breaker_state                              | table | a9
 public | citation_verification_logs                         | table | a9
 public | client_context                                     | table | a9
 public | client_error_events                                | table | a9
 public | closed_loop_workarounds                            | table | a9
 public | closure_delivery_receipts                          | table | a9
 public | cloud_import_jobs                                  | table | a9
 public | cloud_sources                                      | table | a9
 public | cloud_sync_log                                     | table | a9
 public | collab_session_events                              | table | a9
 public | collab_sessions                                    | table | a9
 public | communication_plan_items                           | table | a9
 public | communication_plans                                | table | a9
 public | communication_send_log                             | table | a9
 public | communication_templates                            | table | a9
 public | competency_categories                              | table | a9
 public | competency_levels                                  | table | a9
 public | compliance_audits                                  | table | a9
 public | compliance_frameworks                              | table | a9
 public | compliance_records                                 | table | a9
 public | compliance_settings                                | table | a9
 public | compliance_status                                  | table | a9
 public | conclusion_source_packs                            | table | a9
 public | conclusions                                        | table | a9
 public | connectors                                         | table | a9
 public | consent_records                                    | table | a9
 public | consulting_templates                               | table | a9
 public | content_categories                                 | table | a9
 public | content_comments                                   | table | a9
 public | content_tags                                       | table | a9
 public | context_pack_snapshots                             | table | a9
 public | conversation_branches                              | table | a9
 public | conversation_message_attachments                   | table | a9
 public | conversation_messages                              | table | a9
 public | conversation_participants                          | table | a9
 public | conversation_purge_audit                           | table | a9
 public | conversation_sessions                              | table | a9
 public | conversation_share_views                           | table | a9
 public | conversation_shares                                | table | a9
 public | conversation_summaries                             | table | a9
 public | conversations                                      | table | a9
 public | conversion_events                                  | table | a9
 public | crdt_documents                                     | table | a9
 public | crdt_updates                                       | table | a9
 public | custom_prompts                                     | table | a9
 public | custom_roles                                       | table | a9
 public | custom_statuses                                    | table | a9
 public | custom_trends                                      | table | a9
 public | cutover_runbooks                                   | table | a9
 public | cutover_steps                                      | table | a9
 public | cv_access_log                                      | table | a9
 public | data_deletion_log                                  | table | a9
 public | data_export_requests                               | table | a9
 public | data_residency                                     | table | a9
 public | data_retention_policies                            | table | a9
 public | data_subject_requests                              | table | a9
 public | dbr77_processes                                    | table | a9
 public | dbr77_workstations                                 | table | a9
 public | decision_alternatives                              | table | a9
 public | decision_comments                                  | table | a9
 public | decision_history                                   | table | a9
 public | decision_impacts                                   | table | a9
 public | decision_playbooks                                 | table | a9
 public | decision_risks                                     | table | a9
 public | decision_stakeholders                              | table | a9
 public | decision_votes                                     | table | a9
 public | decisions                                          | table | a9
 public | deck_collab_sessions                               | table | a9
 public | deck_comments                                      | table | a9
 public | deck_data_bindings                                 | table | a9
 public | deck_export_qa_results                             | table | a9
 public | deck_interaction_log                               | table | a9
 public | deck_layout_rules                                  | table | a9
 public | deck_media_library                                 | table | a9
 public | deck_media_usage_log                               | table | a9
 public | deck_pptx_imports                                  | table | a9
 public | deck_template_governance                           | table | a9
 public | deck_template_versions                             | table | a9
 public | delay_alert_log                                    | table | a9
 public | delay_signals                                      | table | a9
 public | deliverable_bundle_versions                        | table | a9
 public | deliverable_bundles                                | table | a9
 public | deliverables_generation_events                     | table | a9
 public | demo_session_tenants                               | table | a9
 public | demo_sessions                                      | table | a9
 public | developer_settings                                 | table | a9
 public | digitization_analyses                              | table | a9
 public | discovery_sessions                                 | table | a9
 public | document_approval_audit                            | table | a9
 public | document_approvals                                 | table | a9
 public | document_audience_audit                            | table | a9
 public | document_audience_profiles                         | table | a9
 public | document_brand_voice_audit                         | table | a9
 public | document_brand_voice_profiles                      | table | a9
 public | document_comments                                  | table | a9
 public | document_content_block_audit                       | table | a9
 public | document_content_blocks                            | table | a9
 public | document_lifecycle_states                          | table | a9
 public | document_share_link_audit                          | table | a9
 public | document_share_links                               | table | a9
 public | document_source_pack_audit                         | table | a9
 public | document_source_packs                              | table | a9
 public | document_studio_editor_audit                       | table | a9
 public | document_studio_editor_proposals                   | table | a9
 public | document_studio_schema_overlay                     | table | a9
 public | document_studio_template_audit                     | table | a9
 public | document_studio_templates                          | table | a9
 public | document_version_snapshots                         | table | a9
 public | domain_verifications                               | table | a9
 public | dsar_activity_log                                  | table | a9
 public | dsar_requests                                      | table | a9
 public | dunning_notifications                              | table | a9
 public | dunning_states                                     | table | a9
 public | email_sender_verifications                         | table | a9
 public | email_sends                                        | table | a9
 public | email_signatures                                   | table | a9
 public | email_template_versions                            | table | a9
 public | email_templates                                    | table | a9
 public | enterprise_contracts                               | table | a9
 public | enterprise_feature_flags                           | table | a9
 public | error_logs                                         | table | a9
 public | execution_audit_log                                | table | a9
 public | executive_aggregate_cache                          | table | a9
 public | executive_insights_cache                           | table | a9
 public | external_digital_assessments                       | table | a9
 public | facility_users                                     | table | a9
 public | feature_flag_history                               | table | a9
 public | feature_flags                                      | table | a9
 public | feature_requests                                   | table | a9
 public | feature_roadmap                                    | table | a9
 public | feature_update_events                              | table | a9
 public | feature_update_reads                               | table | a9
 public | feature_updates                                    | table | a9
 public | feedback                                           | table | a9
 public | feedback_items                                     | table | a9
 public | feedback_items_status_history                      | table | a9
 public | feedback_pulse                                     | table | a9
 public | feedback_status_history                            | table | a9
 public | finance_candidate_handoffs                         | table | a9
 public | finance_post_investment_reviews                    | table | a9
 public | financial_ai_assumptions                           | table | a9
 public | financial_allocations                              | table | a9
 public | financial_analyses                                 | table | a9
 public | financial_analysis_insights                        | table | a9
 public | financial_analysis_ratios                          | table | a9
 public | financial_budget_versions                          | table | a9
 public | financial_connectors                               | table | a9
 public | financial_consolidations                           | table | a9
 public | financial_dimensions                               | table | a9
 public | financial_forecast_cycles                          | table | a9
 public | financial_model_baseline_audit                     | table | a9
 public | financial_model_events                             | table | a9
 public | financial_model_idempotency                        | table | a9
 public | financial_model_outputs                            | table | a9
 public | financial_model_validations                        | table | a9
 public | financial_model_version_diffs                      | table | a9
 public | financial_model_versions                           | table | a9
 public | financial_models                                   | table | a9
 public | financial_ratio_benchmarks                         | table | a9
 public | financial_ratio_snapshots                          | table | a9
 public | financial_roi_links                                | table | a9
 public | financial_statement_candidate_rows                 | table | a9
 public | financial_statement_extracted_sections             | table | a9
 public | financial_statement_ingest_runs                    | table | a9
 public | financial_statement_line_aliases                   | table | a9
 public | financial_statement_lines                          | table | a9
 public | financial_statement_mapping_candidates             | table | a9
 public | financial_statement_packs                          | table | a9
 public | financial_statement_quality_runs                   | table | a9
 public | financial_statement_repair_sessions                | table | a9
 public | financial_statement_source_artifacts               | table | a9
 public | financial_statement_templates                      | table | a9
 public | financial_statement_upload_idempotency             | table | a9
 public | financial_statement_validations                    | table | a9
 public | financial_statement_value_evidence                 | table | a9
 public | financial_statement_value_versions                 | table | a9
 public | financial_statement_values                         | table | a9
 public | financial_statement_versions                       | table | a9
 public | financial_statements                               | table | a9
 public | financial_sync_log                                 | table | a9
 public | financial_valuation_audit                          | table | a9
 public | financial_valuation_snapshots                      | table | a9
 public | financial_variance_alerts                          | table | a9
 public | focus_board_items                                  | table | a9
 public | focus_board_templates                              | table | a9
 public | focus_boards                                       | table | a9
 public | framework_entitlements                             | table | a9
 public | framework_import_logs                              | table | a9
 public | framework_score_history                            | table | a9
 public | gdpr_data_subject_requests                         | table | a9
 public | gdpr_requests                                      | table | a9
 public | generated_initiatives                              | table | a9
 public | generated_workbook_versions                        | table | a9
 public | generated_workbooks                                | table | a9
 public | generic_assessment_reports                         | table | a9
 public | global_strategies                                  | table | a9
 public | goal_initiative_links                              | table | a9
 public | goals                                              | table | a9
 public | governance_policies                                | table | a9
 public | groups                                             | table | a9
 public | health_probe_results                               | table | a9
 public | help_analytics                                     | table | a9
 public | help_articles                                      | table | a9
 public | help_events                                        | table | a9
 public | help_micro_video_dismissals                        | table | a9
 public | help_playbook_steps                                | table | a9
 public | help_playbooks                                     | table | a9
 public | idea_exports                                       | table | a9
 public | idea_node_comments                                 | table | a9
 public | ideas                                              | table | a9
 public | imported_reports                                   | table | a9
 public | inbox_ai_eval_golden_set                           | table | a9
 public | inbox_ai_eval_runs                                 | table | a9
 public | inbox_ai_triage_config                             | table | a9
 public | inbox_ai_triage_log                                | table | a9
 public | inbox_connector_items                              | table | a9
 public | inbox_routing_rules                                | table | a9
 public | initiative_ai_blueprints                           | table | a9
 public | initiative_benefits                                | table | a9
 public | initiative_budget_items                            | table | a9
 public | initiative_budgets                                 | table | a9
 public | initiative_candidates                              | table | a9
 public | initiative_closure_evidence                        | table | a9
 public | initiative_closure_requests                        | table | a9
 public | initiative_comments                                | table | a9
 public | initiative_decision_links                          | table | a9
 public | initiative_dependencies                            | table | a9
 public | initiative_drafts                                  | table | a9
 public | initiative_feature_flags                           | table | a9
 public | initiative_gate_ai_events                          | table | a9
 public | initiative_gate_roles                              | table | a9
 public | initiative_governance_gates                        | table | a9
 public | initiative_handoffs                                | table | a9
 public | initiative_history                                 | table | a9
 public | initiative_intangible_assets                       | table | a9
 public | initiative_kpi_mappings                            | table | a9
 public | initiative_kpis                                    | table | a9
 public | initiative_lifecycle_gate_decisions                | table | a9
 public | initiative_linked_items                            | table | a9
 public | initiative_milestone_dependencies                  | table | a9
 public | initiative_milestones                              | table | a9
 public | initiative_resources                               | table | a9
 public | initiative_schedule_baselines                      | table | a9
 public | initiative_section_types                           | table | a9
 public | initiative_stakeholders                            | table | a9
 public | initiative_status_history                          | table | a9
 public | initiative_suggested_changes                       | table | a9
 public | initiative_templates                               | table | a9
 public | initiative_tools                                   | table | a9
 public | initiative_watchers                                | table | a9
 public | initiative_wizard_audit_events                     | table | a9
 public | initiative_wizard_candidates                       | table | a9
 public | initiative_wizard_sessions                         | table | a9
 public | initiatives                                        | table | a9
 public | insight_source_baskets                             | table | a9
 public | integration_api_keys                               | table | a9
 public | integration_audit_log                              | table | a9
 public | integration_connection_events                      | table | a9
 public | integration_connectors                             | table | a9
 public | integration_oauth_tokens                           | table | a9
 public | integration_ownership                              | table | a9
 public | integration_providers                              | table | a9
 public | integration_queue                                  | table | a9
 public | integration_secrets                                | table | a9
 public | integration_sync_log                               | table | a9
 public | integration_sync_logs                              | table | a9
 public | integration_sync_mappings                          | table | a9
 public | integration_sync_runs                              | table | a9
 public | integration_webhooks                               | table | a9
 public | integrations                                       | table | a9
 public | interview_ai_parse_log                             | table | a9
 public | interview_ai_suggestion_audit                      | table | a9
 public | interview_answer_history                           | table | a9
 public | interview_answers                                  | table | a9
 public | interview_assignment_events                        | table | a9
 public | interview_assignment_members                       | table | a9
 public | interview_assignments                              | table | a9
 public | interview_candidate_handoffs                       | table | a9
 public | interview_diagnostics_snapshots                    | table | a9
 public | interview_distributions                            | table | a9
 public | interview_evidence                                 | table | a9
 public | interview_evidence_access_log                      | table | a9
 public | interview_findings                                 | table | a9
 public | interview_inference_runs                           | table | a9
 public | interview_insight_activity                         | table | a9
 public | interview_insight_audit_log                        | table | a9
 public | interview_insight_candidates                       | table | a9
 public | interview_insight_evidence_pointers                | table | a9
 public | interview_insight_exports                          | table | a9
 public | interview_insight_findings                         | table | a9
 public | interview_insight_handoffs                         | table | a9
 public | interview_insights                                 | table | a9
 public | interview_library_template_questions               | table | a9
 public | interview_library_template_versions                | table | a9
 public | interview_library_templates                        | table | a9
 public | interview_messages                                 | table | a9
 public | interview_notes                                    | table | a9
 public | interview_notifications                            | table | a9
 public | interview_question_templates                       | table | a9
 public | interview_questions                                | table | a9
 public | interview_quotas                                   | table | a9
 public | interview_reminder_schedules                       | table | a9
 public | interview_report_pack_revisions                    | table | a9
 public | interview_report_pack_worksheets                   | table | a9
 public | interview_report_packs                             | table | a9
 public | interview_respondent_segments                      | table | a9
 public | interview_sessions                                 | table | a9
 public | interview_template_questions                       | table | a9
 public | interview_templates                                | table | a9
 public | interview_transcript_messages                      | table | a9
 public | invitations                                        | table | a9
 public | invoice_reminders_sent                             | table | a9
 public | invoices                                           | table | a9
 public | journey_events                                     | table | a9
 public | kb_article_collections                             | table | a9
 public | kb_article_sources                                 | table | a9
 public | kb_article_tags                                    | table | a9
 public | kb_article_translations                            | table | a9
 public | kb_article_versions                                | table | a9
 public | kb_article_views                                   | table | a9
 public | kb_articles                                        | table | a9
 public | kb_categories                                      | table | a9
 public | kb_category_translations                           | table | a9
 public | kb_collection_translations                         | table | a9
 public | kb_collections                                     | table | a9
 public | kb_sources                                         | table | a9
 public | kb_surface_bindings                                | table | a9
 public | kb_tag_translations                                | table | a9
 public | kb_tags                                            | table | a9
 public | kg_audit_log                                       | table | a9
 public | kg_rebuild_jobs                                    | table | a9
 public | knowledge_candidates                               | table | a9
 public | knowledge_chunks                                   | table | a9
 public | knowledge_doc_versions                             | table | a9
 public | knowledge_docs                                     | table | a9
 public | knowledge_documents                                | table | a9
 public | knowledge_graph_entities                           | table | a9
 public | knowledge_graph_relations                          | table | a9
 public | knowledge_pill_sections                            | table | a9
 public | knowledge_pill_versions                            | table | a9
 public | knowledge_pills                                    | table | a9
 public | kpi_attribution_snapshots                          | table | a9
 public | kpi_connectors                                     | table | a9
 public | kpi_definition_versions                            | table | a9
 public | kpi_definitions                                    | table | a9
 public | kpi_deviation_actions                              | table | a9
 public | kpi_deviation_cases                                | table | a9
 public | kpi_financial_mappings                             | table | a9
 public | kpi_ingestion_log                                  | table | a9
 public | kpi_measurements                                   | table | a9
 public | kpi_metric_audit_log                               | table | a9
 public | kpi_recovery_actions                               | table | a9
 public | kpi_recovery_cards                                 | table | a9
 public | kpi_recovery_cause_decisions                       | table | a9
 public | kpi_recovery_checkpoints                           | table | a9
 public | kpi_recovery_experiments                           | table | a9
 public | kpi_report_delivery_log                            | table | a9
 public | kpi_report_schedules                               | table | a9
 public | kpi_scorecard_items                                | table | a9
 public | kpi_scorecards                                     | table | a9
 public | kpi_time_series                                    | table | a9
 public | kpi_wallboard_alerts                               | table | a9
 public | kpi_wallboards                                     | table | a9
 public | lane_decisions                                     | table | a9
 public | lane_execution_plans                               | table | a9
 public | legal_document_acceptances                         | table | a9
 public | legal_documents                                    | table | a9
 public | legal_holds                                        | table | a9
 public | link_graph_edges                                   | table | a9
 public | llm_health_events                                  | table | a9
 public | llm_logs                                           | table | a9
 public | llm_providers                                      | table | a9
 public | llm_routing_rules                                  | table | a9
 public | llm_tier_assignments                               | table | a9
 public | login_history                                      | table | a9
 public | management_report_approvals                        | table | a9
 public | management_report_audit_log                        | table | a9
 public | management_report_comments                         | table | a9
 public | management_report_recipients                       | table | a9
 public | management_report_versions                         | table | a9
 public | management_reports                                 | table | a9
 public | manager_action_audit_log                           | table | a9
 public | marketplace_imports                                | table | a9
 public | maturity_assessments                               | table | a9
 public | maturity_scores                                    | table | a9
 public | mcp_provider_allowlist                             | table | a9
 public | mcp_provider_tools_cache                           | table | a9
 public | mcp_providers                                      | table | a9
 public | meeting_follow_ups                                 | table | a9
 public | meetings                                           | table | a9
 public | megatrends                                         | table | a9
 public | metrics_events                                     | table | a9
 public | metrics_snapshots                                  | table | a9
 public | mfa_attempts                                       | table | a9
 public | mobile_devices                                     | table | a9
 public | mobile_preferences                                 | table | a9
 public | model_audit_log                                    | table | a9
 public | model_registry                                     | table | a9
 public | module_access_grants                               | table | a9
 public | module_help                                        | table | a9
 public | module_interest                                    | table | a9
 public | mrr_snapshots                                      | table | a9
 public | multi_framework_assessment_comments                | table | a9
 public | multi_framework_assessment_reviewers               | table | a9
 public | multi_framework_assessment_versions                | table | a9
 public | multi_framework_assessments                        | table | a9
 public | multi_framework_initiatives                        | table | a9
 public | multi_framework_reports                            | table | a9
 public | my_idea_activity                                   | table | a9
 public | my_idea_conversions                                | table | a9
 public | my_idea_edges                                      | table | a9
 public | my_idea_folders                                    | table | a9
 public | my_idea_map_snapshots                              | table | a9
 public | my_idea_maps                                       | table | a9
 public | my_ideas                                           | table | a9
 public | my_work_decision_prefs                             | table | a9
 public | my_work_decision_snoozes                           | table | a9
 public | my_work_focus_rules                                | table | a9
 public | my_work_focus_state                                | table | a9
 public | my_work_inbox_triage                               | table | a9
 public | my_work_session_context                            | table | a9
 public | my_work_signal_dismissals                          | table | a9
 public | my_work_signal_prefs                               | table | a9
 public | my_work_signal_snoozes                             | table | a9
 public | mywork_focus_cache                                 | table | a9
 public | mywork_preferences                                 | table | a9
 public | notebook_ai_proposals                              | table | a9
 public | notebook_embeddings                                | table | a9
 public | notebook_page_topics                               | table | a9
 public | notebook_page_versions                             | table | a9
 public | notebook_pages                                     | table | a9
 public | notebook_topics                                    | table | a9
 public | notebooks                                          | table | a9
 public | notification_activity_log                          | table | a9
 public | notification_comments                              | table | a9
 public | notification_dedup                                 | table | a9
 public | notification_delivery_log                          | table | a9
 public | notification_digest_queue                          | table | a9
 public | notification_outbox                                | table | a9
 public | notification_preferences                           | table | a9
 public | notification_rules                                 | table | a9
 public | notification_settings                              | table | a9
 public | notification_templates                             | table | a9
 public | notification_types                                 | table | a9
 public | notifications                                      | table | a9
 public | oauth_links                                        | table | a9
 public | observability_dr_drills                            | table | a9
 public | observability_metrics                              | table | a9
 public | observability_slos                                 | table | a9
 public | observability_traces                               | table | a9
 public | offline_sync_queue                                 | table | a9
 public | okr_check_ins                                      | table | a9
 public | okr_cycles                                         | table | a9
 public | okr_key_results                                    | table | a9
 public | okr_objectives                                     | table | a9
 public | onboarding_achievements                            | table | a9
 public | onboarding_steps                                   | table | a9
 public | onboarding_tooltips                                | table | a9
 public | onboarding_tours                                   | table | a9
 public | org_policies                                       | table | a9
 public | org_user_permissions                               | table | a9
 public | organization_ai_config                             | table | a9
 public | organization_ai_policy                             | table | a9
 public | organization_ai_settings                           | table | a9
 public | organization_billing                               | table | a9
 public | organization_branding                              | table | a9
 public | organization_context                               | table | a9
 public | organization_context_claims                        | table | a9
 public | organization_context_items                         | table | a9
 public | organization_context_lineage_events                | table | a9
 public | organization_context_processing_attention_receipts | table | a9
 public | organization_context_processing_jobs               | table | a9
 public | organization_context_snapshots                     | table | a9
 public | organization_context_storage_events                | table | a9
 public | organization_context_store                         | table | a9
 public | organization_context_versions                      | table | a9
 public | organization_data_retention                        | table | a9
 public | organization_events                                | table | a9
 public | organization_facilities                            | table | a9
 public | organization_limits                                | table | a9
 public | organization_llm_settings                          | table | a9
 public | organization_media                                 | table | a9
 public | organization_members                               | table | a9
 public | organization_memory                                | table | a9
 public | organization_metadata                              | table | a9
 public | organization_profiles                              | table | a9
 public | organization_provider_settings                     | table | a9
 public | organization_seats                                 | table | a9
 public | organization_settings                              | table | a9
 public | organization_style_profiles                        | table | a9
 public | organization_switch_log                            | table | a9
 public | organizations                                      | table | a9
 public | ownership_transfers                                | table | a9
 public | partner                                            | table | a9
 public | partner_activity_log                               | table | a9
 public | partner_attributions                               | table | a9
 public | partner_campaign_links                             | table | a9
 public | partner_certificates                               | table | a9
 public | partner_certification_attempts                     | table | a9
 public | partner_certifications                             | table | a9
 public | partner_client_organizations                       | table | a9
 public | partner_commission_transactions                    | table | a9
 public | partner_commissions                                | table | a9
 public | partner_exam_questions                             | table | a9
 public | partner_invoices                                   | table | a9
 public | partner_learning_modules                           | table | a9
 public | partner_learning_progress                          | table | a9
 public | partner_licenses                                   | table | a9
 public | partner_organizations                              | table | a9
 public | partner_outreach_campaigns                         | table | a9
 public | partner_outreach_enrollments                       | table | a9
 public | partner_outreach_events                            | table | a9
 public | partner_outreach_leads                             | table | a9
 public | partner_outreach_message_instances                 | table | a9
 public | partner_outreach_steps                             | table | a9
 public | partner_outreach_unsubscribes                      | table | a9
 public | partner_payout_accounts                            | table | a9
 public | partner_payouts                                    | table | a9
 public | partner_program_ledger                             | table | a9
 public | partner_program_runtime                            | table | a9
 public | partner_projects                                   | table | a9
 public | partner_referral_clicks                            | table | a9
 public | partner_regions                                    | table | a9
 public | partner_resource_downloads                         | table | a9
 public | partner_resources                                  | table | a9
 public | partner_specializations                            | table | a9
 public | partner_users                                      | table | a9
 public | password_resets                                    | table | a9
 public | payment_attempts                                   | table | a9
 public | payment_failures                                   | table | a9
 public | payment_methods                                    | table | a9
 public | pdf_imports                                        | table | a9
 public | permission_definitions                             | table | a9
 public | permission_requests                                | table | a9
 public | permissions                                        | table | a9
 public | pinned_insights                                    | table | a9
 public | plan_baselines                                     | table | a9
 public | plan_features                                      | table | a9
 public | pmo_audit_trail                                    | table | a9
 public | pmo_roles                                          | table | a9
 public | post_implementation_reviews                        | table | a9
 public | predictive_model_predictions                       | table | a9
 public | predictive_model_runs                              | table | a9
 public | predictive_models                                  | table | a9
 public | presentation_ai_operations                         | table | a9
 public | presentation_analytics                             | table | a9
 public | presentation_benchmark_runs                        | table | a9
 public | presentation_cards                                 | table | a9
 public | presentation_deck_collaborators                    | table | a9
 public | presentation_deck_versions                         | table | a9
 public | presentation_decks                                 | table | a9
 public | presentation_export_records                        | table | a9
 public | presentation_governance_alert_dispatches           | table | a9
 public | presentation_governance_alert_subscriptions        | table | a9
 public | presentation_governance_alert_worker_state         | table | a9
 public | presentation_governance_subscriber_tokens          | table | a9
 public | presentation_intents                               | table | a9
 public | presentation_migration_reports                     | table | a9
 public | presentation_runtime_events                        | table | a9
 public | presentation_template_governance_events            | table | a9
 public | presentation_templates                             | table | a9
 public | presentation_watchlist_presets                     | table | a9
 public | presentation_watchlist_saved_searches              | table | a9
 public | preserved_conversations                            | table | a9
 public | processing_records                                 | table | a9
 public | programs                                           | table | a9
 public | project_ai_settings                                | table | a9
 public | project_insights                                   | table | a9
 public | project_knowledge                                  | table | a9
 public | project_members                                    | table | a9
 public | project_notification_settings                      | table | a9
 public | project_steering_board                             | table | a9
 public | project_steering_board_members                     | table | a9
 public | project_team_members                               | table | a9
 public | project_users                                      | table | a9
 public | projects                                           | table | a9
 public | prompt_library                                     | table | a9
 public | proration_records                                  | table | a9
 public | public_booking_requests                            | table | a9
 public | public_mini_assessments                            | table | a9
 public | public_partner_applications                        | table | a9
 public | purpose_assignments                                | table | a9
 public | push_notification_log                              | table | a9
 public | radar_actions                                      | table | a9
 public | radar_processed_signals                            | table | a9
 public | radar_ranked_signals                               | table | a9
 public | radar_raw_items                                    | table | a9
 public | radar_sources                                      | table | a9
 public | rag_metrics                                        | table | a9
 public | rag_retrieval_feedback                             | table | a9
 public | raid_appetite_thresholds                           | table | a9
 public | raid_items                                         | table | a9
 public | rapid_lean_assessments                             | table | a9
 public | realtime_channels                                  | table | a9
 public | realtime_presence                                  | table | a9
 public | refresh_tokens                                     | table | a9
 public | report_agent_messages                              | table | a9
 public | report_ai_proposals                                | table | a9
 public | report_blocks                                      | table | a9
 public | report_brand_voice_policies                        | table | a9
 public | report_builder_activity                            | table | a9
 public | report_builder_block_types                         | table | a9
 public | report_builder_comment_activity                    | table | a9
 public | report_builder_comments                            | table | a9
 public | report_builder_reports                             | table | a9
 public | report_builder_sections                            | table | a9
 public | report_builder_sessions                            | table | a9
 public | report_builder_templates                           | table | a9
 public | report_builder_versions                            | table | a9
 public | report_comments                                    | table | a9
 public | report_data_bindings                               | table | a9
 public | report_definitions                                 | table | a9
 public | report_distribution_log                            | table | a9
 public | report_distribution_schedules                      | table | a9
 public | report_distributions                               | table | a9
 public | report_edit_history                                | table | a9
 public | report_exports                                     | table | a9
 public | report_initiatives                                 | table | a9
 public | report_quality_gates                               | table | a9
 public | report_schedules                                   | table | a9
 public | report_section_history                             | table | a9
 public | report_snapshots                                   | table | a9
 public | report_source_pack_items                           | table | a9
 public | report_source_packs                                | table | a9
 public | report_template_versions                           | table | a9
 public | report_templates                                   | table | a9
 public | reports                                            | table | a9
 public | research_evidence                                  | table | a9
 public | research_evidence_graph                            | table | a9
 public | research_report_artifacts                          | table | a9
 public | research_session_events                            | table | a9
 public | research_sessions                                  | table | a9
 public | results_kpi_report_snapshots                       | table | a9
 public | retention_policies                                 | table | a9
 public | revenue_forecasts                                  | table | a9
 public | revenue_recognition                                | table | a9
 public | revoked_tokens                                     | table | a9
 public | risk_register                                      | table | a9
 public | risk_signal_alerts                                 | table | a9
 public | roadmap_waves                                      | table | a9
 public | roi_assumptions                                    | table | a9
 public | roi_evidence                                       | table | a9
 public | roi_realized_values                                | table | a9
 public | role_permission_assignments                        | table | a9
 public | role_permissions                                   | table | a9
 public | rollout_changes                                    | table | a9
 public | rollout_closures                                   | table | a9
 public | rollout_kpi_history                                | table | a9
 public | rollout_kpis                                       | table | a9
 public | rollout_risks                                      | table | a9
 public | rollout_stages                                     | table | a9
 public | sandbox_activity                                   | table | a9
 public | sandbox_exports                                    | table | a9
 public | sandbox_projects                                   | table | a9
 public | sandbox_templates                                  | table | a9
 public | schedule_executions                                | table | a9
 public | schedule_trigger_rules                             | table | a9
 public | scheduled_emails                                   | table | a9
 public | schema_migrations                                  | table | a9
 public | scim_conflict_log                                  | table | a9
 public | scim_group_mappings                                | table | a9
 public | scim_sync_logs                                     | table | a9
 public | scim_tokens                                        | table | a9
 public | security_events                                    | table | a9
 public | security_incidents                                 | table | a9
 public | security_policies                                  | table | a9
 public | security_roles                                     | table | a9
 public | security_settings                                  | table | a9
 public | sellix_config                                      | table | a9
 public | sellix_delivery_log                                | table | a9
 public | sellix_events                                      | table | a9
 public | server_start_events                                | table | a9
 public | sessions                                           | table | a9
 public | settings                                           | table | a9
 public | settings_audit_log                                 | table | a9
 public | settings_templates                                 | table | a9
 public | siri_dimension_scores                              | table | a9
 public | siri_prioritisation_snapshots                      | table | a9
 public | skills_gap_snapshots                               | table | a9
 public | sla_tracking                                       | table | a9
 public | spending_alerts                                    | table | a9
 public | sso_auth_states                                    | table | a9
 public | sso_configs                                        | table | a9
 public | sso_configurations                                 | table | a9
 public | sso_login_attempts                                 | table | a9
 public | sso_sessions                                       | table | a9
 public | staffing_plan_roles                                | table | a9
 public | staffing_plans                                     | table | a9
 public | stakeholder_engagements                            | table | a9
 public | stakeholder_registry                               | table | a9
 public | stakeholder_segments                               | table | a9
 public | status_reports                                     | table | a9
 public | steerco_pack_recipients                            | table | a9
 public | steerco_packs                                      | table | a9
 public | stripe_events                                      | table | a9
 public | studio_ai_sessions                                 | table | a9
 public | studio_comments                                    | table | a9
 public | studio_documents                                   | table | a9
 public | studio_snapshots                                   | table | a9
 public | studio_templates                                   | table | a9
 public | sub_processors                                     | table | a9
 public | subscription_changes                               | table | a9
 public | subscription_events                                | table | a9
 public | subscription_history                               | table | a9
 public | subscription_plans                                 | table | a9
 public | subscription_state_history                         | table | a9
 public | summary_sends                                      | table | a9
 public | superadmin_ai_settings                             | table | a9
 public | superadmin_confirmed_actions                       | table | a9
 public | superadmin_impersonation_sessions                  | table | a9
 public | support_ticket_comments                            | table | a9
 public | support_tickets                                    | table | a9
 public | swot_candidate_handoffs                            | table | a9
 public | swot_proposals                                     | table | a9
 public | sync_error_log                                     | table | a9
 public | sync_rate_limits                                   | table | a9
 public | system_config                                      | table | a9
 public | system_feedback                                    | table | a9
 public | system_health_alerts                               | table | a9
 public | system_health_history                              | table | a9
 public | system_metrics                                     | table | a9
 public | system_prompts                                     | table | a9
 public | task_allocations                                   | table | a9
 public | task_automation_rules                              | table | a9
 public | task_baseline_snapshots                            | table | a9
 public | task_comments                                      | table | a9
 public | task_custom_field_schemas                          | table | a9
 public | task_dependencies                                  | table | a9
 public | task_escalations                                   | table | a9
 public | task_labels                                        | table | a9
 public | task_status_transitions                            | table | a9
 public | tasks                                              | table | a9
 public | team_members                                       | table | a9
 public | teams                                              | table | a9
 public | teresa_audit_log                                   | table | a9
 public | teresa_handoff_results                             | table | a9
 public | teresa_proposals                                   | table | a9
 public | test_support_runs                                  | table | a9
 public | ticket_messages                                    | table | a9
 public | tier_round_robin_state                             | table | a9
 public | time_entries                                       | table | a9
 public | token_ledger                                       | table | a9
 public | token_packages                                     | table | a9
 public | token_transactions                                 | table | a9
 public | tool_assets                                        | table | a9
 public | tool_comments                                      | table | a9
 public | tool_decisions                                     | table | a9
 public | tool_entitlements                                  | table | a9
 public | tool_facilitation_outcomes                         | table | a9
 public | tool_facilitation_roles                            | table | a9
 public | tool_facilitation_sessions                         | table | a9
 public | tool_facilitation_votes                            | table | a9
 public | tool_initiative_batches                            | table | a9
 public | tool_initiative_links                              | table | a9
 public | tool_knowledge_bank                                | table | a9
 public | tool_rag_queries                                   | table | a9
 public | tool_session_edit_locks                            | table | a9
 public | tool_session_presence                              | table | a9
 public | tool_sessions                                      | table | a9
 public | tool_template_library                              | table | a9
 public | tool_usage_log                                     | table | a9
 public | tool_works                                         | table | a9
 public | tools                                              | table | a9
 public | tooltip_dismissals                                 | table | a9
 public | tp_ai_usage                                        | table | a9
 public | tp_attachments                                     | table | a9
 public | tp_audit_events                                    | table | a9
 public | tp_automation_actions                              | table | a9
 public | tp_automation_run_counts                           | table | a9
 public | tp_automation_runs                                 | table | a9
 public | tp_automations                                     | table | a9
 public | tp_base_members                                    | table | a9
 public | tp_base_templates                                  | table | a9
 public | tp_bases                                           | table | a9
 public | tp_cell_history                                    | table | a9
 public | tp_connector_runs                                  | table | a9
 public | tp_connectors                                      | table | a9
 public | tp_dimensions                                      | table | a9
 public | tp_distributions                                   | table | a9
 public | tp_extension_installs                              | table | a9
 public | tp_extensions                                      | table | a9
 public | tp_fields                                          | table | a9
 public | tp_form_submissions                                | table | a9
 public | tp_forms                                           | table | a9
 public | tp_governed_models                                 | table | a9
 public | tp_interfaces                                      | table | a9
 public | tp_kpi_definitions                                 | table | a9
 public | tp_model_sources                                   | table | a9
 public | tp_module_sync_results                             | table | a9
 public | tp_notifications                                   | table | a9
 public | tp_qa_reports                                      | table | a9
 public | tp_qa_suggestion_dismissals                        | table | a9
 public | tp_record_comments                                 | table | a9
 public | tp_record_links                                    | table | a9
 public | tp_record_provenance                               | table | a9
 public | tp_record_sources                                  | table | a9
 public | tp_record_watches                                  | table | a9
 public | tp_records                                         | table | a9
 public | tp_row_policies                                    | table | a9
 public | tp_schema_proposals                                | table | a9
 public | tp_schema_versions                                 | table | a9
 public | tp_scim_tokens                                     | table | a9
 public | tp_service_accounts                                | table | a9
 public | tp_source_packs                                    | table | a9
 public | tp_sso_configs                                     | table | a9
 public | tp_table_conversions                               | table | a9
 public | tp_table_syncs                                     | table | a9
 public | tp_tables                                          | table | a9
 public | tp_views                                           | table | a9
 public | tp_webhook_buffer                                  | table | a9
 public | tp_webhook_payloads                                | table | a9
 public | tp_webhook_relays                                  | table | a9
 public | tp_webhooks                                        | table | a9
 public | tp_workspace_settings                              | table | a9
 public | transaction_readiness_events                       | table | a9
 public | transaction_readiness_scores                       | table | a9
 public | transformation_case_artifact_links                 | table | a9
 public | transformation_case_audit_events                   | table | a9
 public | transformation_cases                               | table | a9
 public | transformation_final_output_governance             | table | a9
 public | transformation_final_output_runs                   | table | a9
 public | transformation_mobilization_owner_receipts         | table | a9
 public | transformation_monitoring_definitions              | table | a9
 public | transformation_monitoring_snapshots                | table | a9
 public | transformation_plan_steps                          | table | a9
 public | transformation_planning_intakes                    | table | a9
 public | transformation_plans                               | table | a9
 public | transformation_portfolio_decision_packs            | table | a9
 public | transformation_portfolio_decision_receipts         | table | a9
 public | transformation_project_team_audit_events           | table | a9
 public | transformation_project_team_blueprints             | table | a9
 public | transformation_project_team_receipts               | table | a9
 public | transformation_result_gate_governance              | table | a9
 public | transformation_stage_proposals                     | table | a9
 public | transformation_template_conversion_receipts        | table | a9
 public | trigger_fire_log                                   | table | a9
 public | trusted_devices                                    | table | a9
 public | usage_alerts_sent                                  | table | a9
 public | usage_counters                                     | table | a9
 public | usage_pricing_tiers                                | table | a9
 public | usage_records                                      | table | a9
 public | usage_summaries                                    | table | a9
 public | user_2fa                                           | table | a9
 public | user_achievements                                  | table | a9
 public | user_activation_status                             | table | a9
 public | user_activity                                      | table | a9
 public | user_ai_settings                                   | table | a9
 public | user_api_keys                                      | table | a9
 public | user_appearance_preferences                        | table | a9
 public | user_availability                                  | table | a9
 public | user_budgets                                       | table | a9
 public | user_capabilities                                  | table | a9
 public | user_collaboration_preferences                     | table | a9
 public | user_consents                                      | table | a9
 public | user_contact                                       | table | a9
 public | user_data_retention                                | table | a9
 public | user_experiments                                   | table | a9
 public | user_gdpr_consents                                 | table | a9
 public | user_goals                                         | table | a9
 public | user_help_interactions                             | table | a9
 public | user_mfa                                           | table | a9
 public | user_mfa_methods                                   | table | a9
 public | user_onboarding                                    | table | a9
 public | user_onboarding_status                             | table | a9
 public | user_points_ledger                                 | table | a9
 public | user_preferences                                   | table | a9
 public | user_productivity_preferences                      | table | a9
 public | user_profile_extended                              | table | a9
 public | user_radar_profiles                                | table | a9
 public | user_sessions                                      | table | a9
 public | user_settings_history                              | table | a9
 public | user_settings_templates                            | table | a9
 public | user_skills                                        | table | a9
 public | user_token_balance                                 | table | a9
 public | user_tooltips_seen                                 | table | a9
 public | user_tour_progress                                 | table | a9
 public | user_webhooks                                      | table | a9
 public | user_work_preferences                              | table | a9
 public | users                                              | table | a9
 public | v10_connector_auth_challenges                      | table | a9
 public | v10_connector_sessions                             | table | a9
 public | v10_connector_token_vault                          | table | a9
 public | v10_learning_feedback                              | table | a9
 public | v10_learning_incidents                             | table | a9
 public | v10_learning_retention_previews                    | table | a9
 public | v10_learning_stewardship_queue                     | table | a9
 public | v10_onboarding_events                              | table | a9
 public | v10_onboarding_sessions                            | table | a9
 public | v8_action_proposals                                | table | a9
 public | v8_activity_feed                                   | table | a9
 public | v8_admin_rebind_records                            | table | a9
 public | v8_admin_surface_ownership                         | table | a9
 public | v8_agent_adapter_invocations                       | table | a9
 public | v8_agent_admin_audit_events                        | table | a9
 public | v8_agent_branch_tasks                              | table | a9
 public | v8_agent_canonical_projection_outbox               | table | a9
 public | v8_agent_context_revalidations                     | table | a9
 public | v8_agent_contradiction_resolutions                 | table | a9
 public | v8_agent_operator_recovery_events                  | table | a9
 public | v8_agent_proposal_governance_events                | table | a9
 public | v8_agent_proposal_scope_reviews                    | table | a9
 public | v8_agent_proposal_versions                         | table | a9
 public | v8_agent_quality_eval_cases                        | table | a9
 public | v8_agent_quality_eval_runs                         | table | a9
 public | v8_agent_resource_policies                         | table | a9
 public | v8_agent_resource_reservations                     | table | a9
 public | v8_agent_run_aliases                               | table | a9
 public | v8_agent_run_identities                            | table | a9
 public | v8_agent_run_reconciliation_events                 | table | a9
 public | v8_agent_template_governance_events                | table | a9
 public | v8_agent_tenant_activation_receipts                | table | a9
 public | v8_agent_tenant_settings                           | table | a9
 public | v8_agent_work_graphs                               | table | a9
 public | v8_agent_working_memory_bindings                   | table | a9
 public | v8_ai_proposal_visibility                          | table | a9
 public | v8_ai_suggestions                                  | table | a9
 public | v8_anna_lp_configs                                 | table | a9
 public | v8_artifact_access_grants                          | table | a9
 public | v8_artifact_origin_links                           | table | a9
 public | v8_artifact_run_audit_log                          | table | a9
 public | v8_artifact_runs                                   | table | a9
 public | v8_audit_entries                                   | table | a9
 public | v8_auth_escalations                                | table | a9
 public | v8_business_object_sync_states                     | table | a9
 public | v8_calendar_items                                  | table | a9
 public | v8_calendar_items_extended_itemtype                | table | a9
 public | v8_calendar_phases                                 | table | a9
 public | v8_calendar_sources                                | table | a9
 public | v8_canary_configs                                  | table | a9
 public | v8_canonical_object_states                         | table | a9
 public | v8_chat_action_proposals                           | table | a9
 public | v8_chat_execution_handoffs                         | table | a9
 public | v8_cloud_linked_source_refreshes                   | table | a9
 public | v8_collaboration_events                            | table | a9
 public | v8_collaboration_rooms                             | table | a9
 public | v8_collaborative_decisions                         | table | a9
 public | v8_compliance_checks                               | table | a9
 public | v8_concurrency_strategies                          | table | a9
 public | v8_conflict_records                                | table | a9
 public | v8_conflict_resolutions                            | table | a9
 public | v8_connection_credentials                          | table | a9
 public | v8_connector_auth_states                           | table | a9
 public | v8_connector_fleet_health                          | table | a9
 public | v8_connector_packages                              | table | a9
 public | v8_consumer_tool_policies                          | table | a9
 public | v8_content_governance                              | table | a9
 public | v8_context_snapshots                               | table | a9
 public | v8_coordinated_publishes                           | table | a9
 public | v8_cross_initiative_dependencies                   | table | a9
 public | v8_cross_module_activity                           | table | a9
 public | v8_dead_letter_records                             | table | a9
 public | v8_decision_chains                                 | table | a9
 public | v8_degraded_conditions                             | table | a9
 public | v8_demo_trial_configs                              | table | a9
 public | v8_deviation_records                               | table | a9
 public | v8_emergency_pauses                                | table | a9
 public | v8_eval_gates                                      | table | a9
 public | v8_execution_runs                                  | table | a9
 public | v8_execution_signals                               | table | a9
 public | v8_executive_review_packs                          | table | a9
 public | v8_facilitation_sessions                           | table | a9
 public | v8_feature_flags                                   | table | a9
 public | v8_finance_document_ingestions                     | table | a9
 public | v8_finance_document_ingestions__w18                | table | a9
 public | v8_finance_lane_runs                               | table | a9
 public | v8_finance_locked_states                           | table | a9
 public | v8_finance_mutation_audit                          | table | a9
 public | v8_finance_version_snapshots                       | table | a9
 public | v8_governance_sensitive_fields                     | table | a9
 public | v8_health_signals                                  | table | a9
 public | v8_home_block_maturity                             | table | a9
 public | v8_inbox_materializations                          | table | a9
 public | v8_initiative_decompositions                       | table | a9
 public | v8_initiative_economics_linkages                   | table | a9
 public | v8_initiative_entrypoints                          | table | a9
 public | v8_initiative_materializations                     | table | a9
 public | v8_kpi_definitions                                 | table | a9
 public | v8_kpi_finance_reconciliations                     | table | a9
 public | v8_kpi_next_actions                                | table | a9
 public | v8_kpi_signals                                     | table | a9
 public | v8_landing_page_sections                           | table | a9
 public | v8_lane_decisions                                  | table | a9
 public | v8_lane_execution_plans                            | table | a9
 public | v8_lock_records                                    | table | a9
 public | v8_memory_promotion_requests                       | table | a9
 public | v8_mindmap_ai_proposals                            | table | a9
 public | v8_mindmap_nodes                                   | table | a9
 public | v8_notification_records                            | table | a9
 public | v8_notification_triggers                           | table | a9
 public | v8_output_ai_governance                            | table | a9
 public | v8_output_artifacts                                | table | a9
 public | v8_output_exports                                  | table | a9
 public | v8_output_recalls                                  | table | a9
 public | v8_platform_seam_registry                          | table | a9
 public | v8_promotion_gates                                 | table | a9
 public | v8_prompt_presets                                  | table | a9
 public | v8_provenance_ledger                               | table | a9
 public | v8_provider_catalog_states                         | table | a9
 public | v8_provider_depth_profiles                         | table | a9
 public | v8_provider_health                                 | table | a9
 public | v8_publish_records                                 | table | a9
 public | v8_radar_triage_signals                            | table | a9
 public | v8_rebaseline_proposals                            | table | a9
 public | v8_recurring_output_programs                       | table | a9
 public | v8_refresh_timing_policies                         | table | a9
 public | v8_release_bundles                                 | table | a9
 public | v8_replay_requests                                 | table | a9
 public | v8_resource_type_mappings                          | table | a9
 public | v8_restore_requests                                | table | a9
 public | v8_results_handoff_events                          | table | a9
 public | v8_retrieval_requests                              | table | a9
 public | v8_retrieval_traces                                | table | a9
 public | v8_retry_policies                                  | table | a9
 public | v8_review_gates                                    | table | a9
 public | v8_roi_realization_entries                         | table | a9
 public | v8_rollback_records                                | table | a9
 public | v8_room_memberships                                | table | a9
 public | v8_room_presence                                   | table | a9
 public | v8_run_state_transitions                           | table | a9
 public | v8_schema_drift_events                             | table | a9
 public | v8_session_insights                                | table | a9
 public | v8_session_module_links                            | table | a9
 public | v8_shadow_comparisons                              | table | a9
 public | v8_shared_tools_registry                           | table | a9
 public | v8_signal_aggregations                             | table | a9
 public | v8_source_materialization_records                  | table | a9
 public | v8_superadmin_domains                              | table | a9
 public | v8_superadmin_surfaces                             | table | a9
 public | v8_support_notes                                   | table | a9
 public | v8_support_traces                                  | table | a9
 public | v8_surface_presence                                | table | a9
 public | v8_synced_source_refs                              | table | a9
 public | v8_template_families                               | table | a9
 public | v8_tenant_connector_installations                  | table | a9
 public | v8_tool_action_governance                          | table | a9
 public | v8_tool_catalog                                    | table | a9
 public | v8_tool_collaboration_adapters                     | table | a9
 public | v8_tool_event_registry                             | table | a9
 public | v8_tool_invocation_log                             | table | a9
 public | v8_tool_invocation_traces                          | table | a9
 public | v8_tool_readiness_audits                           | table | a9
 public | v8_tool_session_governance                         | table | a9
 public | v8_tools_v8_bridging_contracts                     | table | a9
 public | v8_unreconciled_delta_escalations                  | table | a9
 public | v8_version_snapshots                               | table | a9
 public | v8_webhook_deliveries                              | table | a9
 public | v8_webhook_registrations                           | table | a9
 public | v8_working_memory_entries                          | table | a9
 public | v8_workspace_permissions                           | table | a9
 public | v8_workspace_sessions                              | table | a9
 public | valuation_snapshots                                | table | a9
 public | valuations                                         | table | a9
 public | value_baselines                                    | table | a9
 public | value_capture_gates                                | table | a9
 public | value_ledger_entries                               | table | a9
 public | vault_folders                                      | table | a9
 public | verification_tokens                                | table | a9
 public | virtual_worker_conversations                       | table | a9
 public | virtual_worker_evaluations                         | table | a9
 public | virtual_worker_insights                            | table | a9
 public | virtual_worker_knowledge_assignments               | table | a9
 public | virtual_worker_messages                            | table | a9
 public | virtual_worker_profiles                            | table | a9
 public | virtual_worker_releases                            | table | a9
 public | virtual_workers                                    | table | a9
 public | watchlist_items                                    | table | a9
 public | wave5_artifact_versions                            | table | a9
 public | wave5_artifacts                                    | table | a9
 public | wave5_mutation_proposals                           | table | a9
 public | wave6_context_ledger                               | table | a9
 public | wave6_context_snapshots                            | table | a9
 public | wave6_memory_candidates                            | table | a9
 public | wave6_memory_stewardship_decisions                 | table | a9
 public | wave7_connector_runs                               | table | a9
 public | wave7_connectors                                   | table | a9
 public | wave8_agent_definitions                            | table | a9
 public | wave8_agent_notifications                          | table | a9
 public | wave8_agent_runs                                   | table | a9
 public | wave8_agent_schedules                              | table | a9
 public | wave8_agent_tool_governance_events                 | table | a9
 public | wave9_acceptance_decisions                         | table | a9
 public | wave9_acceptance_runs                              | table | a9
 public | wave9_eval_runs                                    | table | a9
 public | wave9_evidence_registry                            | table | a9
 public | wave9_incidents                                    | table | a9
 public | wave9_outcomes                                     | table | a9
 public | wave9_provider_health                              | table | a9
 public | webhook_deliveries                                 | table | a9
 public | webhook_events                                     | table | a9
 public | webhook_retry_queue                                | table | a9
 public | webhook_subscriptions                              | table | a9
 public | webhooks                                           | table | a9
 public | white_label_assets                                 | table | a9
 public | white_label_config                                 | table | a9
 public | white_label_themes                                 | table | a9
 public | work_canvas_drafts                                 | table | a9
 public | work_canvas_ideas                                  | table | a9
 public | work_canvas_proposals                              | table | a9
 public | work_canvas_versions                               | table | a9
 public | workstreams                                        | table | a9
 public | z139_backup_919_decisions                          | table | a9
 public | z139_backup_919_initiative_kpis                    | table | a9
 public | z139_backup_919_initiatives                        | table | a9
 public | z139_backup_919_interview_insights                 | table | a9
 public | z139_backup_919_notebook_pages                     | table | a9
 public | z139_backup_919_notebooks                          | table | a9
 public | z139_backup_919_raid_items                         | table | a9
 public | z139_backup_919_tasks                              | table | a9
 public | z139_backup_919_work_canvas_drafts                 | table | a9
 public | z139_backup_919_work_canvas_versions               | table | a9
(1350 rows)

 to_regclass | to_regclass 
-------------+-------------
             | 
(1 row)

 tables_created 
----------------
           1354
(1 row)

